,IQ_ACCT_RECV_1YR_ANN_GROWTH_CS,IQ_AR_TURNS_CS,IQ_BV_SHARE_CS,IQ_CURRENT_RATIO_CS,IQ_DILUT_EPS_EXCL_CS,IQ_EARNING_CO_MARGIN_CS,IQ_EBITDA_1YR_ANN_GROWTH_CS,IQ_EBITDA_CS,IQ_EBITDA_MARGIN_CS,IQ_EPS_1YR_ANN_GROWTH_CS,IQ_EPS_NORM_CS,IQ_GP,IQ_LFCF_MARGIN_CS,IQ_NI_1YR_ANN_GROWTH_CS,IQ_NI_MARGIN_CS,IQ_NI_NORM_MARGIN_CS,IQ_QUICK_RATIO_CS,IQ_RETURN_ASSETS_CS,IQ_RETURN_CAPITAL_CS,IQ_RETURN_COMMON_EQUITY_CS,IQ_RETURN_EQUITY_CS,IQ_TOTAL_DEBT_CAPITAL_CS,IQ_TOTAL_DEBT_EBITDA_CS,IQ_TOTAL_DEBT_EQUITY_CS
MMM,-0.95643,7.55045,26.31133,1.70482,10.12,16.76991,4.29867,9317.0,26.35271,9.40541,10.29,16560.0,13.61653,9.974,16.74728,16.85168,1.04317,9.79972,13.98927,42.42468,42.27752,54.78555,1.96598,121.16822
AOS,8.44444,5.80433,11.62173,1.5665,3.02,13.76416,30.21406,687.4,19.42412,42.45283,3.05,1310.9,12.2086,41.22934,13.76416,13.78158,1.13139,11.4825,18.71975,26.46923,26.46923,11.18329,0.33561,12.59142
ATEN,21.04562,4.43156,2.69801,2.44665,1.19,37.94843,73.65262,41.951,16.77758,440.9091,0.45,196.537,14.78387,432.5943,37.94843,13.86595,2.12635,7.02793,12.75175,58.41681,58.41681,10.03458,0.55539,11.15382
AIR,7.86618,7.18312,27.54488,2.78207,1.3,2.80368,0.0,101.8,6.16447,83.09859,0.89,228.4,9.99834,713.63635,2.16786,1.88628,0.88717,2.26255,2.9593,4.9334,4.9334,17.38872,2.01474,21.04885
ABM,31.24448,5.94332,23.91014,1.08967,1.86,2.02774,28.34238,496.3,7.96808,0.0,4.26,970.4,6.8061,42000.0,2.02774,4.60977,0.97402,6.18524,10.08797,8.12349,8.12349,39.14227,2.08543,64.31767
ACCO,16.88202,5.24621,9.02544,1.30525,1.05,5.03135,40.83246,267.3,13.19805,61.53846,1.42,614.9,7.81921,64.35484,5.03135,6.6958,0.64536,3.69707,5.74946,12.67807,12.67807,56.21931,4.15451,128.4112
ACM,-9.39866,3.17988,18.94593,1.11805,1.97,2.3971,18.12629,809.549,6.0682,85.84906,2.81,798.421,5.23598,84.47119,1.29816,3.10216,0.95895,3.25148,6.55582,9.81458,10.24465,51.85759,3.76498,107.71706
AES,9.07692,8.19794,2.95894,1.13187,-0.62,-8.57194,0.0,3586.0,32.18742,303.8938,-0.92,2711.0,-8.3655,303.8938,-3.67113,-5.49969,0.6511,4.70836,6.28135,-17.92924,-16.7309,76.57469,5.30898,303.8938
AGCO,15.82944,12.0577,45.88735,1.45143,11.85,8.0937,42.47312,1298.5,11.65797,109.73451,10.43,2572.3,1.27903,110.02107,8.05329,7.04179,0.54438,7.18565,12.79563,28.04922,27.90244,32.67911,1.28741,48.54231
ALE,10.54513,12.04754,45.34198,0.53607,3.23,9.7097,3.87849,383.0,26.98704,0.0,3.23,453.5,-9.80306,-2.87026,11.92221,11.92587,0.31119,1.51063,1.97838,7.18822,4.79596,40.35951,5.20574,67.67132
AME,38.71959,6.97267,29.66341,1.3617,4.25,17.85001,20.62374,1600.782,28.86105,12.7321,4.29,1912.614,14.87537,13.48106,17.85001,17.86342,0.81318,7.35021,9.02343,15.44396,15.44396,28.3625,1.6996,39.59169
AMN,128.59065,5.38798,24.5864,1.39167,6.81,8.21709,99.63892,603.209,15.1399,360.13513,7.22,1309.601,7.26172,363.29584,8.21709,8.6412,1.27817,11.38274,16.41294,33.04106,33.04106,42.73179,1.43743,74.61694
ASGN,4.34655,5.78196,36.01158,2.90397,4.33,5.78127,8.96806,443.5,11.06123,15.15957,4.52,1142.4,6.90703,104.64304,10.22322,5.94099,2.74518,6.6327,7.92427,13.42795,13.42795,37.03929,2.47441,58.82921
T,-9.04396,7.94206,23.29233,0.701,2.76,12.7197,-7.08896,51469.0,30.47956,5700.5093,3.33,73631.0,20.12307,5700.5093,11.89182,14.1353,0.50931,3.31904,4.76948,12.24433,11.83106,52.55563,3.95698,110.77316
ATI,36.18404,6.16289,5.38769,2.69348,-0.3,-0.57861,3.47583,259.0,9.25066,42.926918,-0.13,334.0,-3.34488,42.926918,-1.36438,-0.59015,1.41558,1.60906,2.74064,-6.33132,-2.19795,68.87801,7.11544,221.3162
AXS,7.45976,0.62076,57.33664,7.96353,6.9,11.62422,1316.0989,727.804,13.67609,166.25497,6.95,1387.254,1.30604,166.25497,11.62422,11.06246,7.96353,1.67035,6.54612,12.87917,11.55593,20.91006,1.96548,26.43833
AZZ,-11.04789,4.24242,24.82444,2.66572,1.52,4.72204,-19.77423,126.216,15.04511,-17.3913,2.12,122.899,5.67078,-17.87121,4.72204,6.54435,1.76566,4.92767,5.92218,6.29965,6.29965,25.88046,1.72431,34.91718
ABBV,0.0,3097.0913,8.71327,0.79354,6.45,20.55092,27.36376,28490.0,50.69666,137.13235,8.67,38883.0,34.74429,150.04333,20.53846,27.30733,0.5628,8.4018,12.92184,81.04199,80.95188,83.40411,2.72289,3097.0913
ABT,1.13814,6.67778,20.29498,1.8496,3.94,16.41555,37.22564,12504.0,29.02844,58.23293,4.21,24995.0,17.4733,57.30812,16.41555,17.34823,1.27707,7.58576,10.3612,20.61937,20.48764,34.82768,1.53959,53.43937
ANF,0.0,109.40932,15.01031,1.73195,-1.82,-3.4861,-25.83566,179.695,5.74953,109.40932,0.47,1906.005,9.23186,109.40932,-3.64822,0.94065,1.2437,0.24426,0.3141,-11.42817,-10.78491,62.02229,8.62764,163.31238
AKR,34.57339,1.75295,17.03858,0.32711,0.26,8.48181,0.0,0.0,0.0,21.023306,0.33,199.647,25.0323,21.023306,7.67306,9.42541,0.3063,0.51088,0.54532,1.58951,1.23997,46.3528,21.023306,86.40303
AAMI,48.1383,3.74277,-0.38769,3.05205,1.59,24.4559,-31.17296,173.1,33.04696,-54.44126,1.21,243.0,11.68624,188.94315,158.15198,17.83653,2.75927,9.00788,14.06075,89.95787,69.84733,103.86898,2.72964,48.442772
ACN,23.97535,5.75057,30.89674,1.25194,9.16,11.85463,16.73619,8446.286,16.71427,16.09632,9.31,16364.128,12.44539,15.64204,11.68892,11.6942,1.13953,11.87088,21.36633,32.33961,31.86775,14.85626,0.41517,17.44845
AYI,14.29143,6.45649,58.09559,2.231,8.38,8.85004,11.33848,533.2,15.40595,33.65231,8.69,1475.0,7.81747,23.35884,8.85004,9.11433,1.53583,7.66082,10.40306,14.68361,14.68361,21.4077,1.04445,27.23893
ADNT,-13.10177,8.92077,25.17536,1.44859,11.58,8.69883,54.96183,609.0,4.45175,83.41641,1.52,788.0,-6.63377,83.41641,8.09942,1.04667,0.88009,1.65764,2.63945,61.74422,52.46914,57.67635,6.61905,148.30759
ATGE,-21.88139,14.34977,26.41606,3.70579,1.98,9.13375,18.85777,250.551,22.52387,-56.09756,2.99,441.343,12.94244,40.50127,6.91391,13.795,3.45447,4.80074,5.72872,7.81439,7.76734,49.82738,5.1642,99.44853
ASIX,44.01089,11.42215,21.36425,1.12921,4.81,8.29805,107.99714,249.842,14.83072,193.29268,4.83,274.122,8.07881,203.38564,8.29805,8.07177,0.62677,9.08774,13.69517,26.74625,26.74625,31.23269,1.09288,45.41792
AAP,-2.39753,15.5542,50.44898,1.21141,9.55,5.60201,4.63641,1161.46,10.56066,33.7535,10.36,4923.95,6.98324,24.96587,5.60201,6.03138,0.26721,4.68884,8.02929,18.42483,18.42483,55.08803,3.30368,122.65777
WMS,19.28121,9.22822,11.4543,2.33443,2.59,11.40268,54.19952,499.645,25.19922,71.53119,2.73,690.279,15.71924,71.53119,11.30887,9.65932,1.35483,9.25862,11.33322,33.33019,24.46851,45.07994,1.74702,82.08282
AER,101.18413,2.80254,67.52682,0.68627,6.71,22.79795,-0.63975,3790.818,85.61542,323.52966,8.89,2531.983,14.21176,323.52966,22.5964,29.39843,0.68026,2.20045,2.44976,7.8671,7.89239,75.1627,13.28955,323.52966
AMG,-0.56926,5.73834,69.31343,1.69396,13.05,36.89687,24.92704,1027.4,42.58829,201.38568,14.48,1365.3,30.12819,179.7725,23.44968,24.90963,1.69396,7.27023,9.00655,20.32662,21.26044,37.8191,2.59558,71.86708
AFL,8.26328,1.60209,50.99121,3.10658,6.39,20.55902,-9.29866,4604.0,21.88525,-4.1979,6.51,8987.0,18.79249,-9.48095,20.55902,20.8454,3.10658,1.76868,6.89969,12.94678,12.94678,19.328,1.73045,23.95874
A,12.90944,5.71855,17.83209,2.22424,3.94,19.1486,28.90217,1726.0,27.31445,71.30435,4.19,3407.0,18.00918,68.28929,19.1486,20.15762,1.60831,8.66245,11.21101,23.58215,23.58215,35.07229,1.68656,54.01744
ADC,41.35104,7.43722,45.48905,1.94739,1.78,36.21211,0.0,0.0,0.0,2.29885,1.96,298.262,8.01858,33.80572,36.0344,38.58622,1.94739,2.40256,2.46217,4.24031,4.13337,33.36031,28.33867,50.06071
AL,0.0,152.95079,61.48475,0.51938,3.57,21.79524,0.9946,1851.542,92.42289,-18.67882,3.58,1205.827,-73.64089,-15.42467,21.79524,20.38112,0.51938,2.32107,2.59798,6.67597,6.67587,70.83536,9.19368,242.881
APD,16.77014,6.71961,61.15575,2.9925,9.12,19.80626,6.40609,3536.3,34.25652,6.66667,9.06,3136.9,2.87186,11.25775,20.33421,19.44877,2.66368,5.32168,6.4293,15.83794,15.41286,36.8455,2.32424,58.34185
ALG,13.71108,5.96639,59.84252,3.17904,6.75,6.01436,14.58314,162.519,12.1808,41.21339,6.7,334.514,0.76088,41.70051,6.01436,5.94413,1.46316,6.37346,7.69539,12.05508,12.05508,28.87243,1.76254,40.59246
ALK,0.0,61.685432,30.18919,0.98221,3.77,7.73964,61.685432,154.0,2.49352,61.685432,-2.13,817.0,4.27461,61.685432,7.73964,-4.31322,0.91757,-1.07154,-1.88348,14.0816,14.0816,51.80677,26.53247,107.49803
AIN,0.0,40.070953,27.22978,3.64517,3.65,12.7812,2.94888,255.864,27.53476,19.67213,3.61,378.391,18.3915,20.17365,12.74999,12.56686,2.91386,7.3088,9.03739,14.02079,13.99353,30.26341,1.48849,43.39675
ALB,4.91374,6.11892,48.07303,1.0713,1.06,6.00795,5.72438,827.99,24.87983,-69.88636,4.84,1008.471,-0.15057,-67.08785,3.71615,16.84729,0.60786,3.34882,4.33838,2.50007,3.89212,30.54203,3.08318,43.97196
AA,60.72187,19.79153,25.37751,1.55942,2.26,4.69059,152.85979,2741.0,22.55596,282.62247,6.78,3053.0,14.06559,282.62247,3.53028,10.39864,0.83835,8.68747,16.50194,10.74784,10.0885,22.51541,0.66618,29.05793
ALEX,-33.56322,11.0,14.71172,1.47664,0.5,9.2667,0.0,0.0,0.0,455.55557,0.82,137.0,31.22175,532.1429,8.89001,14.92968,1.15784,2.84744,3.24723,3.37541,3.39139,33.96284,55.812893,51.76261
ALX,-7.52852,1.39652,49.45937,13.99582,25.48,63.34381,-8.09895,76.197,36.96228,211.11111,25.48,115.059,44.26353,216.96034,64.4828,63.33291,13.99582,3.40639,3.51535,57.2958,57.2958,81.23137,14.34722,53.17325
ARE,15.97487,3.02624,102.43693,0.92206,3.82,27.42307,0.0,0.0,0.0,-36.43927,4.29,1502.85,59.92734,-25.90436,23.9428,26.41753,0.90446,1.73697,1.85721,4.09272,4.0292,32.64917,78.36773,48.50077
BABA,47.89648,31.61019,53.09586,1.70491,8.35,19.97577,9.38758,20868.723,19.06456,5.6962,8.22,45443.336,28.78059,8.83316,20.95501,20.2931,1.44618,3.85867,5.06022,18.37034,15.10201,14.34218,1.32681,16.87866
ALLE,-11.96395,9.47744,8.60502,1.85895,5.34,16.85499,-5.4383,613.8,21.40615,57.52212,5.39,1204.9,13.13559,53.67483,16.84453,16.89897,1.18147,10.9184,14.3617,60.81209,60.60188,66.80744,2.5,201.2723
ALSN,32.01754,9.08129,6.38707,1.46187,4.13,18.40133,17.98561,820.0,34.13822,57.63359,4.14,1145.0,13.62406,47.82609,18.40133,18.44213,0.93246,9.3743,12.98248,63.59712,63.59712,79.94306,3.08171,107.92079
ALL,-5.61843,2.34704,82.71352,10.72185,16.98,10.19807,-16.87326,7444.0,14.71495,-1.90641,17.76,13987.0,9.76813,-71.32353,3.16083,10.34959,10.72185,3.51222,10.97808,20.18035,18.64339,25.14597,1.13393,33.59335
ALLY,3.23737,0.09114,43.57565,0.85064,8.24,28.66093,44.41072,5471.0,51.15953,186.11111,8.71,8671.0,-5.11619,182.02765,28.61418,29.53149,0.84695,1.62238,8.0643,20.82979,19.30526,50.22479,3.14458,100.90323
MO,-65.69343,229.46739,-0.88088,0.70906,1.34,11.72375,2.69572,11924.0,56.4824,-44.16667,4.4,13939.0,34.17886,-44.59369,11.72375,38.45389,0.53514,16.79377,24.79872,1249.9712,1249.9712,106.07459,2.3519,1249.9712
AMBC,-8.76213,0.08026,22.41707,4.14921,-0.61,-6.13027,45.68629,224.0,85.82376,45.68629,-1.16,321.0,182.66284,45.68629,-6.51341,-20.68222,4.14921,0.81789,1.30477,-1.60529,-1.41405,85.29644,28.90179,45.68629
AMCR,15.35367,7.39159,3.10358,1.21197,0.6,7.39445,5.80224,1911.0,14.85888,53.84615,0.66,2732.0,1.32707,53.38125,7.30114,7.95941,0.62463,4.98066,7.2387,20.00021,20.004,58.68187,3.58294,142.02448
AEE,7.45614,9.01198,37.64067,0.69639,3.84,15.56146,4.37895,2479.0,38.77072,9.71429,3.86,2991.0,-30.82382,13.66246,15.48327,15.4726,0.29866,2.45887,3.7786,10.62346,10.52409,58.0692,5.49092,138.48814
AAT,13.54295,4.4362,20.46995,0.83364,0.47,9.72825,0.0,0.0,0.0,2.17391,0.53,247.833,38.86737,3.19866,7.6937,8.45276,0.83364,2.14629,2.24549,2.3056,2.97078,58.08725,24.583055,138.59087
AXL,-3.83258,6.62802,4.01579,1.78479,0.05,0.11442,17.35791,764.0,14.81596,78.31032,0.74,722.7,9.61753,78.31032,0.11442,1.63453,1.26541,3.39011,5.05819,1.42461,1.41998,87.87478,4.34267,78.31032
AEO,15.84505,37.49122,6.53299,1.77365,-1.26,-5.56711,-60.07917,171.646,4.56613,69.098,-0.06,1148.147,2.52678,69.098,-5.56711,-0.26568,1.16086,0.15674,0.18475,-17.92867,-17.92867,62.3903,10.50217,165.88884
AXP,24.21172,0.34142,29.14192,1.50027,10.02,18.45957,82.57108,11816.0,27.06181,165.78249,10.09,27037.0,-48.82624,157.09729,18.45957,18.23285,1.50027,3.33002,9.50264,35.69452,35.69452,65.46499,3.5578,189.56126
AFG,-59.50218,0.67681,59.01956,10.3913,12.62,17.35988,2.11765,1302.0,20.90895,53.90244,12.77,1705.0,135.47655,172.54099,32.0379,17.45186,10.3913,1.3598,8.12493,18.32048,18.32048,29.52756,1.6129,41.89944
AMH,0.0,57.155495,17.92738,0.77768,0.41,16.14862,8.63736,282.971,21.70219,46.42857,0.42,701.063,39.62569,34.70586,14.50223,10.44442,0.77768,1.65262,1.70311,3.19192,3.18767,36.65479,13.77951,57.86513
AIG,0.0,0.87397,79.97073,14.92462,10.82,19.06583,128.41805,15955.0,30.65557,1673.9269,8.79,20376.0,23.43816,1673.9269,18.03789,14.42853,14.92462,1.19674,6.52363,14.29485,14.58075,35.93455,2.42263,56.09038
AWR,5.99177,7.58314,18.57123,0.88737,2.55,18.91279,7.60425,180.108,36.10442,9.44206,2.55,274.756,-7.05323,9.16633,18.91279,18.87301,0.68928,4.75656,6.90628,14.21295,14.21295,47.8353,3.49244,91.70053
AMT,45.02542,11.09295,11.14856,0.4113,5.66,27.44071,18.88778,5716.6,61.09502,49.34037,6.19,6674.9,40.65155,51.88099,27.44178,29.86857,0.37781,3.61164,4.12399,55.97349,37.07699,85.15084,9.09782,564.04553
AVD,13.45203,3.91639,12.0678,1.53321,0.61,3.33775,45.5954,55.913,10.04055,19.60784,0.79,170.723,14.97824,21.94594,3.33775,4.2291,0.78546,3.0634,4.52081,5.06821,5.06821,17.31944,1.39644,20.94742
AWK,0.0,198.6709,40.18479,0.72583,6.95,32.13741,-1.07991,1832.0,46.61578,77.74936,3.7,2153.0,-12.2042,78.13822,32.13741,17.13486,0.30593,3.11419,4.17108,18.36824,18.36824,60.25704,6.03985,151.61688
COLD,17.20832,7.7066,14.98793,1.03644,-0.12,-1.11692,0.0,0.0,0.0,38.561394,-0.07,629.053,11.358,38.561394,-1.1223,-0.66825,0.93694,0.62439,0.69238,-0.77975,-0.77498,45.92143,38.561394,84.91612
AMP,68.29094,0.89435,51.28043,1.31939,23.0,20.53113,70.5,3751.0,27.903,88.52459,23.74,8258.0,-16.0697,79.92177,20.53113,20.71489,1.31939,1.30645,20.03971,47.78393,47.78393,49.34058,1.47614,97.39666
ABCB,0.0,100.01324,42.61652,1.06905,5.4,35.26982,27.62166,670.394,62.73244,43.23607,5.48,1041.196,152.80507,43.86651,35.26982,35.60429,1.00508,1.80093,11.09782,13.42871,13.42871,24.00197,1.3975,31.58235
APH,25.78397,4.93659,5.25956,2.4348,1.255,14.52792,31.37998,2564.8,23.58155,28.38875,1.36,3401.8,7.42992,32.19212,14.6263,14.95259,1.51044,10.06963,12.96329,26.85742,26.71118,44.18985,1.96932,79.41542
AMPY,197.6182,5.4728,-1.70527,0.76158,-0.84,-9.53851,42.997887,143.695,42.73889,42.997887,-1.2,194.011,34.60934,42.997887,-9.53851,-13.54808,0.67065,16.22534,34.30282,42.997887,42.997887,138.60663,1.62006,42.997887
AU,-10.71429,76.01887,9.60237,2.68546,1.48,16.03376,-33.61057,1357.0,33.68081,-34.22222,1.63,1172.0,-3.60511,-34.73242,15.43807,16.98194,1.75313,6.96176,9.08882,16.14746,16.56198,34.02112,1.54311,51.56365
NLY,-83.3082,213.55148,31.8777,0.06414,6.4,120.8648,0.0,0.0,0.0,179.1124,7.04,2865.528,50.06683,179.1124,120.5428,126.71515,0.06414,1.46901,1.50762,19.82905,17.60862,82.42653,179.1124,179.1124
AM,10.13944,11.59576,4.78895,0.73507,0.69,36.92009,-0.86017,677.244,75.39997,89.70079,0.75,811.754,26.7926,89.70079,36.92009,39.85212,0.727,6.36484,6.50205,14.09641,14.09641,57.72895,4.6112,136.56854
AR,47.74853,8.21809,18.33899,0.33176,-0.61,-3.3361,473.89252,862.285,18.66647,271.9874,-0.23,4423.577,0.0,271.9874,-4.04593,-1.53425,0.32418,0.11985,0.13901,-3.24341,-2.53545,47.76014,6.43164,91.42469
HOUS,-3.90625,63.60956,18.74979,1.12928,2.85,4.38432,44.27609,857.0,10.73531,205.83682,3.16,3230.0,6.08011,205.83682,4.29663,4.60759,0.95532,5.771,7.09783,17.37149,17.68123,62.39492,4.24387,165.92152
AON,0.78176,3.9562,4.93948,0.99785,5.55,10.72747,15.60624,3852.0,31.5919,-34.31953,11.18,5476.0,23.63241,-36.26206,10.29279,20.60318,0.20883,6.88339,18.29673,55.09219,55.17823,90.00086,2.70587,418.5063
AIV,1.99723,5.07517,3.34115,25.84781,-0.04,-2.44691,0.0,0.0,0.0,25.84781,-0.04,103.196,26.3291,25.84781,-2.90386,-2.93786,25.84781,0.52771,0.58471,-1.1816,-0.85908,73.05428,25.84781,287.41235
ARI,20.881,0.06278,16.40212,6.2522,1.46,49.57603,67.63569,397.253,88.11142,14500.0,1.49,299.36,-259.58923,1116.2758,49.57603,46.22456,6.2522,3.23355,3.2823,9.79251,9.79222,72.36826,15.12811,261.90268
APO,5.60548,12.38059,12.99706,0.90757,7.32,71.71007,212.9375,2979.672,50.06508,1563.6364,11.22,5813.0,69.99099,1073.8995,30.89071,44.59799,0.88793,6.81253,7.83958,89.46363,46.7449,54.26021,4.76332,139.22523
APLE,0.0,26.421911,13.78856,0.24807,0.08,2.01613,0.0,0.0,0.0,26.421911,0.08,399.545,22.24717,26.421911,2.01613,1.93912,0.24807,1.08427,1.10341,0.60965,0.60965,33.17605,26.421911,49.64695
AIT,15.93843,6.53765,24.21191,2.7977,3.68,4.47344,8.07596,315.29,9.74345,493.5484,4.81,935.524,5.58133,502.1005,4.47344,5.76115,1.84532,7.13844,8.72965,16.30066,16.30066,49.66103,2.91791,98.65326
ATR,18.10369,5.0784,30.05902,1.38241,3.61,7.54947,0.724,604.62,18.73501,12.46106,3.97,1156.683,1.27211,14.0427,7.56369,8.0776,0.82636,5.68423,7.29119,12.78063,12.70475,38.83408,2.08398,63.48972
APTV,-0.99573,5.58184,30.85607,2.00523,1.94,3.89935,25.37879,1986.0,12.7161,-70.87087,2.49,2438.0,3.1206,-67.2949,3.77769,4.31198,1.46684,4.26764,5.91707,7.26065,7.31049,34.26751,2.24723,52.13176
ARMK,22.17675,7.60799,10.6363,1.0145,-0.36,-0.7624,41.12987,515.944,4.26542,109.502464,-0.87,1436.837,2.66772,109.502464,-0.75094,-1.83227,0.80657,0.08784,0.11489,-3.32791,-3.36695,74.14384,15.18367,287.70816
ADM,17.91719,19.63358,40.1375,1.45385,4.79,3.20825,51.71117,4034.0,4.73202,52.06349,5.09,5987.0,4.4065,52.8781,3.17775,3.3675,0.66753,3.58746,5.88787,12.75514,12.76159,31.72904,2.62296,47.00995
AROC,0.48456,7.46538,5.78612,1.48953,0.18,3.6108,-19.68539,315.377,40.35736,48.22183,0.19,422.544,19.88941,48.22183,3.6108,3.68796,0.85027,3.22251,3.40222,3.0889,3.0889,63.48276,4.91382,173.84328
ARCO,-9.64853,31.72772,1.04728,0.87417,0.22,1.72384,246.37125,245.598,9.23321,47.901394,0.26,324.059,5.04315,47.901394,1.71004,2.05646,0.61995,3.36193,4.42681,21.76489,21.87758,87.37198,6.2305,47.901394
ASC,14.02179,10.1007,8.49593,1.61055,-1.12,-19.13562,-70.26463,16.945,8.80333,6.1279755,-1.12,30.973,11.53648,6.1279755,-19.13562,-19.71538,1.29494,-1.68697,-1.73993,-12.03125,-11.34489,53.10407,21.98584,113.23812
ACRE,33.42398,0.07276,14.39479,3.96393,1.42,39.73736,0.0,0.0,0.0,115.15152,1.43,102.059,43.480717,176.8315,39.73736,39.85041,3.96393,3.09468,3.13276,10.49978,10.49978,73.91724,43.480717,283.39502
AGX,-21.57118,6.2295,20.42075,1.97843,1.51,6.07104,8.906886,27.645,7.04859,8.906886,1.24,60.167,39.81868,8.906886,6.08124,4.9536,1.90076,2.64019,4.3022,7.2285,7.17806,1.03475,0.12194,1.04557
ARGO,0.0,0.0,0.0,0.0,0.0,0.0,0.0,0.0,0.0,0.0,0.0,-0.02179,0.0,0.0,0.0,0.0,0.0,0.0,0.0,0.0,0.0,0.0,0.0,0.0
ANET,33.25212,6.22726,3.23273,4.33641,0.6575,28.52251,28.46004,973.474,33.02109,31.66458,0.685,1880.779,20.31626,32.5104,28.52251,28.48821,3.5584,11.03681,15.48274,23.0406,23.0406,1.89438,0.07892,1.93096
AHH,-14.10688,1.60795,6.09832,1.95248,0.17,8.41396,0.0,0.0,0.0,-55.26316,0.22,145.975,32.35746,-24.90395,7.23624,4.41021,1.95027,1.32632,1.43808,5.94584,3.31311,56.07094,13.55878,127.63973
AWI,36.20458,12.61083,10.98685,1.53578,3.86,16.74499,2.83275,265.0,23.94723,50.294113,3.82,405.9,9.61504,50.294113,16.55521,16.43159,0.99523,6.14336,8.78373,38.18257,38.18257,56.37539,2.53434,129.2284
ARW,20.84228,3.39186,77.60549,1.40325,15.1,3.22089,59.20198,1754.858,5.08994,103.23015,15.38,4202.365,0.33261,89.61755,3.21431,3.23293,1.00177,5.32851,12.19039,21.36981,21.17234,35.31455,1.66156,54.59427
AJG,82.61498,0.90267,40.81668,1.0559,4.37,11.63301,17.09848,2020.3,24.60959,4.04762,5.58,2873.2,24.90484,10.74744,11.04587,13.7764,1.03789,3.2644,6.87856,12.34195,12.91169,43.81551,3.30426,77.98507
APAM,15.9799,11.3771,4.13915,2.2875,5.09,36.22156,49.64299,547.424,44.60625,49.70588,5.1,664.7,21.2893,58.27333,27.42064,24.87881,2.202,28.62759,52.63868,147.46442,128.51396,42.41245,0.54756,101.27922
AORT,15.34897,6.03813,7.53515,5.51013,-0.38,-4.96393,-8.11073,34.158,11.43035,19.542217,-0.33,197.514,-5.03219,19.542217,-4.96393,-4.30483,2.5163,0.80421,0.97232,-4.71339,-4.71339,54.62566,10.59907,120.38886
ABG,18.79599,30.07551,91.42968,1.20738,26.49,5.41183,88.16622,833.2,8.46946,100.98634,27.86,1902.2,3.72585,109.27673,5.41183,5.63561,0.41302,8.46933,9.95056,35.24661,35.24661,68.31519,5.47432,215.6086
AHT,54.6914,21.05668,-0.78834,0.23264,-123.7,-33.66805,0.0,0.0,0.0,-3.7853537,-124.3,114.63,-5.30392,-3.7853537,-33.16585,-33.38866,0.22773,-2.02628,-2.12555,-3.7853537,-3.7853537,99.49183,-3.7853537,-3.7853537
ASH,-21.65605,5.02619,48.2807,1.83833,2.82,8.19517,-9.24025,442.0,20.93794,60.45187,3.51,673.0,-6.59048,60.45187,10.4216,9.97632,0.65953,1.82556,2.48964,5.97789,5.97789,43.31617,4.75792,76.41715
ASPN,30.11849,6.73358,3.86562,3.06798,-1.22,-30.49942,-9.861015,-31.159,-25.61954,-9.861015,-1.34,9.937,-5.41391,-9.861015,-30.49942,-33.5303,2.65326,-18.10012,-23.08766,-37.80088,-37.80088,10.60802,-9.861015,11.86686
ASB,0.0,101.62549,25.65676,0.87182,2.18,31.12987,9.3917,631.888,56.04254,17.2043,2.18,1146.23,219.14578,14.41564,31.12987,29.15129,0.86605,1.01625,5.42234,9.27442,8.64966,35.91846,3.57022,56.05119
AC,28.8043,0.57115,42.48354,19.26239,2.68,48.990097,48.990097,-20.197,-96.52552,208.04597,2.62,-3.533,48.990097,214.64178,282.94302,276.9757,8.6245,-1.08164,-1.12981,6.44899,5.66638,1.12148,48.990097,1.3797
AIZ,-31.1751,1.00029,98.46289,2.02381,10.2,6.02203,-4.92887,1697.4,16.66143,45.92275,11.26,1099.9,34.91868,210.6383,13.47128,6.53665,2.02381,1.53829,7.53518,10.72721,10.72131,29.18983,1.33322,41.22265
AGO,-7.93784,0.38093,93.18996,40.91753,5.23,48.10563,54.66667,696.0,79.90815,24.821,7.34,950.0,73.72273,7.45856,44.66131,61.93915,40.91753,2.54904,5.21532,6.01469,6.34608,22.11838,2.6523,28.49645
ATKR,76.00673,7.11401,18.79984,2.70786,12.19,20.07699,175.67622,877.505,29.96929,293.2258,12.1,1125.613,16.35005,285.98114,20.07699,19.24461,2.09781,26.49999,34.58987,94.5757,94.5757,48.06836,0.91214,92.56085
AUB,0.0,85.15366,35.81489,0.83216,3.26,37.01355,36.0543,473.22,66.36766,68.91192,3.35,737.954,286.86923,66.79538,37.01355,36.36463,0.83081,1.33048,7.65864,9.74184,9.74122,17.29732,1.19778,20.91506
ATO,28.13594,14.16898,59.71069,0.80867,5.12,19.53235,10.29151,1382.975,40.58633,4.70348,5.12,1695.754,-84.90153,10.66103,19.53235,19.50023,0.13095,3.23512,4.18517,9.05645,9.05645,48.88882,5.46871,95.65191
AN,-16.22947,34.47705,37.96458,0.91892,18.31,5.31381,77.29905,2082.2,8.0568,325.81396,18.53,4952.6,8.16079,259.80084,5.31265,5.3201,0.26832,12.53863,14.98823,48.93545,48.93545,67.57561,2.37917,208.40976
ALV,-6.62783,4.678,30.09693,1.30273,4.96,5.30984,27.04626,1071.0,13.01337,131.7757,5.14,1511.0,4.19958,132.74478,5.28554,5.46476,0.96207,5.39226,8.66784,17.2554,17.23492,44.69507,1.99813,80.81571
AZO,3.73327,39.37098,-85.03813,0.87049,95.19,14.8351,17.11477,3395.21,23.20784,32.33699,99.13,7717.785,16.63835,25.23653,14.8351,15.06778,0.21653,12.90394,26.29513,552.1229,552.1229,127.16235,2.47858,552.1229
AVB,0.0,87.81188,78.22805,1.21469,7.19,43.04195,0.0,0.0,0.0,22.07131,7.29,1479.493,42.76045,21.34638,43.03951,43.54721,1.21469,2.06176,2.13798,9.263,9.26045,43.05856,87.81188,75.64231
AVNS,8.83978,6.56614,26.53803,3.00718,0.11,0.69836,6.16592,94.7,12.71824,23.441065,0.95,299.2,12.47986,23.441065,0.69836,6.13685,1.79382,2.15768,2.38442,0.41263,0.41263,12.91856,1.97994,14.83503
AVY,15.32545,6.32274,23.29613,1.07328,8.83,8.80202,22.55371,1306.3,15.53584,33.58548,9.2,2312.8,7.17758,33.13546,8.80202,9.07056,0.64159,9.46516,14.82527,43.41654,43.41654,63.07539,2.5165,170.82207
AVNT,24.33217,8.31616,19.37445,1.94238,2.51,4.78542,52.49533,571.4,11.85772,71.91781,3.0,976.8,2.98674,75.37994,4.78957,5.69021,1.32203,5.4344,7.25731,13.2957,13.16887,51.91611,3.38327,107.96984
AVA,23.97418,7.84574,30.13712,0.47582,2.1,10.23909,0.76271,460.408,31.99642,10.52632,2.11,941.813,-9.07914,13.78197,10.23909,10.25881,0.24663,2.15221,3.10964,7.04194,7.04194,54.71177,5.6539,120.8079
AXTA,2.70793,5.61858,6.56508,1.92943,1.14,5.98705,20.73557,761.6,17.2456,119.23077,1.33,1428.9,9.57667,117.02303,5.97573,6.95689,1.36699,4.47845,5.87808,18.03889,17.51864,71.89486,5.1682,255.80685
AX,0.0,57.192745,23.61738,1.13115,3.56,29.82988,18.92078,454.275,62.82118,19.46309,3.76,620.253,-129.28815,17.59123,29.82988,30.79708,1.12675,1.9123,14.032,16.42406,16.39247,31.52514,1.41979,46.03901
BGS,9.28725,14.78178,13.43005,3.41588,1.02,3.27599,-1.44108,353.52,17.19235,-50.0,1.96,470.566,2.25941,-48.96278,3.27599,6.20409,0.75016,4.45346,5.23912,7.68927,7.68927,71.73702,6.60722,253.81972
BJ,-16.29925,81.40943,2.32759,0.72399,3.03,2.72963,58.95201,811.148,5.25695,124.44444,3.15,2978.956,3.5536,124.93803,2.72864,2.77867,0.10646,7.51771,10.98003,204.92671,204.92671,91.03285,3.99649,204.92671
BWXT,-41.41652,12.84554,6.97159,1.68344,3.24,14.41984,-3.10844,382.243,17.99575,11.34021,3.35,550.277,-2.38104,9.76101,14.40021,14.86929,0.39037,8.05072,11.28844,48.74667,48.81072,65.39901,3.15096,189.00908
BXP,0.0,96.99598,37.26737,3.22168,3.17,21.85005,0.0,0.0,0.0,-42.77978,3.47,1826.695,33.45631,-42.11306,17.46792,18.73091,3.22168,2.70029,2.82541,8.68771,7.71152,62.39644,96.99598,165.93224
BW,2.92323,5.5561,0.38328,2.29863,0.26,4.35991,47.43515,38.025,5.2567,20.544947,0.34,176.125,-6.62857,20.544947,4.27089,3.8726,1.55234,1.63515,4.80355,20.544947,20.544947,87.29365,10.5914,20.544947
BMI,6.77106,7.92126,13.78017,3.18165,2.08,12.05151,18.35034,104.514,20.68773,23.07692,2.09,205.484,12.6657,23.38934,12.05151,12.05685,1.86302,9.84827,12.87453,15.93136,15.93136,0.0,0.0,0.0
BALL,50.44643,8.20618,11.30456,0.87737,2.65,6.35725,10.34661,2133.0,15.44421,50.56818,2.88,2726.0,-0.83358,50.08547,6.35725,6.79783,0.5273,4.71804,7.69636,25.4419,25.00712,68.88195,3.82419,221.35686
BANC,0.0,148.70963,50.91478,0.76687,7.76374,44.87165,109.69225,1032.879,76.35933,148.70963,7.85508,1459.751,148.70963,148.70963,44.87165,44.66805,0.76571,1.72992,13.1368,15.984,15.984,20.08779,0.9734,25.13733
BAC,0.0,6308.354,30.37424,0.69297,3.57,34.07316,46.84352,50429.0,53.73305,90.90909,3.36,93707.0,255.89485,78.70795,34.07316,30.40723,0.68609,1.0129,4.00924,12.95254,11.77849,65.24797,10.05487,187.75299
BOH,0.0,75.22651,35.56532,0.61067,6.25,36.29613,52.84066,428.903,61.44135,61.9171,6.29,717.08,75.22651,64.73694,36.29613,35.89631,0.60843,1.1749,11.80389,18.05854,16.96999,25.92685,1.3152,35.00169
NTB,0.0,54.24067,19.83066,0.628,3.26,31.23761,3.23923,308.102,59.16573,12.41379,3.3,499.681,146.26701,10.49539,31.23761,31.38506,0.62795,0.99192,12.49975,16.60351,16.60351,17.73039,0.68375,21.55156
BK,0.0,1116.5874,47.4989,0.67237,4.14,23.33828,4.5042,9327.0,57.72373,8.094,4.17,16162.0,-175.80457,3.92591,23.26402,21.98567,0.66512,1.02016,5.53327,9.46184,8.42578,47.78334,4.25721,91.85057
BKU,0.0,114.00679,35.46797,0.76183,4.52,37.94656,59.91749,705.484,64.51018,119.41748,5.04,996.96,218.27914,109.7436,37.94656,41.662,0.76183,1.10656,6.00334,13.78507,13.78507,48.96845,4.13185,95.95722
BBWI,-12.0915,41.20696,-2.3813,1.97417,3.0,7.12417,48.78672,2330.0,19.66743,313.54727,3.5,3350.0,14.05314,313.54727,7.12417,8.21305,1.47629,10.42243,13.7621,313.54727,313.54727,107.48839,4.0721,313.54727
BAX,0.0,361.2643,18.09555,2.09443,2.53,10.12985,11.68346,2992.0,23.40426,18.77934,3.19,4865.0,8.14397,16.51543,10.04381,12.52644,1.33829,4.90755,6.11601,14.45458,14.51224,66.7493,6.11965,200.74553
BZH,29.61094,94.07512,23.16367,6.42126,4.01,5.70854,67.43525,160.845,7.51506,125.2809,4.13,405.108,-4.45395,133.64034,5.70111,5.78002,1.09809,4.49274,5.19725,18.53944,18.53944,59.57298,6.64108,147.3593
BDX,4.12844,8.27293,83.22319,1.33384,6.85,10.33189,24.6969,5554.0,27.42987,152.76753,9.12,8820.0,18.12463,139.35927,10.33189,13.02996,0.73951,3.96281,5.09572,8.81993,8.81919,43.29813,3.25531,76.36103
BDC,38.87918,6.79262,21.2404,2.04168,1.37,2.59362,50.54548,371.063,15.40895,13.22314,3.82,782.636,5.29641,68.73794,2.65458,7.107,1.46961,5.41138,7.25118,7.27665,7.29155,61.78152,4.16517,161.6535
BHE,13.05346,4.6828,27.65462,2.06018,0.99,1.58603,15.47158,106.332,4.71472,160.52632,1.22,205.901,-1.59514,154.50018,1.58603,1.92873,1.19688,2.15238,3.2422,3.6437,3.6437,19.4152,2.20646,24.09289
BRKa,8.73831,6.53719,228.41422,5.08528,39.64,25.60569,55.7845,125581.0,35.41124,122.94713,39.71,115147.0,17.32928,111.17801,25.32033,25.36513,4.63696,7.83507,11.88681,18.9169,18.79545,18.80419,0.94961,23.15907
BHLB,0.0,44.870605,24.29644,0.82977,2.39,28.29571,65.19796,189.601,45.2108,44.870605,1.65,434.914,44.870605,44.870605,28.29571,19.3733,0.82871,0.8884,6.78695,10.01296,10.01296,12.98043,0.93027,14.91668
BERY,0.0,0.0,0.0,0.0,0.0,0.0,0.0,0.0,0.0,0.0,0.0,0.0,0.0,0.0,0.0,0.0,0.0,0.0,0.0,0.0,0.0,0.0,0.0,0.0
BBY,-7.65883,42.77104,17.84825,1.1919,6.84,3.80433,20.24433,3445.0,7.28915,18.95652,7.72,10596.0,7.96041,16.67748,3.80433,4.24043,0.63549,9.39898,20.08695,44.5822,44.5822,47.08732,1.18491,88.99063
BIO,0.98063,6.85845,456.6061,2.9211,140.56,146.88135,26.05263,677.456,23.43569,11.37876,143.76,1663.096,16.58289,11.55029,146.88135,148.35513,1.91094,2.21009,2.83199,36.0631,36.0631,1.60812,0.32973,1.6344
BKH,20.93954,6.63397,43.05124,0.89622,3.74,12.89107,-1.13028,645.382,33.11176,2.46575,3.74,705.5,-28.16178,4.01392,12.14631,12.13067,0.37203,2.97193,3.68935,8.85276,9.05479,61.16444,7.0456,157.49599
BLK,7.18529,5.29055,248.49689,2.8825,38.22,32.02746,18.37164,7880.0,40.67307,20.0,39.76,9818.0,34.09918,19.6472,30.45835,31.2424,2.64986,2.83803,9.90912,16.17244,16.21184,19.79006,1.21777,25.38221
BXMT,33.28947,0.04448,27.28141,131.71297,2.77,49.40657,56.26925,762.919,89.26266,185.56702,2.77,554.331,111.702805,204.49118,49.0462,49.10739,131.7074,2.40443,2.43101,9.89333,9.90909,79.44676,23.4012,111.702805
XYZ,113.77979,268.28094,7.03925,1.93574,0.33,0.89929,452.2414,402.468,2.27883,-25.0,0.44,4442.468,4.52603,-21.97086,0.94152,1.14211,1.05643,1.40633,2.23022,5.58523,5.29848,62.47278,13.70603,166.47327
BXC,15.66324,13.50802,37.34824,3.87696,29.99,6.92356,187.65083,456.01,10.66147,250.76022,31.59,778.427,2.0664,266.12967,6.92356,7.10136,1.74264,22.60636,31.74478,140.23409,140.23409,62.89243,1.3501,169.48677
BA,13.31075,5.8171,-25.46878,1.32532,-7.15,-6.88913,352.00345,756.0,1.21403,352.00345,-3.74,5404.0,-2.62678,352.00345,-6.74782,-3.52907,0.33689,-0.4369,-1.38563,352.00345,352.00345,133.14209,78.89021,352.00345
BCC,18.20691,19.3178,34.39066,2.94325,17.97,8.9891,143.5423,1051.791,13.26995,304.72974,18.07,1626.035,4.74419,307.18372,8.9891,8.987,1.8902,26.7453,36.88605,64.67098,64.67098,28.69642,0.51756,40.24541
BOOT,5.65897,71.8876,13.49962,1.68936,2.01,6.64651,16.22603,110.474,12.36431,22.56098,2.05,294.879,15.01297,23.85243,6.64651,6.63762,0.38762,5.80681,7.28004,16.57475,16.57475,45.60041,2.99633,83.8249
BAH,-3.25988,5.47401,7.86207,2.0418,4.37,7.7486,11.78262,838.686,10.67175,28.15249,3.92,1875.52,6.11526,26.18198,7.7486,6.86956,1.99704,9.16071,13.26743,63.18526,63.18526,71.40383,3.18915,249.69716
BWA,-4.35441,5.74337,28.97692,1.73697,2.24,4.30651,39.44659,2167.0,14.60439,-4.2735,3.01,2173.0,4.82713,7.4,3.61909,4.83004,1.25303,5.34827,7.74518,8.02931,9.13771,38.37407,2.08676,62.26935
SAM,-29.78126,30.85353,80.26518,1.35372,1.17,0.70727,-42.84746,188.792,9.17525,-92.46619,7.8,797.792,-0.84247,-92.41873,0.70727,4.65508,0.68505,5.27443,7.02513,1.50002,1.50002,6.1587,0.34186,6.56289
BSX,16.13325,7.18525,11.66031,1.47801,0.69,8.75673,49.48912,3365.0,28.30586,535.44104,0.76,8128.0,23.82129,535.44104,8.75673,9.09277,0.91039,4.50751,5.55914,6.51684,6.51684,36.42865,2.83061,57.30357
BOX,9.01239,3.52156,0.96344,1.43478,-0.28,-5.63501,30.593592,38.626,5.01135,30.593592,-0.27,546.032,31.19494,30.593592,-5.63501,-5.45938,1.34427,-1.99271,-3.69668,-50.08938,-50.08938,81.09845,16.78028,30.593592
BYD,67.39562,47.15032,13.82484,0.91161,4.07,13.76475,167.57568,1190.867,35.33929,198.1974,4.83,2347.515,16.67083,198.1974,13.76475,16.32059,0.80283,9.02636,10.09322,34.84042,34.84042,71.87552,3.30218,255.56213
BRC,16.69027,7.22754,18.49594,1.80564,2.47,11.32692,11.69151,195.774,17.10268,17.06161,2.66,561.446,13.79576,15.38681,11.32692,12.0926,1.23422,8.44623,10.87482,14.20065,14.20065,8.02394,0.42914,8.72394
BDN,-15.12239,1.9066,9.94532,0.55233,0.07,2.66441,0.0,0.0,0.0,-96.0452,0.05,269.536,54.29682,-95.97777,2.64782,1.84089,0.55233,1.09,1.16691,0.70537,0.70545,52.45026,13.188751,110.30608
BFH,3.67937,0.23674,41.80361,1.32282,15.95,21.80575,20.74663,1352.0,36.99042,158.92857,16.02,2728.0,280.64023,274.82452,21.91519,21.78369,1.32282,3.55586,5.28616,44.1845,44.1845,78.41697,5.60577,225.18279
BFAM,19.45113,9.05759,19.88493,0.86836,1.15,4.01406,84.74598,218.948,12.47349,155.55556,0.96,364.111,9.4102,161.0366,4.01406,3.2986,0.80732,1.86851,2.25854,5.72123,5.72123,60.19891,8.14645,151.2494
BRSP,7.98149,0.04684,11.21445,28.62113,-0.79,-53.82284,0.0,0.0,0.0,15.118736,-0.11,153.523,-126.15848,15.118736,-52.00354,-7.27438,28.59006,0.68448,0.70271,-6.47531,-6.06268,72.68794,15.118736,266.1386
BV,18.43886,5.65018,12.79822,1.43278,0.44,1.81313,29.3247,279.6,10.94925,53.661144,0.83,650.8,3.29682,53.661144,1.81313,3.41878,1.25378,2.82551,3.50658,3.54219,3.54219,48.10821,4.45207,92.70872
EAT,24.66539,56.81362,-6.60784,0.36249,2.83,3.94272,46.54752,360.8,10.80952,349.20636,2.99,503.3,7.49895,439.34427,3.94272,4.07589,0.19612,5.68464,7.19066,92.69923,92.69923,117.42603,5.66463,92.69923
BCO,1.68671,6.9557,2.59494,1.39923,2.06,2.74273,27.5703,580.7,13.82553,524.24243,2.63,964.4,-1.11661,557.5,2.50464,3.0995,1.00315,4.01432,6.5382,81.89039,50.62624,92.86118,5.65834,127.62552
BMY,11.60177,5.86669,16.5193,1.52104,3.12,15.12127,17.55102,19584.0,42.22055,2565.6,3.86,36445.0,27.82123,2565.6,15.07815,18.4824,1.36624,4.84262,6.44511,18.96215,18.98549,55.87608,2.32823,126.63445
BRX,-2.89364,5.01375,9.14621,0.96182,0.9,23.31645,0.0,0.0,0.0,119.5122,1.0,854.486,45.04607,122.97624,23.31645,25.66555,0.92255,3.18857,3.37345,10.00869,10.00869,65.66261,65.77563,191.22772
BR,15.33811,6.52047,15.58226,0.97927,4.65,10.96381,10.71931,945.1,18.92585,17.72152,4.78,1422.9,19.31759,18.37838,10.96381,11.07487,0.85062,6.9564,9.56902,34.70022,34.70022,69.84833,4.43435,231.65663
BKD,-53.18025,34.24701,3.73026,1.10608,-0.54,-3.61864,-64.46694,180.821,6.58515,32.472954,-0.93,501.157,-1.59626,32.472954,-3.61595,-6.26488,0.97144,-1.47226,-1.61,-13.25779,-13.22779,88.19329,28.9016,32.472954
BN,3.54299,8.6316,30.7872,1.08828,3.35,8.20395,-6.44286,4675.547,16.93094,-6.94444,4.75,13102.468,7.07212,-7.18995,7.92389,11.11423,0.85503,4.54103,6.06653,11.17054,11.47078,48.15508,3.94284,93.28921
BIP,26.24744,6.971,12.51883,0.56529,2.45333,23.56765,31.90349,4920.0,42.6454,174.62688,0.7,3290.0,32.15741,177.41116,9.47387,2.70031,0.44418,2.66461,3.32494,21.89284,11.30467,55.63488,6.73171,125.40229
BRO,11.95195,2.51972,14.85647,1.24853,2.07,19.24049,26.96804,891.953,29.23096,22.48521,2.2,1413.4,27.08248,22.19038,19.24049,19.90081,1.03564,5.72065,8.57968,14.76784,14.76784,34.8637,2.51847,53.52421
BFb,19.03567,7.23895,50.51156,1.74548,6.88,7.56391,39.05599,11759.948,12.99615,1556.0417,7.28,22184.691,2.21247,1556.0417,6.94176,7.38942,0.8523,4.93246,7.15285,14.52605,15.32517,30.64753,1.79845,44.19097
BC,43.75,14.20877,24.88139,1.47317,7.59,10.18439,45.99138,1016.1,17.38052,61.48936,8.0,1699.8,1.86681,59.1897,10.14847,10.64623,0.59132,11.39132,16.41258,34.77601,34.77601,50.04567,1.88731,100.18284
BKE,-9.98087,47.21632,8.02763,2.11875,2.66,14.43939,22.28082,189.885,21.06842,24.29907,2.69,516.361,21.5851,24.6196,14.43939,14.55166,1.57479,12.3287,14.37656,33.12365,33.12365,43.57225,1.61291,77.21775
BLDR,117.76634,14.22819,26.70716,1.86417,8.48,8.67311,346.4751,3060.676,15.38503,218.797,9.07,5850.956,3.8327,450.30698,8.67311,9.20224,1.0401,21.10191,27.89577,57.94591,57.94591,41.46337,1.11144,70.8332
BG,23.00524,30.89684,49.47645,1.76534,13.64,3.66344,46.2406,2723.0,4.6034,76.9131,14.57,3583.0,2.40694,81.48472,3.51298,3.47341,0.53582,6.05331,9.65966,33.63004,29.23243,45.38799,2.50459,87.15655
BURL,-32.07042,75.01812,7.00078,1.49087,-3.28,-3.75607,-79.05995,173.414,3.00858,112.693375,-1.57,2201.366,0.32149,112.693375,-3.75607,-1.79668,0.99093,-0.50188,-0.67075,-43.6093,-43.6093,90.89045,26.73994,112.693375
CACI,4.59139,7.02366,113.15034,1.50449,18.3,7.56838,16.76426,664.851,10.99994,45.12292,16.24,2113.428,4.21388,42.29283,7.56838,6.63799,1.35678,5.75606,7.27519,17.17671,17.17584,44.76908,3.24948,81.058
CBZ,12.02406,4.82139,13.53911,1.06706,1.32,6.41772,12.62682,130.218,11.78523,-7.04225,1.73,159.29,11.31226,-9.46628,6.41555,8.24147,0.64861,4.10369,6.38841,10.07854,10.07854,31.97985,2.54377,47.01525
CBL,-75.87176,8.65595,19.07095,0.44243,-30.79,-112.24592,0.0,0.0,0.0,-6.128974,-16.67,388.429,51.75156,-6.128974,-109.26532,-59.16036,0.44243,-0.45628,-0.77782,-134.08633,-136.696,84.64795,-6.128974,-6.128974
CBRE,16.46622,5.43914,25.61973,1.19759,5.41,6.63848,28.33353,2136.897,7.70163,143.6937,5.22,6166.0,7.34823,144.22884,6.61923,6.30691,1.11379,5.02032,7.89202,23.53599,21.84334,31.7695,2.03931,46.56202
CF,81.25,18.16111,15.44495,1.81075,4.24,19.27195,98.52941,2970.0,45.42674,188.43536,5.85,2387.0,31.9402,189.27444,14.0257,19.23753,1.48394,10.71297,13.35044,29.9282,21.65135,38.105,1.25118,61.56395
CMS,0.0,0.0,0.0,0.0,0.0,0.0,0.0,0.0,0.0,0.0,0.0,0.0,0.0,0.0,0.0,0.0,0.0,0.0,0.0,0.0,0.0,0.0,0.0,0.0
CNA,15.35908,1.31856,47.20228,261.73947,4.41,10.41053,46.14513,1289.0,11.16404,74.3083,4.42,4094.0,-4.4929,74.2029,10.41053,10.40495,261.73947,1.18146,4.88559,9.42154,9.42154,19.11468,2.34833,23.63182
CNH,0.29531,1.66511,4.99824,1.85331,1.27,5.56575,98.73418,3140.0,9.9298,367.2593,1.55,4283.0,-1.1843,367.2593,5.44874,6.63684,1.44902,2.53732,3.98082,29.4908,29.62464,77.90424,7.6949,367.2593
CNO,-4.99904,0.58272,43.69356,145.78725,3.36,10.69817,30.1321,985.1,23.89743,59.24171,3.45,1810.3,27.58418,46.12326,10.69817,10.7462,145.78725,1.16292,4.42843,8.20931,8.20931,43.52303,4.11461,77.06333
CNX,126.22097,3.15518,18.18039,0.48169,-2.31,-66.39614,-92.28554,41.256,5.49339,86.43197,-2.15,1866.027,9.9552,86.43197,-66.39614,-61.82826,0.35899,-3.66936,-4.57998,-12.27775,-12.27775,38.04772,55.08304,61.41455
CDP,18.3025,2.80203,14.44644,0.57188,0.65,11.61537,0.0,0.0,0.0,-25.28736,1.36,348.109,34.79054,-21.39483,11.36605,22.61086,0.53337,2.68001,2.85714,4.45725,4.59697,57.74877,27.465832,138.89812
CRH,12.66816,8.16579,26.261,1.85253,3.26,8.46002,15.70319,5364.0,17.31384,129.57747,3.3,9827.0,6.92642,128.60963,8.27927,8.31045,1.33795,5.00619,6.66902,12.86133,12.70418,36.76222,2.26659,58.13331
CTO,-15.66524,32.7227,24.25344,17.10948,1.56333,42.60587,0.0,0.0,0.0,-71.89934,1.72333,47.842,31.74913,-61.86425,42.60587,43.34819,16.78152,-0.12374,-0.12986,7.66367,7.66338,39.2793,11.82249,64.68849
CTS,1.49418,6.28692,14.40623,2.5344,-1.3,-8.16221,40.79443,105.096,20.48955,18.85146,1.73,184.619,13.2178,18.85146,-8.16221,10.90329,2.00018,7.57123,9.36735,-9.43714,-9.43714,13.88511,0.71123,16.12393
CVI,67.97753,30.36478,5.50079,1.18426,0.25,1.02182,61.040283,369.0,5.09528,61.040283,0.31,488.0,3.7576,61.040283,0.34521,0.4302,0.70588,1.42694,2.07756,3.18066,7.44093,68.788,4.59892,220.3896
CVS,7.60613,28.92475,56.78896,0.88498,5.95,2.70377,-0.90568,17944.0,6.14287,8.77514,6.41,50921.0,5.9637,10.18248,2.70788,2.89438,0.59022,3.62077,5.48472,10.95083,10.88764,50.20412,4.23534,100.81984
CABO,24.92788,45.26733,296.5754,1.86176,46.49,18.17272,23.52243,819.097,51.00751,-9.32319,41.89,1150.484,13.40264,-4.12857,18.17272,15.69862,1.74393,5.24447,6.43244,17.74873,17.74873,68.24224,4.70404,214.88365
CBT,54.30622,6.39699,16.69399,1.24237,4.34,8.41177,69.57672,641.0,18.85294,85.435905,4.76,782.0,0.65809,85.435905,7.35294,7.938,0.7184,9.87761,13.71777,30.52503,30.04202,53.61702,1.96568,115.59633
CADE,0.0,71.232,26.97806,0.68381,1.54,15.48657,8.66671,492.609,39.08969,-27.35849,1.96,910.554,71.232,-14.42177,15.48657,18.70256,0.67473,0.55169,3.64945,5.04524,4.83645,25.16331,3.58215,33.6243
CAL,-21.69613,14.64214,5.27438,0.86422,-11.8,-20.73592,33.92708,-4.502,-0.21265,33.92708,-1.4,824.449,9.18441,33.92708,-20.74159,-2.46133,0.28396,-1.89127,-2.53739,-103.78529,-102.93136,84.61139,33.92708,33.92708
CWT,19.78513,9.21596,21.92259,1.17103,1.96,12.76746,-3.37218,238.29,30.12862,-0.50761,1.96,412.793,-14.88517,4.43453,12.78592,12.79549,1.05718,2.30806,3.69154,9.63583,9.59729,48.43985,4.66402,93.94825
CALX,22.76034,8.7869,8.84383,3.19383,3.51,35.08686,55.08179,88.164,12.97686,550.0,1.12,356.587,4.68914,611.91614,35.08686,10.43139,2.25974,7.8195,10.34869,56.17135,56.17135,2.73306,0.18116,2.80986
CPT,0.0,59.448532,37.28517,0.86943,2.96,26.8107,0.0,0.0,0.0,138.70969,2.97,717.242,45.7636,145.26233,26.08382,26.00057,0.86943,1.83527,1.96931,7.95319,8.0273,42.70886,59.448532,74.54704
CCJ,63.20896,6.74943,12.17368,5.17604,-0.20545,-6.95967,-47.11218,77.72879,6.66889,16.140623,-0.17385,183.88766,21.52678,16.140623,-6.95445,-5.93083,3.89966,-0.93962,-1.20265,-2.09251,-2.09401,17.0526,10.12809,20.55833
CWH,21.11598,47.52015,3.58145,1.42892,6.07,9.28692,61.06252,908.42,13.13932,96.44013,7.13,2471.345,-3.84751,127.60309,4.02764,4.64168,0.26698,13.79542,17.13498,186.06204,186.06204,93.46029,3.6796,186.06204
CNNE,0.56818,42.05099,38.38708,0.67744,-3.19,-38.58798,-6.262268,-106.9,-14.40313,-6.262268,-3.19,44.7,-1.9486,-6.262268,-38.66882,-38.72528,0.5766,-1.96254,-2.17376,-8.06758,-8.03783,6.5923,-6.262268,7.05756
COF,12.64509,0.12763,135.75638,1.06878,26.95,38.69135,225.54868,17355.0,54.1785,419.26782,27.22,32379.0,-66.78699,356.52173,38.67886,37.60138,1.0479,2.42262,9.94503,22.22322,20.44658,42.20739,2.56819,73.03249
CPRI,21.1039,11.92364,14.26494,0.95373,-0.41,-1.55172,-20.9571,479.0,11.79803,153.0748,0.94,2607.0,13.64532,153.0748,-1.52709,3.48342,0.38988,2.16342,2.74963,-2.86705,-2.9133,61.50277,7.19415,159.75893
CAH,10.07733,18.68941,6.15464,1.12395,2.08,0.37669,5.521,2714.0,1.67049,462.37766,4.4,6778.0,0.14011,462.37766,0.37608,0.79081,0.45312,2.80014,13.61937,34.13408,34.13274,78.91644,2.47421,462.37766
CTRE,0.0,22.775219,9.50972,0.43165,0.74,37.42221,0.0,0.0,0.0,-12.94118,0.86,188.777,66.2106,-10.98718,37.42221,42.92914,0.43165,4.23621,4.36893,7.86732,7.86732,42.3746,22.775219,73.53457
CSL,27.18015,6.074,50.56731,1.83916,7.26,8.04524,11.33198,823.3,17.11536,23.46939,8.02,1097.7,2.2587,31.74008,8.76661,8.75309,1.03685,5.7709,7.31732,14.9791,14.9791,53.42143,3.66306,114.69101
KMX,25.10859,93.40691,26.74854,2.42372,4.52,3.71787,-16.14826,1198.16,5.96397,-15.197,4.54,2941.935,2.73497,-15.92849,3.71787,3.68767,0.51091,2.94103,3.15574,18.36651,18.36651,78.20004,13.06719,191.47824
CCL,0.0,-315.8932,10.69014,0.97358,-8.46,-315.8932,-315.8932,-4040.0,-211.74004,-315.8932,-7.39,-809.0,-217.5118,-315.8932,-315.8932,-315.8932,0.90248,-7.33259,-8.19477,-58.11187,-58.11187,74.02409,-315.8932,284.972
CRS,5.61067,4.91048,28.9815,3.64806,-4.76,-15.55977,4.773496,-34.1,-2.31092,4.773496,-2.78,74.7,12.15353,4.773496,-15.55977,-9.09962,1.94613,-3.18026,-4.52059,-16.18041,-16.18041,34.67367,4.773496,53.07764
CARS,5.59963,6.47841,5.30481,1.56366,0.11,1.23765,16.75707,165.746,26.57536,40.695755,0.16,432.167,20.55085,40.695755,1.23765,1.76313,1.46317,3.82961,4.37941,2.18325,2.18325,57.53413,2.99937,135.48322
CRI,26.86901,17.78912,23.09135,2.61757,7.81,9.66533,56.55529,597.487,16.99762,212.4,7.94,1662.274,7.06269,209.6585,9.66533,9.67969,1.66293,9.54182,12.10473,35.98608,35.98608,62.4574,2.64569,166.36406
CAT,2.45614,3.15493,30.76016,1.45593,11.83,12.73862,20.84784,10063.0,19.7426,116.66667,12.09,13189.0,9.21897,116.4443,12.73077,12.90334,0.9348,5.98245,8.91585,40.79208,40.71612,69.94194,3.81904,232.68951
CE,46.59091,8.74245,38.77842,1.51976,17.06,22.46691,120.86466,2350.0,27.52723,1.24629,17.98,2682.0,5.08522,-4.78589,22.13893,23.42518,0.88343,10.85912,14.96718,49.56578,45.49336,48.09518,1.78894,92.66035
COR,31.20598,13.36867,1.07336,0.9382,7.39,0.72182,27.80787,3180.072,1.48609,535.65204,9.49,6774.434,0.94551,535.65204,0.71963,0.91321,0.51741,3.2907,27.52563,535.65204,535.65204,93.0343,2.45448,535.65204
CNC,26.217,11.48737,46.00166,1.10604,2.28,1.06047,-7.51678,4823.0,3.82833,-26.92308,4.21,19971.0,2.94993,-25.49779,1.0692,1.94768,1.04758,2.96409,4.64017,5.12479,5.04303,45.61118,4.69853,84.11656
CNP,1.86283,7.00671,13.7139,1.71565,0.94,7.99808,11.75987,2718.0,32.5431,289.52243,1.06,3334.0,-50.21552,289.52243,17.79215,7.52525,0.67553,2.46311,3.70007,9.14442,7.51998,63.13029,5.93304,171.22531
CSR,58.52694,4.84116,45.18527,0.99557,-0.47,-1.05406,0.0,0.0,0.0,13.370431,-0.4,113.596,33.10498,-87.97481,0.30654,-2.76995,0.99557,0.01241,0.01286,0.10156,-0.24559,45.59121,13.370431,83.79383
CPF,0.0,44.80078,20.14213,0.80823,2.83,30.51462,59.65242,158.008,60.3494,114.39394,2.87,268.597,44.80078,114.34819,30.51462,30.69699,0.8077,1.31618,12.93513,14.46171,14.46045,20.76981,0.9262,26.21452
CCS,68.13794,95.46732,52.26468,4.99755,14.47,11.82322,132.76253,671.734,15.93178,136.0522,15.12,1048.332,-5.7409,141.80794,11.82322,12.08757,0.64347,13.02478,14.84564,32.74017,32.74017,43.31224,2.007,76.40492
SKY,25.68823,27.53272,10.03904,1.89563,1.49,5.9751,15.74289,126.463,8.90032,46.07843,1.42,287.695,8.425,45.9749,5.9751,5.66129,1.214,7.99886,10.91507,16.28093,16.28093,11.86334,0.60521,13.46017
CRL,4.06984,5.61653,50.21434,1.23317,7.6,11.26607,30.90392,899.611,25.41159,5.55556,8.95,1337.47,18.29641,7.32301,11.04419,12.71475,0.86788,6.33305,8.04797,16.81852,16.84399,53.25187,3.28208,116.29062
SCHW,40.94125,0.17242,24.45926,1.09718,2.83,30.82228,75.1319,9958.0,52.42156,33.49057,3.12,17933.0,111.3241,77.47802,30.82228,30.99305,0.4248,0.90378,7.24683,12.37399,10.42548,30.50938,2.48052,43.9043
GTLS,20.93438,4.25408,45.17157,1.23,1.44,4.62169,-15.80223,173.7,13.18206,-23.80952,1.88,326.8,-2.81456,-80.81792,4.48509,5.08058,0.68454,2.07283,2.55231,3.70614,3.80091,35.22777,5.08866,54.38715
CLDT,77.90284,86.54317,16.35166,0.84787,-0.46,-9.28385,0.0,0.0,0.0,17.135199,-0.46,86.333,17.14414,17.135199,-9.06955,-10.95663,0.84787,-0.78525,-0.80711,-2.49592,-2.50157,41.05083,17.135199,69.63767
CHGG,38.23279,50.46745,8.08252,14.19093,-0.01,-0.18782,20.55977,159.462,20.54221,49.900917,0.55,521.361,12.62283,49.900917,-0.18782,10.00871,13.74369,2.06288,2.15625,-0.16988,-0.16988,60.52621,10.6437,153.33264
CC,43.42984,11.61025,6.71233,1.80032,3.6,9.58235,32.7249,1018.0,16.04413,172.72726,3.93,1381.0,7.03507,177.62556,9.58235,10.21639,1.12756,5.98859,8.62366,64.20275,64.10121,78.65457,3.9165,136.18416
LNG,143.19328,15.53771,-10.13801,1.07735,-9.25,-9.8651,-91.46476,310.0,1.95411,134.13123,-8.88,2314.0,-2.89413,134.13123,-14.76929,-14.18427,0.87215,-1.1607,-1.32229,134.13123,-143.24944,100.10339,103.06452,134.13123
CPK,3.28755,7.15088,43.84764,0.45994,4.73,14.64416,9.74039,193.773,33.99717,12.35154,4.74,217.931,-13.47545,16.73893,14.64398,14.60168,0.22838,4.04931,5.49848,11.34668,11.34668,50.82379,4.12888,103.35034
CVX,60.57013,10.41191,72.06268,1.2593,8.14,10.08252,136.41342,34105.0,21.91754,4460.4824,8.41,63584.0,12.16414,4460.4824,10.04139,10.3553,0.91176,4.21948,5.68503,11.5418,11.50785,19.94829,1.02249,24.94331
CIM,-6.4841,0.11194,47.29863,2.16438,7.32,47.18395,33.31455,1284.703,90.45828,3385.7144,10.53,1057.0,129.04108,654.17426,47.18395,57.77521,2.16438,4.87658,5.00199,17.83444,17.83267,74.77566,8.62118,296.4424
CMG,-4.68995,73.9549,1.63631,1.58131,0.458,8.65216,92.01166,1156.252,15.32056,82.90735,0.4968,2904.063,9.97721,83.54312,8.65216,9.25922,1.4536,8.91902,10.25017,30.24818,30.24818,60.51053,3.04459,153.23209
CHH,2.1518,7.05649,4.78128,1.33556,5.15,27.02306,145.60783,476.882,44.59767,281.48148,5.28,515.701,28.05198,283.2982,27.02306,27.34515,1.28305,15.45761,22.20159,222.16353,222.16353,80.64689,2.32335,106.47852
CB,9.13992,1.43605,139.98541,1.62079,19.27,20.03567,0.0,0.0,0.0,147.36842,19.41,10979.0,12.18001,141.69261,20.03567,20.03749,1.62079,3.06401,7.74084,14.33259,14.33259,23.52203,505.50357,30.75661
CHD,1.68004,12.90588,13.33026,0.59435,3.32,15.94382,7.48999,1181.1,22.75679,6.41026,3.12,2263.5,14.12473,5.29329,15.94382,14.72203,0.31134,8.04945,10.93462,26.46476,26.46476,45.81623,2.31471,84.5571
CIEN,22.48562,4.04193,19.50173,3.50803,3.19,13.81496,-4.05452,611.332,16.88443,37.5,2.41,1715.029,9.849,38.44685,13.81496,10.33568,2.86982,6.71851,8.48665,18.09153,18.09153,21.01848,1.31464,26.61189
CI,24.6218,12.68878,145.88107,0.82929,15.73,3.10718,0.0,11364.0,6.52077,-31.48955,16.7,22951.0,0.5888,-36.56893,3.07849,3.23856,0.48657,3.3999,6.38043,11.0127,11.09972,42.04935,3.01276,72.64375
CNK,172.47972,32.10099,2.69646,1.13694,-3.55,-27.95267,46.171005,40.717,2.69566,46.171005,-3.52,717.0,11.99578,46.171005,-27.99027,-27.32405,1.06978,-2.60112,-3.14414,-76.11698,-74.50172,92.12553,96.10315,46.171005
C,1.38689,0.10182,92.20981,1.11182,10.14,27.32949,49.65002,38270.0,47.50202,114.37632,10.67,74990.0,78.3791,98.71458,27.24756,26.92498,0.93481,0.94216,2.75925,12.09294,10.93052,73.62409,14.78249,279.13376
CFG,0.0,537.78046,50.70866,0.8913,5.16,33.19496,59.05321,4603.0,65.88892,132.43243,5.36,7058.0,77.41018,119.39451,33.19496,32.6594,0.86898,1.54771,9.08635,11.01297,10.06227,24.9984,1.69585,33.33049
CIA,-2.78007,2.51731,6.3433,3.34487,0.73,14.74045,682.5295,7.301,2.92549,39.18108,0.97,86.499,-13.63738,39.18108,14.74045,19.42293,3.34487,0.16749,0.9613,11.89879,11.83783,3.26678,1.48281,3.3771
CIO,-7.74387,5.17618,17.39487,2.16777,10.8,295.8291,0.0,0.0,0.0,543.8894,11.05,106.036,44.77798,10600.133,295.28897,293.00778,2.16777,1.66422,1.74061,91.17663,75.32671,43.27736,543.8894,76.29644
CIVI,0.0,96.84592,55.04118,0.64309,4.74,19.22612,420.04974,652.418,70.10619,-4.24242,5.8,731.177,108.46653,72.82378,19.22612,23.15665,0.61019,5.80884,7.35013,6.27765,6.27765,10.25609,0.8154,11.42817
CLH,33.04512,4.8949,27.81909,1.88171,3.71,5.34078,27.03877,651.733,17.12578,53.30579,3.84,1195.729,6.98945,50.73533,5.34078,5.50073,1.53677,4.36696,5.76861,14.23578,14.23578,64.76871,4.27032,183.83856
CCO,37.32141,4.0328,-6.8075,1.01939,-0.93,-19.32607,337.49274,398.709,17.79063,91.8149,-0.48,809.095,-6.00068,91.8149,-19.35708,-10.03409,0.94845,1.64585,2.13702,91.8149,91.8149,179.08623,18.13995,91.8149
CLW,12.28933,11.72742,30.6554,1.91736,-1.67,-1.58524,-37.42419,175.4,9.89507,26.501476,1.12,182.6,4.62315,26.501476,-1.58524,1.05941,0.75797,2.52471,3.49897,-5.44152,-5.44152,57.70375,3.98005,136.4276
CWENa,0.0,0.0,0.0,0.0,0.0,0.0,0.0,0.0,0.0,0.0,0.0,0.0,0.0,0.0,0.0,0.0,0.0,0.0,0.0,0.0,0.0,0.0,0.0,0.0
CLF,84.26005,12.30454,10.97651,2.14912,5.35,14.82097,1147.1292,5213.0,25.49892,519.56244,6.09,4534.0,4.2861,519.56244,14.61554,14.83477,0.61837,14.94223,25.8769,79.51518,68.45137,50.10801,1.11241,100.43298
CLPR,46.52956,14.21956,1.65056,1.20688,-0.51,-16.31073,0.0,0.0,0.0,8.736313,-0.16,63.283,20.92446,8.736313,-6.18191,-2.09411,1.20688,1.37675,1.40957,-22.99962,-23.00087,94.17627,8.736313,8.736313
CLX,-10.18519,11.93659,3.34745,0.88959,5.58,9.79431,-0.34698,1436.0,19.56137,-24.18478,7.34,3213.0,8.04727,-24.38765,9.67171,12.55529,0.44893,12.20411,19.5762,107.65732,95.86667,84.33033,2.21866,217.43135
KO,11.70484,11.61508,5.31769,1.13008,2.25,25.36283,12.47469,12776.0,33.05135,25.69832,2.49,23298.0,22.51682,26.12624,25.27745,27.7955,0.80887,7.79934,10.51072,46.20077,42.49307,64.01899,3.46212,177.92438
CDE,48.16277,203.82477,3.11483,1.22771,-0.13,-3.76092,-19.08035,199.649,23.97242,37.084057,0.01,283.34,-25.08552,37.084057,-3.76092,0.30024,0.37767,2.36371,3.18852,-4.19377,-4.19377,39.26938,2.59186,64.66157
CNS,17.18067,7.18731,5.28658,2.61977,4.31,38.73614,64.5004,264.464,45.29796,174.5223,4.38,312.498,40.86492,176.03156,36.20836,36.24743,2.40973,38.69332,51.7695,98.45606,79.45962,6.64903,0.09274,9.61075
COHR,10.17147,4.94141,28.06866,4.14945,2.37,9.58025,69.13401,710.488,22.8755,98.83782,2.92,1177.459,12.24151,98.83782,9.58025,9.79175,3.0851,4.68636,5.44541,11.81312,9.58431,26.96952,2.14788,36.92913
CL,2.61076,13.60484,0.72459,1.08541,2.55,13.42058,-0.33708,4435.0,25.45778,-18.78981,3.22,10375.0,12.73391,-19.62894,12.43327,15.61851,0.53394,15.66134,26.76058,692.4578,225.67567,88.97092,1.76618,692.4578
CBAN,0.0,23.842854,15.92124,0.65579,1.66,17.45855,54.17373,50.034,46.815,33.87097,2.01,101.779,23.842854,57.92637,17.45855,21.16522,0.63964,1.29424,9.31768,10.30329,10.30329,29.0436,1.78101,40.93162
CMA,0.0,277.37625,57.41155,0.86694,8.35,38.62434,74.37011,2007.0,66.36905,155.35168,8.45,3351.0,277.37625,146.4135,38.62434,37.72321,0.86686,1.3051,9.48084,15.40999,14.64852,28.52747,1.5705,39.91389
FIX,26.57869,3.96788,22.32318,1.22804,3.93,4.66379,2.40439,255.842,8.32376,-3.91198,3.78,563.207,3.1719,-4.52314,4.66379,4.46238,1.17358,5.88994,9.94235,19.08641,19.08641,38.98536,2.01211,63.89509
CMC,25.53024,6.77615,19.03088,2.79133,3.38,6.13491,21.45307,777.16,11.54811,46.32035,3.56,1105.857,0.10376,47.71398,6.13491,6.3658,1.63526,8.73737,11.57735,19.73505,19.73296,34.13815,1.53073,51.83296
CBU,0.0,57.613804,38.99193,0.69505,3.48,29.93648,10.75532,346.745,54.72142,12.98701,3.52,629.486,57.613804,15.19226,29.93648,29.98462,0.69499,1.34219,7.9547,9.02249,9.02249,14.72354,1.04607,17.26565
CYH,5.47746,5.83534,-10.38246,1.47166,1.76,2.97542,60.74271,1818.0,14.69922,-59.90888,1.53,5084.0,-1.37755,-54.99022,1.85964,1.56804,1.13494,5.11642,6.70092,333.33374,333.33374,106.74326,7.05281,333.33374
CHCT,51.90431,2.53534,18.49706,5.95067,0.87,24.81575,0.0,0.0,0.0,8.75,0.87,75.421,43.66698,17.90114,24.81575,22.32977,5.86131,2.90772,3.00936,5.04289,5.04289,36.82723,18.057182,58.29604
CMP,0.0,0.0,0.0,0.0,0.0,3.107,0.0,227.0,19.81149,0.0,0.0,230.2,0.0,0.0,-16.16338,0.0,0.0,0.0,0.0,0.0,0.0,0.0,0.0,0.0
CRK,83.65138,8.95102,4.34809,0.50275,-1.12,-13.06106,164.1213,1532.239,82.79106,169.28209,0.08,1568.061,22.15914,169.28209,-13.06106,1.00126,0.4831,14.29761,17.09538,-21.20812,-18.38526,68.82088,1.71106,220.72743
CAG,-7.77184,13.5187,17.80572,0.81728,2.66,11.63107,0.0,2348.7,20.99922,54.65116,2.66,3179.2,6.73163,54.60064,11.61229,11.55353,0.26408,5.50848,6.84504,15.81212,15.69041,51.6773,3.93009,106.9421
CNMD,3.799,5.59856,26.74003,2.33985,1.94,6.18839,31.72897,153.758,15.214,506.25,2.18,568.036,8.46317,557.1609,6.18839,6.29042,1.0411,3.91347,4.62754,8.36977,8.36977,47.2855,4.58216,89.70112
COP,148.40547,10.01635,34.86753,1.33516,6.07,17.57833,331.0961,19783.0,43.04395,1978.2675,6.52,22936.0,23.40813,1978.2675,17.57833,18.78535,1.1158,9.49983,12.99996,21.471,21.471,31.21033,1.04135,45.37066
ED,13.26087,5.57635,56.6017,1.02285,3.85,8.72331,6.20901,4858.0,35.52208,17.37805,4.78,7668.0,-6.90443,22.2525,9.84206,12.17719,0.78349,2.80333,3.93173,6.92316,6.05568,55.50109,5.22108,124.72463
STZ,-9.19288,10.44167,70.31562,2.39894,10.23,23.58472,7.75896,3258.2,37.82052,374.33444,11.12,4574.3,17.59336,374.33444,23.19238,24.97918,1.22063,6.79613,7.37876,15.53009,15.39044,44.08521,3.37063,78.84357
CPS,-11.98686,5.36859,19.11976,1.66478,-18.94,-14.11232,-2.8122833,-8.221,-0.3528,-2.8122833,-15.04,87.228,-4.61218,-2.8122833,-13.85444,-11.00154,1.23517,-3.80363,-5.6745,-69.27842,-68.83391,77.66193,-2.8122833,-2.8122833
CPA,0.0,80.750374,30.98746,1.17633,1.03,2.94425,506.31094,326.456,21.92244,80.750374,-0.12,603.766,3.93505,80.750374,2.94425,-0.34329,1.05846,1.33476,1.93738,3.39487,3.39487,55.25001,4.91424,123.46373
CLB,16.3934,5.22438,3.37546,2.08252,0.42,4.29961,-12.59483,58.183,12.37273,21.466993,0.38,102.356,5.0949,21.466993,4.19499,3.71788,1.3708,4.31376,6.09275,17.30727,17.09317,60.85225,4.30133,155.4425
CNR,-11.99604,11.42858,19.51314,0.86773,0.96,2.68416,98.44948,335.588,26.40783,50.312893,0.98,424.179,20.43908,50.312893,2.68416,2.65315,0.66987,2.72238,5.31008,5.56293,5.56293,50.04177,2.00823,100.16721
CXW,5.64203,6.76683,11.41013,1.84001,-0.43,-2.78619,1.19761,381.937,20.50541,53.250698,1.27,527.985,24.93319,53.250698,-2.78619,8.19513,1.74068,4.28674,4.79948,-3.75699,-3.72561,55.14299,4.41744,122.93059
GLW,-6.04782,6.80783,14.85904,1.59363,1.28,13.53501,24.35637,3671.0,26.06874,137.03703,1.37,5143.0,15.30855,272.26562,13.53501,8.05539,0.86392,4.49293,6.43769,16.36754,14.66549,38.42643,2.13266,62.40733
CPAY,0.0,193.69603,36.34102,1.03764,9.99,29.6251,16.2725,1522.843,53.73976,23.02956,10.79,2273.917,42.83281,19.21016,29.6251,31.24594,0.97108,6.31983,9.28087,26.98484,26.98484,67.95129,3.99113,212.02505
CMRE,243.54466,43.38248,13.92022,1.1516,3.28,54.82606,85.05509,532.385,67.08151,292.56616,3.28,578.825,-88.80198,4801.667,54.82606,50.86354,0.85715,6.6637,6.8477,28.30314,28.30314,59.71617,4.80564,148.23857
CTRA,368.11847,5.66682,14.42848,1.75082,2.29,33.57495,245.7417,2375.0,68.86054,358.0,2.48,2851.0,33.2644,477.4726,33.57495,36.16817,1.70738,8.6085,11.28299,16.59774,16.53848,22.70671,1.45811,29.37733
COTY,-20.92706,11.74952,3.7346,0.73822,-0.22,-1.46439,291.3158,743.5,16.05866,186.76439,-0.04,2776.5,88.27837,186.76439,-4.34783,-0.66075,0.38151,0.65006,0.8797,-2.18233,-1.65239,57.97565,7.76086,140.78809
CUZ,0.0,9.1014,30.71378,0.54321,1.87,36.6197,0.0,0.0,0.0,16.875,1.79,502.413,51.38424,17.40912,36.56589,34.92863,0.54321,1.5638,1.65664,6.16757,6.13452,33.23982,36.491714,49.78989
CXT,0.0,0.0,13.56059,1.73529,3.16,13.23322,0.0,356.8,26.52591,0.0,3.11,598.9,0.0,0.0,13.23322,13.02288,1.20028,0.0,0.0,0.0,0.0,53.42967,2.456,114.72899
CRDb,0.0,0.0,0.0,0.0,0.0,0.0,0.0,0.0,0.0,0.0,0.0,388.7658,0.0,0.0,0.0,0.0,0.0,0.0,0.0,0.0,0.0,0.0,0.0,0.0
BAP,0.0,342.70657,83.46531,1.02244,11.27,21.89058,106.9334,2356.065,56.06699,831.40497,11.3,3244.268,6.98051,832.7434,21.37045,21.37631,1.02244,2.18466,7.02168,13.2436,13.29712,63.13567,4.92381,171.26491
CCI,8.91938,10.41051,19.11574,0.61895,2.67,18.26498,14.84497,3667.0,57.83912,13.61702,2.95,4347.0,22.62224,3.78788,17.28707,20.10095,0.54097,3.24999,3.60503,13.07072,13.07072,76.58434,7.36542,362.80597
CCK,3.05927,7.15254,15.15872,1.08759,-3.89,-3.15078,0.16863,1782.0,15.63981,204.51616,-3.47,2365.0,-0.33132,204.51616,-4.91487,-3.97055,0.60586,5.46629,8.41104,-24.67153,-14.55209,73.50466,3.62739,277.4249
CUBE,39.73237,121.34521,12.82417,0.1919,1.09,27.22368,0.0,0.0,0.0,28.23529,1.27,616.735,53.54916,34.93579,26.35901,30.53252,0.15004,3.48613,3.64313,9.50223,9.07169,52.13302,51.52177,112.99042
CFR,0.0,113.60723,67.11004,0.71871,6.75,32.01445,25.38951,662.424,47.86311,32.35294,6.82,1371.532,113.60723,33.79969,32.01445,31.34694,0.71863,0.79492,5.04013,10.49743,10.14773,42.65528,4.9852,74.38396
CULP,50.34472,9.54234,10.47722,2.33876,0.26,1.07367,35.37858,19.328,6.44869,10.114884,0.21,49.832,5.81956,10.114884,1.07367,0.8618,1.36265,3.52604,4.87433,2.48779,2.48779,6.89722,0.49446,7.40818
CMI,0.0,386.94574,59.46667,1.73758,14.61,9.00878,14.22311,2867.0,11.93539,21.64863,14.64,5695.0,3.79252,19.11683,8.8714,8.81289,1.02739,5.95945,9.99729,25.77407,23.53453,32.91708,1.609,49.06925
CW,0.0,78.43333,47.4783,1.77965,6.58,10.66107,7.8304,516.155,20.59734,37.08333,7.15,927.802,12.16094,32.65621,10.66107,11.5319,1.11333,6.18118,8.29164,14.78441,14.78441,39.91181,2.35044,66.42204
CWK,0.0,154.51602,6.4718,1.16258,1.1,2.66278,166.66667,713.6,7.60063,154.51602,1.91,1940.3,7.206,154.51602,2.66278,4.53662,1.12044,4.44485,6.69881,19.66568,19.65254,72.21338,5.27565,259.8854
CUBI,0.0,102.44589,37.32334,0.85166,10.08,39.98248,111.50601,642.477,72.50959,169.51872,11.28,735.515,102.44589,137.32973,35.51088,41.13493,0.85073,2.04137,8.15382,33.29527,28.532,46.64257,1.85887,87.41532
DHT,1.00133,9.79305,6.30437,3.14639,-0.07,-3.88943,-75.98119,108.18,36.56546,12.261476,-0.08,140.794,-34.49593,12.261476,-3.89416,-4.57224,2.17001,-0.75677,-0.78081,-1.06862,-1.06729,33.41405,4.85842,50.18184
DKS,-0.04514,180.2829,27.54662,1.47426,5.72,5.53266,77.76574,1238.277,12.92023,71.25749,7.83,3050.707,10.76337,78.2584,5.53266,6.88375,0.67352,7.96581,11.09857,26.04932,26.04932,57.38558,2.54424,134.66232
DNOW,53.53535,6.50199,6.44,2.39295,0.05,0.30637,23.25444,39.0,2.38971,23.25444,0.12,357.0,2.45098,23.25444,0.30637,0.81179,1.67209,0.94697,1.33067,0.70872,0.70872,5.19308,1.0,5.47753
DHI,0.0,582.2159,41.81413,5.29932,11.41,15.07436,81.65187,5421.4,19.49898,78.00312,11.6,7444.6,-4.89134,75.91945,15.01897,15.06559,0.81304,15.57281,18.01561,31.24839,30.66242,26.36943,1.00517,35.81315
DTE,1.8018,8.89702,44.9295,0.52269,4.1,5.25858,-17.14941,2889.0,19.32829,-42.0904,6.17,3336.0,-9.26106,-33.69883,6.06811,7.96688,0.29389,2.21792,3.19192,7.53431,7.37959,67.68655,6.31741,209.46861
DXC,-8.25505,5.26396,19.53298,1.00712,-0.59,-0.82351,-36.78669,1861.0,10.49693,259.16324,3.52,3643.0,12.14536,259.16324,-0.84043,5.04582,0.87411,0.40328,0.67046,-3.0539,-2.79774,56.76116,3.74422,131.27354
DVA,7.30704,6.14448,7.76561,1.32069,8.9,10.42932,4.32624,2451.048,21.09554,39.28013,9.53,3646.383,8.46447,26.47323,8.42127,8.6312,1.24567,6.48795,7.78227,91.48351,46.00673,83.47315,4.88577,282.90805
DAN,9.99167,7.09358,13.32511,1.64949,1.35,2.23589,36.23188,752.0,8.40693,86.1684,1.28,837.0,-1.84461,86.1684,2.20235,2.07204,0.84407,3.02339,4.7728,10.70652,9.55338,55.12185,3.5492,135.13924
DHR,14.57421,6.67944,58.6,1.43096,8.5,21.54959,57.42104,10267.0,34.85893,73.82413,9.42,15343.0,18.44676,76.43993,21.84158,22.85517,0.99595,6.35335,7.76337,16.19195,14.9422,33.99904,2.26668,51.51294
DRI,72.14612,241.47987,21.51297,1.01234,4.8,8.78809,39.76844,1038.2,14.42726,150.05467,4.53,1493.5,7.56816,150.05467,8.74502,8.20878,0.6941,4.17006,5.08003,24.58644,24.58644,67.17809,5.54585,204.67456
DAR,15.71461,10.84387,20.405,1.44684,3.9,13.86287,68.53464,850.446,17.93672,119.10112,4.01,1241.984,6.96545,119.29661,13.7284,13.7395,0.74964,5.6829,6.96762,21.08951,20.85975,32.63537,1.90707,48.44585
DAY,39.72603,9.75429,14.65509,1.10749,-0.5,-7.36184,-66.71053,25.3,2.47022,26.054857,-0.56,433.2,12.16437,26.054857,-7.36184,-8.2235,0.13782,-0.47053,-1.05,-3.48614,-3.48614,34.56612,46.50988,52.82604
DECK,16.22988,12.68653,8.6243,3.52458,2.245,15.02863,45.40813,548.257,21.53709,40.02079,2.29,1374.09,19.59946,38.54285,15.02863,15.14258,2.79991,16.13749,20.45239,29.60712,29.60712,13.3777,0.40682,15.44372
DE,10.465,1.08154,59.82828,2.31681,18.99,13.56946,34.24215,10389.0,23.63339,118.52704,18.91,12223.0,-4.36685,116.75754,13.56491,13.40421,2.05205,6.54738,8.24847,38.01964,38.02027,72.5378,4.68678,264.13693
DK,47.1112,16.32534,11.15544,0.93875,-2.75,-1.60121,47.008976,77.6,0.72876,47.008976,-3.11,493.9,3.77775,47.008976,-1.91112,-2.16084,0.52346,-1.89219,-3.25607,-22.18709,-16.45277,73.8332,34.45232,282.1636
DELL,3.2453,5.33515,3.29217,0.80483,4.22,3.71986,11.6041,10791.0,11.4525,-30.01658,3.54,20140.0,8.71063,-29.59272,3.44923,2.79521,0.61027,2.7866,5.82688,1413.3188,59.3615,86.21892,4.65267,1413.3188
DAL,72.2063,15.73632,6.07375,0.76028,0.44,0.93649,95.235085,-539.0,-1.80274,95.235085,-4.52,2162.0,0.45821,95.235085,0.93649,-9.61477,0.66231,-2.19532,-4.19211,10.3302,10.3302,89.92117,95.235085,95.235085
DLX,27.15508,9.91477,13.45669,0.90798,1.45,3.10415,8.27806,368.781,18.23665,663.1579,2.93,1142.124,10.80456,611.09216,3.09728,6.14023,0.39641,5.55675,7.28031,11.23447,11.25515,75.61936,4.83263,130.73068
DBI,-45.29802,47.37334,3.35664,1.03707,-6.77,-21.86937,-14.522907,-346.158,-15.49,-14.522907,-6.24,311.241,-8.45332,-14.522907,-21.86937,-20.15983,0.33963,-12.21907,-15.7562,-101.40124,-101.40124,83.80272,-14.522907,-14.522907
DVN,161.28471,11.7309,13.96983,1.37642,4.19,23.2099,637.3503,5436.0,44.53547,637.3503,3.63,7381.0,22.24521,637.3503,23.04604,19.71727,1.26239,13.11536,17.09789,46.31596,45.62732,41.83427,1.24356,71.92255
DRH,0.0,-4.6143293,7.1895,2.92532,-0.96,-34.39738,-4.6143293,-155.574,-27.38588,-4.6143293,-0.97,105.428,-6.49236,-4.6143293,-34.25286,-36.2088,2.92532,-3.18631,-3.49679,-12.06264,-12.06245,43.60099,-4.6143293,77.30808
DBD,-7.99196,6.28806,-10.78594,1.07883,-1.01,-1.9999,-1.91701,404.2,10.3503,86.07068,0.14,1058.8,7.50218,86.07068,-2.01782,0.2807,0.58214,4.4507,9.64126,86.07068,86.07068,151.67305,6.07818,86.07068
DLR,0.0,8.54946,60.73125,0.58415,5.94,38.95425,0.0,0.0,0.0,494.0,6.0,2711.845,30.73848,379.59277,38.10372,37.78251,0.58415,1.29741,1.39873,10.04276,9.44238,45.0378,172.29463,82.15166
DBRG,-78.16363,1.28517,9.08366,6.82069,-1.2,-18.18564,0.0,0.0,0.0,26.697538,-1.16,377.645,145.38004,26.697538,-26.00883,-11.9538,6.75361,-0.07219,-0.0946,-5.19837,-3.45219,50.34885,26.697538,108.82053
DDS,-23.16142,103.72207,65.45574,2.15033,-3.16,-1.61631,-67.723,125.829,2.83834,73.99702,-4.93,1364.122,4.12132,73.99702,-1.61631,-2.52406,0.66753,-1.67776,-2.54919,-4.67675,-4.67675,29.86987,4.87769,42.59206
DIN,0.0,49.091446,-14.1463,1.39837,5.66,10.92029,71.03236,227.184,25.35063,49.091446,5.69,370.297,20.68521,49.091446,10.92029,10.66613,1.28776,5.74634,7.29287,49.091446,49.091446,115.84873,7.81232,49.091446
DFS,0.0,0.0,0.0,0.0,0.0,0.0,0.0,0.0,0.0,0.0,0.0,830.5629,0.0,0.0,0.0,0.0,0.0,0.0,0.0,0.0,0.0,0.0,0.0,0.0
DLB,13.85929,4.08857,25.70399,5.57619,2.97,24.80558,40.19317,436.619,34.07742,32.0,3.04,1151.231,27.42192,34.0867,24.21273,24.00907,5.34275,7.07202,8.1978,12.33354,12.60543,2.69464,0.16517,2.76926
DG,0.0,680.2702,27.66467,1.21073,10.62,7.86755,51.42954,4291.065,12.71546,59.93976,11.23,10718.862,6.83129,55.03444,7.86755,8.25843,0.25694,9.5552,12.03655,39.73514,39.73514,67.10773,3.16715,204.02277
D,-3.31155,6.18697,31.51235,0.83812,3.19,19.14208,-9.02658,5785.0,41.42796,75.27473,3.44,5480.0,-32.02879,507.77905,23.54626,19.89997,0.34313,2.1145,3.08369,10.74815,9.65348,58.6927,7.10268,142.08797
DCI,21.48973,5.52918,9.09513,2.05078,2.24,10.02866,17.71469,501.7,17.53705,12.0,2.35,977.5,10.61504,11.63424,10.02866,10.38311,1.303,10.93696,14.92844,27.01252,26.80181,33.04875,1.1188,49.36241
DFIN,14.75504,5.33172,11.42424,1.07001,4.14,14.68841,80.03901,276.9,27.87677,58.669933,4.89,580.2,16.29921,58.669933,14.68841,16.492,0.97016,16.91063,26.52704,46.70295,46.70295,33.36868,0.68184,50.07958
LPG,-16.66347,5.13,22.81891,1.86819,1.86,29.08846,-18.81398,184.561,57.99811,-10.14493,1.86,216.1737,42.17512,-17.23518,29.08846,29.06676,1.71829,4.46044,4.54241,9.62276,9.62276,39.14885,3.3005,64.33544
PLOW,-14.61626,7.02137,9.33858,2.69094,1.29,5.66827,2.32591,73.514,13.57717,21.661434,1.54,141.872,8.40468,21.661434,5.66827,6.52886,1.33333,5.77397,7.20698,14.79748,14.79748,52.78014,3.26307,111.77531
DEI,-4.57504,6.98141,13.7645,3.30307,0.37,6.1211,0.0,0.0,0.0,32.14286,0.34,611.142,46.34123,29.44408,7.11739,6.50622,3.19346,1.34215,1.40589,2.68967,1.40634,55.75162,41.338474,125.99697
DOV,17.93988,6.29746,29.08465,1.36055,7.74,14.21281,26.11523,1589.236,20.0989,64.68085,8.02,2982.681,9.31984,64.43286,14.21281,14.59783,0.7752,8.30393,11.44432,29.67058,29.67058,44.14499,2.08351,79.03497
DCO,17.26597,2.80176,39.79891,3.03008,11.06,20.99989,3.27906,77.387,11.99031,351.42856,3.02,141.56,0.20684,364.57806,20.99989,5.55839,2.01145,3.45435,4.29349,33.71811,33.71811,40.31613,4.1427,67.54944
DUK,0.0,1023.28143,61.55267,0.62394,4.93,14.24867,2.92734,10724.0,42.77793,188.3041,5.24,12069.0,-11.956,183.80537,15.58897,16.07388,0.2588,2.16809,3.08941,8.35905,7.12121,57.22126,6.37822,133.76096
DD,-26.00975,6.6652,51.64783,1.8923,3.23,10.83288,-14.63722,4059.0,24.37399,403.60608,3.32,4595.0,22.42614,403.60608,38.83384,10.81946,1.10793,2.85565,3.33567,5.40832,5.45675,29.38627,2.77334,41.61553
DY,-1.40313,3.0103,26.50034,2.6057,1.07,1.07331,-1.17309,299.66,9.36682,-40.55556,2.09,557.176,9.50787,-39.98602,1.07331,2.06866,2.38604,3.71724,4.74055,4.08795,4.08795,44.34404,2.15715,79.67529
CTA,0.0,0.0,0.0,0.0,0.0,0.0,0.0,0.0,0.0,0.0,0.0,25.245,0.0,0.0,0.0,0.0,0.0,0.0,0.0,0.0,0.0,0.0,0.0,0.0
EME,14.69349,4.79986,42.25867,1.43581,7.06,3.87437,8.44939,649.036,6.55355,194.16667,7.18,1501.737,2.664,188.49358,3.87266,3.91995,1.2929,6.38488,12.4624,17.81775,17.82031,19.34311,0.83252,23.98196
EOG,53.39076,9.60113,37.89736,2.1237,7.99,25.18767,171.39557,9971.0,53.84782,1071.2173,7.99,13034.0,24.28932,1071.2173,25.18767,25.06988,1.8664,10.14646,13.62407,21.95759,21.95759,21.03108,0.59242,26.6321
EPR,0.0,40.53416,34.9948,8.11803,1.0,18.7609,0.0,0.0,0.0,40.53416,1.25,468.596,51.73292,40.53416,18.7609,17.77873,7.94571,2.54731,2.61784,3.75762,3.7574,53.59074,40.53416,115.47422
EQT,153.82153,3.05766,26.646,0.45014,-3.58,-37.67178,-36.23685,385.79,12.58833,236.84995,-3.38,4672.261,38.40878,236.84995,-37.71243,-35.64511,0.3055,-4.06245,-5.41099,-11.98624,-11.9586,35.53564,14.35412,55.12447
ESE,1.56786,4.92688,39.12728,1.67824,2.42,8.8751,-5.25702,128.408,17.94812,149.48454,2.61,270.395,11.64277,-37.73681,8.8751,9.50185,0.7293,3.6582,4.66942,6.40956,6.40956,17.48704,1.68296,21.19308
EXP,-2.61639,10.88222,32.07359,3.90714,7.99,20.59395,18.50719,497.985,30.68976,375.59525,7.29,408.355,28.54996,378.805,20.91922,18.66391,2.4711,7.95556,9.2214,28.72282,28.72282,43.57275,2.1073,77.21933
DEA,29.82825,5.29241,35.5712,1.22182,0.875,12.34212,0.0,0.0,0.0,133.33333,0.875,186.07,42.47477,151.30006,10.92498,10.69129,1.22182,1.68638,1.80628,2.46656,2.47721,45.68887,33.05529,84.12431
EGP,35.36637,7.05284,38.04478,0.38499,3.9,38.49702,0.0,0.0,0.0,41.30435,3.91,294.397,55.05222,45.39741,38.47724,38.43818,0.38499,3.17757,3.34267,11.0967,11.09354,48.44576,35.29279,93.97045
EMN,7.12329,9.2381,44.24552,1.56378,6.25,8.27606,20.08393,2003.0,19.11989,78.57143,10.49,2504.0,1.45929,79.2887,8.1806,13.50803,0.6863,5.82637,7.98495,14.61584,14.57633,48.1083,2.67898,92.70905
KODK,-0.55866,6.44258,9.92376,2.61165,0.27,2.08696,11.596948,-15.0,-1.30435,11.596948,0.27,164.0,-2.90217,11.596948,2.08696,1.8407,1.7767,-1.68178,-3.51252,5.59441,3.85542,24.20481,11.596948,31.93449
ETN,16.36607,6.0599,41.15597,1.04146,5.34,10.93336,28.98213,3320.0,16.91461,53.0086,5.76,6335.0,18.63346,52.05674,10.92317,11.70018,0.56184,4.67533,6.2883,13.68089,13.65835,35.45337,2.72169,54.92675
ECL,8.99815,5.35882,25.18161,1.31912,3.91,8.98446,5.78612,2638.2,20.71923,17.41742,4.78,5211.2,8.29256,357.09778,8.87372,10.74769,0.84138,5.7049,7.54924,16.87589,17.00534,55.79804,3.47051,126.2343
EPC,-5.10076,13.48821,29.13923,2.11569,2.12,5.60533,5.24043,365.5,17.51066,70.96774,3.06,953.1,8.17144,73.07692,5.60533,7.97509,1.32228,4.82295,6.17185,7.75554,7.75554,45.42354,3.60766,83.22919
EIX,32.76802,7.74447,36.57152,0.63782,2.0,6.21598,12.1946,5189.0,34.86997,1.0101,4.58,8709.0,-27.51495,6.19977,6.21598,11.69545,0.30038,2.5769,4.24812,6.61683,5.48343,62.41099,5.69204,166.03519
EW,13.13642,9.54139,9.35091,3.08118,2.38,28.72623,22.6935,1700.9,32.50645,83.07692,2.21,3983.6,18.828,82.54797,28.72623,26.32571,2.06645,12.43829,16.59757,28.87745,28.87745,10.57737,0.40584,11.82851
ESI,22.01289,5.35909,10.05382,2.9251,0.82,8.47571,23.24669,502.6,20.94341,164.51613,0.94,960.8,10.10136,168.5601,8.47154,9.69064,1.98049,4.40016,5.06514,8.45745,8.44176,44.03491,3.91504,78.68282
ELV,19.22982,15.56081,149.1494,1.46544,24.73,4.39631,8.60877,10055.0,7.25265,37.54171,25.93,36072.0,4.8482,33.50831,4.4028,4.55985,1.33699,6.07497,9.77944,17.62659,17.58334,39.94282,2.38966,66.50797
LLY,13.57378,4.51358,9.93656,1.22585,6.12,19.71051,15.61288,9303.6,32.85355,-9.86745,7.81,21345.3,19.6925,-9.88101,19.71051,25.01335,0.79958,10.33093,20.34616,76.35287,74.52203,64.84264,1.81486,184.43549
ELME,0.0,10.070089,15.26478,4.92322,-0.63,-30.67067,0.0,0.0,0.0,10.070089,-0.4,102.236,57.85063,10.070089,9.45631,-19.51841,4.92322,0.1794,0.18613,-4.02951,-4.02855,27.57857,10.070089,38.08067
EBS,18.96925,7.09138,31.55945,3.40316,4.27,12.88001,-10.52547,556.8,31.0593,-24.69136,5.55,793.2,3.6816,-24.3199,12.88001,16.56301,2.27662,9.33082,11.25129,15.06197,15.06197,34.97992,1.5643,53.79864
EMR,7.33129,5.39607,16.58778,1.34998,3.82,12.76047,10.79825,4053.0,22.22527,17.90124,4.07,5730.0,14.20679,17.20102,12.62887,13.34869,0.93708,8.09925,11.4698,25.18591,25.33479,42.16018,1.7846,72.89126
ESRT,0.0,28.879145,5.86386,6.95998,-0.06,-2.08659,0.0,0.0,0.0,28.879145,-0.06,328.379,37.33829,28.879145,-1.71431,-1.65601,6.95998,1.18338,1.25995,-1.04326,-0.76337,58.13857,28.879145,138.88338
EIG,-1.05935,0.96,43.7295,14.22205,4.17,16.96771,1.20942,159.0,22.61414,5.03778,4.33,151.6,18.48066,-0.41736,16.96771,17.42161,14.22205,2.45919,7.63098,9.83553,9.83553,1.39002,0.10755,1.40961
ENS,2.37998,4.63508,36.01513,2.4983,3.32,4.81455,-3.35393,334.609,11.23629,3.75,3.86,732.47,8.58219,4.56402,4.81455,5.51508,1.6437,4.53012,5.96121,10.09577,10.06968,40.91168,3.19401,69.23819
ENR,0.30822,10.33168,5.31975,1.52103,2.11,5.32517,10.59972,634.4,20.99619,379.54547,3.7,1201.1,2.23316,113.57427,5.32517,8.35148,0.63166,5.95205,7.50379,48.40554,48.40554,90.94035,5.62815,113.57427
EPAC,23.77125,5.23169,6.84464,2.6523,0.67,7.6064,51.54327,75.955,14.36746,644.44446,0.76,243.156,9.57085,5166.5283,7.20255,8.62903,1.87095,4.13064,5.20992,10.4254,10.4254,35.56215,2.995,55.18828
ENVA,58.25054,0.63893,32.013,14.7981,6.79,25.09792,13.15803,449.862,43.92068,-42.01537,7.12,800.051,-50.03747,-32.1691,25.02246,25.26889,14.46323,10.63975,11.63848,25.49692,25.55493,56.59802,3.1685,130.40424
ENOV,23.53822,6.67004,88.65423,2.25021,1.8,2.56059,30.38278,602.86,15.64122,36.36364,3.45,793.633,0.11147,68.11026,1.85914,4.57768,1.32678,2.70185,3.31447,2.30547,2.39276,32.79514,3.77322,48.79877
NPO,23.60335,7.13179,61.08512,1.88077,8.53,15.55439,30.68853,199.3,17.4549,40.33614,9.87,328.1,10.84144,-3.90456,15.51936,17.80715,1.38433,3.10187,3.76758,15.11236,14.53593,47.26661,5.92173,93.17859
ETR,-1.04353,10.26014,28.71234,0.58533,2.77,9.52677,1.9176,3836.323,32.66931,-19.71015,2.71,4874.866,-35.34223,-19.18327,9.68084,9.27459,0.29284,1.96021,3.08577,10.07658,9.68363,69.65003,7.13344,229.48961
EPD,45.07562,6.899,11.63809,1.1415,2.1,11.65318,9.73644,7394.7,18.1212,22.80702,2.11,5947.0,9.08636,22.83346,11.36499,11.28918,0.85746,5.24216,6.1589,18.68797,18.31974,53.03415,4.04482,112.92067
NVRI,-18.23306,4.40082,9.44456,1.45492,0.28,1.52105,2.79751,244.288,13.21619,40.32655,0.34,357.843,2.57098,40.32655,-0.17577,1.45745,0.82819,1.74986,2.41389,3.15047,3.70137,64.71108,6.04852,183.37503
EPAM,53.45965,5.91838,43.74953,2.97278,8.15,12.81622,41.08369,632.038,16.81782,45.53571,8.74,1274.447,13.00204,47.22215,12.81622,13.14229,2.90279,10.98741,13.76521,21.54977,21.50782,8.74437,0.37839,9.58228
EFX,15.38218,7.25063,29.35627,0.4892,6.02,15.20137,11.09594,1627.0,33.04291,41.98113,6.23,2980.8,13.94271,43.08787,15.11404,15.42349,0.43595,6.93977,8.69437,22.04123,21.97754,59.51934,3.2544,147.03156
EQBK,0.0,43.982113,29.87059,0.75539,3.43,27.67568,71.53629,118.981,62.74542,43.982113,3.97,183.334,268.55096,43.982113,27.67568,31.44387,0.75228,1.50779,11.46488,11.55591,11.55591,23.96826,1.32642,31.52402
EQC,5.76112,4.28429,25.42806,141.28653,-0.2,-25.35261,0.0,0.0,0.0,14.016061,-0.16,32.109,26.60065,14.016061,-25.30169,-29.9771,141.28653,-0.18088,-0.18263,-0.5423,-0.52169,0.0,14.016061,0.0
ELS,11.46914,33.65678,7.62287,0.45983,1.43,21.6373,0.0,0.0,0.0,14.4,1.45,662.028,32.38021,14.97871,20.57723,20.79295,0.45983,4.98056,5.51821,19.81866,19.77838,68.98029,51.512814,222.37569
EQR,0.0,189.99426,29.07292,0.1715,3.54,56.1772,0.0,0.0,0.0,44.4898,3.56,1515.205,43.06432,45.88414,53.60853,53.5279,0.1715,1.88731,1.96507,12.45303,12.25799,42.54572,95.08393,77.35431
ESNT,-8.48555,22.86543,38.72948,9.02325,6.11,66.28842,65.96584,833.975,81.08575,57.47423,6.13,851.44,47.60481,65.06424,66.28842,66.25461,5.09171,9.50348,11.71951,16.83675,16.83675,9.17261,0.51297,10.09895
WTRG,-3.01846,7.12286,20.50259,0.64853,1.67,22.98077,15.06045,900.661,47.95484,49.10714,1.68,987.302,-27.62025,51.52309,22.98077,23.03222,0.40217,2.65618,3.46219,8.74742,8.74742,54.11542,6.78884,117.93812
ESS,-14.75594,10.20405,91.8588,1.01468,7.51,31.23467,0.0,0.0,0.0,-13.57883,7.8,1070.627,40.45653,-14.11852,29.59102,30.73237,1.01468,2.87974,2.97422,8.14663,8.29979,50.58441,63.278915,102.9398
EL,42.54606,11.20787,16.74319,1.84372,7.79,17.7152,39.26782,3614.0,22.26878,318.8172,8.7,12383.0,15.19117,319.59064,17.68439,19.45425,1.25708,9.39575,13.43622,57.44596,52.70394,53.82468,2.24101,132.96667
ETD,11.54226,80.05246,13.9257,1.31879,2.37,8.75769,258.6301,94.56,13.80098,597.05884,2.4,393.107,15.47235,574.2135,8.75769,8.84979,0.50746,7.4821,9.90901,17.66131,17.66198,26.48697,1.33901,36.03031
EVR,-8.02494,8.66372,34.83553,2.15734,17.08,26.26401,85.98105,1161.898,35.1336,107.78589,18.75,3194.283,43.44812,111.11549,22.37971,22.7092,2.12308,19.7566,31.03795,58.01835,55.59481,30.60016,0.62057,44.09254
EG,14.37044,2.24962,258.2178,9.48937,34.62,12.23362,0.0,0.0,0.0,170.89201,34.66,1644.7,-0.4784,168.2253,12.23362,12.07192,9.48937,1.80068,5.074,13.8843,13.8843,24.25242,107.56033,32.01741
EVRI,51.99329,4.184,1.91101,1.17135,1.53,23.15695,108.06771,315.878,47.8324,78.976425,2.01,544.936,30.50688,78.976425,23.15695,27.17518,1.05496,7.88688,10.59747,183.58122,183.58122,85.13068,3.16279,78.976425
ES,0.55971,6.88307,42.39175,0.55928,3.54,12.45093,2.46929,3096.329,31.39311,-0.28169,3.55,4751.056,-5.92869,1.27451,12.3747,12.38055,0.25718,2.63411,3.69756,8.51627,8.47672,57.93896,6.5644,137.74968
EVTC,10.93604,9.48454,6.47787,2.85413,2.21,27.32182,28.07477,272.684,46.23361,54.54546,2.24,339.632,27.70543,54.28588,27.31962,27.36556,2.54744,11.14029,13.55161,40.08443,39.65635,50.85192,1.78438,103.46675
EVH,3.39548,7.06804,7.77432,1.17614,-0.35,-3.3354,111.18688,48.932,5.38924,22.955488,-0.29,250.406,14.97128,22.955488,-4.14128,-2.74897,1.06078,-0.4976,-0.71059,-4.61213,-4.61213,28.79242,5.73177,40.4345
EXPD,106.30169,4.63945,20.89843,1.7806,8.27,8.58682,96.57568,1960.638,11.86574,103.1941,8.37,2216.724,3.82583,103.33439,8.56653,8.56805,1.7514,19.03626,33.77154,46.00187,46.05729,11.79277,0.23852,13.36939
XPRO,0.0,0.0,11.88872,2.30713,-1.64,-15.97204,0.0,50.717,6.14184,0.0,-1.13,124.597,0.0,0.0,-15.97204,-11.01944,1.75025,0.0,0.0,0.0,0.0,7.83466,2.17485,8.50065
EXR,31.91184,4.97185,23.27098,1.01075,6.19,52.69687,0.0,0.0,0.0,66.84636,6.2,1230.417,33.60431,71.79018,49.68853,49.64507,1.01075,5.80957,6.04308,29.22348,26.11559,62.52109,83.729744,166.8167
XOM,64.53271,12.8033,39.76811,1.04433,5.39,8.52862,6283.898,43484.0,15.71567,6283.898,5.47,88204.0,9.55209,6283.898,8.32695,8.45137,0.69179,4.48079,6.46143,14.14682,13.88882,23.18593,1.21951,30.18448
FBK,0.0,79.10392,30.12896,0.92403,3.97,31.0314,67.10284,345.567,56.34983,137.72455,4.01,616.618,192.40604,199.0915,31.02879,31.01466,0.85284,1.74164,12.81309,13.97156,13.97178,13.21418,0.63127,15.2262
FMC,10.87414,2.0534,24.12509,1.40261,6.23,15.90026,5.3804,1286.8,25.50543,40.31532,6.75,2161.3,13.91719,33.54488,14.59803,17.17911,0.94563,6.94167,11.24811,26.84884,26.58008,52.22374,2.59248,109.30896
FNB,0.0,110.54736,15.8121,0.85397,1.23,30.30434,22.35011,689.597,51.65022,44.70588,1.25,1231.2,247.55421,41.46626,30.30434,29.94008,0.84486,1.02709,5.08663,8.17791,8.00479,31.59419,3.44926,46.18641
FCN,6.01147,3.78883,46.11659,1.90781,6.65,8.46352,6.36872,354.01,12.7515,17.28395,6.77,860.715,7.74949,11.52638,8.46352,8.16651,1.79095,6.56907,9.56275,15.75102,15.75102,26.2657,1.59321,35.62209
FN,21.86058,5.92532,30.2603,3.04373,3.95,7.89321,22.96082,187.048,9.9528,31.22924,4.02,221.363,2.86418,30.7211,7.89321,7.88706,2.0172,6.28839,8.59723,14.2162,14.2162,3.96702,0.2457,4.13089
FDS,-2.46692,10.39488,27.01989,2.95712,10.36,25.10863,4.31739,535.941,33.67638,7.35751,10.95,805.045,27.6599,7.1465,25.10863,26.04697,2.75268,13.75362,16.2143,41.78221,41.78221,46.00886,1.61602,85.21557
FICO,-6.60512,4.07415,-4.0243,0.98528,13.4,29.78149,18.25365,436.881,33.18413,69.62025,11.11,984.074,28.66601,65.84846,29.78149,24.24808,0.90747,16.27697,20.7434,89.96794,89.96794,109.06522,3.05521,89.96794
FDX,19.86873,7.16099,90.53279,1.50659,19.45,6.23042,51.86285,10231.0,12.18571,296.93878,21.31,23730.0,3.02484,306.76517,6.23042,6.7007,1.45469,5.14829,6.99503,24.63792,24.63792,60.13855,3.56387,150.86893
AGM,22.70094,10.71629,66.86625,1.90011,9.92,29.86524,-17.48572,371.627,83.91599,19.95163,10.0,242.856,-125.37526,21.73257,29.86524,24.29232,0.60663,0.93843,0.9934,19.60635,12.04066,94.96495,61.12623,43.2011
FRT,-10.57835,5.04454,30.79533,1.08567,3.26,28.20621,0.0,0.0,0.0,101.23457,3.24,643.333,44.19244,98.54676,27.41132,26.26566,1.08567,2.52405,2.70876,11.06925,9.67339,59.30376,54.16604,157.41672
FSS,7.08661,9.22586,12.87356,2.52934,1.63,8.29212,-0.33408,179.0,14.75437,4.48718,1.78,288.7,4.34491,4.57381,8.29212,8.92054,1.0358,6.26238,7.92968,13.53879,13.53879,28.57794,1.75251,40.01276
FHI,-9.14556,12.86062,11.92482,2.06661,2.75,20.93957,-11.71534,395.472,30.41047,-14.86068,2.93,767.955,22.49383,-17.18051,20.78462,21.08807,1.94811,11.22425,14.72137,24.01522,21.34742,22.71845,0.87507,31.06479
FERG,8.4891,8.51401,21.63665,1.67334,7.34,7.23938,21.37154,2584.0,11.33731,1647.619,7.17,6980.0,3.20452,56.91988,6.61636,7.03095,0.88189,9.48833,14.60464,35.9438,35.9438,44.14122,1.47098,79.02287
FNF,41.5091,2.26792,33.1737,5.72685,8.41,15.55968,70.19573,3826.0,24.45822,65.55118,8.48,9509.0,2.01368,69.7267,15.48296,15.44972,5.72685,3.61015,13.79577,27.17703,27.27324,42.38455,1.81835,73.56456
FIS,9.20672,3.84085,77.74548,0.74022,0.67,3.05542,15.70314,5784.0,41.68048,168.0,2.84,3349.0,39.24569,163.92406,3.00497,12.60676,0.66549,1.65869,1.99706,0.86293,0.87406,30.51791,3.60944,44.08337
FAF,0.0,349.60687,52.57065,0.36997,11.14,13.55546,58.19389,1865.0,20.24094,80.84416,11.18,5645.5,35.04583,78.19476,13.46864,13.46842,0.36997,7.29562,14.23703,23.24629,23.33566,29.8435,1.31904,42.53848
FBMS,0.0,28.771368,32.16956,0.73827,3.03,30.13695,30.53138,112.924,53.03638,20.2381,3.05,194.341,28.771368,22.21122,30.13695,30.10636,0.73631,1.10341,7.12339,9.71501,9.71501,18.25616,1.33729,22.33337
FCF,0.0,55.748333,11.77265,0.88177,1.44,34.51291,52.53071,234.94,58.64776,92.0,1.45,386.371,153.77457,88.2405,34.51291,34.59774,0.8794,1.50094,9.49981,12.69584,12.69584,24.77595,1.55523,32.9362
FFWM,0.0,49.03091,18.85545,0.94703,2.41,34.47309,27.38768,186.986,58.86153,28.19149,2.46,299.871,290.21024,29.80005,34.47309,35.05801,0.89049,1.31273,9.89742,12.44612,12.44612,17.81823,1.23379,21.68148
FHN,0.0,267.2579,14.39155,0.93577,1.74,31.02919,112.8999,2063.0,63.37942,-7.93651,2.08,3380.0,281.63596,18.22485,30.69124,34.91294,0.92034,1.40363,9.66083,13.12746,12.02381,32.55519,1.9874,48.26937
FR,15.0087,4.90571,16.65917,0.31287,2.09,58.21343,6.01876,184.655,38.78256,36.60131,2.09,344.829,23.3546,38.27154,56.91672,56.92741,0.31287,2.81121,3.00953,13.22728,13.21217,42.06696,8.84142,72.61307
FE,-14.13134,9.95707,15.21233,0.73302,2.27,11.13008,1.03459,3418.0,30.70428,22.7027,2.53,7418.0,0.26276,18.9064,11.52533,12.38636,0.63179,2.56825,3.5597,15.57315,15.57315,73.58324,7.06963,278.54755
FI,15.22965,6.07488,47.61846,1.03143,1.99,8.64662,8.92383,5334.0,32.87317,42.14286,3.07,8098.0,19.33317,39.24843,8.22137,12.53656,0.20197,1.8957,2.63514,4.21605,4.29847,40.74994,4.11961,69.37989
FLG,0.0,0.0,0.0,0.0,0.0,0.0,0.0,0.0,0.0,0.0,0.0,0.0,0.0,0.0,0.0,0.0,0.0,0.0,0.0,0.0,0.0,0.0,0.0,0.0
FND,0.0,101.20667,12.51122,1.23384,2.64,8.24894,51.03917,458.638,13.35761,43.47826,2.77,1449.248,-4.01344,45.26031,8.24894,8.44529,0.21745,6.49546,8.60829,24.4102,24.4102,51.82509,3.10366,107.57694
FTK,13.03128,3.45302,1.64907,2.26868,-2.51979,-70.55099,-25.234632,-30.636,-70.80521,-25.234632,-2.51979,-4.344,-56.99853,-25.234632,-70.55099,-71.2111,1.41892,-28.99054,-41.45273,-90.63136,-90.63136,39.6443,-25.234632,65.68443
FLO,1.66769,15.81504,6.67601,1.43507,0.97,4.76098,-10.58088,459.566,10.61165,34.72222,1.15,2155.52,3.0063,35.36614,4.76098,5.62524,0.97344,6.13961,7.59617,14.81086,14.81086,46.12566,2.6292,85.61711
FLS,-11.32511,3.65524,13.87948,2.1105,0.96,3.8458,-17.79083,373.75,10.55475,7.86517,1.36,1066.571,7.04933,8.27244,3.55682,5.00457,1.40772,3.41723,4.88493,7.12222,7.56536,44.98287,4.01938,81.76156
FLR,-13.55787,7.16227,9.84514,1.42484,-1.46,-1.15959,-18.00734,291.183,2.34166,38.241257,-0.95,454.0,0.75122,38.241257,-3.5398,-1.07931,1.01088,1.90416,4.55707,-15.0028,-10.19072,45.19007,4.43607,82.44869
FLUT,0.0,0.0,0.0,0.0,0.0,0.0,0.0,0.0,0.0,0.0,0.0,4427.0,0.0,0.0,0.0,0.0,0.0,0.0,0.0,0.0,0.0,0.0,0.0,0.0
FL,24.0,67.39286,26.72312,1.72445,3.08,4.27928,-41.20941,525.0,6.95549,-31.55556,3.14,2189.0,11.31426,-34.21589,4.27928,4.33892,1.1028,3.20019,3.71087,12.31884,12.30711,53.46186,6.07429,114.87752
F,-16.18697,2.83138,12.11688,1.20136,4.45,13.13618,83.59895,14631.0,10.73118,1439.8749,3.3,16438.0,4.13669,1439.8749,13.15598,9.65982,1.03201,1.74353,2.39352,45.29031,45.09461,74.15195,9.53353,286.8763
BLX,0.0,24.964401,27.37407,1.3803,1.62,39.41993,1.90422,80.968,50.90758,1.25,1.62,99.235,24.964401,-1.40896,39.41993,39.51582,1.3803,0.67597,1.24564,6.17793,6.17793,79.08145,46.30728,24.964401
FTV,14.79699,6.03815,26.489,0.67698,1.65,11.68858,25.94441,1286.9,24.49046,-59.25926,1.85,3007.1,15.74638,-62.28848,11.57821,12.2871,0.47094,3.42667,4.117,6.64848,6.6437,30.33198,3.21975,43.53788
FBIN,20.5198,9.44848,22.69147,1.39237,5.54,10.08869,28.59401,1301.5,16.99952,40.60914,5.81,1962.5,5.43798,39.64925,10.08869,10.43449,0.68921,9.12314,12.13074,26.4507,26.4507,48.71572,2.23688,94.99152
FET,53.29129,5.19157,58.41782,2.54323,-14.65,-15.27553,12.523721,-3.369,-0.62266,12.523721,-12.03,123.341,2.36583,12.523721,-15.27553,-12.54654,0.98491,-3.38622,-4.16927,-22.479,-22.479,45.87251,12.523721,84.749
FCPT,26.76329,169.93098,11.97915,0.38276,1.11,42.99849,0.0,0.0,0.0,2.77778,1.12,169.775,49.00609,10.66699,42.91625,43.06362,0.2371,4.10704,4.24938,9.49258,9.48301,47.81593,32.15238,91.62935
BEN,18.95719,6.3909,22.36593,1.71486,3.57,24.93512,57.62745,2458.2,29.26359,124.5283,3.95,3564.5,20.37749,129.21516,21.79948,23.03642,1.71486,5.91866,7.13547,17.16383,17.26843,37.32368,3.08714,64.25415
FCX,30.9417,22.17961,9.59506,2.51697,2.9,23.48435,171.5207,10945.0,47.90983,607.3171,3.02,10905.0,28.109,618.8648,18.84876,19.37982,1.68432,11.65489,17.11662,35.65455,25.73944,29.79444,0.89255,42.43886
FDP,-4.48468,12.11569,37.89928,1.74253,1.68,1.87912,13.39188,206.6,4.85889,63.1068,1.7,303.8,1.00482,62.60163,1.88147,1.89943,0.7206,2.03593,2.71213,4.53219,4.35019,27.25684,3.39787,38.48684
FRO,34.66748,8.43926,8.12168,1.13691,-0.06,-1.48763,-75.43182,155.991,20.81598,23.141752,-0.03,192.438,-50.35006,23.141752,-1.48763,-0.79652,0.81732,0.12783,0.13111,-0.68287,-0.68307,58.90671,15.18612,143.34872
FF,28.75992,12.31671,6.60211,7.29784,0.6,8.1693,-30.26959,23.382,7.27536,-43.39623,0.62,23.537,8.92801,-43.61524,8.1693,8.44116,6.43339,2.05216,2.43071,7.9463,7.9463,0.35935,0.04456,0.36064
GATX,15.18987,8.2183,57.00412,1.05308,3.98,11.38063,6.64409,661.3,52.59265,-6.13208,5.15,903.6,-52.78949,-5.4197,11.38063,14.49897,0.84844,2.00833,2.33347,7.1971,7.1971,75.41309,9.36534,77.91365
GMS,18.86866,7.43838,19.09461,1.95956,2.44,3.19993,5.72198,304.326,9.22529,343.63635,2.63,1063.491,3.13177,351.4777,3.19993,3.40946,1.29008,5.13865,6.49026,14.49559,14.49559,57.267,3.62174,134.01118
GME,22.32558,212.96234,1.6719,1.15528,-0.825,-4.21628,76.89162,-157.3,-3.0905,76.89162,-0.83,1259.5,0.59212,76.89162,-4.23003,-4.23985,0.66791,-5.62374,-9.06426,-40.94638,-40.94638,70.56286,76.89162,239.7069
GCI,4.59045,9.9779,3.73931,0.8713,-1.0,-4.24462,4.42562,388.055,12.09617,92.880394,-0.41,1306.519,6.57211,92.880394,-4.20694,-1.72256,0.70049,4.1982,5.73648,-30.11842,-30.51198,74.34583,3.95517,289.80014
GAP,14.87342,40.64801,6.98931,1.54686,-1.78,-4.81884,-97.11599,46.0,0.33333,235.7373,-1.26,4705.0,-1.375,235.7373,-4.81884,-3.41478,0.7119,-2.09942,-2.70909,-22.42833,-22.42833,74.56704,166.6087,293.19052
GRMN,-0.70915,5.88665,31.74406,2.94291,5.61,21.71873,16.3217,1357.658,27.24692,8.51064,5.63,2890.459,7.85036,9.05712,21.71873,21.71419,1.86478,10.23307,12.89201,18.61005,18.61005,1.45933,0.06669,1.48094
IT,10.2939,3.58473,4.5033,0.77545,9.21,16.76313,65.46289,1183.748,25.00544,211.14865,8.06,3289.869,20.60151,197.4976,16.76313,14.47645,0.63509,8.24162,16.07177,108.59632,108.59632,89.75358,2.74576,235.32188
GTES,1.88489,4.95246,10.64158,2.66234,1.0,9.53546,48.70239,710.5,20.44957,270.37036,1.06,1340.6,8.32518,274.18137,8.55112,8.89712,1.6225,4.0769,4.99312,10.06198,9.9394,43.70675,3.80436,77.64118
GNK,54.84566,33.05216,21.86254,4.17305,4.27,33.27278,269.0778,247.367,45.21182,54.494785,4.43,282.488,14.77581,54.494785,33.26583,34.056,3.40568,10.06805,10.40311,21.90769,21.9111,21.17777,0.99565,26.86776
GNRC,45.7608,8.11222,34.74276,1.59915,8.3,14.89274,47.87056,828.64,22.17285,51.45985,8.71,1360.082,6.29728,57.02558,14.73018,14.6098,0.60023,11.34877,15.98115,30.54849,29.85446,32.29854,1.30814,48.9581
GD,3.16495,3.38576,63.54346,1.42989,11.55,8.46656,2.76591,5053.0,13.13525,5.0,11.61,6408.0,7.28249,2.84181,8.46656,8.46333,0.94019,5.13287,8.50161,19.56039,19.56039,42.75376,2.60736,74.68398
GE,-12.62096,4.09798,36.67244,1.27708,-3.25,-4.57707,-19.16596,7579.0,10.21484,863.4423,3.03,11265.0,8.48277,863.4423,-8.78619,4.48399,0.93485,1.26292,2.9212,-8.7673,-8.56268,47.66458,5.01821,91.39912
GIS,1.44883,11.14273,15.58401,0.69618,3.78,12.94202,9.66681,3969.5,21.89827,6.17978,4.12,6450.6,11.60375,7.27123,12.90782,13.95759,0.44524,6.72042,9.11367,26.69648,24.34595,55.61975,3.27658,133.0823
GM,-0.58696,3.71971,39.82933,1.10342,6.7,7.83046,7.15249,24629.0,19.3923,54.73441,7.52,18079.0,-5.89371,55.88922,7.88873,8.59148,0.88235,3.27716,4.66471,19.12497,17.22197,62.69202,4.49044,168.0392
GCO,7.58692,58.95652,37.84281,1.65684,-3.94,-3.13614,-78.44655,30.957,1.7328,47.404446,-1.0,804.467,0.12457,47.404446,-3.15858,-0.79573,0.61177,-0.59451,-0.71289,-9.46352,-9.44742,56.42993,23.7116,129.51537
GNE,-13.85534,6.42993,3.95365,1.72278,0.9,6.5632,41.55753,34.373,9.45027,104.54546,0.78,104.638,9.50113,122.07526,8.03189,5.54969,1.38012,9.92403,20.21639,27.75683,24.25178,1.53227,0.05016,1.55611
G,0.6958,4.50339,10.23618,1.46825,1.91,9.1852,5.86718,660.409,16.41905,21.65605,1.97,1431.959,13.07836,19.84326,9.1852,9.19817,1.37202,6.45985,8.24415,19.80231,19.80231,51.32044,3.02851,105.42503
GPC,15.47812,11.24945,24.5514,1.1785,6.23,4.76293,22.01001,1596.03,8.4578,451.32742,7.03,6634.136,3.96025,392.14667,4.76293,5.34351,0.38177,5.86969,11.70449,26.84743,26.74456,49.82687,2.17985,99.30988
GNW,0.6645,0.30158,30.5676,2.5166,1.72,11.72114,12.4903,1450.0,18.51379,21.12676,1.87,1306.0,14.21731,407.86517,11.54239,12.10295,2.5166,0.8662,4.71686,5.74153,5.72212,10.67545,1.34069,11.95131
GEO,0.84808,6.09047,7.97096,2.49156,0.58,3.42252,10.92914,430.719,19.08698,-38.29787,0.7,627.566,6.91494,-31.50789,3.43072,3.73431,2.37231,4.10588,4.62051,8.19536,8.18537,75.85143,7.11033,50.6574
GTY,0.24399,1.14085,15.94974,2.4963,1.37,40.32124,0.0,0.0,0.0,-15.4321,1.38,133.36,48.55811,-9.40797,40.32124,39.64077,2.4963,3.15241,3.42677,8.9499,8.9499,44.96755,19.721563,81.71097
GBCI,0.0,71.18853,28.70792,0.61534,2.86,34.47864,7.84366,474.222,57.41923,1.77936,2.95,778.887,71.18853,6.89077,34.47864,35.47348,0.61262,1.24363,6.941,10.38376,10.38376,28.15737,2.62622,39.19311
GKOS,-7.26864,8.46111,12.50188,7.67244,-1.07,-16.86774,12.313459,-20.739,-7.05382,12.313459,-1.41,227.384,-5.5833,12.313459,-16.86774,-22.26326,7.06264,-3.21575,-3.46025,-7.90579,-7.90579,39.5024,12.313459,65.29581
GBLI,15.22618,3.00325,48.44326,9.83502,1.97,4.58396,-14.10406,20.603,3.21739,9.383205,0.73,41.963,0.88754,9.383205,4.58396,1.64465,9.78371,0.32509,0.74061,4.14328,4.12002,17.07592,7.06252,20.59223
GIC,4.39883,10.16834,4.0577,1.67538,1.84,6.59392,3.96825,91.7,8.62572,9.52381,1.76,374.3,0.22576,57.95107,9.71687,6.25793,0.67927,14.10437,25.49838,53.84025,53.84025,35.21721,0.91058,54.36198
GPN,19.14888,9.79507,90.00246,1.05556,3.29,11.58953,19.75503,3447.26,40.44294,68.71795,4.37,4788.237,33.04583,65.17142,11.32669,15.00397,0.68771,2.45285,2.88066,3.64596,3.70288,32.80883,3.6643,48.82907
GLOB,57.10846,5.1473,31.2792,2.12167,2.28,7.42862,70.38107,224.719,17.32502,66.42336,2.47,495.675,15.27434,77.18612,7.40626,7.79612,2.08327,5.67918,7.37342,8.79187,8.80657,10.08393,0.65293,11.21482
GL,-0.2085,4.26945,86.80392,0.65145,7.22,14.54378,2.89078,1033.329,20.17361,5.8651,7.43,1690.126,21.85931,1.80193,14.54378,14.8058,0.65145,2.15364,5.92927,8.55591,8.55591,18.99099,1.96079,23.44306
GDDY,0.0,182.65565,0.48951,0.77556,1.42,6.36318,27.17756,643.9,16.87502,182.65565,1.75,2443.5,15.11387,182.65565,6.35008,7.7007,0.54143,4.03971,7.50412,182.65565,182.65565,97.99281,6.30828,182.65565
GS,30.07906,0.14993,284.3881,1.24291,59.45,33.29025,59.58534,33406.0,51.40255,140.2991,60.25,52699.0,158.29063,128.72397,33.29025,32.49415,0.93142,1.49366,2.92463,23.52244,20.76914,84.78487,18.47671,3796.9932
GRC,15.33006,6.92202,12.64082,5.2857,1.14,7.89049,5.83136,51.27,13.55216,17.52577,1.14,95.897,7.78701,18.51278,7.89049,7.87058,3.5038,6.03463,7.58832,9.24911,9.24911,0.34429,0.02224,0.34548
GGG,4.36701,6.442,10.03683,2.69069,2.52,22.13042,22.38585,589.223,29.64483,31.25,2.52,1033.949,13.74187,33.1088,22.13042,21.50727,1.87342,14.9877,19.35212,29.39056,29.39056,11.68263,0.38375,13.22801
EAF,13.35889,6.85064,0.08889,2.67664,1.46,28.85521,1.3073,660.09,49.04859,-9.87654,1.69,644.453,22.4741,-10.60008,28.85521,33.435,1.3093,26.11458,34.41624,77.87487,77.87487,97.79378,1.57149,77.87487
GHC,13.47346,5.74485,896.776,1.58374,70.45,11.09008,-7.89875,235.7,7.39805,21.19388,74.54,1071.453,3.29001,17.21572,11.05078,11.58351,1.3913,0.95906,1.27036,8.63047,8.58924,21.10246,5.038,26.91625
GVA,-17.00227,6.74017,21.10999,1.70894,-0.01,-0.27438,-5.85857,131.782,4.37806,26.208168,1.63,362.645,-7.98543,26.208168,0.33541,2.47951,0.80447,1.6019,2.80541,-0.05938,-0.83123,28.24445,2.97365,39.36205
GPK,31.57895,10.359,6.15752,1.22108,0.68,3.01845,-1.8797,1044.0,14.58916,13.33333,1.21,1088.0,-1.33909,21.93664,2.85076,5.02363,0.50317,3.91532,5.2361,12.30658,11.57153,76.19766,5.8046,102.446724
GTN,46.82353,4.60057,18.50136,2.50781,0.4,3.7298,-30.30303,644.0,26.68877,-89.15989,0.4,806.0,3.45006,-78.04878,3.7298,1.5748,2.17188,2.81985,3.3745,5.12821,3.7422,73.93329,10.60093,283.63107
GRBK,31.52757,231.9762,16.28944,11.96122,3.72,14.56872,82.76622,230.534,16.43296,66.07143,3.75,362.059,-12.89,67.30142,13.55858,13.55252,0.92105,11.81134,13.33269,25.93017,25.97767,27.16817,1.47338,38.22047
GDOT,-53.97783,2.3124,19.51361,0.4966,0.85,3.35688,28.75014,145.834,10.31059,102.38095,1.07,1433.047,78.95859,105.26566,3.35688,4.09039,0.47426,0.86298,3.59842,4.56428,4.56428,1.39317,0.10373,1.41285
GBX,32.4734,6.50165,40.36633,1.86774,0.96,2.00998,-47.94848,140.511,8.03847,-34.24658,0.02,231.6,-2.16471,-33.67574,1.85797,0.03736,1.18688,0.75775,0.90909,2.49747,2.33425,45.17933,8.83383,84.07121
GEF,39.72667,7.28144,31.18474,1.26634,8.03,7.43687,18.81729,761.5,13.70566,256.8889,6.81,1093.0,6.20579,259.09927,7.03191,5.94872,0.77171,5.81701,8.09319,29.30433,29.30081,61.16102,3.30808,159.88194
GFF,-15.31638,7.06339,14.25747,2.56995,1.33,3.13742,4.23684,244.303,10.75928,11.76471,1.72,649.036,-0.37561,48.25469,3.48851,3.85037,1.05241,4.74245,6.12709,9.45248,9.45248,59.68316,4.89097,148.03532
GPI,-4.37956,34.69352,106.27038,1.07943,34.11,4.63881,59.82612,974.3,7.22673,119.92263,34.71,2440.6,6.20397,93.57766,4.11366,4.54539,0.26678,10.34363,12.74049,38.19353,38.19353,60.95197,2.92436,156.0949
GNTY,0.0,26.835138,24.92898,0.87005,3.26,31.38062,30.26753,68.268,53.81832,45.77236,3.28,121.37,26.835138,45.26677,31.38062,31.19709,0.86854,1.34626,9.26938,13.84901,13.84901,25.11244,1.48449,33.53352
GES,-5.95982,5.91966,8.46432,1.61634,-1.27,-4.47931,-92.6783,10.062,0.55821,45.58986,-0.69,697.102,5.91038,45.58986,-4.50638,-2.45674,1.02717,-1.36468,-1.81386,-13.72834,-13.06935,68.72314,124.36245,221.2481
GWRE,11.84612,4.28566,18.56978,4.51289,-0.79,-8.94793,18.878216,-72.025,-9.69033,18.878216,-0.83,389.56,15.69478,18.878216,-8.94793,-9.33297,4.33731,-2.90663,-3.296,-4.15453,-4.15453,23.35759,18.878216,30.47607
GPOR,76.29903,4.43261,26.67498,0.43084,6.5,17.08267,86.27657,169.962,21.01404,86.27657,-2.97,1078.065,34.70306,86.27657,17.08267,-7.54433,0.40398,-1.49099,-5.51051,110.98571,90.04673,54.00919,4.19663,117.43473
HRB,49.83752,23.18804,1.94197,1.4614,3.11,17.28806,162.74222,926.479,27.13774,10266.667,3.08,1400.058,9.90798,618.1166,17.09998,16.85544,1.37064,10.97499,15.11239,278.76877,278.76877,84.62111,2.09293,618.1166
FUL,19.36801,5.80408,30.25444,1.65728,2.97,4.92598,11.06799,422.175,12.87892,25.84746,3.36,845.134,4.62618,30.45127,4.92347,5.42095,0.95719,4.19614,5.41587,10.83869,10.84008,50.93291,3.92752,103.80259
HASI,19.13203,0.25532,18.10351,11.54978,1.51,37.50026,0.0,0.0,0.0,37.27273,1.73,90.965,-25.85262,53.58547,37.2744,40.75182,11.54978,2.63867,2.69132,9.2124,9.17259,61.41061,25.199638,159.1386
HCA,14.80641,7.75809,-3.05424,1.41328,21.16,13.14168,25.52339,12531.0,21.32864,93.59561,21.54,22492.0,6.95466,85.29569,11.8396,11.85356,1.00814,12.31523,16.31204,1689.7537,1689.7537,96.10362,2.93081,1689.7537
HEI,19.98435,6.26221,16.70311,3.17887,2.21,17.67493,4.56511,486.05,26.05214,-3.49345,2.26,727.423,15.59339,-3.10971,16.3061,16.39276,1.46938,6.99225,8.36236,14.33902,13.79354,10.90953,0.64232,13.59205
DINO,97.11382,19.64732,34.89479,1.8216,3.39,3.60677,220.08537,1309.114,7.11895,156.5792,2.99,1615.735,-4.15935,156.5792,3.03616,2.64331,0.76192,4.12295,5.2472,10.28577,11.0389,36.36183,2.74732,57.13839
HNI,17.41726,9.88798,13.84726,1.03366,1.36,2.73809,-0.38446,183.966,8.42178,38.77551,1.65,765.0,3.21537,42.69628,2.73823,3.2811,0.57711,4.32195,7.37021,10.13743,10.13134,31.75549,1.49225,46.53193
HPQ,2.41591,11.65755,-1.51071,0.76196,5.33,10.24304,35.33644,6396.0,10.0745,166.5,4.07,13407.0,6.13767,128.65681,10.24304,7.7442,0.45206,9.57655,57.08157,971.06146,971.06146,123.14815,1.37242,971.06146
HAE,-22.7908,5.94656,14.38342,2.73594,1.55,9.12951,-34.6235,181.359,20.83477,4.72973,1.73,428.446,15.24893,3.84575,9.12951,10.07398,1.2618,3.93064,4.7793,12.05191,12.05191,51.5433,4.29136,106.36981
HAL,19.3748,4.5406,7.49219,2.3091,1.63,9.59791,12.18505,2716.0,17.75744,232.55713,1.03,2016.0,11.21854,232.55713,9.52599,6.00693,1.55829,5.26732,6.85969,24.93369,25.07045,60.5581,3.80339,153.53746
HBI,7.48816,7.88088,2.00768,1.51613,1.48,7.6599,8.63393,1039.568,15.28498,191.43109,1.91,2661.797,8.24784,191.43109,1.13544,9.85796,0.6147,7.86576,11.89115,68.70885,68.70885,84.19575,3.60002,191.43109
THG,3.52059,1.39557,88.58873,4.55515,11.52,8.03397,6.69402,572.2,10.94533,21.26316,11.7,1110.9,8.72858,16.72707,8.00911,8.03455,4.55515,2.50605,8.77584,13.23439,13.23439,19.90577,1.36596,24.85294
HOG,-0.29825,3.23382,16.62604,1.36113,4.19,12.18116,107.2192,1184.983,22.20605,41800.0,4.24,1875.028,13.40669,49978.89,12.18116,12.21607,1.09228,5.52756,6.29608,30.40316,30.40316,73.09519,5.85382,271.68073
HIG,10.68914,1.39672,52.27722,32.19651,6.62,10.88107,8.47953,2968.0,13.6554,39.07563,6.77,7961.0,10.23925,36.15429,10.88107,10.87374,32.19651,2.10201,6.87093,13.23781,12.99486,22.3238,1.72776,28.73956
HVT,0.0,54.858368,14.94715,1.46906,4.9,8.96555,133.7395,134.662,13.29602,57.05128,5.03,574.625,4.32512,53.51829,8.96555,8.95945,0.82168,10.82546,15.206,35.6834,35.6834,47.36615,1.71059,89.9918
HE,0.0,74.02582,21.87211,0.68574,2.25,8.70256,10.37689,664.768,23.32209,24.30939,2.25,676.914,34.73511,24.20561,8.70256,8.62638,0.68574,1.56547,4.87625,10.49221,10.34219,51.74907,3.91264,107.2499
HCI,-10.08039,2.57782,31.91837,14.61494,0.21,1.79903,4.06944,16.725,4.15475,-93.98281,0.4,86.658,15.53552,-93.27049,0.46106,0.80407,14.56288,0.82754,2.03214,0.70772,2.35285,13.14158,3.7493,19.32401
HR,8.48888,6.54909,14.52319,1.78047,0.45,12.48266,0.0,0.0,0.0,-13.46154,0.45,317.819,39.95994,-7.66812,12.48266,12.01968,1.11436,0.98875,1.02742,3.22531,3.22531,46.77109,23.917215,87.86783
DOC,80.34638,4.80643,12.0859,1.52736,0.22,7.24014,0.0,0.0,0.0,-18.51852,0.55,1129.064,31.29,22.24014,26.57542,15.58187,1.52736,1.30312,1.48587,1.80215,1.90092,47.1467,63.41226,90.30674
HL,30.7673,25.11541,3.27192,2.13007,0.06,4.34628,24.18105,281.054,34.80661,40.399185,0.06,389.594,18.97317,40.399185,4.34628,3.98422,1.58743,2.26412,2.6968,2.02683,2.02678,23.26743,1.8997,30.32275
HLIO,36.21849,7.32992,21.87685,2.07429,3.22,12.0338,80.78083,213.419,24.55392,631.8182,3.51,313.4,8.07714,635.659,12.0338,13.04521,0.99165,7.33914,8.79097,15.88696,15.88696,39.76832,2.19332,66.02559
HLX,7.49709,4.82889,10.90144,1.90288,-0.41,-9.14205,-39.7892,93.458,13.85121,6.6731915,-0.41,15.393,25.76925,6.6731915,-9.12042,-9.11819,1.80329,-1.24515,-1.39537,-3.63274,-3.63722,19.96424,4.39713,24.94414
HP,36.90373,6.74074,26.99393,1.83142,-3.14,-27.69308,18.81255,69.545,5.70711,18.81255,-2.58,265.968,15.09945,18.81255,-26.76502,-22.82765,1.57911,-4.43773,-5.58818,-10.83139,-10.83139,26.97623,15.47158,36.94171
HLF,-19.68788,77.26764,-13.80456,1.32525,4.13,7.70662,5.08956,850.7,14.66016,49.09747,4.71,2729.8,3.76629,20.02147,7.70662,8.59566,0.62903,15.75459,27.08406,189.7258,189.7258,186.15565,3.53427,189.7258
HRI,28.85126,6.01509,32.89226,0.88639,7.37,10.8099,28.60324,866.4,41.79249,193.6255,7.72,756.0,7.28016,204.07056,10.8099,11.02272,0.79864,5.844,7.57157,26.07482,26.07482,71.64708,2.84926,252.69731
HRTG,-21.08447,1.63231,12.82242,3.29063,-2.69,-11.83211,-95.16023,0.885,0.14013,7.38528,-0.51,58.223,20.09786,7.38528,-11.83211,-2.24524,3.26341,-0.2323,-0.88656,-19.02915,-19.02915,30.69397,171.67119,44.28758
HSY,9.13979,13.94476,13.37753,0.90089,7.11,16.52841,13.63226,2374.07,26.46283,16.36661,7.3,4053.818,13.32428,15.54726,16.46925,16.822,0.40137,13.37559,17.20701,59.20016,59.3708,66.09956,2.2645,194.98145
HES,0.0,17.37907,20.33931,1.41841,1.81,11.90954,437.62836,3556.0,47.58464,437.62836,2.3,5267.0,19.78289,437.62836,7.48026,9.46099,1.28068,6.38092,7.94882,9.58341,13.32236,56.5411,2.57059,130.10248
HPE,10.18106,3.6822,15.42598,0.91255,2.58,12.33444,10.09582,4711.0,16.9558,652.23364,1.84,9376.0,4.15572,652.23364,12.33444,8.66887,0.6376,2.36542,3.90221,19.02832,18.97932,42.13904,3.09446,72.8281
HXL,13.23442,7.37378,17.68452,2.4891,0.19,1.21537,-1.97368,208.6,15.74696,-50.0,0.27,250.1,11.66207,-49.21136,1.21537,1.71412,1.28635,1.53821,1.81786,1.07487,1.07487,37.04175,4.18984,58.83541
HIW,-1.61584,2.69914,23.34113,0.673,2.98,41.8994,0.0,0.0,0.0,-10.24096,2.98,533.518,50.70855,-9.82291,40.59917,40.25372,0.673,2.6983,2.82674,13.17503,12.72394,51.94597,39.780205,112.92933
HTH,5.72895,0.21078,31.94666,1.41567,4.61,19.89931,-7.85377,620.92,32.0021,0.65502,4.64,1891.47,78.06152,-16.37675,19.3014,19.30089,1.17967,2.06071,9.49466,15.4539,15.7595,36.71713,2.38205,58.02064
HGV,89.02913,1.56869,16.57993,3.73788,1.75,7.53747,1034.5454,624.0,26.72377,131.86426,2.81,775.0,-40.01606,131.86426,7.53747,12.00382,2.47756,5.58697,7.17001,14.90263,14.90263,68.52438,6.9359,217.70624
HLT,38.5214,6.29473,-2.94169,0.95098,1.46,7.03179,468.39624,1205.0,20.81894,193.2642,1.5,1765.0,16.9575,193.2642,7.08362,7.23048,0.85459,3.94847,6.65611,193.2642,193.2642,109.14369,8.11286,193.2642
HOMB,0.0,75.718094,16.89516,0.91965,1.94,41.82566,33.75979,507.906,66.58966,49.23077,1.95,715.292,75.718094,48.7638,41.82566,42.05587,0.91953,1.77218,8.35409,11.87833,11.87833,25.65484,1.87906,34.50775
HD,46.07477,100.34941,3.06314,1.22926,11.94,9.73885,27.59327,23051.0,17.44834,16.48781,13.71,44853.0,11.88281,14.44583,9.73885,11.14567,0.46996,21.16494,31.83732,3254.6262,3254.6262,92.93894,1.88374,3254.6262
HTB,0.0,23.13727,23.835,0.97533,0.94,9.88622,29.6705,77.801,49.06909,-27.69231,2.16,150.278,142.58385,-31.1987,9.88622,21.90325,0.94362,1.16534,5.99447,3.89547,3.89547,23.63606,1.57749,30.95186
HMN,-7.67686,4.47526,43.66439,3.22913,3.39,11.41396,-35.10569,128.2,10.24698,6.94006,3.4,488.0,8.91907,7.11473,11.41396,11.41396,3.19173,0.49272,2.31296,7.93889,7.93889,41.74376,10.10218,71.65542
HRL,27.51919,14.24932,12.85533,2.0823,1.66,7.98459,6.00298,1319.329,11.5871,0.0,1.75,1940.806,3.3554,0.08336,7.98194,8.31665,1.08692,6.18258,7.69301,13.56635,13.56046,32.75407,2.57632,48.70788
HLI,33.98383,16.11498,20.28771,1.58956,4.55,20.5035,66.98374,424.643,27.83719,62.5,4.77,1486.783,30.50915,70.17569,20.5035,20.57059,1.43895,12.47283,18.84433,26.41711,26.41711,11.63279,0.42891,13.16415
HHH,37.83476,17.0867,68.61974,3.21785,1.03,3.42629,354.77908,405.763,28.41675,76.78256,1.58,566.073,-10.04698,76.78256,3.92884,6.04115,3.17816,1.33975,1.52072,1.51119,1.3086,55.52409,11.48582,125.5978
HWM,11.89024,14.30791,8.18844,2.18436,0.59,5.18906,1.47059,1104.0,22.20434,22.91667,1.05,1372.0,9.68172,-1.14943,5.18906,9.07735,0.91141,4.81258,6.26352,7.39785,7.28299,55.33486,3.93659,123.88826
HUBS,24.46276,9.16618,18.43847,2.35407,-1.66,-5.98443,59.851673,-5.361,-0.41218,59.851673,-1.51,1041.801,21.00623,59.851673,-5.98443,-5.44382,2.19497,-1.52234,-2.0124,-9.51289,-9.51289,44.93212,59.851673,81.59405
HUBB,6.39621,6.64833,40.90025,1.76427,6.66,8.84814,-4.38463,689.1,16.43022,3.57698,7.17,1153.9,9.09432,13.72437,9.5229,9.28283,0.91147,6.53662,8.97077,16.97753,17.15633,40.58548,2.22116,68.30901
HPP,7.2057,3.5323,21.94754,1.09917,0.04,3.19937,0.0,0.0,0.0,0.0,0.12,553.899,45.03699,562.57025,1.04047,2.00641,1.07771,1.07402,1.1266,0.27832,0.68733,49.33158,58.950653,100.59221
HUM,59.40246,56.27642,124.84278,1.6237,22.67,3.53222,-23.79403,3981.0,4.79269,-10.43066,14.74,13865.0,0.06712,-12.88981,3.53101,2.28361,1.33064,5.16218,8.15737,19.67928,19.67081,45.09343,3.32203,82.12755
HII,20.53942,5.97303,70.2,1.14957,13.5,5.71189,-23.0997,779.0,8.17934,-21.23687,13.79,1368.0,2.37427,-21.83908,5.71189,5.83512,1.06263,3.23414,5.99526,23.10469,23.10469,55.79345,4.54942,126.21083
HUN,28.49224,8.20281,20.44171,1.91516,4.72,13.06045,128.60216,1063.0,12.57542,303.4188,3.29,1584.0,1.92831,1.06383,12.36248,8.5315,1.24817,5.34383,7.56628,26.46575,26.82216,30.18377,1.85419,43.23317
H,100.31646,6.38145,32.39827,0.92384,-2.13,-7.33157,46.02113,37.0,1.22193,46.02113,0.09,481.0,44.50132,46.02113,-7.33157,0.30903,0.84095,-1.57027,-2.30699,-6.55447,-6.54867,55.02018,117.89189,122.32193
HY,10.99248,7.07464,21.22185,1.22216,-10.29,-5.95637,22.94812,-40.6,-1.32003,22.94812,-7.43,363.4,-6.01611,22.94812,-5.62474,-4.06274,0.47338,-2.83319,-5.45281,-35.52361,-35.4352,60.69596,22.94812,154.42674
IEX,23.2118,8.77858,36.7885,3.49583,5.88,16.25072,23.4643,770.9,27.88267,19.02834,6.29,1236.1,13.86876,18.95875,16.25434,17.29022,2.61896,8.94675,10.70334,16.82106,16.81693,31.705,1.68803,46.4236
IQV,5.85062,5.59323,31.6999,0.9088,4.95,6.9987,29.32367,2677.0,19.29508,246.15385,5.44,4641.0,15.2065,246.23656,6.96266,7.5048,0.77962,3.58608,4.61548,16.04251,15.76043,67.87196,4.76802,211.25455
ITT,8.58819,5.55332,26.03275,1.85511,3.64,11.55515,83.30996,522.8,18.90778,366.66666,3.98,899.5,9.14693,336.27585,11.43942,12.37902,1.29549,6.66359,10.74874,14.46625,14.66067,11.56088,0.55777,13.07213
IDA,5.76445,9.75473,52.82358,1.82994,4.85,16.86268,4.99554,505.206,34.64862,3.41151,4.85,542.47,2.20056,3.42562,16.84059,16.83066,1.17896,2.88041,4.45824,9.3929,9.3814,42.78644,3.96005,74.78374
ITW,13.32801,5.40778,11.58517,1.83689,8.51,18.63715,17.46751,3887.0,26.89035,28.35596,8.13,5966.0,12.26479,27.73827,18.63715,17.72233,1.2879,13.71533,18.89756,79.16544,79.14219,68.48875,2.02753,217.34694
IMAX,29.1647,0.97292,6.07091,28.44171,-0.38,-3.75741,16.840689,39.341,15.43493,16.840689,-0.25,133.87,2.67804,16.840689,-8.76049,-5.79933,26.51659,0.09722,0.12541,-6.02207,-2.13978,35.87792,6.12094,56.05125
IRT,0.0,41.352238,15.7676,0.47131,0.41,18.19966,26.40932,56.979,22.77666,156.25,0.94,147.461,74.05107,201.92986,17.82391,40.7888,0.47131,0.78647,0.80899,2.12895,2.09096,42.6505,47.53665,74.36943
IR,-1.7233,5.06005,22.07413,2.80364,1.24,10.15837,0.0,1049.7,20.37303,146.73935,1.38,1988.5,17.11314,146.73935,10.91724,11.10985,2.12509,2.51337,3.03412,5.74907,5.73253,28.05032,3.36906,38.98602
NGVT,8.65322,8.67789,17.15857,2.6958,2.95,8.48724,6.11929,411.0,29.53647,-32.49428,5.27,512.8,10.79321,-34.89526,8.48724,15.07943,1.73819,7.99417,9.64001,17.94969,17.94969,66.25939,3.21947,196.37875
INGR,11.41498,7.75478,46.50674,1.78373,1.73,1.81317,1.02975,883.0,12.80824,-66.40777,7.3,1331.0,2.28278,-66.37931,1.69713,7.10516,0.96693,5.98073,7.64107,3.86713,4.0122,41.33554,2.54473,72.06543
VATE,-71.90442,1.48882,-10.75278,1.00705,-10.42482,-7.16064,11.7576475,29.6,2.45602,11.7576475,-7.84343,183.7,87.14425,11.7576475,-18.87654,-5.05385,0.94016,-0.12782,-0.51624,-33.01788,-27.49283,98.32912,23.65878,11.7576475
IIPR,0.0,31.73552,62.37809,9.11036,4.55,55.61899,0.0,0.0,0.0,39.14373,4.84,200.108,61.35081,73.42157,55.61899,56.54082,9.11036,4.40498,4.712,7.33372,7.26822,16.87701,31.49682,20.30367
INVX,-20.63621,1.40379,25.79824,7.95991,-3.62,-39.63399,-0.14918976,-15.083,-4.67046,-0.14918976,-1.79,87.396,43.89234,-0.14918976,-39.63399,-19.58305,5.96858,-2.62907,-2.91254,-13.20475,-13.20475,0.59778,-0.14918976,0.60138
NSP,29.34524,11.19515,-0.04628,1.10303,3.18,2.49504,-6.19892,211.876,4.26047,-10.16949,3.22,820.102,4.48311,-10.24111,2.49504,2.48836,1.04579,6.49199,22.91831,57.265434,57.265434,100.39333,2.13709,57.265434
INSP,36.37234,7.87934,8.35454,6.50101,-1.54,-18.01332,6.0641365,-38.632,-16.55227,6.0641365,-1.54,200.115,-4.70845,6.0641365,-18.01332,-17.9889,6.01946,-8.64391,-9.51488,-18.32714,-18.32714,12.95683,6.0641365,14.88553
IBP,18.75077,6.18736,14.03218,2.7939,4.01,6.03271,15.4886,271.337,13.7829,22.62997,4.17,589.5,5.42763,22.13515,6.03271,6.22074,2.20741,8.39072,10.38024,32.27159,32.27159,69.21907,3.45465,224.87645
IIIN,26.1999,9.70314,15.56255,3.5862,3.41,11.27834,167.9511,103.681,17.55517,247.95918,3.56,121.548,7.01624,250.41296,11.27834,11.6601,2.29199,15.29621,19.51511,23.50218,23.50218,0.56788,0.01664,0.57112
ICE,-1.78862,7.52092,40.4795,1.0058,7.18,44.38264,16.26721,4560.0,49.73822,90.45093,5.34,7146.0,29.23757,94.25563,44.26265,32.73429,0.02315,1.3884,6.03559,19.22904,19.20472,38.5023,3.12325,62.6077
IFS,0.0,0.0,0.0,0.0,0.0,0.0,0.0,0.0,0.0,0.0,0.0,5.36889,0.0,0.0,0.0,0.0,0.0,0.0,0.0,0.0,0.0,0.0,0.0,0.0
IBM,-17.72043,3.39751,21.04627,0.87864,5.21,8.18309,-14.9246,13088.0,22.82127,-15.00816,5.22,31486.0,11.74368,2.73703,10.01395,8.15532,0.73188,2.90566,5.18654,23.85944,23.62863,74.37648,4.21294,290.26636
IFF,104.85196,8.21879,82.81286,1.9232,1.1,2.39362,127.2654,2396.0,20.55594,-65.73209,3.22,3735.0,-6.76567,-25.66652,2.3164,6.71294,0.8065,2.91279,3.47788,1.9713,2.01862,36.501,5.0914,57.76862
IGT,-0.92727,3.63065,6.29394,1.29937,0.31,6.23624,79.13983,1425.0,34.8496,174.99535,0.8,1958.0,29.37801,174.99535,11.78772,4.00986,1.13845,4.67828,5.98411,6.31455,14.43875,77.71622,4.82386,174.99535
IP,8.7512,5.92503,23.99129,1.71236,2.86,5.80489,-15.67865,2603.0,13.44317,134.42622,3.61,5531.0,33.41424,263.48547,9.04819,7.2599,1.24276,3.30489,4.72231,13.24988,13.26254,46.97571,3.09105,88.59282
INSW,146.98123,3.62289,23.57793,0.9569,-3.48,-49.40817,-92.32498,16.328,5.99092,7.493196,-2.28,48.869,-38.391,7.493196,-48.97962,-32.12961,0.89778,-2.23558,-2.29997,-12.46546,-12.5711,49.0325,68.95517,96.20347
IPG,16.38773,1.45195,8.94243,1.03139,2.39,9.49935,33.86448,1730.6,16.89924,168.53934,2.58,2162.0,16.46726,171.37569,9.30405,9.90108,0.99699,4.76524,10.88396,29.67762,29.29326,57.10308,2.7728,133.69553
IPI,57.2615,9.33386,50.45273,2.13625,18.66,92.41747,244.35742,65.514,24.23465,42.757267,18.34,55.764,19.67923,42.757267,92.41747,88.8669,0.99458,2.83847,3.28402,46.49536,46.49536,0.52989,0.05394,0.53271
IVZ,0.0,209.74474,24.90308,1.22259,2.99,28.5648,23.5641,1927.6,27.95852,164.60178,2.93,2307.9,17.34154,113.99685,23.63913,19.66791,0.62401,3.11155,4.26089,14.92723,12.42543,36.79831,5.03787,60.06309
INVH,0.0,92.02898,16.30118,0.373,0.45,13.17127,15.58866,547.718,27.45359,28.57143,0.45,1217.31,38.97483,33.23599,13.10356,13.02995,0.35576,1.87508,1.96079,2.8567,2.85706,44.90072,14.63837,81.49059
IRM,11.87825,4.93368,2.95403,0.714,1.55,10.07953,9.08588,1581.743,35.21612,30.2521,1.61,2604.302,4.76442,31.37677,10.02373,10.37566,0.60965,3.93944,4.53798,45.18726,42.58911,92.64216,7.39881,197.72885
SJM,-3.21001,14.75016,74.99423,0.67714,7.79,10.95005,5.006,1837.5,22.961,13.88889,8.02,3142.1,14.50963,12.41822,10.95005,11.22421,0.30647,5.20981,6.41451,10.7418,10.7418,37.66792,2.67205,60.43103
JBGS,4.90496,2.75819,22.89179,4.00724,-0.63,-14.09419,0.0,0.0,0.0,23.131031,-0.65,327.572,33.33263,23.131031,-12.44985,-13.3591,3.88396,-0.34124,-0.35786,-2.58927,-2.49302,43.32431,23.131031,90.0411
JBTM,9.55979,5.85766,23.62292,1.30697,3.69,6.33731,-3.33845,251.9,13.48285,8.84956,4.04,482.3,8.11968,8.82353,6.33731,6.91966,0.74977,5.54493,8.25632,17.06544,17.06544,48.60645,2.81779,94.57695
JELD,15.61746,9.26986,9.33785,1.95739,1.72,3.53797,24.06321,404.621,8.47957,91.11111,1.76,819.917,-1.50471,84.33167,3.53797,3.56163,1.07207,4.38729,5.87466,18.28382,18.28382,69.47018,4.73642,227.54857
JPM,0.0,9554.057,88.06925,0.75525,15.36,37.99783,40.23249,87822.0,69.04137,72.97297,15.48,130898.0,237.47838,65.91947,37.99783,36.77051,0.75198,1.40067,5.9394,19.00743,16.85636,65.45348,6.34542,189.46477
JBL,4.72004,7.23851,14.78242,1.01816,4.58,2.38347,19.62481,1944.0,6.63821,1208.5714,4.75,2359.0,1.45653,1190.9927,2.37664,2.40944,0.53581,4.30335,12.24811,35.26386,35.23118,62.99567,1.8714,170.23865
J,-2.08038,4.49617,46.08506,1.33707,3.12,2.98611,8.40964,1308.783,9.287,16.85393,5.51,3130.766,7.81322,-3.00661,3.38496,5.09038,1.286,4.90044,7.00138,7.94542,6.73948,36.57132,2.92192,64.00444
JHG,0.0,162.78548,27.67998,3.06358,3.59,22.20817,37.55459,976.5,35.29093,312.64368,4.36,1892.7,27.09116,284.96286,22.48283,26.45623,2.86991,8.80607,11.19514,13.28677,12.74077,8.50394,0.4594,9.62
JEF,5.20641,0.65053,43.33461,1.50805,6.13,18.55528,47.64642,3458.731,38.26079,131.32076,6.33,6398.072,22.44853,115.97881,18.52183,18.45772,0.9497,3.62633,5.25122,16.77905,16.51104,73.68251,8.68569,280.6397
WLY,0.70689,6.25327,19.54283,0.53217,2.63,7.63615,20.52971,387.045,19.93535,93.3917,2.95,1373.122,15.93369,93.3917,7.63615,8.49824,0.41046,4.18014,6.96296,14.64318,14.64318,47.5631,2.55748,90.70541
JNJ,12.57366,6.49884,28.15671,1.34832,7.81,22.26393,17.49945,32169.0,34.30445,41.74229,8.56,55338.0,19.72154,41.89208,22.26393,24.02642,1.03682,8.67826,15.01263,30.41201,30.41201,31.31646,1.04918,45.59529
JCI,6.02569,4.34107,24.77943,1.09892,2.1,7.37518,42.21184,3652.0,15.42621,150.0,3.11,8059.0,9.84149,159.42947,6.91476,9.41381,0.77896,4.24249,6.33051,8.64349,9.36545,32.70535,2.49562,48.60022
JLL,21.36358,5.20276,123.63865,0.98477,18.47,4.95327,45.0264,1345.7,6.94842,139.87013,20.2,10881.2,8.19261,138.90683,4.96515,5.3107,0.9458,4.72897,7.93944,16.4296,15.93654,28.98081,1.94717,40.85664
JNPR,3.14283,4.83574,13.4232,1.57559,0.76,5.3364,2.61989,669.8,14.14453,-1.2987,1.05,2740.1,10.75754,-1.97828,5.3364,7.19306,1.21487,3.00638,4.19933,5.70403,5.70403,30.29501,2.80114,43.46174
KBH,11.82732,230.12944,34.22626,5.0906,6.01,9.86468,93.00578,700.528,12.23645,92.01278,6.22,1286.106,-7.53903,90.63607,9.86468,9.82185,0.58349,7.50387,9.14389,19.86708,19.86708,36.21703,2.44745,56.78166
KBR,51.81059,5.41224,12.06845,1.14773,0.12,0.35427,27.38386,521.0,7.09906,74.31208,0.21,806.0,2.32491,74.31208,0.24527,0.4006,1.08053,4.33678,7.08648,1.10193,1.571,55.4712,4.06718,124.57378
KKR,2763.0054,0.98353,27.63938,1.75638,7.31,47.13083,116.90666,14840.018,56.8859,116.91395,7.83,20039.13,-51.14928,133.03146,17.88789,17.47625,1.753,5.36824,10.71597,32.65611,24.85403,40.47893,2.66436,68.10435
KREF,31.55361,0.05274,22.18255,3.9935,2.21,46.95909,42.16745,252.306,86.36683,130.20833,2.22,176.653,53.262184,152.18854,46.95909,42.98988,3.99265,2.70277,2.72318,11.40853,11.39873,79.54525,20.9863,53.262184
KAI,26.9573,6.99334,48.52732,1.73313,7.21,10.79116,33.82447,155.132,19.72237,51.15304,7.52,341.649,15.09697,52.26285,10.68462,11.06997,0.99958,7.33269,9.34258,15.86772,15.97728,34.2066,1.89561,51.99093
K,-2.23464,11.44552,10.89704,0.63857,4.33,10.54228,-1.55306,2282.0,16.09195,19.28375,4.62,3832.0,6.21254,18.94484,10.49291,11.10937,0.33396,6.27177,9.57602,43.55972,38.08432,64.71032,3.38694,183.36893
KMPR,15.10423,3.32887,62.93005,214.62991,-1.87,-2.10066,80.38123,-114.7,-1.99955,80.38123,-1.33,1199.3,-7.36036,80.38123,-2.10066,-1.49,201.0,-0.9164,-2.42858,-2.81177,-2.81177,23.14169,80.38123,30.10954
KMT,27.29691,6.80845,15.90174,2.29726,0.65,3.17235,2.99822,269.054,14.61106,46.356834,0.98,563.778,5.7273,46.356834,2.95606,4.44923,1.04481,3.12461,4.02133,4.2535,4.43058,32.25695,2.42142,47.61662
KW,1.98451,2.17398,10.74553,20.9162,2.24,74.16226,-41.22074,70.3,15.49824,239.39394,2.52,486.8,-277.14948,200.09084,72.83951,76.97333,20.54469,-0.78919,-0.85548,23.33581,19.35224,75.1145,77.45235,50.97491
KEY,0.0,571.15564,16.71206,0.74138,2.62,34.5457,64.55424,4596.0,60.78561,107.93651,2.64,7683.0,237.32973,95.45793,34.71763,33.06774,0.7238,1.61068,8.93718,16.52955,14.7554,43.61854,2.93277,77.36326
KEYS,21.28713,7.36913,20.77363,2.92895,4.78,18.0935,29.31197,1372.0,27.76766,44.41088,4.98,3069.0,18.34143,42.58373,18.0935,18.64602,2.15202,9.00893,12.1899,25.25067,25.25067,34.83727,1.47449,53.46195
KFRC,16.17923,6.4004,8.76144,2.31945,3.54,4.75827,31.49419,112.442,7.11693,35.1145,3.77,456.864,5.65421,34.15122,4.75827,4.91055,2.27712,13.73378,22.23554,40.81924,40.81924,38.56253,1.05172,62.76711
KRC,5.3644,2.34259,46.71023,1.84694,5.36,68.71118,8.3336,307.389,32.05455,228.83437,5.49,685.459,38.83357,235.71738,65.5029,66.65532,1.84694,1.74032,1.86743,11.99893,12.01602,42.43452,13.64493,73.71522
KMB,-2.16138,9.43918,1.52597,0.82457,5.35,9.4856,-17.91383,3620.0,18.6214,-22.12518,6.21,6142.0,6.92773,-22.87415,9.33128,10.77486,0.36702,10.08908,18.1303,460.04297,222.16869,92.26166,2.51298,460.04297
KIM,24.0801,5.22594,16.05323,0.57625,1.6,57.70294,0.0,0.0,0.0,-28.88889,1.69,946.674,42.97553,-15.66435,57.32013,58.10111,0.57625,2.29264,2.38707,10.88589,10.74905,42.95205,57.073063,75.39153
KMI,0.0,764.7021,13.59403,0.65779,0.78,11.13787,17.62216,6668.0,40.14449,1460.0,1.3,7749.0,16.37944,1399.1597,10.74052,17.7351,0.4738,3.97942,4.25669,5.7309,5.73759,51.30728,5.04424,105.36951
KFS,63.71388,17.47297,-0.25014,263.44543,-0.04,1.91216,25.3523,19.036,19.56987,43.080315,-0.13,57.329,8.66385,43.080315,-0.35159,-3.01198,263.44543,1.40191,2.16814,43.080315,11.13206,95.23985,15.50714,43.080315
KNSL,36.74007,3.81014,30.62692,6.18252,6.62,23.86121,87.99162,192.103,30.02646,71.05943,6.73,164.762,14.10372,72.65407,23.86121,23.87135,6.18252,6.64074,17.43364,23.93575,23.93575,5.75394,0.22226,6.10523
KEX,32.56598,6.12803,48.01657,1.84611,-4.11,-10.98391,-20.48513,290.537,12.93195,46.40762,0.56,593.699,9.66077,46.40762,-10.99205,1.49687,1.10843,0.84802,1.06716,-8.27229,-8.25827,31.96019,4.67046,46.97277
KRG,19.75365,5.93812,17.91298,0.85869,-0.73,-21.91479,0.0,0.0,0.0,20.503706,-0.11,268.233,43.74826,20.503706,-21.66915,-3.26359,0.49336,0.40706,0.43116,-3.13645,-3.10908,44.71555,20.503706,82.01902
KNX,57.53972,7.85435,39.36108,1.31584,4.45,12.39989,34.72615,1471.056,24.5257,85.41667,4.49,1967.951,8.77733,81.31326,12.39389,12.41596,1.20126,5.83811,7.11839,11.98723,11.98097,25.48181,1.52106,34.19542
KN,11.56773,6.24532,15.88226,2.28821,1.59,17.30215,66.03088,182.8,21.05748,5200.0,1.67,360.5,4.92887,2178.7878,17.32519,17.75613,1.29663,4.44043,4.9022,10.87224,10.87224,6.55612,0.56018,7.0161
KSS,0.0,316.44232,32.88608,1.93084,-1.06,-1.02162,-56.64683,874.0,5.47791,316.44232,0.29,5595.0,6.41492,316.44232,-1.02162,0.27991,1.01257,0.0,0.0,-3.06218,-3.06218,56.46418,7.71053,129.69592
KOP,4.39749,9.38027,19.2738,2.19846,3.9,5.0697,-16.10677,182.3,10.86024,-6.47482,2.61,334.1,-3.38005,-30.16393,5.07566,3.30223,0.79909,4.77688,6.20444,22.82507,22.48943,68.0535,4.80033,213.02338
KFY,12.98402,4.30299,25.29975,1.98266,2.09,6.34975,-18.26072,249.098,13.68711,10.0,2.53,433.654,12.24071,9.0599,6.28887,7.35779,1.87076,4.03538,6.11747,8.84576,8.91522,30.51424,2.41306,43.91438
KOS,142.45244,11.03551,1.17117,1.02072,-0.19,-5.84349,435.45682,829.096,62.24384,118.68466,-0.15,986.655,-28.08541,118.68466,-5.84349,-4.69526,0.66318,5.13546,7.86993,-16.05874,-16.05874,83.31529,3.18751,118.68466
KR,4.39625,75.99541,12.63325,0.81368,3.27,1.95324,10.04721,5827.0,4.3978,60.29412,3.59,31789.0,3.20609,55.81676,1.95097,2.09442,0.31466,4.09932,6.42867,28.44097,28.56039,68.31138,3.53304,215.57068
KRO,10.72038,6.28451,7.53531,4.35596,0.98,5.82139,32.05201,233.6,12.04496,78.18182,0.98,446.2,7.33732,76.68232,5.82139,5.83634,2.72576,5.62724,8.59808,13.54773,13.54773,35.10329,2.01498,54.09101
LHX,7.53769,4.54033,99.28635,1.39728,9.09,10.3458,0.8072,3247.0,18.22724,75.14451,9.97,5376.0,12.90839,64.96872,10.36264,11.2662,1.12173,3.97138,5.09478,9.24957,9.17829,29.12279,2.44472,41.08908
LCII,19.04402,15.20273,43.24279,2.49816,11.32,6.43323,57.67886,514.432,11.50161,80.54227,11.51,1043.035,-5.62258,81.60755,6.43323,6.49962,0.61012,8.99801,11.62287,28.75663,28.75663,57.47345,2.87111,135.1472
LXP,-4.36457,5.03131,7.74209,3.18969,1.34,112.0079,0.0,0.0,0.0,103.0303,1.39,296.251,63.82803,108.75277,111.29733,112.24931,3.16403,1.30601,1.35752,18.7872,17.85157,39.64679,46.502155,65.69127
LZB,149.46,9.99012,17.05205,1.51415,2.3,6.20034,8.77161,187.395,10.80557,38.55422,2.53,740.26,15.48867,37.424,6.13876,6.70823,1.0841,6.00197,8.51466,14.44272,14.35201,31.67736,1.93515,46.36436
LH,-1.26964,5.37821,110.34801,1.91545,24.39,14.76034,12.15694,4119.3,25.55254,53.58942,26.52,4992.4,15.34669,52.77296,14.7467,15.90782,1.60333,10.42493,12.86905,24.21727,24.18879,38.12438,1.53973,61.73808
LADR,50.29997,0.12144,12.01356,7.53489,0.45,15.97266,0.0,0.0,0.0,31.26155,0.46,133.969,31.26155,31.26155,15.8685,15.98345,7.53489,2.54754,2.60043,3.706,3.71602,73.60422,31.26155,278.84845
LW,7.24934,10.35966,3.28746,2.88208,2.16,8.65351,-14.53261,677.5,18.44792,-13.25301,2.28,832.0,9.4064,-13.14567,8.65351,9.08896,1.86089,6.97161,8.44888,88.20427,88.20427,85.72786,4.26096,79.77027
LVS,-33.213,18.58442,2.6126,2.14815,-1.51,-34.2185,159.05835,494.0,11.50711,159.05835,-1.31,2828.0,-76.55195,159.05835,-22.38528,-23.3133,0.8078,-1.84444,-2.14872,-46.44798,-50.77774,86.93859,30.28947,159.05835
LAZ,8.43286,4.25051,9.68249,1.50886,4.63,16.48116,40.77528,882.157,26.79773,30.79096,5.35,2917.015,33.71589,31.20874,16.04127,17.23293,1.49005,8.03967,14.67375,55.96887,40.90979,57.58957,2.54442,208.22374
LEA,-6.67299,5.72446,77.87542,1.42129,6.19,2.39629,22.83923,1391.4,7.22314,136.25954,7.99,1475.2,1.08433,135.89905,1.94102,2.49214,0.96055,3.88874,6.64491,8.20793,9.79699,40.29502,2.33233,67.49023
LEG,15.84454,8.7822,12.35382,1.54623,2.94,7.93676,22.32053,732.7,14.44427,61.53846,2.73,1038.3,0.9369,62.52019,7.93282,7.33547,0.75855,6.81696,9.27937,26.49286,26.49643,58.11909,3.12242,138.7723
LDOS,2.43332,6.3509,30.65,1.12078,5.27,5.52522,12.76596,1484.0,10.80294,20.87156,5.5,2014.0,5.31958,19.90446,5.48155,5.64534,0.9489,5.62141,7.44667,18.47173,18.47839,57.19775,3.91173,133.6326
LC,341.4035,0.47636,8.41457,1.28727,0.18,2.06759,-1.32314,151.617,16.872,52.307117,0.3,412.821,66.85731,52.307117,2.06759,3.27632,1.16823,1.99999,4.1425,2.36025,2.36025,45.2223,4.6296,82.55603
LEN,32.72221,23.06898,69.51924,6.15826,14.27,16.42624,61.45259,5224.212,19.25574,81.78344,13.89,5536.639,5.41862,79.7179,16.32879,15.69751,1.05417,10.17188,12.07707,22.82899,22.79816,23.75568,1.25222,31.15731
LII,13.3839,8.76876,-7.34291,1.42111,12.39,11.06316,18.87572,661.9,15.78169,33.8013,12.7,1188.4,6.82834,30.22734,11.06316,11.2644,0.65869,17.52628,31.62689,105.025185,105.025185,123.019,2.17193,105.025185
LNC,13.98634,0.47935,114.40568,5.69836,7.43,7.57372,50.9018,1506.0,8.11816,190.23438,7.96,4397.0,-8.2664,181.56313,7.57372,8.03938,5.69836,0.22071,2.91472,6.53929,6.53929,25.54997,4.61952,34.31827
LNN,10.99949,6.29274,31.02723,3.01,3.88,7.49975,4.59272,70.507,12.42095,8.98876,3.86,150.205,0.98001,10.20736,7.49975,7.40249,1.74783,5.75541,7.54015,13.36718,13.36718,28.96795,1.95758,40.78152
LAD,48.20847,29.96286,156.82712,1.47049,36.54,4.65449,127.04898,1817.3,7.95955,87.09677,37.65,4270.0,4.76197,125.40931,4.64311,4.74919,0.45147,11.08982,12.77184,29.09206,29.01689,51.79358,2.75695,108.23036
LYV,119.12852,8.0711,-2.59331,0.97497,-3.09,-9.71191,104.75395,6.208,0.09904,104.75395,-3.06,1912.458,30.2323,104.75395,-10.69922,-10.60238,0.87133,-2.05103,-3.5537,104.75395,-242.46501,95.35445,104.75395,104.75395
LOB,0.0,79.334465,16.39499,0.95378,3.71,32.0274,187.08243,290.47,55.70824,159.44057,3.87,438.588,249.36568,180.46118,32.0274,32.04138,0.7967,2.09118,10.68361,26.0323,26.0323,30.96252,1.10417,44.84886
LMT,8.84318,5.57191,40.43911,1.41566,22.76,9.41919,4.91425,10461.0,15.60319,-7.10204,27.65,9097.0,8.81809,-7.58086,9.41919,11.39917,1.15353,11.19405,26.2113,74.40792,74.30723,54.45327,1.25246,119.5547
L,17.45765,1.51257,71.83888,66.70229,6.07,12.44156,133.14978,2117.0,15.4661,370.56366,4.43,5515.0,-4.40989,370.56366,11.52835,8.40399,66.70229,1.24412,3.44773,8.83885,8.87997,32.99437,4.46009,49.2412
LPX,6.91824,27.67781,14.42151,2.53561,14.09,30.15594,155.77428,1949.0,42.80694,215.91928,14.3,1963.0,22.14199,175.9519,30.2438,30.46563,1.5641,53.44626,69.99694,111.54314,110.59203,24.2665,0.20369,32.14575
LOW,0.0,2113.0203,1.9658,1.19199,7.75,6.5125,59.85241,12347.0,13.7806,41.16576,10.15,29572.0,9.41815,36.29993,6.5125,8.47372,0.27742,15.72831,25.40519,2113.0203,2113.0203,94.80252,2.12286,2113.0203
LUMN,0.0,950.0936,11.56801,1.60915,1.91,10.32661,-4.74716,8307.0,42.19536,950.0936,2.11,11199.0,-20.70592,950.0936,10.32661,11.35588,0.29,4.56609,6.14954,17.67672,17.67672,72.06098,3.67618,257.9223
LYB,39.72682,11.19481,35.98393,1.68977,16.77,12.17811,147.32169,8634.0,18.69924,294.58823,18.52,8776.0,9.27165,295.07043,12.14996,13.39675,0.92642,12.8162,18.06614,56.64431,55.97253,53.14808,1.57505,114.54683
MTB,0.0,465.8276,125.52281,1.01575,13.8,30.44241,28.20517,3694.914,60.51504,38.833,14.07,6067.0,465.8276,37.36417,30.44241,29.64555,1.01557,1.41527,9.80696,11.95693,10.90471,18.12567,1.0727,22.1384
MHO,0.0,83.98426,56.98891,5.03621,13.28,10.59477,60.46707,527.436,14.0804,61.36088,13.83,905.003,-5.92774,65.44853,10.59477,10.74091,0.44303,11.01277,13.43932,27.53273,27.53273,38.42325,1.92151,62.39897
MBI,-40.71537,0.06068,-5.73722,2.11571,-8.99,-14.383776,0.0,0.0,0.0,-14.383776,-9.6,-243.0,-14.383776,-14.383776,-14.383776,-14.383776,2.11571,-3.90064,-7.96676,-14.383776,-14.383776,114.24501,-14.383776,-14.383776
MDU,8.3245,6.24007,16.63564,1.41997,1.87,6.64934,0.41059,833.433,14.67122,-4.10256,1.87,687.282,-4.58745,-3.09427,6.65638,6.652,0.91638,3.93646,5.70155,11.69088,11.69088,45.86878,3.43941,84.73626
MFA,48.58975,0.06413,23.51314,1.82608,2.64,77.4767,0.0,0.0,0.0,53.993767,2.68,418.19,53.993767,53.993767,77.4767,69.89482,1.82608,2.71764,2.75947,12.98017,12.97919,71.64091,53.993767,252.62064
MTG,12.52821,2.41383,15.17588,108.05291,1.85,53.55456,40.46011,915.651,77.22614,43.41085,1.99,927.16,45.97034,42.34319,53.55456,56.11291,108.05291,7.74932,9.51914,13.28365,13.28365,19.08612,1.25235,23.58819
MGM,139.43784,31.56461,13.37724,1.86394,2.41,12.48318,335.6384,1816.157,18.76168,335.6384,-0.07,4649.531,9.23892,335.6384,12.14933,-0.3485,1.76071,1.07493,1.2207,18.70437,10.80329,69.00659,13.63769,225.64198
MRC,18.80878,7.63897,3.88838,2.06193,-0.46,-0.52513,0.0,54.0,2.02551,28.539762,-0.41,417.0,2.94449,28.539762,-0.52513,-1.26876,0.97936,0.39832,0.55066,-4.16048,-2.02458,42.78481,9.38889,74.77876
MSA,0.75471,5.52918,21.15281,2.39803,0.54,1.55608,-56.70169,105.127,7.5081,-82.29508,1.19,615.348,0.65519,-82.23162,1.52409,3.32927,1.38265,1.61966,2.6056,2.61977,2.65016,43.70942,6.16301,77.64961
MSM,13.95648,6.16515,20.74651,2.33881,3.87,6.71976,0.78587,439.891,13.56339,-14.19069,4.84,1333.515,5.42204,-13.62313,6.68801,8.31787,1.06937,9.59218,11.63399,17.59312,17.55825,41.85631,1.90139,71.98771
MSCI,18.96668,3.34164,-1.98288,1.71344,8.7,35.52569,23.18566,1196.761,58.56302,22.19101,9.6,1684.86,44.34541,20.63085,35.52569,38.75996,1.66752,14.22516,18.9907,159.1958,159.1958,103.91884,3.62209,159.1958
MAC,-11.63616,3.83139,14.18487,0.34145,0.07,1.87261,0.0,0.0,0.0,35.40454,0.07,487.08,32.22221,35.40454,1.65248,1.60636,0.34145,1.00585,1.06138,0.53783,0.57505,59.81701,35.40454,148.86153
M,0.0,309.90543,8.22222,1.15438,-12.68,-21.79367,309.90543,-72.0,-0.39786,309.90543,-4.43,5811.0,7.12549,309.90543,-21.79367,-7.61548,0.37185,-3.31486,-5.24202,-88.33147,-88.33147,76.35454,309.90543,309.90543
MAGN,0.0,0.0,0.0,0.0,0.0,0.0,0.0,0.0,0.0,0.0,0.0,564.0,0.0,0.0,0.0,0.0,0.0,0.0,0.0,0.0,0.0,0.0,0.0,0.0
MTW,9.7629,7.625,18.89548,1.80768,0.31,0.63946,39.59085,116.0,6.7434,28.820019,0.78,307.2,-0.18675,28.820019,0.63946,1.58263,0.62994,2.55646,4.1045,1.68466,1.68466,40.3834,3.8681,67.73853
MAN,10.90709,4.00062,47.04928,1.1111,6.91,1.84179,50.92674,684.0,3.30046,1585.3658,7.37,3407.5,2.41539,1506.7227,1.84517,1.93813,1.08918,3.98416,9.49588,15.41097,15.31302,37.26894,2.19898,59.41067
MPC,57.71739,25.30219,45.26079,1.70388,2.02,2.1278,893.63904,6717.0,5.59829,834.989,2.28,10443.0,13.41482,834.989,8.11615,1.20477,1.22209,2.45776,3.3855,5.33003,8.00301,44.48045,4.00536,82.48712
MMI,84.57513,71.16063,17.54268,2.69526,3.55,10.98933,197.99132,196.418,15.15057,228.7037,3.48,456.231,17.07546,232.57855,10.98933,10.70703,2.61349,12.6552,16.50206,22.92099,22.92099,9.99301,0.39358,11.10248
HZO,25.40276,44.15226,27.26111,2.06107,6.78,7.51138,88.39384,225.076,10.90877,101.18694,7.1,659.433,13.23959,107.65201,7.51138,7.574,1.09737,14.80694,18.52956,29.51169,29.51169,23.48125,0.81108,30.68692
MKL,22.57635,1.45657,1034.5626,15.27654,176.51,19.06702,132.65236,3484.93,27.14641,217.29283,177.91,6971.481,2.71578,197.17082,18.88994,19.08049,14.81508,4.50844,10.92048,18.43334,17.33547,24.52581,1.41541,33.51429
VAC,14.66667,24.16149,70.3829,3.40214,1.13,1.36247,211.0577,647.0,16.63239,122.610664,4.18,1453.0,9.00707,122.610664,1.25964,4.56684,2.76246,3.38312,4.26921,1.7416,1.87015,60.61206,7.10201,153.8848
MMC,9.58035,3.87185,21.86338,1.24196,6.13,16.01413,15.90702,5086.0,25.66095,55.58376,6.46,8710.0,16.57606,55.90278,15.85772,16.52482,1.14638,8.04269,11.4854,31.25342,30.99307,53.97802,2.58789,117.28747
MLM,33.76061,8.02371,104.73237,2.69147,11.21,12.97193,9.81677,1474.4,27.2331,-2.85962,12.05,1348.4,8.43392,-2.56588,12.97562,13.88844,1.38639,5.14539,6.0389,11.29889,11.29926,46.7453,3.89209,87.77686
MTZ,28.10462,3.97442,33.23096,1.61042,4.45,4.15918,15.2923,842.676,10.59732,1.59817,4.14,1146.046,3.55793,1.85319,4.13531,3.77457,1.46139,4.24976,6.30249,14.48043,14.5395,47.33,2.71273,89.8614
MAS,2.80702,7.24481,-0.74212,1.76483,1.62,5.70746,11.61335,1605.0,19.16418,-46.71053,3.65,2877.0,7.04478,-66.42097,4.89552,10.85194,1.082,16.0104,27.32672,217.27568,191.58318,97.59778,1.97446,217.27568
MA,16.08133,6.46159,7.46199,1.28772,8.76,46.00191,25.76139,10984.0,58.16564,37.51962,8.94,18884.0,46.44077,35.50148,46.00191,46.77357,0.89128,17.99573,30.43917,126.78975,124.73257,66.43876,1.33585,198.74036
MTDR,77.29005,10.00202,16.18337,0.79879,4.91,38.52335,147.25746,1140.049,68.55454,147.25746,5.01,1435.539,8.91508,147.25746,35.17587,35.24785,0.70635,12.47064,14.00879,36.63216,35.19579,42.35315,1.37099,73.47
MTRN,34.30882,7.74689,35.23279,3.06711,3.5,4.79756,86.85263,141.61,9.37415,366.66666,4.52,283.762,-6.61936,368.72333,4.79756,6.11047,1.16384,4.88854,6.401,10.53348,10.53348,42.56326,3.77007,74.10458
MATV,59.86133,8.53839,21.69157,2.57291,2.8,6.17361,-3.38505,205.5,14.27083,5.26316,1.71,183.2,-0.73872,6.08592,6.17361,3.68481,1.39637,3.60469,4.453,13.35035,13.35035,65.51933,6.30803,190.0176
MATX,35.63536,13.14788,40.66829,1.15039,21.47,23.62622,247.8453,1259.2,32.07908,383.55856,21.67,1367.7,13.38114,380.2693,23.62622,23.62816,1.06875,21.44471,30.13383,70.56228,70.56228,38.85813,0.84157,63.55404
MMS,6.18365,5.24914,23.894,1.36743,4.67,6.84454,29.93973,510.068,11.98895,37.75811,4.83,946.975,9.89033,35.75188,6.84454,7.04686,1.26268,8.53216,11.28901,21.39487,21.39487,53.56368,3.34767,115.34868
MKC,3.97351,11.72152,16.48972,0.68112,2.8,12.08155,8.6823,1274.3,20.16968,0.71942,3.08,2505.6,6.57438,1.057,11.95492,13.03098,0.27955,5.50849,7.31066,18.11901,18.24876,55.06468,4.25575,122.54209
MCD,-11.27328,11.66189,-6.1775,1.77823,10.04,32.49034,30.83445,11403.4,49.10412,59.11252,9.34,12580.2,25.08542,59.50111,32.49034,30.01538,1.63721,11.58973,13.96241,1164.7334,1164.7334,110.282,4.32758,1164.7334
MCK,-0.47237,14.09967,-0.13291,1.029,-28.26,-1.82136,4.13223,4158.0,1.74539,759.71344,15.49,11967.0,1.45753,759.71344,-1.90532,1.04425,0.57994,3.24227,15.18284,-178.97852,-106.38715,86.67404,2.26191,759.71344
MPW,0.0,90.96192,14.14364,1.74312,1.11,41.75934,0.0,0.0,0.0,37.03704,1.11,1534.059,17.25499,52.0503,41.70092,41.5462,1.74312,3.57164,3.69347,8.31526,8.32121,57.37867,90.96192,134.62428
MED,-100.0,79.92426,17.4652,1.80688,13.89,10.74847,52.73937,221.941,14.54314,60.02304,14.01,1127.597,2.33678,59.4717,10.74847,10.74559,0.64501,40.07966,67.00178,91.19927,91.19927,13.84708,0.14663,16.07268
MDT,17.58881,5.95963,38.22504,2.6499,2.66,12.05299,-1.16183,8337.0,27.68204,-24.85876,3.34,19762.0,16.99788,-24.70244,11.9733,14.91505,1.91867,3.83287,4.52625,7.05917,7.08472,34.68597,3.28703,53.10647
MRK,17.56464,5.70271,15.1068,1.26785,4.86,25.37369,-3.73894,17301.0,35.52275,74.82014,5.33,35238.0,11.64894,84.64695,26.79246,27.68746,0.79327,8.98333,13.45212,38.88128,38.8244,47.51262,2.00168,90.522
MCY,2.73972,6.13208,38.65347,9.52373,4.48,6.1889,-44.58632,350.706,8.75418,-33.8257,4.48,649.917,3.85284,-33.8141,6.1889,6.19169,9.52373,3.01911,7.90622,11.88326,11.88326,16.09752,1.17088,19.18599
MTH,0.0,127.33003,40.7647,8.62014,9.645,14.34348,81.02407,982.767,19.11508,75.36364,9.825,1437.428,-7.31487,74.1411,14.34348,14.37446,1.43554,13.94538,15.85636,27.35196,27.35196,28.0388,1.20701,38.96378
MET,0.0,991.73096,81.74286,6.54269,7.31,10.17959,-57.67747,3291.0,5.09522,28.69718,6.61,19291.0,15.12076,21.21324,10.14708,8.82868,6.54269,0.20725,1.76555,9.22839,9.2238,22.34182,5.92252,28.76943
MTUS,58.76777,15.66423,14.36383,2.32177,3.18,13.32918,1974.0,207.4,16.1665,121.24991,4.01,220.0,11.23626,121.24991,13.32918,14.3471,1.43581,8.46533,13.6958,29.1784,29.1784,8.20442,0.2864,8.93771
MEI,49.78836,4.60919,23.96992,3.02649,3.19,11.24081,-3.99181,187.6,17.24265,-2.14724,3.15,278.9,9.38534,-0.89141,11.24081,11.01313,2.37,5.99538,7.25325,14.3764,14.3764,22.38099,1.41098,28.83442
MCB,0.0,33.063683,51.00165,0.94111,6.45,30.74154,45.81312,122.919,62.40145,38.41202,6.64,176.882,33.063683,53.43587,30.74154,30.3784,0.94111,1.34224,14.52518,13.49005,13.49,12.25507,0.63288,13.9667
MTD,9.01401,5.99113,7.50431,1.10712,32.78,20.68315,24.94439,1102.618,29.65677,31.59374,33.79,2171.553,18.65045,27.58176,20.68315,21.02145,0.65057,20.2467,33.71048,176.51057,176.51057,91.30864,1.63329,176.51057
MAA,0.0,72.9498,51.71947,0.23433,4.61,30.10269,0.0,0.0,0.0,110.50228,4.73,1051.185,43.61538,109.361,29.1783,29.66044,0.23433,2.87032,3.01105,9.01918,8.96332,42.37189,72.9498,73.52641
MTX,-0.3252,5.04425,46.3966,2.44998,4.86,9.06743,9.32231,330.7,17.79584,47.72037,5.05,446.5,6.74743,46.26335,8.8468,9.13093,1.60124,4.57197,5.84557,10.95964,10.94796,40.51744,3.2534,68.11649
MOD,-12.92171,6.15311,6.75775,1.37425,-4.11,-11.58483,-5.62572,164.4,9.09091,23.827442,1.13,293.4,8.28633,23.827442,-11.65118,3.20554,0.67157,4.25732,6.7132,-50.37055,-49.31152,52.30378,2.3753,109.66021
MC,-53.11153,23.49083,7.8061,1.02962,5.34,27.45521,86.06781,503.159,32.6597,81.01695,5.41,1489.839,53.80029,104.22242,23.70573,22.16694,1.02962,22.52428,47.27428,75.38636,91.67552,28.63222,0.38137,40.11926
MHK,9.32564,7.09741,128.35777,1.77791,14.94,9.2276,38.9333,1948.495,17.39633,106.92521,14.92,3287.13,5.05902,100.38189,9.22413,9.17157,0.82539,5.95573,7.46763,12.18654,12.18133,24.46366,1.40088,32.38662
MOH,29.99294,17.04265,45.34483,1.42813,11.25,2.37298,9.02256,1305.0,4.69915,0.17809,13.15,3280.0,8.1839,-2.08024,2.37298,2.73692,1.39464,6.74992,15.11796,27.88828,27.88828,49.13943,1.94713,96.61597
TAP,20.5786,16.959,61.82995,0.76713,4.62,9.8106,3.21524,2269.6,22.07847,300.49094,4.89,4053.4,7.76117,300.49094,9.78336,10.32733,0.41875,3.40968,4.465,7.80154,7.67346,34.80682,3.21436,53.39027
MCO,20.27972,3.94794,14.68972,1.60697,11.78,35.6063,17.09786,3123.0,50.22515,25.45261,11.72,4581.0,31.12938,24.52194,35.6063,35.13361,1.45112,13.22493,18.28273,103.07263,94.63561,73.22068,2.55299,273.4225
MOGa,0.0,0.0,0.0,0.0,0.0,0.0,0.0,0.0,0.0,0.0,0.0,5159.8984,0.0,0.0,0.0,0.0,0.0,0.0,0.0,0.0,0.0,0.0,0.0,0.0
MS,0.0,3593.0732,55.1233,1.37444,8.03,24.73782,18.68725,25297.0,41.38839,24.30341,8.36,53291.0,60.17326,36.72245,24.59711,24.41485,0.79401,1.14372,2.50326,15.80679,14.41737,80.08608,16.94652,3593.0732
MOS,83.6088,11.90329,28.75829,1.11236,4.27,13.23013,0.0,3540.3,28.64923,144.0,4.8,3200.3,6.83518,144.79808,13.19533,14.68659,0.50879,8.04998,11.35161,16.15615,15.94737,29.072,1.24441,40.98805
MSI,-0.28777,5.88689,-0.23711,1.33202,7.17,15.29801,16.35288,2163.0,26.47167,31.55963,7.51,4048.0,16.95937,31.19073,15.23681,15.55124,0.80236,9.34858,19.13435,311.1186,311.1186,100.37662,2.83403,311.1186
MOV,-1.8587,6.52074,18.33351,3.92925,-4.8,-21.95787,-31.78008,40.29,7.95621,13.189345,1.18,271.234,9.85566,13.189345,-22.02185,5.41512,2.55295,2.1082,2.71782,-23.43305,-23.15714,19.72958,2.62281,24.72843
MLI,31.97672,9.08943,10.66495,2.66449,4.125,12.60495,137.1347,645.004,17.11183,234.0081,3.815,830.356,6.53198,235.87349,12.42975,11.33788,1.46986,23.00895,30.73369,46.87865,46.17286,1.94929,0.03874,1.98805
MWA,17.36726,5.65394,4.39935,2.97001,0.44,6.33663,7.67591,202.0,18.18182,-2.22222,0.57,360.9,8.25383,-2.22222,6.33663,8.12673,2.05089,6.09767,7.77012,10.54208,10.54208,40.62714,2.35396,68.42711
MUR,-1.47473,8.74865,26.91461,0.75658,-0.47,2.14265,163.3735,1139.214,50.06731,163.3735,-0.25,2033.429,47.1466,163.3735,-3.23746,-1.69523,0.66934,2.09294,2.73411,-1.73058,1.11884,43.79418,2.95525,77.91752
MUSA,15.93602,84.05377,32.37217,1.13698,14.92,2.59093,14.57036,828.0,5.40512,14.06728,15.46,1064.7,2.6461,2.7972,2.59093,2.64516,0.66948,11.37714,15.36522,49.88374,49.88374,73.52835,2.70785,277.76263
MYE,20.29844,8.25887,5.77257,1.65973,0.92,4.40458,8.52567,71.284,9.3618,-9.80392,0.99,212.321,2.27304,-8.78729,4.40458,4.69871,0.91217,7.18744,10.1862,16.83529,16.83529,38.31826,1.82422,62.12254
VYX,-14.40599,7.21371,9.50076,1.02422,0.58,1.36948,33.33333,1076.0,15.03633,105.861435,2.63,957.0,16.37961,105.861435,1.35551,4.82191,0.50071,3.85814,6.11225,8.42014,6.86034,79.85281,5.64684,105.861435
NL,40.76422,10.59158,7.42721,6.32899,1.05,37.89369,133.85374,14.23,10.10546,250.0,1.05,42.749,-2.7237,248.6921,36.35124,36.38593,5.40497,1.13508,1.80069,15.1815,14.81564,0.12971,0.03514,0.12988
NNN,-37.05305,13.29641,22.21448,8.62627,1.51,41.34518,0.0,0.0,0.0,23.77049,1.5,698.022,59.73354,26.79819,41.3456,37.34854,8.62627,3.25944,3.30072,7.36705,7.05781,48.98539,48.394638,96.02229
NPKI,40.23917,3.97696,5.00689,2.58333,-0.28,-4.15205,10.184863,35.408,5.75945,10.184863,-0.32,85.229,1.05733,10.184863,-4.15205,-4.76059,1.48801,-0.58282,-0.70239,-5.37153,-5.37153,23.70309,4.05697,31.0669
NRG,253.0023,12.42875,14.76899,1.36968,8.93,8.97084,193.86581,4599.0,18.8646,331.40097,10.69,6507.0,4.4644,328.82352,8.97084,10.74306,0.63727,12.51838,21.08953,82.84091,82.84091,69.71482,1.80191,230.19444
NUS,-34.82878,51.50845,18.29202,1.64803,2.86,5.46306,11.29375,367.118,13.61881,-21.21212,4.0,2020.446,3.29799,-23.04042,5.46306,7.44795,0.74782,9.46401,13.00679,16.29911,16.29911,35.56405,1.37227,55.19286
NVR,1.38259,249.01086,871.0119,3.86302,320.48,13.78719,45.76101,1662.983,18.53926,39.27252,345.37,2116.741,11.28904,37.22294,13.78719,13.78775,1.8901,17.69263,22.04787,40.51196,40.51196,34.85287,0.96588,53.49869
NBR,-20.77404,6.2026,71.98733,2.88981,-76.58,-26.94905,-15.36551,473.651,23.47657,48.911053,-77.33,730.234,19.38795,48.911053,-28.21603,-29.14898,2.43525,-2.49043,-2.92741,-65.35942,-35.14758,70.21634,6.93958,48.911053
NBHC,0.0,38.997528,28.04186,0.87275,3.01,30.06659,4.82063,154.014,49.46985,5.61404,3.08,306.801,191.2739,5.66085,30.06659,30.39943,0.84937,1.26522,9.79454,11.27242,11.27242,8.94196,0.53566,9.82007
NFG,38.1695,9.0958,19.58946,0.42265,3.97,20.86736,27.35475,1000.313,57.40153,118.93222,4.31,1095.026,21.60883,118.93222,20.86736,22.53881,0.20534,5.76075,8.9883,19.35223,19.35223,61.14404,2.80991,157.3608
NSA,59.53048,79.78466,17.07048,0.66781,0.98,24.86357,0.0,0.0,0.0,84.90566,1.13,440.359,45.83366,116.52986,17.81036,15.52551,0.66781,3.05185,3.14064,9.12289,7.51023,54.42835,47.92815,119.43467
NGVC,0.0,35.600258,6.30995,1.01387,0.91,1.94985,-1.66605,57.96,5.49115,2.24719,0.91,340.451,2.33381,2.85871,1.94985,1.94774,0.24046,2.64863,3.1687,13.03432,13.03432,73.77464,6.92748,281.3103
NNI,-9.0281,0.07611,77.83537,17.06863,10.2,27.30488,-3.47725,665.868,47.06769,13.08204,9.38,1250.574,172.20482,11.58854,27.7999,25.1576,17.06863,1.66988,1.73878,14.08807,13.84232,85.66571,26.50223,108.838165
NJR,45.81476,12.88707,17.03962,0.60326,1.22,5.46644,18.87135,399.737,18.53541,-40.19608,2.07,448.147,-10.44284,-39.20658,5.46644,9.23624,0.19335,3.19195,4.12054,6.78395,6.78395,62.84061,6.89945,169.111
NYT,26.79268,9.961,9.16543,1.70384,1.31,10.60164,34.7101,330.13,15.91082,118.33333,1.21,1008.309,11.81685,119.74466,10.60164,9.79307,1.59877,6.99506,11.3471,15.35983,15.33521,4.50547,0.22019,4.71804
NEU,11.21756,7.83462,73.54328,1.91449,17.71,8.10268,-14.57804,320.938,13.62152,-28.125,17.71,547.707,2.17653,-29.44177,8.10268,8.08488,1.17365,7.17287,9.3938,25.08724,25.08724,61.84754,3.84953,162.10628
NEM,-24.94432,31.09924,27.80556,2.89977,1.39,1.44003,4.2275,6139.0,50.2291,-58.00604,1.51,4941.0,28.0171,-58.78402,9.54017,9.87146,2.03956,3.0055,4.18423,4.92561,0.76957,22.37688,1.02655,28.89103
NEE,49.27088,6.05176,18.95161,0.53266,1.81,16.56219,-26.58539,6865.0,40.21911,22.2973,1.83,8561.0,2.45694,22.40493,20.93269,21.04034,0.31106,1.36869,1.89971,9.69409,6.24076,54.5564,7.98645,120.70051
NI,4.33464,6.06049,13.32534,0.69944,1.27,12.01731,2.97575,1796.0,36.65605,189.27573,1.43,2051.3,-11.17872,189.27573,11.93771,11.48763,0.33519,2.83458,4.00054,11.38713,8.98198,57.49079,5.47667,135.24316
NIC,0.0,38.26607,63.73381,0.83503,5.44,25.38558,11.00116,119.687,50.09438,-4.5614,6.29,210.419,263.80106,0.88154,25.38558,28.2641,0.80134,1.22161,8.79088,8.4764,8.4764,19.56294,1.81235,24.3208
NKE,62.34995,12.35108,8.09062,2.7177,3.56,12.85868,106.72576,7930.0,17.80502,122.5,3.77,20001.0,12.43264,125.56125,12.85868,13.31495,1.85435,13.00266,19.25509,55.00913,55.00913,50.08991,1.61576,100.3603
NINE,55.26858,6.63916,-1.19622,2.46758,-2.13,-18.48068,7.7928963,-2.286,-0.65423,7.7928963,-2.54,41.427,-3.67303,7.7928963,-18.48068,-22.02789,1.53981,-7.17457,-8.01853,7.7928963,7.7928963,111.79894,7.7928963,7.7928963
NOAH,39.62222,2.69674,21.04098,2.41643,3.06,30.42285,2.28506,193.553,28.63968,33.958706,3.12,334.38498,-33.84299,33.958706,30.61032,31.01067,2.33824,6.77676,8.6389,17.53761,17.21237,2.6572,0.18076,2.72974
NE,30.03027,4.64917,24.93896,1.83437,5.21,41.5437,-59.43192,86.167,10.16353,18.487867,-1.54,95.775,-6.38032,18.487867,41.5437,-11.47744,1.68669,-1.48977,-6.63789,59.23284,59.23284,13.44447,2.70508,15.53277
NAT,80.67861,12.38535,2.71224,1.58338,-1.05,-89.66532,-9.792906,-20.484,-10.7204,-9.792906,-1.05,-4.864,-16.48018,-9.792906,-89.66532,-89.32487,0.95366,-6.08299,-6.24938,-31.2258,-31.2258,39.26554,-9.792906,64.65117
JWN,0.0,159.64928,1.93283,0.88398,-4.39,-6.43957,159.64928,-96.0,-0.89594,159.64928,-3.29,3140.0,-13.26878,159.64928,-6.43957,-4.82677,0.36068,-4.97406,-8.48827,-107.47664,-107.47664,94.47564,159.64928,159.64928
NSC,17.80604,16.26569,56.79892,0.85958,12.11,26.97002,20.19939,5546.0,49.77562,54.46429,12.16,5730.0,21.10483,49.27968,26.97002,26.94583,0.71995,7.13655,9.59476,21.13815,21.13815,52.01562,2.66625,108.40114
NOC,4.78844,5.24515,82.7084,1.30388,43.54,19.64,-7.91448,4910.0,13.76623,128.79665,36.71,7268.0,11.41356,119.66134,19.64,16.49876,1.16055,5.27152,8.37807,59.60434,59.60434,53.1378,2.98513,113.39161
NWN,27.1915,5.3036,30.04099,0.60334,2.56,9.14296,9.76733,276.651,32.15377,11.30435,2.56,363.859,-13.07597,2.45503,9.14296,9.13495,0.28805,2.60704,4.35606,8.62623,8.62623,61.8361,5.47692,162.02776
NCLH,5573.404,1.09084,5.8352,0.88504,-12.33,150.10947,150.10947,-1862.348,-287.40558,150.10947,-8.42,-960.051,150.10947,150.10947,150.10947,150.10947,0.78118,-8.5928,-9.98644,-132.80534,-132.80534,84.39042,150.10947,150.10947
NOV,-5.46419,3.01282,12.7256,2.56649,-0.65,-4.43519,49.455612,173.0,3.13179,49.455612,-0.44,774.0,5.54173,49.455612,-4.52571,-3.07458,1.76597,-0.8599,-1.0957,-4.8986,-4.7375,32.04509,13.80347,47.1564
NUE,67.64782,11.85925,51.45291,2.48178,23.16,19.52193,321.39673,10183.368,27.91192,881.35596,23.29,11046.917,8.86493,846.3264,18.71361,18.67155,1.2772,25.35124,31.43867,55.04895,55.13597,28.35435,0.56755,39.57581
OI,11.07544,9.70494,4.60491,1.36457,0.88,2.5858,9.01917,967.0,15.15437,-43.94905,1.83,1091.0,5.01293,-40.16064,2.33506,4.50689,0.76761,3.99402,6.17958,27.92527,26.87296,85.66228,5.10962,95.58591
OFG,0.0,64.36963,21.54001,0.97654,2.81,25.03057,41.80422,358.24,61.35402,112.87879,2.95,541.84,98.01848,96.63245,25.03057,25.74461,0.95814,2.11848,17.52055,14.16786,13.56305,8.16583,0.26538,8.89193
OGE,0.84295,16.14182,20.27136,0.56314,3.68,20.17954,4.4945,960.2,26.28021,107.87037,2.4,1063.0,-8.19991,107.87037,20.17954,13.14394,0.20861,2.91637,4.16292,19.18029,19.18029,55.31331,5.22902,123.78029
OGS,0.0,61.463688,43.80758,2.26882,3.85,11.41404,3.83108,517.491,28.61284,4.61957,3.85,583.915,-93.99075,5.10254,11.41404,11.40463,0.35758,2.68746,3.58104,9.00899,9.00899,64.17364,8.13266,179.1241
OKE,73.75186,14.56281,13.48274,0.74558,3.35,9.06698,26.34338,3216.566,19.44683,135.9155,3.36,4283.0,7.22805,144.7265,9.06698,9.06824,0.4987,6.94552,8.07349,24.87578,24.87578,69.5769,4.27678,228.69763
OUT,48.42256,5.63364,6.99522,1.53102,0.05123,2.48651,46.43193,311.9,21.3061,69.495514,0.08196,679.9,5.66125,69.495514,2.43186,0.79459,1.4483,1.732,1.85799,3.61807,2.62418,74.75032,13.19814,296.0446
OXY,98.95981,8.21003,11.31066,1.22669,2.06,10.74896,157.62927,14149.0,54.51148,1414.0215,2.36,16297.0,31.71328,1414.0215,8.94591,8.50131,0.85308,4.37299,6.36335,28.79851,14.34447,59.91916,2.14771,149.49574
OII,-17.4454,3.95188,5.05968,2.3705,-0.49,-2.63776,17.13482,179.522,9.60383,31.64994,-0.23,264.065,12.71146,31.64994,-2.63776,-1.22681,1.9398,1.24102,1.69869,-9.32913,-9.22332,63.2456,4.89829,172.07626
OIS,10.04418,3.41025,11.33673,2.40698,-1.06,-11.16493,7.70061,19.073,3.32769,7.70061,-0.98,102.765,3.82728,7.70061,-11.16493,-10.309,1.34771,-3.44436,-4.0949,-8.80563,-8.80563,23.07141,10.94128,29.99069
ODC,17.22093,8.04338,10.75206,2.61457,0.735,3.60022,11.28241,27.213,8.92285,-40.2439,0.785,65.241,-3.71786,-41.20106,3.64383,3.63851,1.68028,3.51604,4.69211,7.22381,7.14853,10.62817,0.69584,11.89208
ORI,12.68173,1.47475,22.4121,15.28579,5.05,16.42456,164.22925,2005.5,21.46872,170.05348,5.08,6920.6,3.69641,174.66882,16.42456,16.42007,15.28579,5.1737,15.34156,23.4606,23.4606,20.93322,0.91,26.47537
OLN,46.95836,10.18529,16.91454,1.3366,7.96,14.55233,372.18542,2281.6,25.60546,247.90878,8.01,2292.0,13.31027,247.90878,14.55233,14.30197,0.76529,13.2173,19.31043,63.20741,63.20741,54.35348,1.38416,119.07473
OHI,-3.59739,0.97197,16.34243,113.97124,1.75,39.74691,0.0,0.0,0.0,150.0,1.87,973.533,54.15783,161.56207,38.67385,41.11691,113.97124,3.50778,3.6118,10.75634,10.51715,56.19734,83.34596,128.29665
OMC,8.43551,1.75482,15.63941,0.98048,6.53,10.55048,18.41907,2359.5,16.51224,49.42792,6.42,2703.9,7.20254,48.91051,9.85206,9.62816,0.84982,4.78741,12.14708,44.30806,38.14005,62.52559,2.91269,182.1157
OMF,8.72109,0.31675,24.19998,327.1343,9.87,26.42268,30.54357,3026.0,60.84858,82.43993,10.41,3267.0,1.33974,80.0,26.42268,27.76851,327.1343,7.74972,8.14269,40.22039,40.22039,85.26722,5.91573,327.1343
ONIT,0.0,76.118385,51.76955,4.12312,1.93,1.66743,-5.13178,395.831,36.50961,76.118385,3.36,936.5,-47.93225,76.118385,1.66743,2.79602,3.6505,2.11401,2.29246,4.05306,4.05306,95.78014,27.33428,76.118385
ONTO,18.72952,4.83311,28.92607,6.13547,2.86,18.04401,89.84214,232.344,29.45168,353.96826,3.0,429.479,16.92528,358.8203,18.04401,18.72559,4.45587,6.67671,7.62714,10.58042,10.58042,1.22748,0.07628,1.24273
KAR,34.42957,0.8514,12.48731,1.12854,0.16,2.95346,16.40694,395.9,17.58305,635.0141,0.37,658.1,-14.23266,13200.0,2.95346,2.02123,1.09174,1.87209,2.26831,4.25083,3.11512,65.10714,9.91589,186.59157
OPY,6.2,1.00519,65.60899,1.46049,11.7,11.40316,25.75782,242.49,17.39483,25.80645,12.57,1281.354,20.95138,29.25374,11.40316,11.39928,1.09369,5.09141,9.04301,21.07069,19.40126,43.53763,3.03053,89.04691
ORCL,-2.5581,7.38668,1.86141,2.29958,4.55,34.40302,8.51698,18564.0,45.86082,47.72727,4.0,32624.0,29.40784,35.62901,33.95835,29.10151,2.18346,7.93364,10.90356,158.80315,149.18849,93.59856,4.68794,2256.4106
ORC,-100.0,1.5671732,21.69851,0.075,-2.7,1.5671732,1.5671732,-84.547,1.5671732,1.5671732,-2.7,-52.616,84.57072,1.5671732,1.5671732,94.40337,0.075,-0.94982,-0.95875,-10.94485,-10.94485,89.04628,1.5671732,1.5671732
ORA,-17.58128,4.87358,33.09189,1.10618,1.1,11.47321,4.72482,373.522,56.33102,-33.33333,1.41,264.338,-22.8627,-27.34039,9.36412,11.90884,0.97008,2.80488,3.16116,3.39209,3.84319,49.07141,5.17928,96.80314
OSK,5.66423,5.68251,47.75334,2.05321,6.83,6.10937,9.08783,644.6,8.33107,44.70339,5.81,1173.5,10.58783,45.67026,6.10937,5.14237,1.43989,5.42101,8.47439,15.50217,15.50217,24.27959,1.61558,32.06478
OVV,38.29296,8.38141,19.66667,0.57751,5.32,16.35482,388.13608,2745.0,31.70478,388.13608,5.54,4983.0,15.56364,388.13608,16.35482,16.66223,0.54258,6.71803,8.442,31.78095,31.78095,53.23502,2.10419,113.83524
OMI,-2.74375,14.15745,12.44152,1.72751,2.94,2.26451,46.31288,486.979,4.97663,111.51079,3.82,1513.229,0.73275,641.8198,2.26451,2.83979,0.54856,7.20946,12.43749,26.85024,26.85024,55.14149,2.36896,122.92315
OC,2.17628,9.14747,42.78885,1.82499,9.54,11.70864,37.41648,1851.0,21.7816,202.28697,9.83,2232.0,10.90257,202.28697,11.70864,11.97229,1.12257,8.88644,11.76571,24.27718,24.04543,42.07643,1.70124,72.64129
PBF,149.09338,30.44222,16.00898,1.38288,1.9,1.15765,97.15067,856.7,3.14346,97.15067,1.3,671.1,0.69863,97.15067,0.8476,0.57355,0.69663,3.53752,5.1106,12.9448,13.32601,66.43342,5.85129,197.91534
PCG,31.89048,3.5843,10.5626,0.63562,-0.05,-0.42632,-13.96735,6061.0,29.36247,566.7777,1.0,6061.0,-22.1799,566.7777,-0.42632,9.61632,0.4959,1.65148,2.53147,-0.41933,-0.41435,68.50766,7.61723,217.53758
PJT,-20.8002,4.74805,4.94395,2.60654,3.99,19.14975,-10.68727,235.398,23.73095,-9.31818,4.26,965.074,19.04329,-9.68192,10.70301,10.71888,2.60654,12.71563,16.59124,77.35627,28.66341,19.76038,0.66701,24.62671
PNC,0.0,1364.4987,120.68095,0.79933,12.7,28.96827,74.56619,10563.0,53.44836,99.68554,14.18,19990.0,261.36594,-24.2962,28.71022,30.5656,0.79443,1.07313,6.035,11.21577,10.43119,37.19599,3.12449,59.2255
PPG,11.40133,6.59345,26.64609,1.42132,5.93,8.57228,-1.50473,2291.0,13.62879,33.55856,6.06,6557.0,5.46475,35.88291,8.56038,8.56547,0.88754,5.28638,8.22306,23.71608,23.57271,53.80125,3.25884,116.45609
PPL,-30.90062,5.33609,18.6679,2.1554,0.03,0.30976,-37.39151,2597.0,44.6911,-98.42932,1.05,2750.0,-9.23679,233.51163,-25.46894,13.78501,1.94576,2.32822,2.99374,0.13286,0.13286,45.1102,4.3427,82.1832
PRG,8.18885,41.99868,12.03749,4.63437,3.67,9.09501,4.46942,2177.056,81.29653,6.99709,3.6,857.91,74.87399,153.72899,9.09501,8.87605,4.22952,13.77041,17.14889,29.24654,29.24654,47.51466,0.28252,90.5294
PVH,-13.47451,10.31542,66.47508,1.52715,-15.96,-15.9479,-78.15807,255.9,3.58775,187.5667,-3.24,3776.8,11.50808,187.5667,-15.92827,-3.23428,0.89762,-0.27484,-0.35881,-21.55419,-21.59182,53.41579,21.18054,114.58259
PKG,28.6641,8.12262,38.56359,3.0885,8.83,10.88056,36.54029,1721.5,22.26951,82.43802,9.43,1873.0,4.56273,82.45119,10.88056,11.47902,2.01537,10.67616,13.22858,24.54512,24.54512,43.09961,1.58716,75.74573
PARR,74.73871,30.70813,4.41641,0.83359,-1.4,-1.72602,29.460901,10.382,0.22042,29.460901,-1.29,371.615,1.56208,29.460901,-1.72602,-1.59585,0.23409,-1.87047,-3.44537,-31.75825,-31.75825,78.36712,92.71075,29.460901
PGRE,0.75582,2.12333,16.3849,6.59706,-0.09,0.29253,0.0,0.0,0.0,28.97608,-0.09,437.234,39.3452,0.0,-2.89179,-2.79647,6.59706,1.0696,1.09804,-0.56216,0.04591,46.2644,28.97608,86.09635
PKE,-30.13272,4.98718,6.66933,16.55711,0.25,11.21964,-33.02401,8.228,17.78028,-50.0,0.32,13.191,10.19265,-49.07873,10.51085,14.09768,15.53547,2.6387,3.18078,3.74042,3.74042,0.08746,0.01446,0.08754
PK,269.23077,22.22951,18.8258,3.5336,-1.95,-33.33333,0.0,0.0,0.0,28.546879,-1.93,246.0,-1.19838,28.546879,-33.84956,-33.58997,3.39526,-1.08215,-1.12763,-9.82344,-9.7772,52.66609,28.546879,111.26505
PH,17.64028,6.99372,65.02956,1.8139,13.35,12.17525,17.52419,3028.174,21.10573,43.70291,13.32,4770.394,13.33648,44.74349,12.16995,11.97605,1.07099,7.58739,10.1832,24.06374,24.02472,44.40053,2.21882,79.85783
BTU,69.70702,13.60238,13.2168,1.93378,3.0,10.46922,84.662445,680.3,20.50146,84.662445,2.85,765.2,8.00372,84.662445,10.85194,9.54209,1.44156,4.24903,7.29961,24.97585,24.79569,39.35114,1.73659,64.88357
PEB,262.29828,31.01519,24.12498,0.41865,-1.8,-25.4244,0.0,0.0,0.0,23.676025,-1.71,124.789,19.38661,23.676025,-25.21786,-30.51315,0.41865,-1.41503,-1.48894,-5.76509,-5.79855,46.60273,23.676025,87.2755
PFSI,-75.41971,0.37025,60.11087,1.75484,14.87,28.20329,-30.24937,1779.255,50.00632,-28.91969,15.74,3141.688,233.10391,-39.06735,28.20329,28.22314,0.52935,4.344,7.29625,29.48097,29.48097,76.2257,6.15983,233.10391
PMT,54.97661,0.15355,19.24229,0.77581,0.26,7.84156,0.18236,349.398,48.19057,-3.7037,0.26,448.74,-281.9192,8.55594,7.84156,3.49287,0.77581,1.72869,1.78637,2.97417,2.4378,82.45558,31.84592,34.27359
PAG,-9.03458,33.16854,52.46603,0.9534,14.88,4.66216,96.00796,1477.9,5.78328,120.77151,15.29,4440.8,4.92199,118.50626,4.64807,4.7714,0.19527,6.34738,7.99711,32.18718,32.10845,61.35735,4.39955,158.78143
PNR,39.63123,7.52433,14.66938,1.2399,3.32,14.76838,30.91882,733.8,19.49108,55.86855,3.45,1319.2,10.85516,54.21082,14.6887,15.19364,0.64429,9.16538,12.74409,24.55722,24.55722,28.85553,1.33865,40.55907
PFGC,0.0,209.384,15.89509,1.41675,0.3,0.13937,42.95707,592.7,2.02958,209.384,0.63,3525.2,-0.57879,209.384,0.13937,0.28498,0.64922,2.03817,3.09633,1.97731,1.97731,58.74679,5.06023,142.4054
PR,28.09699,16.58762,9.66192,0.5154,0.46,13.41646,0.0,652.1,63.31732,76.5926,0.54,770.437,24.46534,76.5926,13.41646,14.72682,0.4838,5.41251,5.68214,5.16091,5.16091,23.45716,1.29272,30.6458
PRGO,-35.45954,4.68444,38.50299,2.43082,-0.98,-3.16283,-39.04087,550.4,13.29886,94.52819,0.77,1416.2,11.03607,94.52819,-1.66477,2.48561,1.61119,1.44656,1.73604,-2.42255,-2.42255,41.75909,6.71112,71.7006
PFE,44.7541,8.37632,13.73683,1.39891,3.93,27.62892,100.68259,28224.0,34.72099,216.93549,4.6,50602.0,35.0473,128.56697,27.03843,31.69545,0.99712,8.57635,12.87612,31.91848,31.8712,34.82727,1.46666,53.43842
PM,7.5043,10.50133,-6.51929,0.92013,5.83,30.67834,14.25191,14486.0,45.76791,12.9845,6.08,21375.0,29.70641,13.071,28.7795,29.92841,0.43833,19.58074,40.3871,1728.2673,1728.2673,140.76686,1.95651,1728.2673
PSX,7.91139,18.8527,43.73263,1.14811,2.97,1.4299,555.9109,2073.0,1.85959,555.9109,6.13,9374.0,1.73143,555.9109,1.18142,2.41969,0.82939,0.68554,0.99781,6.90433,7.38647,41.76244,7.48481,71.7105
PDM,3.77567,3.31175,14.50957,0.68057,-0.01,-0.2167,0.0,0.0,0.0,25.539995,-0.01,317.778,38.44613,25.539995,-0.2141,-0.23021,0.68057,0.81067,0.86543,-0.06263,-0.06333,51.23277,25.539995,105.05571
PNW,17.50225,8.21084,52.30104,0.88288,5.47,16.7185,3.82559,1456.185,38.28202,12.32033,5.21,1697.217,-18.864,12.38033,16.26569,15.46495,0.29058,2.39541,3.74518,10.72333,10.80228,57.61338,5.62056,135.9235
PIPR,19.45256,6.99928,75.1741,1.58971,16.43,16.18027,210.01427,499.929,24.48478,504.04413,19.79,1881.657,41.68127,587.621,13.64065,13.82628,1.23658,12.52669,19.42795,29.44691,30.68998,21.86483,0.68673,27.98334
PBI,-6.47453,3.96584,0.6446,1.09498,0.02,0.09547,2.32976,313.917,8.54531,74.694885,0.26,1121.998,2.824,74.694885,-0.03678,1.23089,0.9504,1.85502,3.37609,3.91785,3.91785,95.85773,8.30302,74.694885
PLNT,65.72627,26.86358,-7.70078,3.75072,0.51,7.85693,87.52817,221.332,37.70414,52.20338,0.48,338.62,21.55838,52.20338,7.2866,6.81099,3.67131,5.12621,7.66182,52.20338,52.20338,148.14009,8.93774,52.20338
PLYM,0.0,15.445349,9.8521,0.66623,-0.94,-10.9231,0.0,0.0,0.0,15.445349,-0.92,92.132,60.77375,15.445349,-10.73779,-20.34666,0.66623,0.48892,0.51761,-5.41293,-3.62324,58.09259,15.445349,138.62128
PII,-6.493,32.94434,20.26987,1.14748,7.88,6.02937,13.0211,900.1,10.97924,295.9799,8.8,1804.7,-2.14498,295.7532,6.02449,6.57998,0.33797,8.56103,13.95014,41.70044,41.28456,61.4005,2.18698,159.07071
POR,21.40221,7.98667,30.27592,0.89583,2.72,10.18364,-8.0,782.0,32.63773,58.13954,2.72,1264.0,0.77734,57.41936,10.18364,10.15811,0.49609,2.54539,3.83866,9.17293,9.17293,57.10664,4.6087,133.1363
POST,19.77041,14.45549,43.46117,1.98828,2.38,3.31958,1.01389,1076.0,17.28042,23700.0,4.7,1428.1,6.53998,20737.5,2.67718,4.84591,1.31348,3.49532,4.24611,5.95687,7.02082,70.12208,6.67268,260.6855
PBH,-23.55742,7.13082,27.2144,2.20926,3.25,17.45687,-0.53261,327.566,34.72315,16.90648,3.25,553.695,16.9466,15.7442,17.45687,17.29792,1.20334,5.35421,6.39792,13.0221,13.0221,52.72063,4.62387,111.50874
PRI,3.9421,0.60963,52.8986,7.82708,9.38,13.72756,21.05642,669.764,24.71698,-1.98537,11.36,1843.045,20.79297,-3.31647,13.77837,16.57215,7.79279,2.57692,10.3302,19.05662,18.95117,49.40527,3.04682,97.98998
PRMB,17.15258,9.27859,8.213,0.71823,-0.02,-0.15434,3.24046,340.9,16.44239,58.90352,0.15,694.69086,5.64921,58.90352,-0.15434,1.1632,0.54945,2.07762,2.51109,-0.23997,-0.23997,56.88766,5.10971,131.95213
PRIM,8.81109,6.10952,18.61181,1.55719,2.17,3.30907,16.90158,292.109,8.35162,0.46296,2.44,416.66,-3.26142,10.13299,3.30541,3.67462,1.05687,5.16712,7.63683,13.56292,13.57764,45.33595,2.81096,82.93559
PRA,17.73864,1.64404,26.45945,49.76142,2.67,14.33595,264196.97,87.218,8.11001,12037.354,1.71,261.556,-3.48962,12037.354,13.40145,8.58024,49.76142,0.92103,2.83136,10.3776,11.10125,23.78753,5.11167,31.21213
PG,13.09239,17.09941,19.14388,0.69694,5.5,18.85494,7.91769,21031.0,27.62947,10.8871,5.97,39010.0,17.1868,9.81807,18.7945,19.33948,0.45313,9.52889,14.11894,30.69364,30.68896,41.30982,1.56141,70.38625
PGR,22.51324,3.51843,30.35199,3.70019,5.66,7.02841,-38.28024,4766.0,9.99654,-41.40787,5.69,4681.4,-3.19078,-41.25969,7.02841,6.97577,3.70019,4.09356,12.05389,19.54881,19.00131,21.79072,1.06582,27.86206
PLD,124.0436,16.83377,45.09558,0.55586,3.94,60.96524,0.0,0.0,0.0,96.0199,4.17,3915.208,51.74382,98.38678,56.92101,59.69802,0.49033,2.20702,2.30743,9.00781,8.50203,32.48952,201.59613,48.12516
PB,0.0,101.82786,69.73241,0.66875,5.6,43.75279,-0.93087,790.534,66.60556,-1.40845,5.6,1133.274,101.82786,-1.8164,43.75279,43.71758,0.6685,1.32295,7.04422,8.27044,8.27044,7.18438,0.62932,7.74048
PRLB,38.31228,7.07758,30.16431,3.34254,1.21,6.83715,-23.99113,70.255,14.39363,-35.97884,0.91,222.691,4.69668,-34.39362,6.83715,5.14904,2.89422,2.22436,2.49118,4.53163,4.53163,0.8905,0.10596,0.8985
PFS,0.0,56.85166,22.0488,0.8734,2.19,34.32928,52.51683,300.873,61.5096,57.55396,2.2,473.771,56.85166,73.20193,34.32928,34.39417,0.87265,1.34928,6.8658,10.1252,10.1252,28.8247,2.28433,40.49818
PRU,0.0,1836.2173,164.43875,1.31851,19.51,10.98551,607.8763,12133.0,17.10126,1836.2173,20.83,25441.0,5.21421,1836.2173,10.88685,11.36801,1.31851,0.79387,7.70982,11.94732,11.91579,32.56573,2.49196,48.29255
PEG,26.6626,5.23392,28.64683,0.88377,-1.29,-6.6653,-89.87342,360.0,3.70294,159.89447,-0.83,3010.0,-45.51404,159.89447,-6.6653,-4.30282,0.41318,-1.08027,-1.58254,-4.26008,-4.26008,57.65982,54.61667,136.1823
PSA,0.0,148.96255,29.89241,1.51506,9.87,53.53879,0.0,0.0,0.0,56.91574,9.91,2714.396,52.38509,43.9172,53.36459,47.34255,1.51506,8.24106,8.4764,39.05923,21.77324,44.45279,148.96255,80.61086
PHM,0.0,295.0067,30.03905,5.06538,7.43,13.97528,44.38589,2614.892,18.77586,43.43629,7.58,3782.422,1.61126,38.34703,13.97528,14.11213,0.84939,12.44682,15.85606,27.68689,27.68689,26.84123,1.05084,36.68901
PSTG,0.48753,3.66316,2.69435,2.50859,-1.05,-16.74858,52.078564,-159.067,-9.44478,52.078564,-0.95,1149.824,9.57226,52.078564,-16.74858,-15.10723,2.25387,-5.52481,-9.28084,-35.70302,-35.70302,54.77565,52.078564,121.11983
PRSU,415.5912,9.24091,0.30565,1.12842,-5.04,-18.38866,17.766594,-29.823,-5.87831,17.766594,-5.58,-46.532,-13.86671,17.766594,-18.2629,-22.44912,0.90318,-5.24386,-6.68719,-182.3469,-34.68361,71.08916,17.766594,251.8556
QGEN,-3.30156,5.8846,14.46017,1.39021,2.34345,22.76541,18.55319,859.155,38.15657,44.44444,2.52371,1517.938,19.22578,42.7105,22.76541,24.09779,1.01891,6.93836,8.3954,17.39278,17.39278,39.7195,2.37484,65.89114
QUAD,-9.29592,7.77927,2.51934,0.84537,0.71,1.27685,-7.01893,235.8,7.96514,46.987038,0.49,570.5,5.87463,46.987038,1.27685,0.84911,0.56619,2.57027,4.5338,34.22363,34.11552,87.19581,3.95081,46.987038
KWR,15.47078,4.3829,77.51545,2.1378,6.77,6.89495,22.84814,266.121,15.11057,204.95496,7.24,596.141,3.73759,206.03914,6.89143,7.31951,1.3842,3.85391,4.93726,8.96487,8.96555,40.11331,3.49337,66.98201
NX,21.85394,10.96766,12.61554,1.57624,1.7,5.31456,21.2871,126.762,11.82317,45.29915,1.77,240.608,4.70368,48.01538,5.31456,5.4798,0.93905,7.45524,9.98649,14.69426,14.69426,20.23675,0.84018,25.37103
PWR,32.61463,3.52069,35.84209,1.4953,3.34,3.79025,21.60011,1131.9,8.7202,8.79479,3.96,1953.259,3.48807,9.05753,3.74382,4.29626,1.40131,4.1817,5.95632,10.27773,10.39486,43.88873,3.53593,78.21731
DGX,-5.39474,7.29412,54.15126,1.56361,15.55,19.28068,15.65288,2852.0,26.43678,48.51958,14.26,4217.0,14.44661,39.413,18.49277,16.52299,1.34284,11.05402,13.41972,30.2204,30.92247,41.50994,1.63289,71.83403
RBC,-11.81088,4.918,48.75727,8.2527,3.58,14.71845,-18.69292,153.224,25.1606,-29.24901,3.89,234.1,20.90617,-28.88302,14.71845,15.87404,4.05031,5.4641,6.14222,7.635,7.635,4.04247,0.33817,4.21277
REVG,-6.97776,10.75825,8.03295,1.74142,0.69,1.86492,112.94326,120.1,5.04452,30.132917,0.88,291.0,4.49219,30.132917,1.86492,2.34301,0.59886,4.31761,6.91089,8.95974,8.95974,31.16625,1.95587,45.27756
REX,52.00093,22.8166,21.40537,8.41819,0.16333,1.50679,5.37144,17.106,4.58795,-58.47458,0.16333,19.533,0.22315,-59.59338,0.80489,0.81048,6.76985,-0.48477,-0.51702,0.76382,1.26135,2.73951,0.71986,2.81667
RH,21.42755,52.55731,21.29202,0.86964,9.96,9.53737,33.88272,563.507,19.77218,9.81257,16.16,1327.931,18.13406,23.34203,9.53737,11.15267,0.19805,11.80778,15.95128,116.73971,116.73971,78.39614,2.8787,108.329865
RLJ,132.9612,35.38416,12.19615,1.94713,-2.01,-39.56941,0.0,0.0,0.0,18.991907,-1.35,184.718,11.07794,18.991907,-38.81641,-28.16104,1.94713,-0.64479,-0.6711,-14.09462,-12.19653,51.19889,18.991907,104.91336
RPM,12.96563,4.92993,13.43694,2.08951,3.87,8.2456,22.26478,888.157,14.54496,65.38462,4.43,2405.159,6.63288,65.13396,8.23156,9.3104,1.17516,7.83051,10.89668,33.47038,33.48087,60.73232,3.03528,154.66238
RTX,9.57519,3.20283,48.93121,1.18621,2.58,6.43754,0.0,8962.0,13.91874,984.5359,3.08,12491.0,8.72465,984.5359,6.00112,7.1829,0.81396,1.81382,2.71756,5.36662,5.57937,30.99527,3.74392,44.93866
RDN,-1.32856,6.88356,24.27757,16.12694,3.16,45.16554,49.89618,872.087,65.5738,58.0,3.2,1176.312,26.99331,52.59942,45.16554,45.32442,12.23334,6.7518,9.03884,14.06205,14.06205,27.48239,1.85071,37.89754
RL,62.93757,12.08015,35.57924,2.65523,-1.65,-2.75177,-53.79494,416.4,9.46192,162.75226,0.59,2890.7,8.13915,162.75226,-2.75177,0.98539,2.11377,1.39114,1.73736,-4.57197,-4.57197,58.16158,8.69477,139.01474
RRC,86.73657,8.08988,8.34957,0.63921,1.61,14.05279,250.57819,1031.075,35.1876,168.48369,1.75,1963.395,12.93899,168.48369,14.05279,14.50431,0.62101,6.4399,8.37003,22.11959,22.11959,58.74367,2.88021,142.38705
RNGR,247.40741,4.85265,13.48961,1.02434,0.63,-0.71648,-72.47191,4.9,1.67178,13.299145,-1.08,29.8,-10.45292,13.299145,2.93415,-4.37011,0.91918,-6.29241,-7.11292,4.90868,-0.96886,27.19555,18.95918,37.35424
RJF,17.53407,0.3821,40.07505,1.19469,6.63,14.38951,64.19476,2192.0,22.11907,70.58319,7.24,9254.0,96.91095,71.51589,14.15742,15.02793,1.00195,2.35204,11.23951,18.26942,18.42496,30.97514,1.69982,44.87535
RYN,-38.84112,28.05555,12.18779,1.94817,1.08,18.96968,57.58784,411.413,37.0777,300.0,0.96,313.482,5.47586,311.3634,13.74824,12.18285,1.71988,4.33958,4.64465,9.39974,10.67875,42.98385,3.57216,80.94568
RMAX,15.42771,10.20809,27.02723,1.4415,-0.84,-7.46737,12.37366,85.168,25.83189,25.17886,1.87,247.31,29.08086,25.17886,-4.73641,10.60061,1.332,5.08837,7.04949,-3.04424,-28.84187,87.95487,5.92165,25.17886
O,82.88984,3.54606,42.37136,0.73417,0.87,17.24809,0.0,0.0,0.0,-23.68421,1.37,1947.964,52.31801,-9.11031,17.18637,27.15315,0.7225,1.8084,1.89266,1.99487,1.99599,38.82482,98.76351,63.46499
RWT,45.05517,0.05257,12.06426,5.96439,2.37,55.59202,-13.2935,391.544,68.10337,69.129974,2.76,517.624,69.129974,69.129974,55.59202,54.3574,5.96439,1.87655,1.90751,25.5999,25.5999,90.42678,33.43867,69.129974
RRX,81.89815,6.25768,93.3713,2.48589,4.4,5.67147,47.42177,669.0,17.55767,-5.17241,8.13,1123.8,3.29863,10.8822,5.50875,10.09236,1.33169,4.18948,5.14434,4.74013,4.84144,24.27105,3.04215,32.04989
RM,27.8253,0.39246,28.88598,11.1514,8.33,20.70428,75.58333,152.308,35.55682,247.08333,8.96,329.011,-39.92827,231.78825,20.70428,20.98854,11.08143,7.09026,7.34695,31.9674,31.9674,79.95319,7.4037,58.96326
RF,0.0,518.4351,17.69493,0.83934,2.49,38.27236,87.51727,4071.0,61.80355,141.74757,2.53,6960.0,260.89835,130.43877,38.27236,36.71899,0.83206,1.6398,11.70177,15.22251,13.83758,13.80867,0.7212,16.02095
RGA,2.64295,1.35181,193.74432,2.27809,9.04,3.81594,0.0,403.0,2.49242,43.26466,7.26,2460.0,2.89907,48.6747,3.81594,3.0449,2.27809,0.24388,1.20886,4.50925,4.50925,25.03888,10.7866,33.40249
RS,81.6906,10.80236,98.47749,3.9062,21.97,10.05726,131.10738,2197.6,15.59323,288.16254,22.59,4504.0,1.53619,282.8231,10.02604,10.13299,1.86244,13.93911,16.46691,25.22786,25.27371,23.46329,0.85006,30.65625
RNR,31.95712,0.71613,132.16966,3.16292,-1.57,-1.94934,0.0,0.0,0.0,18.47724,-1.57,227.77,-30.78115,18.47724,-0.75673,-1.39564,3.16292,-0.07282,-0.20049,-0.6221,-0.97923,10.6556,18.47724,18.32519
RNST,0.0,67.39849,39.63435,0.87577,3.12,25.45496,46.34562,320.513,46.38441,110.81081,3.18,653.153,67.39849,110.26886,25.45496,25.82453,0.84301,1.17386,6.823,8.1008,8.1008,19.99304,1.72294,24.98913
RSG,16.50325,9.5611,28.30675,0.70823,4.04,11.44135,10.48472,3341.5,29.58389,33.77483,4.17,4557.3,11.10392,33.41605,11.42452,11.77018,0.63645,5.416,7.18518,14.77884,14.79578,52.26433,2.94227,109.48695
RMD,29.14511,5.76378,19.81269,1.72715,3.24,14.84301,11.9289,1077.488,33.70494,-24.12178,5.06,1889.427,25.89467,-23.67302,14.84301,23.00044,1.04144,12.31258,15.34279,17.63072,17.63072,21.5719,0.73664,27.50531
QSR,3.09917,11.6765,7.2389,0.96699,2.69,21.83307,17.51947,2113.0,36.81826,68.125,2.68,2374.0,23.68008,72.42798,14.60185,14.47639,0.87008,5.22565,6.64897,38.05631,33.08688,79.06888,6.88831,215.4208
RVTY,-11.36836,4.65112,56.56835,2.01095,8.08,18.61558,47.60669,1831.861,36.15157,24.30769,9.37,2469.188,22.11694,29.57465,18.6131,21.48075,1.35377,8.02374,10.06402,17.34496,17.34496,42.18153,2.84405,72.95511
REXR,0.0,31.753101,28.83854,1.12598,0.8,30.12706,0.0,0.0,0.0,56.86275,0.81,344.517,54.14298,67.84812,28.35697,24.94902,1.12598,1.52315,1.59193,3.36074,3.16914,21.7019,31.753101,27.71702
RHI,37.88043,7.60683,12.4772,1.66968,5.36,9.26459,94.92578,796.956,12.33402,98.51852,5.42,2696.028,8.97766,95.45312,9.26459,9.26747,1.54466,16.84515,29.4259,46.29136,46.29136,16.10311,0.33261,19.19393
ROK,14.04211,5.23444,20.6,1.0238,11.58,19.21142,9.26947,1407.5,20.11461,32.04105,11.23,2897.7,15.6292,32.70471,19.40864,18.61663,0.69758,8.47211,14.10943,79.48148,66.53468,61.9343,3.11432,162.70369
ROG,24.04159,5.17267,59.73812,3.56248,5.73,11.59123,16.45367,182.066,19.51643,114.60674,6.79,349.1,6.54438,116.30926,11.59123,13.63334,2.65433,6.0602,7.28162,10.10754,10.10754,15.68726,1.14344,18.60604
ROL,10.44831,15.35417,2.19968,0.71744,0.71,14.4655,18.79252,542.194,22.36497,33.96226,0.68,1261.683,14.78234,34.4535,14.4655,13.80179,0.57768,14.63339,19.69485,34.663,34.663,27.12539,0.74283,37.22201
RCL,0.0,-271.72272,19.95744,0.49416,-20.89,-271.72272,-271.72272,-2495.455,-162.87457,-271.72272,-19.88,-1165.0,-145.81674,-271.72272,-271.72272,-271.72272,0.42684,-7.31637,-8.52678,-75.9846,-75.9846,81.00955,-271.72272,-271.72272
R,22.53197,7.61404,52.01707,0.76874,9.7,5.39792,4.65979,2409.172,24.93205,215.0463,9.61,1802.0,1.12703,215.0463,5.37145,5.20512,0.66796,2.87187,4.07483,20.64303,20.64303,71.25424,2.87878,247.87733
RHP,58.61631,7.86628,-0.40853,1.87887,-3.21,-20.80996,0.0,0.0,0.0,0.982745,-3.24,227.936,12.97404,0.982745,-18.90471,-19.0528,1.70954,-1.17118,-1.36702,-193.33469,-130.56674,100.73948,0.982745,0.982745
SPGI,3.57815,5.11687,8.43154,2.30931,12.51,39.32747,18.89824,4662.0,56.18898,29.50311,13.48,6117.0,33.45336,29.28602,36.44691,39.12238,2.1405,20.33523,30.55495,238.01653,73.42484,45.92694,1.00858,223.16089
SFL,-38.14824,9.08834,7.09,0.6253,1.3,32.01096,13.95579,344.412,67.08506,53.253677,1.35,352.311,-52.89533,53.253677,32.01096,32.11758,0.58401,3.93136,4.01654,18.48651,18.48651,71.07179,7.00735,245.68336
SLG,0.0,43.86231,70.86682,1.99256,6.50309,60.84119,0.0,0.0,0.0,29.62145,6.59584,440.216,45.27354,21.20952,56.93247,54.88923,1.99256,0.55522,0.59625,9.74466,8.88841,48.31259,43.86231,99.93941
SM,70.47037,13.81001,16.93006,0.6895,0.29,1.38126,212.50516,1920.168,73.20799,212.50516,0.32,2136.878,37.58749,212.50516,1.38126,1.45236,0.65209,13.59865,16.48184,1.77624,1.77624,50.52741,1.09736,102.13215
SPXC,-28.50666,4.03007,24.25662,2.05552,1.27,4.83805,-21.80043,144.2,11.82452,-42.27273,2.28,434.4,12.1843,337.65433,34.88315,8.46732,1.47713,2.6186,5.22542,6.81254,6.81254,20.54607,1.97781,25.8591
STAG,20.31467,6.56118,18.71924,0.80369,1.15,34.93491,0.0,0.0,0.0,-12.87879,1.19,454.173,55.65801,-4.85439,34.20609,34.59059,0.80369,2.00542,2.08027,6.44453,6.37286,39.88286,33.413033,66.3419
SAFE,36.19738,0.24401,29.71225,19.4743,1.35,37.95119,21.79695,154.972,80.17466,15.38462,1.35,190.63,-84.35665,23.32277,37.83013,37.8314,19.4743,2.4507,2.53763,4.77709,4.7844,61.59793,17.44256,160.4026
CRM,24.76219,2.8553,45.15016,1.23471,4.38,19.16055,64.98221,2318.0,10.90721,2820.0,2.4,15814.0,31.44469,3131.746,19.16055,10.25409,1.14108,0.6578,0.90718,10.80421,10.80421,13.38663,2.76661,15.45562
SBH,-8.33661,113.61462,2.48635,2.08094,2.1,6.18989,39.96352,560.922,14.47542,112.12121,2.46,1954.778,8.03752,111.8045,6.18989,7.15165,0.70319,10.03787,12.5742,161.96555,161.96555,87.37588,3.46413,146.7011
SD,36.57401,9.63251,6.68908,2.52581,3.13,69.124,37.467617,113.672,67.30854,37.467617,3.23,122.965,34.45009,37.467617,69.124,69.60445,2.51478,20.0057,31.21187,62.52906,62.52906,0.0,0.0,0.0
BFS,-8.81621,4.1233,9.23024,0.63502,1.57,25.76955,0.0,0.0,0.0,25.6,1.57,177.597,43.41863,19.82814,20.22681,15.52399,0.63502,3.94566,4.11366,24.23242,12.87009,68.3186,28.958023,215.64261
SLB,1.29598,4.34179,10.69132,1.22155,1.32,8.40857,28.51881,4885.0,21.3049,401.71277,1.33,3658.0,10.71351,401.71277,8.20359,8.12072,0.8161,4.11728,5.69577,13.89474,13.88299,49.54283,3.07247,98.18788
SNDR,29.54268,7.44946,13.64322,1.8089,2.28,7.22806,40.25381,828.9,14.77883,91.59664,2.29,1057.7,0.94006,91.4974,7.22806,7.25131,1.70936,8.93372,12.79176,18.10104,18.10104,12.45395,0.41597,14.2256
STNG,38.7272,16.97036,31.47041,0.54035,-4.28,-43.35079,-75.33511,118.205,21.858,21.677109,-4.17,202.491,26.09128,21.677109,-43.35079,-42.19381,0.50865,-1.11216,-1.12376,-12.014,-12.014,62.92018,26.36991,169.68848
SMG,1.81129,10.27969,18.22482,1.77482,9.03,10.50355,20.58866,844.0,17.13706,33.18584,9.47,1493.7,0.94137,32.2922,10.40609,10.71023,0.63793,11.46324,15.64533,60.38001,60.28435,71.91986,3.075,256.12357
SDRL,35.2,6.85714,-37.01785,1.5869,-5.9,-58.73016,-3.717606,49.0,4.86111,-3.717606,-2.69,54.0,-21.16816,-3.717606,-58.23413,-26.78898,0.51819,-1.69005,-3.717606,-3.717606,-3.717606,-3.717606,0.71429,-3.717606
SEE,14.58333,9.50906,1.67928,1.03104,3.22,8.87636,6.37454,1073.0,19.38993,3.87097,3.58,1680.9,8.40042,0.7755,9.15826,9.76223,0.64515,9.00058,13.79553,233.23837,233.23837,93.81728,3.51706,149.6245
WTTR,79.93694,4.2219,6.2856,2.43635,-0.48,-6.55031,3668.3157,35.799,4.68193,176.77754,-0.53,110.888,-3.94748,176.77754,-5.52235,-6.04951,1.96815,-3.87958,-4.58765,-7.12759,-7.14961,8.83036,1.88084,9.68563
SRE,31.24208,7.04686,39.58728,0.43597,2.005,11.37902,4.5788,4705.0,36.59485,-39.05775,4.06,4702.0,-1.7928,-66.48869,10.25123,19.68928,0.30364,2.56909,3.48643,5.81667,5.58898,47.85577,5.34835,91.77578
ST,13.31681,6.21226,19.60566,3.67948,2.28,9.51579,38.45954,907.27,23.74551,119.23077,2.59,1293.901,7.32796,121.30918,9.51579,10.72156,2.82495,4.92301,5.72643,12.53677,12.53677,58.12185,4.73411,138.788
SXT,11.52726,5.57398,22.42514,3.19043,2.81,8.60306,-0.51089,220.246,15.9568,8.49421,2.79,454.661,8.43164,8.47066,8.60306,8.50525,1.23485,6.03048,7.09838,12.68128,12.68128,36.45422,2.44429,57.36687
SRG,0.0,3.8441417,15.76167,1.68039,-0.78,-33.39415,0.0,0.0,0.0,3.8441417,-0.78,27.194,-102.53015,3.8441417,-24.11215,-28.32446,1.57028,-3.76488,-3.95347,-4.21163,-4.51339,63.44917,3.8441417,173.59161
SCI,-4.04108,57.43875,11.7062,0.60564,4.72,19.3875,32.71926,1345.115,32.46605,63.88889,4.82,1323.075,16.25542,55.63638,19.37995,19.4913,0.54398,4.82431,12.61064,43.85017,43.86874,68.0215,3.01951,212.71005
NOW,37.70352,4.91453,18.51128,1.05476,1.13,3.90095,36.86866,663.0,11.24491,91.52542,1.24,4543.0,38.86766,94.08791,3.90095,4.16616,0.95171,1.76164,3.15986,7.04497,7.04497,37.46827,3.33937,59.91881
SFBS,0.0,57.187943,21.23509,0.96301,3.82,46.18805,20.87478,307.306,68.32712,22.04473,3.83,377.286,57.187943,22.50706,46.18805,46.12194,0.96285,1.38286,7.78016,19.37937,19.37034,60.90951,5.84119,155.81673
SHAK,45.03898,106.99827,10.46278,3.3719,-0.22,-1.36655,468.18353,44.949,6.07507,52.474438,-0.2,247.289,-5.11912,52.474438,-1.16976,-1.0565,3.2606,-0.67434,-0.90418,-2.11911,-2.32412,61.16913,15.26592,157.52708
SHW,13.29515,8.77959,9.33278,0.88359,6.98,9.34789,-6.89377,3233.3,16.21141,-5.16304,7.45,8542.7,6.71385,-8.17573,9.34789,9.80529,0.45091,8.0984,12.02548,61.65344,61.65344,82.50721,3.55532,525.38525
SIG,1915.909,112.28571,22.75908,1.79217,-0.94,-0.2908,-34.54435,322.5,6.17001,193.06172,1.7,1733.9,18.22997,193.06172,-0.2908,1.69125,0.65883,1.46758,2.36874,-1.2599,-0.82784,47.69828,5.18233,91.1983
SLGN,14.81708,8.53144,14.15357,1.52192,3.23,6.32507,8.79915,795.671,14.01544,16.6065,3.42,918.416,6.44036,16.31209,6.32507,6.65047,0.89012,4.77257,6.60717,25.50682,25.50682,72.08162,5.07079,258.18695
SPG,-25.6385,5.46982,10.10191,0.43605,6.84,43.55567,0.0,0.0,0.0,90.52925,6.59,4143.625,47.33839,102.20239,38.14533,36.71689,0.43605,5.82287,6.53147,71.22387,63.74783,85.44189,215.41435,215.41435
SSD,39.9042,7.94255,27.39658,4.08351,6.12,16.93644,41.24818,409.946,26.05782,43.32553,6.15,755.03,4.91675,42.48503,16.93644,16.93655,2.17568,16.90791,20.34688,24.61471,24.61471,3.72889,0.11187,3.87332
SPNT,341.76083,1.19242,14.22652,7.15335,0.27,2.58357,8.62867,171.0,7.9174,-82.35294,0.3,257.2,-78.39846,-59.51699,2.69006,2.06503,7.15335,0.58562,1.66533,3.00443,2.74297,25.33035,4.96608,33.92322
SITC,-16.56896,8.54472,35.29605,0.46098,2.04,21.61745,0.0,0.0,0.0,537.5,2.04,429.494,50.42951,249.75224,21.53454,18.28493,0.4294,2.75119,2.89407,7.18355,6.2905,45.65276,65.63604,84.00197
SITE,34.49454,10.12438,23.62678,2.20082,5.2,6.85905,64.37786,395.0,11.36462,89.09091,5.41,1212.6,3.02673,96.53751,6.85905,6.93882,0.87892,10.23139,12.88149,25.73541,25.73541,36.45921,1.53646,57.37922
SKX,18.23056,9.33051,20.88707,2.33279,4.73,12.92564,155.89487,742.287,11.76331,639.0625,2.61,3124.371,-2.40414,652.3061,11.75089,6.43336,1.18132,6.22973,7.71565,25.83284,26.02637,31.9367,2.23904,46.92206
SMBK,0.0,25.440636,25.55675,0.92318,2.22,23.32066,31.0701,73.858,49.50899,37.03704,2.42,135.71,25.440636,42.98044,23.32066,25.26237,0.92148,1.0597,7.97926,8.84569,8.84569,24.50591,1.88735,32.4607
SW,0.0,0.0,0.0,0.0,0.0,0.0,0.0,0.0,0.0,0.0,0.0,2678.0,0.0,0.0,0.0,0.0,0.0,0.0,0.0,0.0,0.0,0.0,0.0,0.0
SNA,0.0,174.93654,78.26876,3.10874,14.92,18.28455,22.63379,1228.3,26.69231,30.41958,15.22,2382.8,15.20525,30.86124,17.83037,17.82728,2.15333,10.54573,12.97296,20.49508,20.90331,23.07495,1.02662,29.99667
SGI,9.33021,12.27789,1.52508,1.21094,3.06,12.68962,54.24645,998.9,20.25838,86.58537,3.29,2158.7,10.64533,79.04243,12.66529,13.14452,0.68369,14.54239,20.66152,158.39877,154.78046,90.65036,2.86335,170.44139
SAH,7.91948,32.08319,26.43289,1.10171,8.06,2.81453,63.50181,642.5,5.18296,137.67465,8.78,1914.3,1.25533,137.67465,2.81453,2.93252,0.42306,7.75992,8.83587,36.89711,36.89711,75.5102,5.1656,137.67465
SON,14.07201,7.38542,18.87075,1.08711,-0.86,-1.47951,-2.05236,760.538,13.60427,92.9519,3.33,1061.91,2.41098,92.9519,-1.52899,5.93325,0.67018,6.29743,8.50421,-4.57457,-4.39944,50.54275,2.48526,102.19482
SSB,0.0,155.13286,69.27451,0.85594,6.71,33.04548,121.88042,908.445,63.12784,206.39268,7.63,1552.7,155.13286,294.20966,33.04548,37.32298,0.85025,1.32494,8.83237,10.06353,10.06353,20.31171,1.3476,25.48895
SO,5.72172,9.73999,26.29623,0.8209,2.24,9.99005,1.24668,8771.0,37.94834,-23.54949,3.41,10247.0,-5.72622,-23.16528,10.41838,15.65357,0.43586,2.59813,3.79218,8.62372,7.09457,63.0076,6.32425,170.32579
SCCO,28.89581,8.74728,10.13536,2.72871,4.22109,31.19781,75.10895,6871.1,62.84102,116.25616,4.22109,7147.8,32.88657,116.32068,31.06886,31.03967,2.19356,21.51105,24.88071,44.19279,44.06154,47.62661,1.08627,90.93667
SBSI,0.0,40.15881,28.19523,0.62655,3.47,42.74074,29.17206,161.726,60.95438,40.48583,3.51,255.857,40.15881,38.03635,42.74074,43.07149,0.62627,1.31682,5.42988,12.68844,12.68844,37.30341,3.35584,59.49832
LUV,74.07407,142.25224,17.58765,1.96814,1.61,6.18746,139.84612,33.0,0.20899,139.84612,-2.33,2333.0,3.4943,139.84612,6.18746,-8.73566,1.83992,-2.18417,-3.53838,10.1296,10.1296,54.11324,139.84612,117.92779
SWX,31.00623,5.27059,48.8865,0.51888,3.39,5.6298,2.39156,773.088,21.00525,-18.11594,3.83,820.931,-17.2499,-13.57802,5.45528,6.15483,0.32606,2.33736,3.26385,7.13402,6.91687,67.14498,8.32851,217.97784
SPB,-50.42906,8.00027,35.12888,2.50288,0.35,0.51032,-40.95804,318.0,10.60672,-81.28342,2.28,1036.5,-38.05702,93.86503,6.32401,3.24726,0.42952,2.40484,3.12092,1.04883,1.05707,63.45622,8.0761,173.64435
SR,188.21329,10.77349,46.74857,0.81857,4.96,12.15388,20.09777,663.3,29.67121,244.44444,4.97,823.4,-34.52472,206.65913,12.15388,11.4718,0.37344,3.19788,4.644,11.57032,10.46268,58.28056,5.61903,140.21143
SPR,3.04247,4.73867,4.26798,2.02879,-5.19,-13.68075,-15.565539,-80.8,-2.04402,-15.565539,-5.19,-105.8,13.81672,-15.565539,-13.68075,-13.6807,1.27809,-3.16664,-5.59103,-82.89393,-82.83045,89.63031,-15.565539,-15.565539
JOE,21.96029,12.21737,10.31552,2.3783,1.27,27.69437,86.99414,111.959,42.04307,64.93507,1.19,135.682,-22.17406,64.92932,27.99629,26.31311,2.26447,5.21922,6.06195,12.87588,12.35047,39.08419,3.58803,64.161
SMP,-8.80382,6.86037,27.31475,1.49297,4.39,7.65474,14.48217,158.338,12.19095,24.71591,4.56,376.931,2.69491,58.35729,6.9976,7.77557,0.4248,7.60588,11.9225,17.25154,17.09935,21.74031,1.07483,27.77971
SXI,16.40214,5.65247,42.04791,2.60503,3.14,5.87338,11.70465,109.198,16.64015,-5.13595,4.47,241.261,9.30917,80.66673,5.55794,8.2802,1.90672,5.16335,6.75061,7.96296,7.96296,31.83033,2.16546,46.6928
SWK,7.05519,11.08625,67.16627,0.97251,9.62,10.23615,1.08309,2529.2,16.19497,28.95442,10.96,5112.9,-2.77034,36.91036,10.81628,11.14162,0.19512,4.8617,7.29571,15.49215,14.11019,37.79199,2.78448,60.75101
STWD,51.67865,0.07759,19.92171,7.483,1.52,41.54565,0.0,0.0,0.0,31.03448,1.56,604.404,56.05452,34.98759,37.77543,37.63458,7.483,0.48664,1.93799,8.47875,8.55546,71.92242,56.05452,264.71252
STT,0.0,852.25323,69.36661,0.5689,7.19,22.3857,3.71567,7062.0,58.70324,13.76582,7.44,12060.0,112.53325,11.28099,22.3857,21.80452,0.56652,1.1834,8.11336,10.96588,10.05545,36.9429,2.27004,58.58641
SCS,-27.41676,8.07904,8.35886,2.0299,0.22,1.00532,-46.77612,178.3,6.86773,-86.74699,0.43,773.4,0.76699,-86.9304,1.00532,1.90305,1.57204,2.36818,3.42698,2.7034,2.7034,43.08823,4.07852,75.71057
STEL,0.0,38.50171,28.30437,0.8152,2.82713,31.15731,46.96992,140.127,53.53549,80.63063,2.89763,239.448,38.50171,79.10353,31.15731,31.72796,0.8152,1.25975,8.04473,10.35504,10.35504,20.39437,1.49274,25.61925
SCL,39.23563,6.5088,47.91227,1.825,5.92,5.87796,14.60149,266.9,11.37698,8.62385,6.15,395.81,-4.33112,8.70395,5.87408,6.00905,1.15636,5.76304,7.97795,13.37328,13.37126,28.78343,1.62665,40.41676
STC,0.0,126.662224,47.67073,2.14153,11.9,10.30688,75.11455,468.188,14.19357,91.31833,11.84,1871.918,9.27374,108.65434,9.79861,9.62752,2.14153,11.26377,17.07585,28.26401,29.47215,32.83326,1.35182,48.88321
SF,46.67877,0.30677,41.6268,0.86691,6.66,17.24531,55.44319,1185.831,24.79217,60.09615,7.44,4523.419,0.0,63.83394,17.24531,16.72702,0.81641,2.31244,9.33245,20.48389,17.78914,38.2154,2.62622,61.85264
SRI,9.97696,5.35982,10.88412,2.3738,0.12,0.44263,-32.11496,23.55,3.06047,13.338239,-0.56,168.413,-8.49557,13.338239,0.44263,-1.97323,1.36327,-0.93837,-1.27875,1.14954,1.14954,38.8874,7.9966,63.63237
SYK,0.0,713.383,39.40927,2.20202,5.21,11.65537,23.80828,4753.0,27.78232,24.04762,7.92,11262.0,15.9063,24.70294,11.65537,17.45289,1.32798,6.82088,8.50788,14.26272,14.26272,46.44323,2.71429,86.71775
INN,-59.18114,14.49475,8.91468,1.08029,-0.8,-18.94931,0.0,0.0,0.0,10.754781,-0.8,158.663,29.92555,10.754781,-18.11739,-23.09172,1.00814,-0.93093,-0.9605,-6.77191,-6.35256,49.54054,10.754781,98.17891
SUI,162.18088,9.07671,57.11436,1.25319,3.36,18.17348,0.0,0.0,0.0,150.74628,3.52,1137.1,25.53728,188.83858,16.69826,17.40706,1.14634,2.34493,2.46183,6.25807,6.40897,45.26566,84.397484,86.25023
SXC,67.60259,23.50283,5.99456,1.49232,0.52,3.35165,33.47826,276.3,18.97665,1200.0,0.78,337.2,6.82435,1072.973,2.98077,4.44643,0.77607,5.47804,7.53076,8.97529,9.41812,53.87266,2.26312,116.79118
SHO,235.43077,27.28261,8.74336,1.60503,0.06,6.48478,0.0,0.0,0.0,25.858505,0.12,190.285,8.98796,25.858505,6.74087,5.10125,1.08928,-1.49182,-1.55966,1.81646,1.52432,22.22777,25.858505,28.58061
SYF,0.62847,0.21931,24.52594,1.32389,7.34,26.7966,126.70895,6434.0,40.84561,223.34802,7.51,9466.0,-9.15281,204.76534,26.7966,26.91814,1.25868,3.94114,13.3391,33.91996,32.03066,51.51268,2.25474,106.23947
SNV,0.0,175.85497,32.82294,0.83912,4.9,36.15402,45.38489,1270.616,60.40746,113.04348,4.99,2089.264,116.22894,103.49938,36.15402,34.88312,0.83803,1.42176,11.88413,16.20801,14.54307,21.70476,1.15563,27.72168
SYY,30.68752,15.37,3.034,1.46637,1.02,1.02189,-10.46302,2124.983,4.14244,142.85715,1.39,9356.749,2.36832,143.28065,1.02189,1.38382,0.93021,3.93513,5.83966,38.66548,37.70797,88.15994,5.56251,521.7876
SNX,126.81572,4.6539,82.72358,1.24595,6.24,1.24966,-27.26295,884.932,2.79916,-38.88345,7.58,1889.534,-1.08864,-25.34035,1.24966,1.49228,0.73235,2.23462,4.5459,6.45283,6.45283,36.77774,5.19709,58.17214
TEL,23.18048,5.62601,32.516,1.55992,6.77,15.1109,42.03195,3467.0,23.23259,395.0505,6.52,4887.0,11.78215,395.0505,15.15111,14.41801,0.88724,8.28543,11.47265,22.53085,22.27931,29.71488,1.31064,42.73086
TJX,19.38534,75.84839,4.84162,1.45685,0.07,0.28151,-74.81746,1328.23,4.13303,-97.37828,0.18,7603.0,11.11556,-97.23519,0.28151,0.67208,1.01512,1.06951,1.51692,1.53588,1.53588,72.66285,11.67225,265.8026
TRTX,9.18728,0.05163,18.97671,12.65136,0.87,57.55626,42.57142,208.914,86.78678,42.57142,0.92,161.941,-130.84483,42.57142,57.55626,29.41985,12.65136,2.57874,2.60419,10.14425,9.45361,71.68339,17.74844,253.14957
TXNM,7.1717,10.17239,25.25222,0.4887,2.27,11.90237,4.96336,606.768,34.09052,5.5814,2.42,909.754,-23.00086,13.30271,11.03208,11.70249,0.30324,2.42869,3.45394,9.31266,9.73011,63.3766,6.37265,173.04948
TALO,28.53706,6.95085,9.28974,0.56618,-2.24,-14.70037,11181.609,868.007,69.74521,603.7925,-2.08,957.576,35.78601,603.7925,-14.70037,-13.66606,0.48178,9.23624,13.70066,-21.68636,-21.68636,57.30617,1.17625,134.22586
SKT,-25.29551,5.87056,4.59168,2.30373,0.08,2.20315,0.0,0.0,0.0,35.782703,0.6,315.325,44.036,35.782703,2.10173,13.88799,2.30373,3.27425,3.5559,2.22576,2.22623,74.83108,35.782703,297.31546
TPR,3.56958,29.2061,11.66118,2.3673,2.95,14.51717,200.54895,1314.0,22.86689,271.54468,3.03,4081.9,18.0973,271.54468,14.51717,14.65355,1.73278,8.39614,10.16471,30.13892,30.13892,51.35155,2.61827,105.55641
TRGP,54.3695,15.44612,8.81514,0.76998,-0.07,2.4903,6.71707,2202.0,12.9913,260.27316,1.53,3220.3,8.00946,260.27316,0.42006,2.06349,0.64842,5.33797,6.24006,3.05206,6.95788,52.84367,3.01699,112.06059
TGT,0.0,1611.2925,28.82943,1.03135,8.64,4.66861,27.67426,9250.0,9.8866,36.2776,9.84,27384.0,7.16912,33.13014,4.66861,5.26491,0.4793,8.99343,15.27612,33.25087,33.25087,51.13202,1.63341,104.63296
TMHC,0.0,136.97693,32.22297,5.95765,5.18,9.09669,85.51713,887.039,11.82519,175.53192,5.26,1556.525,-0.47613,172.35817,8.83886,8.84071,0.79693,6.67703,7.86727,17.84632,18.04075,46.11437,3.83106,85.57823
TISI,-4.48251,4.48855,16.61605,1.91749,-60.1,-21.27018,-10.39794,-24.616,-2.8147,-10.39794,-41.8,171.496,-0.24873,-10.39794,-21.27018,-14.80476,1.61867,-5.75896,-7.38231,-139.61722,-139.61722,90.08514,-10.39794,-10.39794
FTI,-60.17556,4.00006,7.54981,1.38675,0.19,1.35863,-50.86939,486.0,7.5896,59.993587,0.53,823.9,-46.03791,59.993587,0.2077,3.72866,0.79171,0.42322,0.80532,2.3237,2.26669,45.28897,5.82243,82.77849
TECK,50.99085,8.18767,43.06335,1.62314,4.196,21.62303,664.8477,4762.582,44.70737,448.6948,4.25922,4120.143,-8.57503,448.6948,21.27439,21.28412,0.90798,6.05357,8.69831,13.3259,13.10672,28.18693,1.5482,39.25041
TK,-44.89763,4.21403,5.07084,1.53923,-1.01,-40.65344,-1.0776333,-18.031,-2.64187,-1.0776333,-1.14,56.356,-1.0776333,-1.0776333,1.14372,-17.06205,0.06819,-1.1511,-1.58831,-20.60719,-11.31631,29.46276,-1.0776333,41.76909
TNK,13.48821,14.03514,24.81316,1.56215,-7.16,-44.68782,-98.69874,4.357,0.80333,2.8831327,-7.16,48.072,-10.94503,2.8831327,-44.68782,-44.6986,0.62448,-3.67618,-3.98823,-25.28245,-25.28245,43.82277,150.10994,78.00807
TGNA,16.6181,5.01426,11.38138,2.0995,2.14,15.98737,-7.43762,948.11,31.69778,-2.28311,2.16,1392.334,11.8221,-1.20614,15.94584,15.99578,1.90537,7.44804,8.8339,20.83682,20.75029,56.78815,3.51521,132.25919
TRC,40.96254,10.05206,16.70956,4.03796,0.2,9.60567,6.441549,4.334,7.79314,6.441549,0.2,9.583,-27.09888,6.441549,9.61646,9.47368,3.44367,-0.03003,-0.03214,1.22786,1.18469,10.33702,12.14352,11.52875
TDY,73.65807,5.40348,163.23996,1.62133,10.05,9.65044,99.62729,1231.9,26.69744,-5.36723,15.11,1947.8,15.56222,10.79871,9.65044,14.14628,1.04011,5.5092,6.70591,8.20784,8.20784,35.88331,3.4627,55.96563
TFX,-2.91138,7.21659,80.12693,2.10128,10.23,17.26671,22.63781,850.752,30.28058,44.08451,10.23,1549.602,26.14485,44.74777,17.27578,17.03105,1.21839,5.46721,6.57207,13.68227,13.68227,34.62059,2.33707,52.95335
THC,7.31125,5.60962,9.59054,1.38481,8.43,7.58019,45.29551,3073.0,15.77111,124.8,9.13,7268.0,6.88671,129.07268,4.69079,5.00583,1.2294,5.06995,6.79152,173.29546,41.33781,79.75556,5.45753,479.7607
TNC,8.18833,5.36283,23.40437,1.81467,3.44,5.94976,21.82131,141.8,12.99963,90.05525,3.74,438.0,7.5518,92.5816,5.94976,6.34305,1.15398,5.17069,7.37152,15.47818,15.43034,41.55809,2.18195,71.11009
TDC,2.0649,5.59708,4.29105,1.07067,1.3,7.66823,55.47445,426.0,22.22222,12.06897,1.61,1197.0,22.3722,13.95349,7.66823,9.12081,0.99129,7.93787,16.68675,34.18605,34.18605,55.42636,1.34272,124.34783
TEX,20.82342,8.37763,16.03468,1.94285,3.07,5.59586,102.92172,368.1,9.47052,2261.5386,3.51,757.4,2.52939,162.86246,5.68334,6.2943,0.90889,6.81899,9.85294,21.41697,21.41697,40.88439,2.08476,69.16006
TRNO,22.15385,6.17042,27.41429,2.08795,1.23,39.17092,0.0,0.0,0.0,6.03448,1.23,165.682,53.43313,9.3477,39.17092,38.94772,2.08795,2.18899,2.29512,4.78609,4.78609,26.03043,21.279947,35.19072
TTI,42.32966,5.00093,0.78546,2.1658,-0.13,-4.32815,-51.13282,20.21,5.20511,15.551484,-0.12,93.32,-4.08261,15.551484,26.61356,-3.91278,1.26365,-1.08516,-2.73563,-37.17579,-19.8143,66.01698,9.47417,194.26459
TXT,3.25048,5.82408,31.41494,2.36717,3.3,6.03295,13.97059,1240.0,10.01454,144.44444,3.34,2067.0,8.31247,141.42395,6.02488,6.04518,1.25831,3.45379,5.01626,11.80095,11.80095,37.83636,3.34516,60.86574
TMO,38.21075,5.08672,103.42135,1.49695,19.46,19.70876,26.73655,12936.0,32.99074,21.92983,21.78,19638.0,14.20265,21.17647,19.7011,21.88498,0.99993,7.87574,9.62283,20.51793,20.47586,47.00062,2.80914,88.94627
THR,-19.43922,3.30797,11.41158,3.94463,0.03,0.42183,-50.31015,30.28,10.96382,-91.66667,0.06,112.636,6.19607,-90.24125,0.42183,0.71985,2.38075,0.96446,1.10863,0.32111,0.32111,29.858,5.33028,42.56793
THO,9.22927,16.09913,52.77324,1.56204,11.85,5.36535,96.001,1142.727,9.27735,194.77612,12.05,1894.973,1.25655,195.94122,5.35724,5.41328,0.77928,9.17611,13.08013,25.17815,24.96829,36.32188,1.47156,57.03981
TDW,0.0,3.7534108,16.97741,2.16961,-3.14,-34.94568,-24.96551,39.703,10.70067,3.7534108,-2.9,106.988,27.28383,3.7534108,-34.75944,-32.0527,1.94321,-3.98607,-4.93892,-16.93153,-17.00413,19.73912,4.34705,24.59371
TKR,5.62139,5.80912,30.44643,2.46877,4.79,9.23081,7.39084,696.0,16.84048,28.76344,5.05,1155.5,4.85978,29.73638,8.93078,9.27241,1.1663,6.46524,8.42274,16.59697,16.57651,39.75015,2.25388,65.97552
TWI,32.20803,7.94395,3.45269,1.80408,0.79,2.80253,188.67995,132.175,7.42467,44.027042,0.98,227.051,-0.50577,44.027042,2.78539,3.41858,0.83795,4.80765,7.44935,24.27331,23.28977,69.13076,3.84903,223.94705
TOL,0.0,157.96333,44.08222,4.60226,6.63,9.3289,73.25358,1138.354,12.73901,95.0,6.94,1969.435,7.55511,86.65074,9.3289,9.63806,0.81505,5.88156,7.3734,16.39343,16.23749,40.79146,3.23211,68.89456
TR,33.27429,11.87509,10.19203,3.35511,0.86183,11.44197,10.82718,84.703,14.83997,12.25843,0.86183,199.241,4.73748,10.73142,11.44512,11.4595,2.56396,4.18916,5.3898,8.52615,8.52642,2.02102,0.18722,2.0627
BLD,56.41386,6.36309,49.69885,1.61937,9.78,9.29423,39.16716,587.053,16.8393,31.80593,10.97,974.389,2.66476,31.16835,9.29423,10.32176,1.10195,8.97062,11.61696,21.70796,21.70796,50.70453,2.86722,102.85841
MODG,-14.66472,24.41749,19.88479,1.3461,1.82,10.27584,198.32526,381.737,12.18265,89.2,0.62,1131.8,6.34074,89.2,10.27584,3.34592,0.60308,2.90278,3.37748,14.77502,14.77502,45.75879,8.139,84.36165
TTC,20.36874,15.24494,10.9417,1.58928,3.78,10.35159,14.3709,606.271,15.31148,24.75248,3.73,1338.5,9.14212,24.3187,10.35159,10.11172,0.76401,10.94582,16.24669,36.17716,36.17716,39.80723,1.25567,66.1329
TT,13.05674,5.78318,26.59878,1.36161,5.96,10.30814,22.35758,2360.4,16.69732,48.25871,6.17,4469.6,10.10211,66.49901,10.06904,10.41835,1.00021,7.13176,10.91064,22.80552,22.94767,45.72739,2.2392,84.25499
TDG,13.88889,5.93445,-52.8213,4.2273,10.41,14.19341,-4.45287,2017.0,42.03835,27.88698,10.57,2513.0,16.66371,-2.71817,14.17257,12.86553,3.39627,5.84726,6.61427,227.88628,227.88628,116.9314,9.96381,227.88628
TRU,23.64435,5.81172,20.37591,1.93957,1.84,12.51605,2.00795,1000.8,33.80853,2.7933,2.06,1937.9,32.99904,304.16666,46.85832,13.31951,1.77502,3.90919,4.67146,11.02616,11.15577,61.95297,6.51819,162.83261
RIG,-15.60892,4.75535,17.09369,1.87567,-0.93,-23.12207,-28.58617,692.0,27.07355,74.0359,-0.93,871.0,19.33196,74.0359,-23.16119,-23.17723,1.46124,-0.14711,-0.16147,-5.23038,-5.22062,40.70586,11.11705,68.65072
TNL,-6.04544,1.20826,-9.32154,4.06777,3.58,10.2859,49.60784,763.0,25.07394,136.64384,3.06,1570.0,22.54354,136.64384,10.12159,8.69832,2.74634,5.6246,7.78357,136.64384,136.64384,117.05693,7.14155,136.64384
TRV,0.02938,1.65604,119.76368,6.70669,14.49,10.82695,8.19255,4675.0,13.82196,37.73764,14.66,9475.0,23.32326,35.7805,10.82695,10.77081,6.70669,2.00491,6.54941,12.60846,12.60846,20.87488,1.63016,26.38211
THS,-32.25389,16.70888,33.07169,1.16688,-0.48,-0.62621,-24.77414,374.7,8.65838,47.60962,1.72,484.5,9.38453,47.60962,-0.28884,2.22174,0.48114,1.87979,2.45376,-1.46076,-1.46076,53.08504,5.57273,113.15162
TREX,38.55328,8.67885,6.29654,4.52136,1.8,17.43905,38.53339,356.826,29.81122,19.2053,2.1,460.504,0.65383,18.84975,17.43905,20.25713,3.40087,23.72232,28.97742,31.78175,31.78175,4.64633,0.09901,4.87274
TPH,0.0,93.22911,22.32335,13.17601,4.12,11.78401,58.40207,642.615,16.13704,89.86175,4.16,1027.986,5.06678,66.28468,11.78401,11.78729,2.72217,9.12568,10.18156,20.05347,20.05337,36.63283,2.20192,57.81042
TRN,14.37186,7.10736,12.36255,1.29938,0.38,2.59235,-16.64775,440.6,29.06333,45.94952,0.4,354.5,3.14726,45.94952,12.00528,2.6781,0.71847,1.29076,1.59538,2.85343,2.37262,80.27291,11.97662,45.94952
TSE,49.27074,8.82703,26.73087,2.16371,7.07,5.79182,171.4598,621.1,12.86587,3435.0,9.36,698.9,4.25583,5469.62,9.11445,7.50351,1.43613,7.63159,10.94901,34.87589,34.87589,70.41871,3.88295,238.05153
TRTN,264.6213,1.42027,35.44639,2.14375,7.22,31.62121,26.93154,1454.275,86.72665,73.55769,9.24,1648.179,-210.05023,60.78647,31.62121,36.76936,2.14375,4.62975,5.02246,24.4032,18.83403,73.65506,5.89181,279.57953
TGI,-42.35461,4.28068,-12.7577,2.16384,-8.55,-24.11646,-39.98121,201.18,10.75991,35.40334,-0.03,417.142,0.8875,35.40334,-24.11646,-0.08462,1.27871,2.48206,5.89186,35.40334,35.40334,168.58295,10.00504,35.40334
TROX,16.85185,6.10077,12.95352,2.4927,1.81,8.48264,45.92834,896.0,25.08399,-72.94469,2.44,895.0,13.02842,-70.48504,8.00672,10.3868,1.07664,5.84429,7.35884,15.49296,15.48684,56.54395,2.9654,130.11752
TBI,27.13882,6.8761,14.1438,1.72145,1.74,2.83554,150.70988,96.591,4.44378,42.677555,1.75,560.32,-1.73623,42.677555,2.83554,2.80161,1.59917,4.28511,8.09498,13.25096,13.25096,11.96663,0.6939,13.59328
TFC,0.0,1606.1754,47.14351,0.74926,4.47,27.95414,21.40749,13163.0,57.16333,45.12987,5.09,23109.0,228.50948,43.68586,27.96717,29.55688,0.72134,1.40164,6.38572,10.27466,9.18371,38.19283,3.25192,61.79354
TPC,2.41589,1.38973,32.38847,2.17346,1.79,2.89002,0.39426,345.033,7.43312,-15.56604,1.8,466.391,-5.01293,-15.19365,1.98036,1.97833,2.06837,2.90164,5.29686,5.7296,8.34094,38.5771,3.04664,62.80573
TWLO,54.56449,8.88933,61.12699,8.43185,-5.45,-33.42554,37.525856,-649.757,-22.86396,37.525856,-5.4,1390.713,9.78622,37.525856,-33.42554,-33.0973,8.16947,-5.04833,-5.3099,-9.7505,-9.7505,10.44764,37.525856,11.66651
TWO,0.0,33.30218,23.74339,0.29423,1.72,29.26181,0.0,0.0,0.0,33.30218,1.8,370.16,59.43233,33.30218,29.26181,20.94253,0.29423,1.95621,2.00626,9.01684,6.41971,76.43211,33.30218,33.30218
TYL,36.48679,3.53051,56.25153,1.16254,3.82,10.14001,29.50546,328.33,20.62003,-18.55011,4.55,709.644,24.46078,-17.12453,10.14001,11.67242,1.08579,3.50555,4.49764,7.492,7.492,37.39482,4.22798,59.73119
TSN,22.95082,21.87224,48.55616,1.55289,8.34,6.42938,21.10741,5818.0,12.22423,47.61062,9.14,6526.0,6.90187,47.84085,6.40207,6.97109,0.79589,8.16611,10.51083,18.47955,18.41155,35.60325,1.69663,55.28733
UDR,-82.99914,14.83888,10.68084,0.09838,0.48,11.73848,37.40065,229.58,16.73936,140.0,0.62,859.733,61.34515,133.42981,10.93811,13.57655,0.09838,1.32512,1.37544,4.55454,3.62245,54.00582,24.41535,161.33519
UGI,34.38438,9.54132,25.37569,1.4236,6.92,19.69921,88.99552,2954.0,39.66698,172.44095,7.83,4833.0,5.85135,175.75188,19.69921,21.98151,0.77144,9.98111,12.94068,31.09039,30.34754,56.60599,2.44245,130.44656
UMH,19.58525,4.67112,5.41753,2.61091,0.45,22.95275,0.0,0.0,0.0,58.33236,0.46,97.962,32.17273,910.64294,22.95275,9.57535,2.61091,3.73277,3.81558,27.34355,8.21385,40.38864,58.33236,67.75325
USB,0.0,1679.813,32.72459,0.72284,5.1,33.67209,35.88065,14118.0,59.53445,66.66667,5.11,23894.0,86.89856,60.57673,33.57932,32.08565,0.70642,1.51051,8.16607,16.64872,14.63634,44.87649,3.19387,81.4108
USFD,34.29084,22.5954,16.74888,1.40941,0.54,0.55618,50.95057,794.0,2.69271,262.75262,0.6,4655.0,0.32854,262.75262,0.55618,0.45145,0.70157,2.08467,2.64443,4.5148,3.94326,55.34519,6.66373,123.94003
USNA,0.0,58.058033,20.37457,2.27077,5.73,9.81951,-3.69569,183.035,15.42693,-2.21843,5.78,968.566,9.50786,-6.54479,9.81951,9.81436,1.53613,17.45735,24.29812,27.84623,27.84623,4.19355,0.09449,4.37711
UAA,6.5197,10.00299,4.38623,2.30062,0.77,6.33522,332.6595,666.023,11.71861,186.19917,0.88,2860.625,9.10244,186.19917,6.33522,7.20764,1.56463,6.54587,9.0178,19.12676,19.12676,41.86419,2.25864,72.01103
UNF,9.12181,9.1483,99.20822,4.33421,7.94,8.27454,8.72058,303.213,16.60335,11.36045,8.0,684.941,2.79373,11.29926,8.27454,8.27065,2.8319,5.34446,6.61735,8.36235,8.36235,2.25319,0.14239,2.30513
UFI,43.33418,9.95255,19.38448,3.1214,1.54,4.35491,307.0858,68.769,10.30105,29.59052,1.23,93.494,1.29578,29.59052,4.35491,3.40336,1.69124,5.27862,6.19636,8.61966,8.61966,20.99879,1.38535,26.58034
UNP,14.41861,13.51348,22.16667,0.61821,9.95,29.91653,11.80004,11540.0,52.92607,26.26904,9.86,12747.0,21.81423,21.94803,29.91653,29.56553,0.47824,9.2636,12.82714,41.92294,41.92294,68.97851,2.7286,222.35718
UIS,-2.19889,4.11497,-1.69196,1.50565,-6.75,-21.89447,15.42553,282.1,13.7315,51.96458,-0.87,577.1,8.8347,51.96458,-21.83119,-2.81408,1.39083,4.30774,22.9171,51.96458,51.96458,111.78408,2.16554,51.96458
UCB,0.0,75.157875,23.79209,0.76862,2.97,36.62729,44.79994,474.34,64.39482,55.49738,3.09,744.402,75.157875,64.42358,36.62729,36.88979,0.7662,1.53048,12.17941,13.36664,12.75723,11.13427,0.58699,12.52931
UNFI,-1.25058,24.637,26.8617,1.42742,2.38,0.55288,7.52393,627.0,2.32653,225.80171,3.75,3939.0,1.30056,225.80171,0.55288,0.78061,0.46964,2.81234,4.36258,10.75291,11.21879,69.35843,5.46571,226.35403
UPS,16.46568,8.15004,16.38841,1.4192,14.68,13.24946,39.98268,16168.0,16.61887,853.24677,12.25,23291.0,8.23376,859.7915,13.24946,11.00507,1.33405,12.53196,24.21394,172.90408,172.58,64.14554,1.57892,178.90532
PRKS,153.03519,28.01338,-0.44869,1.5254,3.22,17.05845,100.66208,582.153,38.71393,100.66208,4.11,798.724,17.83993,100.66208,17.05845,21.40153,1.40183,10.46746,12.2587,100.66208,100.66208,101.53758,3.8473,100.66208
URI,27.52852,6.49465,82.72462,0.82635,19.04,14.26513,11.83186,4310.0,44.35982,56.06557,19.96,3890.0,4.32405,55.73034,14.26513,14.88002,0.69958,7.62251,9.24793,26.3098,26.3098,63.68871,2.43805,175.39642
X,110.16097,13.15277,34.15298,1.8567,14.88,20.58693,555.2391,5316.0,26.21948,555.2391,13.43,5811.0,8.66215,555.2391,20.58693,17.53133,1.19756,18.93305,25.50618,65.23914,64.30442,30.97513,0.76844,44.87532
UNH,10.45843,21.23584,76.2593,0.78882,18.08,6.16557,7.02483,27073.0,9.41352,12.78852,18.33,69652.0,6.44991,12.2184,6.01015,6.01021,0.66404,7.31694,12.66978,25.18743,24.12222,37.55899,1.69922,61.30055
UTL,13.46324,3.9278,28.05733,0.92046,2.35,7.6273,9.05481,137.3,29.00909,9.30233,2.35,161.8,-2.9738,12.1118,7.6273,7.63291,0.81844,3.22212,4.8511,8.62296,8.61884,56.18406,4.18864,128.22743
UVV,7.85739,5.60118,53.32649,5.30555,3.53,4.85611,21.1542,217.662,10.97442,23.42657,4.26,388.803,4.88046,21.94475,4.40717,5.2958,1.92628,4.84358,5.73781,6.84505,7.30285,32.42718,2.97291,47.98851
UHT,780.0243,1.63952,17.07124,9.30344,7.92,126.95788,8.66057,33.261,38.68188,461.70212,7.94,81.58,-47.23734,461.35138,126.95788,127.03298,9.30344,3.50836,3.69018,55.36756,55.36756,59.11537,10.23003,144.59071
UHS,1.02416,7.27486,78.99319,1.14084,11.82,7.81224,31.12011,1910.698,15.11375,7.55232,11.94,5051.039,1.95548,5.04654,7.84354,7.79361,0.93842,6.48035,8.06171,15.98461,15.67084,42.38315,2.38625,73.62114
UVE,10.21206,4.69578,13.76324,2.32295,0.65,1.81905,22.84297,35.665,3.17912,8.33333,0.65,342.646,13.64255,6.81497,1.81905,1.80877,2.32295,0.95236,3.66577,4.64342,4.64342,19.43762,2.90694,24.12742
UNM,1.97363,0.65014,56.37339,9.65709,4.02,6.8593,12.24209,1468.8,12.22391,3.3419,4.52,3487.4,6.4876,3.93443,6.8593,7.68266,9.65709,1.19306,5.70652,7.39611,7.39611,24.40522,2.50933,32.28426
UE,0.0,30.654707,8.49636,2.26389,0.88,25.34188,0.0,0.0,0.0,11.39241,0.88,279.835,27.38858,9.72016,24.13631,24.20671,2.1762,3.12768,3.39135,10.54868,10.55051,62.61081,30.654707,167.45702
VVX,12.74068,5.49475,29.8251,1.1817,3.86,2.56371,46.28847,80.997,4.54104,22.92994,4.22,160.42,3.83142,23.75308,2.56371,2.7693,1.08059,4.6475,8.02523,13.96222,13.96222,30.15749,1.8663,43.17927
VFC,-3.74974,7.55417,7.79751,2.16509,0.91,3.84146,-33.72672,1068.823,11.56881,-42.03822,1.43,4911.95,12.93504,-39.97062,4.41473,6.03114,1.22809,4.01682,5.2652,11.06747,11.06747,70.66417,6.88766,240.88004
VICI,48.69976,153.0295,19.2518,3.32036,1.76,67.77281,57.05128,1437.148,95.19503,0.57143,1.91,1478.404,50.18251,13.70198,67.15633,71.41422,3.30419,5.17173,5.31287,9.42061,9.43833,29.0578,3.47344,40.95982
MTN,223.8281,8.4487,39.44586,1.78412,3.13,6.51706,4.56585,534.252,27.97556,29.33884,2.71,868.645,18.1034,29.35963,6.69473,5.71897,1.63939,3.06285,3.85161,8.78289,7.40654,62.70701,5.75669,168.1469
VLO,107.36426,14.66423,45.03954,1.25601,2.27,1.18894,1699.5918,4409.0,4.0699,542.04297,3.69,5487.0,4.24551,542.04297,0.85847,1.38632,0.86048,3.0879,4.8079,4.99584,6.5283,43.28602,3.43048,76.32336
VHI,16.96021,6.90439,29.10526,3.60992,4.46,8.60913,66.29442,327.6,14.26581,149.162,4.46,580.2,12.46734,130.43478,5.53911,5.53519,2.49687,5.68963,9.18358,16.8254,18.26075,36.73057,2.05281,58.05421
VMI,12.4411,5.18965,65.17138,2.2364,9.1,5.64675,20.59452,419.4,11.97747,38.50837,10.76,905.304,-2.32911,39.04743,5.58691,6.5124,1.17553,6.40305,8.88496,15.23059,15.08526,44.42327,2.69411,79.93141
VVV,15.76355,6.80594,0.75,1.8225,2.29,14.08923,15.72327,552.0,18.51728,35.50296,2.34,432.3,5.7573,32.49211,14.08923,14.28648,1.27768,9.21179,12.63459,61.229893,61.229893,94.20103,3.97283,61.229893
VEEV,44.75334,2.83352,14.90441,3.22763,2.36,25.93721,32.49127,407.249,27.79726,24.21053,2.52,1056.141,29.45242,26.19571,25.93721,25.91539,3.17789,8.88034,11.66071,19.32891,19.32891,2.70958,0.15499,2.78504
VTR,-12.77436,4.91919,27.17537,0.48086,0.13,1.47558,0.0,0.0,0.0,-88.88889,0.38,1738.766,33.65891,-88.84023,1.27858,3.7949,0.48086,1.09568,1.15698,0.46598,0.52033,52.12942,77.78653,111.68505
VRE,-17.58895,3.73994,14.09577,0.63423,-1.79,-45.76953,0.0,0.0,0.0,8.57894,-1.1,95.09,0.25327,8.57894,-38.80095,-30.68979,0.63423,-0.31497,-0.32716,-12.10266,-7.31139,55.04193,8.57894,166.46378
VZ,0.0,5469.702,19.48402,0.7788,5.32,16.92799,5.04776,47948.0,35.88573,23.72093,5.75,77312.0,12.37529,23.95371,16.51411,17.85081,0.60683,5.80864,8.24984,29.49236,29.6684,68.13848,3.7109,213.85817
VNCE,-21.59862,6.0622,5.60649,1.34498,-5.58,-29.8581,-6.641555,-27.662,-12.58107,-6.641555,-3.29,88.597,-8.61469,-6.641555,-29.8581,-17.61191,0.43365,-6.14998,-7.59485,-66.65313,-66.65313,75.47171,-6.641555,-6.641555
VIPS,41.98491,299.19788,7.56605,1.27438,1.06,4.00896,-2.6986,931.515,5.055,-18.46154,1.08,3637.3386,1.65929,-18.01643,3.99888,3.99046,0.97229,4.88199,8.55469,15.55708,15.08159,8.67325,0.54292,9.49694
SPCE,-100.0,14.00851,69.27822,5.15949,-28.6,-33.088947,-33.088947,-308.135,-33.088947,-33.088947,-28.6,3.02,-33.088947,-33.088947,-33.088947,-33.088947,4.80333,-21.32708,-24.55265,-45.33698,-45.33698,4.53476,-33.088947,4.75016
VRTS,46.597,9.3989,110.34865,1.80204,26.01,26.84088,120.03201,395.908,40.43038,159.58084,29.25,479.965,41.08417,160.30367,21.25447,22.91648,1.61888,5.8695,6.60721,27.04022,29.00977,70.63111,5.92628,280.44315
V,21.63164,13.44395,16.3086,1.75405,5.63,51.07239,12.82603,16784.0,69.62871,15.13292,6.17,23375.0,86.44213,13.29836,51.07239,54.54582,1.51693,12.19363,16.64722,37.51467,33.3636,36.44065,1.28402,57.33326
VSH,17.07635,8.81657,12.04183,2.89836,2.05,9.22506,67.15307,634.839,19.59085,141.17647,2.33,887.913,6.04693,142.40378,9.19522,10.42626,1.89905,8.73061,13.26532,17.95017,17.97628,24.89697,0.91211,33.15042
VPG,28.50967,6.1372,20.33605,3.63531,1.48,6.43025,29.73531,50.24,15.80277,87.34177,1.94,125.142,3.39009,87.45712,6.36043,8.30873,2.20647,5.10028,6.38921,7.56036,7.64369,24.61565,1.80064,32.65353
VST,9.22596,9.02616,13.41156,1.34914,-2.69,-10.46618,-76.07196,798.0,6.6076,101.79117,-2.02,1349.0,-3.72816,101.79117,-10.54898,-8.06553,0.56255,-2.17477,-3.17808,-17.37826,-15.18045,57.0563,13.80576,132.863
VTLE,178.28964,13.51129,30.08961,0.44762,10.03,10.40174,124.212006,856.241,61.42001,124.212006,10.73,924.362,-27.49642,124.212006,10.40174,10.96033,0.3959,19.92313,25.41271,58.90599,58.90599,73.69421,1.68098,280.1444
VNO,-2.09569,2.33299,26.36022,1.50617,0.53,11.95992,0.0,0.0,0.0,57.782246,0.62,907.836,43.43295,57.782246,10.14167,6.84345,1.50617,1.37188,1.45642,3.38305,2.81269,55.50409,57.782246,137.92517
VOYA,72.78856,0.23844,76.58828,20.56255,16.52,72.67442,331.97586,2864.0,72.39636,1132.8358,16.77,5906.0,-136.46043,465.19574,53.74115,49.47065,20.56255,1.00134,12.29408,23.02456,27.38226,26.95969,1.26571,36.9107
VMC,52.68694,8.56725,49.32178,2.20538,5.05,12.13393,8.41742,1429.5,25.74655,14.51247,5.03,1373.4,6.67339,14.76868,12.0817,12.03098,1.40491,4.76212,5.75488,10.72355,10.69787,41.54406,3.2652,71.06902
WRB,6.90567,1.71613,16.72631,8.3125,2.43556,11.16367,44.61501,1247.867,13.51171,95.01779,2.48,4029.355,5.50114,92.67907,11.07136,11.17474,8.3125,2.46293,7.70155,15.77453,15.86967,34.27373,2.78633,52.14617
WTI,30.18724,9.76105,-1.73019,1.10446,-0.29,-7.4332,139.30437,301.009,53.9433,58.185997,-0.3,355.509,49.94348,58.185997,-7.4332,-7.64884,0.97073,10.98761,25.35131,58.185997,58.185997,149.82864,2.46916,58.185997
WEC,25.18291,6.14067,34.5973,0.70789,4.11,15.61448,3.99702,2789.2,33.54016,8.44327,4.21,3003.1,-10.47349,8.359,15.65055,15.96722,0.40554,2.81994,4.14425,12.17328,11.92608,58.43351,5.60121,140.57841
WEX,45.09617,0.75547,41.01932,1.20452,0.0,7.35671,36.84566,671.659,36.29526,111.99092,1.65,1314.9,64.46867,111.99092,0.0074,3.98719,1.19025,2.6975,4.88899,0.00732,6.59586,58.47924,4.38866,160.30696
WPC,10.36296,1.69554,39.90119,2.61357,2.24,31.0535,0.0,0.0,0.0,-13.84615,2.55,1205.259,51.25455,-9.96379,31.04335,35.23443,2.59211,2.4409,2.60862,5.67124,5.67179,47.77779,67.28913,91.48939
GWW,18.99593,8.06815,36.58727,2.625,19.84,8.55475,15.30273,1733.0,13.30825,54.75819,19.94,4720.0,4.09979,50.07194,8.00952,7.94721,1.30563,15.00543,20.07839,56.34792,52.38655,56.1154,1.59377,127.87037
WNC,74.24408,12.98193,6.6499,1.83083,0.02,0.06455,61.87889,109.953,6.09743,30.732208,0.58,196.467,-2.48624,30.732208,0.06455,1.63019,0.89406,3.36731,4.68754,0.31872,0.31872,57.46212,3.99946,135.08458
WD,12.90829,2.85183,48.36819,1.56572,8.15,20.53252,11.67569,617.322,47.71741,5.9818,8.59,1264.484,74.93251,7.95566,20.54272,20.63732,0.53276,5.16181,6.06409,19.35366,19.14845,63.20746,4.39199,171.79427
WMT,3.69192,87.02078,9.56221,0.97217,1.58333,2.46098,19.56933,36037.0,6.47062,-8.47784,2.13333,138836.0,2.50986,-9.21309,2.42579,3.25325,0.26183,6.36131,10.20674,17.36571,16.21216,41.94672,1.75503,72.25554
DIS,1.23241,6.16252,48.70902,1.08302,1.11,3.76161,-4.03764,8770.0,13.0084,1420.9382,1.26,22287.0,10.94033,1420.9382,2.95915,3.39399,0.94375,1.12888,1.42764,2.35163,2.53935,36.32371,6.64915,62.69474
HCC,46.64218,10.31128,16.95212,5.1356,2.93,14.24459,336.13568,409.78,38.6871,70.513596,2.98,476.035,18.34098,70.513596,14.24459,14.45582,4.37643,11.59514,13.76575,18.8929,18.8929,31.00554,0.95627,44.93918
WM,8.63138,8.19703,17.1199,0.75184,4.29,10.13329,15.17958,5099.0,28.43679,21.875,4.88,6820.0,13.11486,21.39037,10.12771,11.44137,0.67222,6.39309,8.72263,24.91767,24.92455,66.1537,2.73152,195.45328
WAT,6.86044,4.69808,6.05246,2.39372,11.17,24.86986,18.63478,965.89,34.67099,33.61244,11.28,1629.341,14.97699,32.83772,24.86986,24.93171,1.73684,17.57015,28.5409,231.06396,231.06396,81.33252,1.65795,149.56766
WSO,30.48228,10.18071,42.91103,2.69897,10.78,7.9414,53.32926,637.356,10.14867,53.78031,10.83,1667.545,2.07477,55.40714,6.6709,6.07772,1.12385,13.67159,17.45429,26.58596,26.40782,15.61867,0.58008,18.50962
WTS,11.7915,8.64612,34.90732,2.10894,4.88,9.15874,26.93111,304.0,16.80301,45.2381,5.53,767.1,9.19605,44.96938,9.15874,10.33131,1.13317,9.00509,11.99544,14.77486,14.77486,14.32119,0.64507,16.71497
W,104.8976,81.52269,-15.44214,1.35859,-1.26,-0.95565,-63.07783,240.0,1.7508,232.82553,-1.26,3895.0,1.69322,232.82553,-0.95565,-0.95594,1.21561,-1.12145,-2.1049,232.82553,232.82553,166.48871,16.89167,232.82553
WBS,0.0,116.99276,36.35618,0.74004,4.42,32.29023,61.69273,690.795,54.55586,88.08511,4.81,1278.961,179.7509,85.32415,32.29023,34.18202,0.7398,1.20228,8.18071,12.81128,12.25437,28.84192,2.01743,40.53218
WMK,-8.19591,77.60622,45.34694,1.94572,4.05,2.57666,-5.07818,240.511,5.69335,-8.37104,4.05,1140.607,1.01778,-8.46641,2.57666,2.57874,1.07463,4.91541,6.60695,9.20166,9.20166,14.18432,0.83825,16.52882
WFC,0.0,5612.148,43.28451,0.78758,4.95,28.43195,115.83652,43463.0,53.17746,1107.317,4.92,83321.0,138.48721,552.7719,26.36422,24.45131,0.77209,1.39189,6.37276,12.9487,12.35965,51.21432,4.59181,104.97817
WELL,0.0,97.523346,39.43306,0.22375,0.78,7.93525,0.0,0.0,0.0,-66.52361,0.81,2053.574,31.14739,-65.6597,7.1228,7.29428,0.22375,1.26691,1.31121,2.0003,2.06764,43.58426,97.523346,78.92257
WCC,20.29962,6.65199,74.93856,2.08214,7.84,2.56019,84.07077,1149.984,6.31252,419.2053,10.32,3792.1,0.77842,362.79037,2.55459,2.84943,1.17367,5.01804,6.90246,13.06107,13.11481,58.18802,4.5698,139.16592
WST,26.91409,6.47741,31.47439,2.93217,8.67,23.37195,67.67046,885.3,31.26501,89.71554,8.7,1177.7,7.25032,91.16118,23.37195,22.85916,2.10672,15.61579,19.70192,31.59025,31.59025,12.22611,0.36745,13.92909
WAL,0.0,175.48784,43.77808,0.93064,8.67,43.58912,88.54972,1463.9,70.96321,72.02381,8.88,1974.4,-53.47448,77.49704,43.58912,44.20844,0.81382,1.93388,15.45668,22.25302,21.47061,33.85934,1.73543,51.19292
WU,0.0,198.41664,0.903,0.91931,1.97,15.89098,9.31667,1347.0,26.56386,10.05587,2.21,2174.4,19.10177,8.2628,15.89098,17.72951,0.2788,7.77028,20.77283,297.2335,297.2335,89.42925,2.23341,198.41664
WAB,4.56637,5.41409,54.90224,1.31684,2.96,7.22322,8.57919,1439.0,18.39683,36.40553,3.16,2369.0,12.06373,34.65251,7.13373,7.58287,0.6701,3.23096,4.15663,5.49123,5.54147,28.38358,2.82001,39.63278
WLK,62.58185,8.39188,62.18925,2.24531,15.58,17.57514,214.6643,3562.0,30.24283,508.59375,15.88,3495.0,11.67431,510.60605,17.10817,17.25834,1.61092,10.9734,14.2285,28.78983,27.40633,40.3219,1.61763,67.56567
WHG,14.30307,6.93335,14.28644,5.92482,1.23,13.30236,1198.2036,8.672,11.81584,63.342308,1.24,30.522,22.41256,63.342308,13.30236,13.30508,5.79188,2.72634,2.99803,7.85385,7.85385,4.94441,0.70722,5.2016
WY,12.66667,21.3187,14.40785,3.28616,3.47,25.55632,92.1838,4057.0,39.77061,224.29907,3.41,4098.0,19.31551,227.10162,25.55632,25.05422,2.52621,13.1761,14.75583,26.7412,26.7412,32.65574,1.28691,48.49076
WHR,-0.28948,7.08166,82.13559,1.13925,28.36,8.21469,0.0,2775.0,12.62224,66.13943,28.66,4409.0,4.44508,64.93987,8.11008,8.09546,0.72197,7.01673,12.78014,41.24928,37.15285,55.32086,2.23676,123.81807
WTM,999.1954,1.7182,1175.6461,2.87322,-95.53,-38.00067,0.0,-208.0,-23.20652,83.275085,-77.52,113.3,-60.3216,83.275085,-30.74863,-26.31425,2.87322,-2.86931,-3.91332,-7.89096,-9.05538,16.61527,83.275085,19.92604
WSR,-2.9854,5.59492,7.99249,0.25613,0.22,8.26394,0.0,0.0,0.0,57.14286,0.23,86.741,30.54197,99.66855,9.55508,8.29707,0.25613,2.04888,2.17217,2.82756,2.82628,61.70869,23.674528,161.15582
WMB,62.94248,8.94152,9.37284,0.91492,1.24,14.69841,4.17246,4494.0,42.28851,629.41174,1.27,5195.0,14.70194,618.95734,14.27496,14.52273,0.74015,3.65696,4.47166,13.1217,10.89109,62.83342,5.30463,169.05893
WSM,28.63062,53.10464,10.81468,1.335,4.305,10.03531,74.07307,1137.799,16.77381,91.75947,4.56,2636.269,14.58325,91.1785,10.03531,10.38761,0.72731,13.61293,19.63142,47.15645,47.15645,48.16309,1.34836,92.91273
WGO,14.95032,15.29625,31.96755,2.59999,8.28,7.76537,158.86209,435.23,11.99031,350.0,8.31,650.4,3.73009,358.7595,7.76537,7.67574,1.69805,13.3289,16.79986,29.91612,29.91612,34.79106,1.29567,53.35321
WT,8.17858,9.92573,1.89642,3.63306,0.31,16.36348,58.87755,89.796,29.50729,25.992682,0.39,150.067,-6.4716,25.992682,16.36348,18.43477,2.06262,5.75443,8.51608,18.59176,12.43639,44.25698,3.55429,79.39467
WOLF,-15.87719,5.0081,18.29442,3.29479,-3.04,-64.93531,-9.183911,-79.0,-15.03044,-9.183911,-2.77,164.6,-66.55965,-9.183911,-99.67656,-59.20822,2.81283,-3.74188,-4.25718,-16.25393,-16.23035,28.67974,-9.183911,40.21262
WWW,19.12039,8.21534,7.67543,1.18971,0.81,2.77444,50.1928,233.7,9.67742,75.265495,1.57,1029.9,3.92304,75.265495,2.8407,5.35057,0.63362,5.30558,7.7653,11.51973,11.00706,63.54585,4.80659,174.31718
WK,11.49996,6.08198,1.41858,1.01639,-0.74,-8.51145,15.036049,-23.711,-5.34893,15.036049,-0.79,339.452,16.64071,15.036049,-8.51145,-9.11159,0.94483,-2.42299,-4.49834,-54.97756,-54.97756,82.23136,15.036049,15.036049
WKC,90.20431,17.44045,31.0,1.29806,1.16,0.23678,-9.5183,234.8,0.74927,-32.16374,1.37,788.2,0.47288,-32.75547,0.23519,0.27499,0.9712,1.8422,3.70986,3.85662,3.87498,26.00371,2.86883,35.1419
WOR,85.40814,6.43861,27.2393,2.49777,13.42,23.37905,88.39759,375.629,11.84416,851.7731,4.88,639.078,2.98185,818.5682,22.82236,8.10931,1.6274,6.32351,9.01354,65.23573,58.88898,32.52048,1.99082,48.19311
WH,-16.61017,5.78558,11.79848,1.8136,2.6,15.59105,78.8961,551.0,35.20767,88.25127,2.85,880.0,14.13738,88.25127,15.59105,17.00895,1.17884,6.39515,8.42946,23.78168,23.78168,65.82993,3.80762,192.65381
XPO,-27.06168,5.13164,9.91834,1.05477,2.82,2.52226,-1.90555,1184.0,9.24567,261.53845,3.87,910.0,3.0269,205.45454,2.62377,3.38466,0.93184,3.55765,5.06699,16.79667,16.20266,79.79403,3.79561,117.46823
XHR,218.1798,32.86862,12.5188,6.56963,-1.26,-23.79388,0.0,0.0,0.0,22.676365,-1.26,128.1,9.50944,22.676365,-23.29111,-23.27058,6.56963,-1.23569,-1.28755,-9.61568,-9.75825,51.30415,22.676365,105.35631
XYL,3.25027,5.53838,17.83893,2.27175,2.35,8.21944,10.30928,856.0,16.47738,67.85714,2.52,1975.0,5.20452,68.11024,8.21944,8.74345,1.65493,4.48579,6.20078,13.80537,13.76975,46.03546,3.21495,85.30688
YELP,21.4457,10.54199,10.41025,3.93065,0.5,3.84469,432.5402,83.481,8.09051,73.33996,0.49,953.742,17.37812,73.33996,3.84469,3.52461,3.79934,1.57551,1.76011,4.9408,4.9408,18.29361,2.01502,22.38945
YEXT,20.93742,3.98411,1.6714,1.44597,-0.79,-26.6993,4.108779,-83.72,-23.60564,4.108779,-0.79,268.257,-12.3138,4.108779,-26.6993,-26.6607,1.26024,-10.16851,-17.59865,-46.36685,-46.36685,39.9291,4.108779,66.46995
YUMC,36.73469,169.8793,16.48598,1.97902,2.28,10.38263,14.12944,1252.0,12.70679,16.92308,1.31,1829.0,5.43997,26.27551,10.0477,5.61068,1.72388,3.81774,4.68838,14.92988,14.21524,26.36862,2.26597,35.87506
YUM,11.61049,11.6531,-28.97232,1.08269,5.21,23.92163,20.79918,2358.0,35.8141,77.21088,4.63,3165.0,16.38252,74.22566,23.92163,20.88563,0.97668,22.71958,35.76185,294.29883,294.29883,294.29883,5.14292,294.29883
ZBH,-3.29043,5.48446,60.57751,1.40863,1.91,5.13131,15.46381,2175.8,27.76601,331.82828,3.98,4866.9,11.83865,331.82828,5.12493,10.59478,0.5431,2.89405,3.40892,3.23156,3.23416,36.74612,3.38188,58.09307
ZTS,11.846,7.25629,9.61331,3.85643,4.27,26.12381,19.35367,3287.0,42.2168,24.8538,4.42,5481.0,18.3069,24.35897,26.16234,26.92805,2.56984,12.90032,15.77012,49.01347,48.91187,59.88701,2.06389,149.29578
ZWS,0.0,0.0,1.00541,1.97504,0.4,5.45614,-50.47222,178.3,19.57405,-68.73122,0.57,373.2,0.0,-23.2868,13.27259,7.60248,1.13894,0.0,0.0,0.0,0.0,81.43633,3.10993,23.676115
