,IQ_ACCT_RECV_1YR_ANN_GROWTH_CS,IQ_AR_TURNS_CS,IQ_BV_SHARE_CS,IQ_CURRENT_RATIO_CS,IQ_DILUT_EPS_EXCL_CS,IQ_EARNING_CO_MARGIN_CS,IQ_EBITDA_1YR_ANN_GROWTH_CS,IQ_EBITDA_CS,IQ_EBITDA_MARGIN_CS,IQ_EPS_1YR_ANN_GROWTH_CS,IQ_EPS_NORM_CS,IQ_GP,IQ_LFCF_MARGIN_CS,IQ_NI_1YR_ANN_GROWTH_CS,IQ_NI_MARGIN_CS,IQ_NI_NORM_MARGIN_CS,IQ_QUICK_RATIO_CS,IQ_RETURN_ASSETS_CS,IQ_RETURN_CAPITAL_CS,IQ_RETURN_COMMON_EQUITY_CS,IQ_RETURN_EQUITY_CS,IQ_TOTAL_DEBT_CAPITAL_CS,IQ_TOTAL_DEBT_EBITDA_CS,IQ_TOTAL_DEBT_EQUITY_CS
MMM,-4.56175,6.55101,17.49524,1.40653,7.81,14.25815,-5.5713,8661.0,26.95108,-12.14848,9.64,15072.0,15.12789,-14.56347,14.22081,17.30856,0.83626,10.88604,15.78524,46.02447,45.87964,67.77725,2.45919,210.33972
AOS,-8.9294,4.83942,10.26532,1.95747,2.22,12.36342,-12.86081,543.4,18.15752,-13.95349,2.24,1180.7,10.62293,-16.70419,12.36342,12.38373,1.48845,9.48487,14.75609,21.86891,21.86891,16.72246,0.61594,20.08039
AIR,27.22772,8.94031,26.04059,2.66434,2.4,4.09884,21.34387,153.5,7.48124,13.74408,2.72,329.8,5.65601,-51.92308,0.36553,4.57355,0.83692,4.54897,6.40299,9.13039,9.13039,13.52616,0.92313,15.6419
ABM,7.07031,6.18944,23.16324,1.41334,1.91,1.96196,9.8912,333.3,5.1288,31.72414,2.18,731.1,2.75829,30.26585,1.96042,2.23414,1.26806,3.85753,5.96105,8.50964,8.50964,34.19817,2.40444,51.97147
ACCO,5.9057,4.43419,8.02219,1.36889,1.06,5.46096,2.77271,281.7,14.40405,6.0,1.24,634.4,8.37616,0.09372,5.46096,6.30874,0.81777,4.73991,7.84614,13.66253,13.66253,54.37283,3.27299,119.16764
ACM,5.64712,3.58749,23.43476,1.16604,-1.66,-0.91205,14.94298,915.822,4.53977,78.123405,1.59,611.655,3.18814,78.123405,-1.29404,1.23777,1.06892,2.85372,5.46871,-6.7079,-4.49979,46.601,3.71572,87.26942
AES,-7.27273,6.62915,4.51237,1.02649,0.45,4.68152,-6.31455,3175.0,31.16106,-69.5946,0.45,2349.0,-6.0396,-74.81297,2.9738,2.93257,0.66228,4.06724,5.14039,9.73565,7.57143,76.97953,6.44252,240.234
AGCO,-9.06509,10.75845,37.8127,1.29281,1.63,1.3582,1.87129,805.7,8.91123,-54.46927,4.49,1984.3,4.12173,-56.14711,1.38474,3.78413,0.42756,4.33589,7.48519,4.32716,4.16236,34.81478,1.92702,53.40901
ALE,-33.241,10.30316,43.18776,0.53114,3.59,14.95365,-5.68182,381.8,30.77791,6.21302,3.24,435.1,-24.35208,6.6054,14.96171,13.47715,0.33209,2.11077,2.94951,8.46001,8.26023,41.28856,4.30199,70.32454
AME,3.37427,6.41251,22.3303,1.42074,3.75,16.69647,10.69716,1411.422,27.36079,12.27545,3.78,1787.66,13.33,10.71609,16.69647,16.68934,0.84919,7.95233,9.84793,18.40887,18.40887,36.61005,2.0932,57.7537
AMN,2.25593,5.28185,15.76863,1.48239,2.4,5.12973,1.55349,261.158,11.75272,-17.52577,2.89,743.465,9.26795,-19.58008,5.12973,6.07417,1.40903,7.39692,9.97765,16.57125,16.57125,49.50547,2.7658,98.04124
T,-12.51624,6.9767,25.39384,0.79466,1.89,8.26139,4.79372,59286.0,32.70681,-33.68421,2.11,97052.0,19.92683,-28.22406,7.66999,8.51962,0.55244,3.58422,5.10516,7.54962,7.56661,48.26662,3.17785,93.2988
ATI,2.34888,7.03739,16.57691,2.71196,1.85,6.55185,5.39683,531.2,12.88539,14.90683,1.31,638.0,5.32505,15.82734,6.24864,3.99753,1.28556,4.15978,6.50102,12.9584,12.90862,38.94379,2.63347,63.78351
AXS,8.77572,0.69602,56.80163,5.25127,3.34,6.25259,53.69417,469.216,9.06973,0.0,3.73,1077.325,-6.00129,651.89557,6.25259,6.04869,5.25127,1.08295,3.89183,7.16911,6.11823,25.76065,4.09991,34.69946
AZZ,55.80685,5.12293,23.11806,2.2974,1.96,5.52354,30.09699,128.502,13.86084,13.2948,1.96,199.921,6.99015,13.36979,5.52354,5.50482,1.48359,4.62123,5.56619,8.76151,8.76151,32.26585,2.23804,47.63602
ABBV,0.0,2105.564,-5.52568,3.17735,5.28,23.69386,10.64482,15872.0,47.71238,44.2623,7.85,25827.0,26.19905,38.5968,23.69386,34.94815,2.90998,11.66505,19.07772,2105.564,2105.564,113.8706,4.22682,2105.564
ABT,4.68931,6.01565,17.63855,1.44224,2.06,11.55655,6.51944,8055.0,25.24762,57.25191,2.29,18673.0,12.60304,55.70101,11.55655,12.69032,0.88051,4.66552,6.25819,11.96845,11.88914,37.89484,2.37107,61.01722
ANF,0.0,196.3219,18.25388,2.39025,1.08,2.19514,14.10677,302.076,8.41412,980.0,1.09,2159.916,3.84986,950.7612,2.07629,2.04483,1.42463,3.29119,5.05368,6.08181,6.3784,19.58404,0.98246,24.35343
AKR,1.08758,1.80575,17.7175,0.45424,0.62,6.64319,0.0,0.0,0.0,63.1579,0.62,208.627,45.55499,68.72356,16.61894,16.4013,0.41885,0.99989,1.06903,3.5342,0.99342,45.72722,25.436043,84.25444
AAMI,-4.52546,5.2701,0.74983,1.95762,2.45,29.28615,73.40659,315.6,38.51129,94.44444,2.81,348.0,6.24161,64.14956,27.32154,31.27347,1.50959,12.2671,26.39864,267.02444,128.1709,75.5243,1.9398,67.381805
ACN,7.98657,5.54343,22.66364,1.39674,7.36,11.21425,7.58887,6923.02,16.01994,16.08833,7.49,13314.688,10.48295,17.71482,11.05892,11.05948,1.28597,14.53078,30.78655,38.58222,37.93197,0.15258,0.00327,0.15281
AYI,-12.05518,6.12678,48.63762,2.41872,8.29,8.99611,1.64414,556.4,15.14962,-2.69953,8.37,1479.7,9.26328,-5.49199,8.99611,9.04754,1.71448,9.49693,13.45393,18.17532,18.17532,15.67128,0.64091,18.58356
ADNT,-8.89527,8.27127,19.73916,1.07327,-5.25,-2.46884,-34.68835,482.0,2.91662,66.64246,0.59,801.0,-0.53855,66.64246,-2.97108,0.33416,0.79452,0.96317,1.68419,-23.16038,-16.30695,62.52927,7.75519,170.76291
ATGE,7.56717,8.14097,25.16193,1.61954,2.29,10.97245,-3.76414,267.477,21.57617,25.13661,2.86,529.561,10.07356,181.8206,7.67678,13.50538,1.49849,5.87816,7.44197,9.31773,9.2866,22.25621,1.49955,28.82396
ASIX,-35.06654,9.95092,14.36067,0.99592,1.43,3.17787,-23.88431,136.241,10.47127,-33.17757,2.04,135.472,-4.18706,-37.58378,3.17787,4.40928,0.38978,4.55921,7.10676,10.0697,10.0697,52.028,3.1912,108.45494
AAP,8.1054,15.34955,51.26359,1.27198,6.84,5.01489,5.38765,1005.864,10.36012,19.37173,7.94,4254.746,4.97946,14.87542,5.01489,5.79565,0.24748,4.72846,8.42415,13.71559,13.71559,47.74263,3.22356,91.36058
WMS,7.27976,8.3878,6.68511,2.2615,1.22,5.88316,11.72046,205.693,14.85434,23.23232,1.28,326.967,5.48117,25.42455,5.61639,5.2712,0.94957,8.10905,10.35322,22.47996,17.43625,38.93511,1.55186,63.76023
AER,1.51572,4.46446,70.79104,0.45712,8.43,24.85301,8.70678,4139.303,88.1695,23.42606,8.51,2973.269,-53.15989,12.80602,24.40393,24.39321,0.45661,3.54076,3.98276,12.62964,12.77762,75.89329,7.13581,325.07632
AMG,4.11882,5.4778,61.07069,1.53089,0.31,13.62297,-5.51618,919.8,41.06983,-93.14159,1.11,1296.6,21.587,-93.55501,0.70102,2.5029,1.53089,6.34033,7.62625,0.49102,6.50228,30.98156,2.15503,56.64885
AFL,29.90048,2.17597,39.84491,2.85129,4.43,14.77044,10.07377,4775.0,21.34651,17.50663,4.45,7762.0,8.12229,13.15069,14.77044,14.76929,2.85129,2.01885,9.12444,12.60564,12.60564,18.71614,1.39644,23.02566
A,19.84536,6.05276,15.36217,1.53317,3.37,20.74375,6.07827,1274.0,24.67558,247.42268,2.72,2805.0,16.32045,238.92406,20.74375,16.54232,1.11154,7.1903,9.56562,22.99517,22.9853,33.64081,1.88933,50.69503
AL,0.0,155.49489,49.61133,0.24059,5.09,30.62917,16.89039,1772.471,92.46699,10.65217,5.14,1314.094,-146.15425,14.93359,30.62917,30.00415,0.24059,3.32681,3.7613,11.25794,11.25783,70.71438,7.66098,241.46455
APD,9.7167,7.04578,50.14904,2.53627,7.94,20.28726,11.92523,3203.3,35.91586,20.48558,8.26,2943.4,1.26753,17.50568,19.73338,20.40249,2.10341,6.95317,8.9237,16.06492,16.03751,22.60386,1.0383,29.20541
ALK,0.0,189.22276,35.21138,0.63636,6.19,8.75755,30.43478,1530.0,17.42398,75.85227,6.52,2366.0,7.76819,75.97254,8.75755,9.15362,0.57607,5.78854,10.33266,19.02994,19.02994,42.54444,2.09608,74.04756
AIN,0.0,46.839207,21.6257,3.0502,4.1,12.65335,15.81399,267.777,25.40261,59.53307,4.13,397.701,10.15186,59.72542,12.55991,12.6533,2.44005,8.51303,10.69219,20.3075,20.34877,39.92376,1.74389,66.45515
ALB,1.14559,5.89221,37.08271,1.57922,5.02,16.83714,3.79711,976.134,27.1947,-20.82019,5.98,1258.478,-1.07332,-23.11747,14.85552,17.65115,0.96917,5.46545,7.47932,14.18618,15.39236,43.78232,3.26603,77.88
AA,-34.21687,15.16424,22.15756,1.37729,-6.07,-8.17598,-47.63767,1607.0,15.40305,159.66386,-1.45,1921.0,7.60088,159.66386,-10.78309,-2.57797,0.60203,3.65566,6.55694,-23.68172,-12.84639,24.99044,1.22029,33.31634
ALEX,-15.03268,7.84806,15.56155,1.66225,-0.49,-8.30707,0.0,0.0,0.0,10.177379,0.2,99.6,16.61414,10.177379,-8.19451,3.25079,1.25563,1.19794,1.339,-2.99867,-3.13882,39.01784,10.177379,64.33951
ARE,20.83198,2.91149,73.3926,1.49296,3.12,23.27354,0.0,0.0,0.0,-11.36364,3.55,1095.94,41.08785,-4.25692,20.91869,22.9439,1.47432,2.37715,2.5533,4.49922,4.4742,40.9467,61.7213,69.42253
BABA,73.03042,33.49293,28.55796,1.30146,4.97,21.29104,-2.45218,14280.555,25.43307,27.10997,3.93,25740.21,28.28114,27.95529,23.24569,18.05785,1.1634,4.24007,5.42406,19.82636,14.78172,17.91379,1.40125,22.06766
ALLE,1.50816,8.7185,8.16833,1.97594,4.26,14.089,5.21809,651.3,22.8206,-6.1674,4.92,1252.3,12.58979,-7.61095,14.07849,16.13567,1.386,12.39745,16.39654,57.05765,56.85803,66.49482,2.31706,198.46133
ALSN,-9.319,10.14286,6.60745,1.64508,4.91,22.38695,-3.39138,1054.0,39.06598,2.71967,4.96,1394.0,17.18403,-5.47731,22.38695,22.42847,1.06715,12.76333,17.0472,83.88889,83.88889,76.49007,2.41082,124.42635
ALL,0.06022,1.92093,74.50022,10.99827,14.03,10.84947,117.34756,7129.0,15.95747,135.4027,14.61,11577.0,9.32065,115.23091,10.84947,10.73308,10.99827,3.59121,13.67501,22.47519,20.49038,21.72814,1.01234,27.75983
ALLY,-1.32361,0.09026,38.51127,0.96861,4.35,14.8927,2.15171,4700.0,40.67151,47.45763,3.87,6379.0,134.1262,35.78781,14.84078,13.16905,0.96746,1.25517,3.71039,12.43317,12.43317,73.38748,8.4583,275.76303
MO,7.04225,134.66667,3.3488,0.59016,-0.7,-6.55688,8.96293,10759.0,54.34936,1134.6907,4.0,12713.0,29.59815,1134.6907,-6.53162,37.76521,0.29178,12.55016,17.56132,-12.30901,-12.25395,81.51981,2.60638,1134.6907
AMBC,-26.34017,0.0898,32.42235,6.40719,-4.69,-57.48121,-57.50832,259.775,69.13046,25.424677,-7.14,349.0,25.424677,25.424677,-57.48121,-87.31786,6.40719,-0.15777,-0.23458,-14.07626,-13.63143,82.81879,28.50159,25.424677
AMCR,80.14301,6.5247,3.45276,1.14714,0.36,4.61716,-4.41609,1266.2,13.38733,-85.54217,0.47,1799.0,-9.95353,-40.58011,4.54843,5.86519,0.54294,4.37066,6.59869,12.95489,12.91019,51.81909,4.82009,107.55106
AEE,-11.47757,8.27152,32.73355,0.57126,3.35,14.11168,-2.16263,2262.0,38.27411,0.90361,3.37,2743.0,-9.67428,1.59509,14.01015,14.0046,0.30499,2.82067,4.54539,10.55449,10.44197,54.52479,4.34704,119.90001
AAT,30.71644,6.48661,21.87383,1.52879,0.84,16.3805,0.0,0.0,0.0,100.0,0.84,237.299,38.20155,130.52959,12.5461,12.37035,1.52879,2.86607,3.01006,4.35534,5.74274,51.30551,34.077538,105.36202
AXL,-15.63373,7.33027,8.68206,1.81002,-4.31,-7.41246,-18.72158,911.7,13.95979,86.47067,1.58,902.6,3.3864,86.47067,-7.41858,2.71684,1.3371,3.90755,5.50817,-39.36624,-39.25082,79.34783,4.13162,86.47067
AEO,15.07123,62.53295,7.46686,1.92806,1.47,6.4896,5.96485,507.187,12.56745,30.0885,1.49,1487.638,5.25873,28.28083,6.4896,6.51555,0.95632,11.38189,16.70535,20.66821,20.66821,0.0,0.0,0.0
AXP,5.55235,0.32981,28.48272,1.63267,7.99,14.37473,4.97076,10770.0,22.90515,1.01138,8.34,27321.0,3.56923,-2.3407,14.37473,14.68635,1.63267,3.09558,6.96593,29.80093,29.80093,73.82192,6.04085,281.99905
AFG,7.17597,1.33958,69.42107,6.72428,9.85,10.75096,80.38961,1389.0,17.18421,68.37607,10.67,1072.0,13.82995,69.24528,11.09737,11.86729,6.72428,1.05737,8.61911,15.96227,15.46126,30.48348,1.97912,43.85069
AMH,0.0,58.83822,17.73964,0.87133,0.29,13.70849,0.0,244.26,21.42861,262.5,0.28,608.151,33.80832,30.26239,12.37317,7.35484,0.87133,1.63425,1.67763,2.66446,2.60596,32.03871,11.61636,47.14258
AIG,0.0,1638.489,74.93112,35.52543,3.69,8.35733,53.19626,11623.0,23.57128,9125.0,3.8,14919.0,11.57575,1638.489,6.7897,6.75654,35.52543,0.81326,4.08944,5.42982,6.60756,36.99,3.40558,58.70497
AWR,-17.63651,7.51529,16.32507,1.05567,2.28,17.79859,14.78457,162.217,34.23246,32.55814,2.28,258.267,-9.29978,32.05054,17.79859,17.7129,0.77315,5.04413,7.63392,14.54482,14.54482,45.38784,3.08185,83.1094
AMT,3.31567,12.74428,11.41457,0.46537,4.24,25.28396,11.91879,4503.5,59.41058,53.06859,4.37,5363.5,31.03043,52.68522,24.90403,25.49944,0.4107,4.49319,5.18383,36.33354,28.41238,82.50361,6.89693,450.0689
AWK,0.0,185.27872,33.85265,0.62836,3.43,17.20222,6.88836,1800.0,49.8615,8.88889,3.66,2066.0,-26.02839,9.52381,17.20222,18.35069,0.27237,3.69288,5.05092,10.36295,10.36295,60.93311,5.30389,155.97125
AMP,11.43502,1.25119,46.22435,1.13206,13.92,14.69036,-17.30835,2427.0,18.83439,-1.97183,12.92,6325.0,25.52479,-9.77121,14.69036,13.44538,1.13206,0.97001,13.165,33.4541,33.4541,47.43072,2.12979,90.22517
ABCB,0.0,57.791027,35.53151,0.9938,2.75,19.43001,55.73482,415.365,49.99067,-1.78571,3.7,677.766,-143.74065,33.39255,19.43001,26.03362,0.88332,1.61916,8.32113,8.22435,8.22435,39.15409,3.82595,64.34959
APH,-4.4464,4.62933,3.80186,1.97459,0.9375,14.15129,-2.69863,1936.2,23.53928,-2.5974,0.9875,2616.0,12.0403,-4.14938,14.04187,14.28654,1.24021,9.76072,12.69626,27.02608,26.88098,45.29831,1.96576,82.80971
AMPY,12.30264,8.79602,11.5582,0.86084,-1.2,-12.7722,-45.48632,74.234,26.93786,13.041671,-0.55,133.182,1.06709,13.041671,-12.7722,-5.84797,0.5479,0.93561,1.1184,-8.2742,-8.2742,39.99674,3.89891,66.65761
AU,42.42424,88.125,6.35684,1.15974,0.87,10.46809,8.85037,1193.0,33.84397,171.875,0.88,903.0,-5.02128,114.62421,-0.34043,10.44392,0.40258,5.46979,7.67612,13.75661,13.74302,45.16393,1.84744,82.36173
NLY,-95.68144,66.96499,38.62648,0.04257,-6.4,-55.81067,0.0,0.0,0.0,-30.48772,-6.4,-459.194,-37.37211,-30.48772,-55.80484,-59.23631,0.04257,1.88364,1.92179,-16.54583,-14.46199,87.67076,-30.48772,-30.48772
AM,0.0,15.69031,6.49409,0.44843,-0.8,-44.80436,61.881905,484.657,61.14867,61.881905,0.6,653.78,16.31854,61.881905,-44.80436,33.50846,0.44133,7.67986,8.01415,-22.3745,-22.3745,47.91933,5.96762,92.0098
AR,-6.95855,8.68532,23.5545,0.88727,-1.11,-6.64905,-20.48299,1277.269,28.97162,146.51674,-3.3,1819.835,0.0,146.51674,-7.71497,-22.9347,0.47042,-3.83258,-4.26957,-4.64767,-3.79262,48.81457,5.20475,95.36811
HOUS,-45.89041,49.76,18.29375,1.05672,-1.06,-2.1079,-17.49623,547.0,9.77135,160.72522,0.86,2714.0,-0.66765,160.72522,-3.35834,1.75441,0.274,3.18547,3.85431,-5.49625,-5.35026,66.00162,7.43876,194.13168
AON,12.75362,3.75102,14.54115,1.05812,6.37,14.2922,11.25087,3184.0,28.91129,48.48485,7.83,4968.0,15.40339,35.097,13.91083,16.96393,0.26511,5.89768,14.6457,40.73877,41.05373,71.30138,2.69127,248.44884
AIV,-62.34226,24.23777,14.80886,3.04005,3.90036,54.74122,0.0,0.0,0.0,-27.44126,3.96227,87.086,40.87916,-28.84062,51.08367,50.93439,3.04005,1.63736,1.70995,28.26071,26.5461,69.9244,25.75567,245.21223
APO,8.46532,7.30785,5.82083,1.50978,3.71,52.4189,462.36597,1419.766,48.42562,240.69969,3.97,2833.48,47.18482,240.69969,28.75977,28.0395,1.47088,12.07539,15.3731,79.54681,55.98733,54.97973,2.61327,122.12215
APLE,0.0,33.156307,14.70101,0.47163,0.77,13.57314,0.0,0.0,0.0,-14.44444,0.77,580.772,26.53648,-16.57997,13.57314,13.61212,0.47163,2.90325,2.96625,5.13183,5.13183,32.00635,33.156307,47.07256
ATR,-1.84718,4.92989,24.649,1.88978,3.66,8.47027,8.16162,590.146,20.63641,22.0,4.02,1039.634,8.8191,24.36879,8.4694,8.93676,1.20251,7.1254,8.90554,16.17661,16.17476,44.63523,2.14787,80.62028
APTV,3.29715,5.67919,14.95958,1.31204,3.85,7.02793,-5.18158,2141.0,14.91259,-4.22886,4.67,2649.0,2.07216,-7.2165,6.89559,8.35344,0.8034,6.90081,10.64716,27.20528,26.27262,54.41009,2.23587,119.3468
ARMK,0.9233,9.02171,13.40047,0.98266,1.78,2.76364,4.0525,1352.697,8.33591,-20.53571,1.91,1706.679,5.46448,-21.01411,2.76416,2.90554,0.77208,3.70723,5.01519,14.12841,14.08142,66.74072,4.93989,201.26724
ADM,18.30045,18.85289,34.48474,1.55432,2.44,2.13283,-10.06417,2663.0,4.11872,-23.51097,2.99,4147.0,0.42533,-23.81216,2.13283,2.60358,0.7263,2.46228,3.69083,7.22198,7.19578,33.87174,3.70898,51.37581
AROC,-2.10832,6.59372,7.1476,1.67362,0.7,10.10922,19.43467,391.52,40.55164,268.42105,0.77,509.247,-9.09213,362.0899,10.08094,10.96535,1.07069,4.49087,4.78113,10.12723,10.12723,63.15826,4.75501,171.43126
ARCO,19.85265,32.94342,2.00783,0.68078,0.37944,2.70747,-4.18694,278.244,9.40307,116.66667,0.37944,367.541,-2.15885,116.83176,2.70003,2.68873,0.41975,4.68558,6.4235,19.64203,19.67667,78.8519,5.64912,47.044743
ASC,9.55208,7.99548,9.85123,1.62205,-0.69,-9.93775,82.77033,53.294,23.16707,19.280792,-0.67,66.63617,15.17576,19.280792,-9.93775,-9.63983,1.35511,1.24969,1.28819,-6.7974,-6.7974,56.55425,7.96401,130.17212
ARGO,0.0,0.0,0.0,0.0,0.0,0.0,0.0,0.0,0.0,0.0,0.0,0.0,0.0,0.0,0.0,0.0,0.0,0.0,0.0,0.0,0.0,0.0,0.0,0.0
ANET,23.49298,6.38031,2.36838,5.81442,0.66438,35.66868,17.58511,838.149,34.76778,161.82266,0.64188,1544.338,23.94961,162.06268,35.66868,32.51015,5.2622,13.85964,19.46355,34.13474,34.13474,3.30935,0.11821,3.42262
AWI,17.10526,13.98115,7.60335,1.57474,4.88,23.34072,20.83333,310.3,29.89115,34.43526,4.95,395.1,1.24868,15.38462,20.66275,23.22175,1.03351,8.84371,14.23279,77.39978,77.39978,63.90702,2.08218,177.06221
ARW,-5.1733,3.31841,59.68642,1.51682,-2.44,-0.69222,-17.93619,1147.138,3.96702,209.60411,5.86,3298.381,2.50241,209.60411,-0.70577,1.69351,1.06353,3.50059,7.03617,-4.02661,-3.90848,40.25955,2.85885,67.39078
AJG,11.56356,1.40026,27.40509,1.02203,3.52,9.94858,26.48897,1376.2,19.12717,3.52941,4.12,2201.9,15.36831,5.57222,9.29534,10.65039,0.99806,3.13397,6.11652,13.85482,14.63026,49.11459,3.6579,96.51999
APAM,20.9437,10.68411,2.35235,3.37921,2.65,30.22172,-6.05713,291.795,36.52222,-6.69014,2.68,399.015,28.74722,-1.11996,19.59267,17.15035,3.24269,20.53064,41.70006,117.01045,135.47989,62.31105,1.029,216.7905
AORT,12.38006,5.52179,7.61166,4.14626,0.05,0.62269,2.22004,38.447,13.91888,19.122131,0.11,183.013,4.3742,19.122131,0.62269,1.47815,1.9948,2.13831,2.44424,0.61345,0.61345,46.1812,6.37636,85.80869
ABG,-0.97213,23.47867,33.52178,1.28516,9.55,2.55745,6.3076,369.1,5.11907,15.33816,9.57,1168.9,2.95671,9.76191,2.55745,2.53508,0.28188,7.42192,8.3908,32.94328,32.94328,74.42624,5.09591,291.02585
AHT,27.75769,35.62546,2630.0242,0.1433,-1580.0,-9.48967,0.0,0.0,0.0,-1.0946289,-1560.0,410.434,10.72411,-1.0946289,-7.55794,-10.35875,0.13566,1.18522,1.24041,-31.53029,-32.68766,92.46184,-1.0946289,-1.0946289
ASH,-29.36858,4.29088,59.51667,1.893,0.39,0.9627,-17.86284,515.0,20.65784,-76.50602,2.48,651.0,9.87766,342.98245,20.25672,6.16767,0.97358,2.12862,2.95355,0.68798,0.68798,31.82512,3.23689,46.6816
ASPN,26.16468,4.82108,2.42727,1.50388,-0.6,-10.45022,-0.74523455,-3.946,-2.83121,-0.74523455,-0.6,26.284,1.39543,-0.74523455,-10.45022,-10.37446,1.17918,-8.73905,-12.47463,-22.53876,-22.53876,12.53355,-0.74523455,14.32955
ASB,0.0,91.08201,23.32114,0.94092,1.91,21.03662,-6.36047,627.486,40.39348,1.0582,1.97,1200.563,-47.45653,-2.03021,21.03662,20.35825,0.93398,1.03537,4.14996,9.09066,8.48473,51.97501,6.76464,108.22493
AC,16.33765,1.00281,39.88574,15.32423,1.74,136.83672,5.949008,-15.728,-50.30545,5.949008,1.74,-1.605,-294.52542,5.949008,125.34144,125.40912,7.00143,-1.00224,-1.04227,4.44641,4.59067,1.70279,5.949008,1.82955
AIZ,4.67859,0.85792,94.24983,2.41513,5.84,3.83472,44.70604,2151.2,21.32688,46.73367,9.6,862.0,6.79614,52.43028,3.79308,5.89536,2.41513,1.32685,6.3555,7.11219,7.15237,39.34888,1.71365,64.87742
AGO,44.73868,0.53531,71.17663,132.46667,4.0,42.65957,-26.35135,545.0,57.97872,-14.52992,4.17,831.0,-36.68883,-22.84069,42.76596,44.05117,132.46667,2.42579,4.28608,6.09368,6.07254,17.04701,2.50826,20.57186
ATKR,18.93516,6.60306,4.96084,2.43288,2.83,7.25532,24.19529,300.955,15.70305,14.1129,2.86,497.2,7.7288,1.76077,7.25532,6.95057,1.52597,10.34967,13.57814,78.3397,78.3397,78.39691,2.80878,51.525124
AUB,0.0,65.47355,31.41338,0.9487,2.41,23.2769,36.52132,410.237,49.29862,6.1674,2.92,649.595,78.22886,32.32865,23.25647,28.14249,0.94434,1.47733,5.9537,8.72969,8.72969,38.59853,3.85095,62.86255
ATO,3.63164,13.90263,48.18394,0.37871,4.35,17.62346,4.91571,1137.514,39.19964,-19.8895,4.36,1412.703,-29.95702,-15.19872,17.62346,17.60919,0.21094,3.69452,5.1356,9.72239,9.72239,40.99061,3.51149,69.46456
ALV,-1.70692,5.21832,24.17532,1.24558,5.29,5.41439,-9.68445,1119.1,13.09256,22.73782,5.73,1585.0,2.1547,142.38445,5.39918,5.84557,0.87055,7.11954,11.30107,23.11603,23.02946,51.47469,2.0118,106.07803
AZO,19.70241,41.83775,-71.29757,0.91229,63.43,13.63163,4.03059,2579.298,21.74101,30.05946,64.21,6365.001,10.44186,20.91047,13.63163,13.51232,0.10037,14.35167,37.76767,447.2395,447.2395,146.66844,2.08826,447.2395
AVB,0.0,85.63095,78.13735,0.14465,5.63,33.71175,0.0,0.0,0.0,-20.14184,5.64,1559.289,45.10275,-19.34799,33.70622,33.63291,0.14465,2.78427,2.89021,7.27008,7.26887,40.35092,85.63095,67.66719
AVNS,8.83721,4.43907,26.6201,2.53412,-0.96,-6.5797,24.63768,94.6,13.56078,27.678953,0.52,402.2,-6.91478,27.678953,-6.5797,3.54817,1.73694,1.98527,2.30027,-3.58258,-3.58258,20.45769,3.43975,25.71925
AVY,1.89123,5.88709,14.44217,1.03851,3.57,4.29414,3.4615,998.3,14.12003,-32.38636,3.57,1904.1,5.83478,-35.04493,4.29414,4.24152,0.67326,9.65307,16.59321,28.12283,28.12283,63.33516,2.08334,172.74086
AVNT,-20.17417,7.70164,13.6788,2.15416,0.97,2.64436,-24.37099,306.6,10.71017,-51.5,1.77,662.9,14.70814,268.33542,20.56101,4.77326,1.70064,4.76312,6.73326,9.48552,9.50229,55.12405,4.21755,122.83652
AVA,0.50234,8.09443,28.86827,0.57494,2.97,14.62246,-2.77565,436.058,32.40568,43.47826,1.92,905.805,-11.97968,44.38206,14.63851,9.44646,0.33267,2.42376,3.56118,10.61165,10.59766,53.78963,5.17674,116.40162
AXTA,-3.96392,5.80972,5.76501,2.39855,1.06,5.63563,0.70585,827.5,18.46192,24.70588,1.38,1564.3,12.92278,20.23177,5.55531,7.20142,1.75981,5.26913,6.76048,19.45845,18.57285,73.61535,4.75275,279.00824
AX,0.0,49.508595,17.47104,1.10616,2.48,23.95313,6.98343,328.008,50.64634,5.08475,2.77,464.012,40.84707,1.78465,23.95313,26.47403,1.10126,1.87585,12.27473,15.33342,15.25706,36.89719,1.91285,58.47155
BGS,-5.14083,11.23363,12.68705,3.05103,1.17,4.6006,-2.97112,301.362,18.14981,-55.0,1.64,383.124,-0.5731,-55.69983,4.6006,6.42137,0.75681,4.82754,5.75486,8.92087,8.92087,70.28157,6.37636,236.49153
BJ,1.85787,67.56081,-1.47166,0.84757,0.95,0.97708,36.18373,523.399,4.02387,137.5,1.46,2360.895,2.18266,152.99895,0.97838,1.46767,0.14036,6.91189,13.37824,163.24419,163.24419,112.38186,3.50437,163.24419
BWXT,-20.13611,16.27589,4.23978,1.55607,2.55,12.91226,6.45166,364.928,19.25823,12.3348,2.61,533.864,2.63629,7.55955,12.8826,13.13691,0.52447,10.50155,16.71344,76.3136,76.48391,67.3003,2.27912,205.81323
BXP,0.0,102.04766,35.43308,2.95889,3.3,21.50031,0.0,0.0,0.0,-10.81081,3.5,1888.601,36.04497,-10.51957,17.1981,17.84123,2.95889,3.29054,3.46231,9.33991,8.03124,60.39909,102.04766,152.51945
BW,-27.89106,5.06247,-6.39056,0.68419,-3.89,-15.10084,7.6109724,9.04,1.05225,7.6109724,-3.11,160.258,-7.89243,7.6109724,-14.1977,-11.40814,0.36914,-0.88055,7.6109724,7.6109724,7.6109724,7.6109724,36.0708,7.6109724
BMI,-7.44344,6.65218,11.36948,3.49528,1.61,11.11027,3.09087,84.017,19.78616,69.47368,1.63,163.528,15.94592,69.7625,11.11027,11.14292,1.92562,9.53677,11.8222,14.86894,14.86894,1.33513,0.05332,1.3532
BALL,-7.34375,9.30576,9.08405,0.87574,1.66,4.67143,1.42232,1854.0,16.15827,28.68217,2.29,2271.0,8.28722,24.6696,4.93289,6.60819,0.61628,4.33449,6.88009,17.66818,16.28932,72.74041,4.3452,266.84332
BANC,0.0,98.97772,62.96893,0.92241,5.93698,34.39644,-2.08171,791.922,58.12464,4.83871,5.93698,1135.191,-2.18733,0.70852,34.39644,34.05378,0.92157,1.74774,6.5694,9.58328,9.58328,32.28761,2.98334,47.68346
BAC,0.0,5875.2417,27.32061,0.86559,2.75,24.14847,-3.82815,49089.0,43.21633,5.36399,2.95,85582.0,45.13113,-2.54734,24.14847,24.3879,0.85986,1.23627,4.20779,11.32516,10.34831,62.44213,8.96865,166.25581
BOH,0.0,62.933838,32.13866,0.69829,5.56,29.31137,4.2708,385.852,50.06286,6.30975,5.59,665.053,49.88277,2.87384,29.31137,29.28978,0.69483,1.30743,11.53772,17.68377,17.68377,38.27886,2.06836,62.01905
NTB,0.0,50.146156,18.39696,0.72535,3.3,29.92042,-3.82579,324.788,54.87952,-5.71429,3.41,532.628,50.146156,-9.27791,29.92042,30.63711,0.72504,1.39907,15.83949,19.18383,19.18383,16.60071,0.59064,19.9051
BK,0.0,1131.9395,42.1247,0.72168,4.51,22.32719,-3.13772,9045.0,45.20918,11.63366,3.87,16487.0,134.94402,4.1022,22.19723,18.17534,0.71467,1.29806,5.47761,11.83683,10.8165,52.01472,5.00077,108.76999
BKU,0.0,82.003914,31.3344,0.81109,3.13,21.90915,-29.06835,599.581,41.95591,4.68227,3.18,891.085,7.71223,-3.62242,21.90915,21.24059,0.80977,1.01321,4.0203,10.6052,10.6052,63.16789,8.52613,171.50224
BBWI,18.3871,39.10487,-3.16,1.64149,2.31,4.86515,-15.22401,1949.0,14.72388,-32.45614,2.6,5749.0,4.22868,-34.48627,4.86515,5.42117,0.89627,10.46093,16.96036,374.26324,374.26324,117.39393,2.99538,374.26324
BAX,0.0,336.19867,15.57231,2.32291,1.93,8.89808,7.32284,2726.0,23.99226,-35.45151,3.1,4821.0,9.0268,-38.36207,8.81007,13.88752,1.61951,7.15626,9.62112,12.77112,12.85605,42.96836,2.18672,75.34125
BZH,7.09214,81.80475,17.4168,9.06442,-2.59,-3.80416,29.750803,-75.137,-3.59897,29.750803,-1.95,314.654,3.29417,29.750803,-3.80891,-2.8597,0.84242,-2.75029,-3.12804,-13.42954,-13.42954,68.62352,29.750803,218.71002
BDX,1.1643,7.41265,77.9471,1.17843,3.94,7.13129,9.4315,5024.0,29.05726,556.6667,7.41,8288.0,16.12421,296.463,7.13129,11.56899,0.52449,3.42343,4.36054,5.86152,5.86096,47.91085,3.85948,91.97856
BDC,-28.18073,5.32438,21.11503,1.90681,2.15,5.15611,-24.57988,349.886,16.41672,-30.19481,2.91,797.522,0.79903,59.093163,-17.68962,5.76231,1.02709,4.07634,5.50017,9.34404,9.33889,60.97744,4.31343,156.262
BHE,-20.18239,4.14746,27.45981,2.60228,0.6,1.03281,-16.86135,97.293,4.28964,22.44898,0.98,185.528,3.3527,2.66468,1.03281,1.65651,1.85208,1.68482,2.43922,2.18206,2.18206,18.25825,2.32985,22.33651
BRKa,2.79345,6.81914,174.27774,4.44592,33.22,24.9958,483.5606,115545.0,35.31078,1938.0369,33.22,105577.0,16.45728,1924.7948,24.8812,24.88197,4.02246,8.64302,13.34793,21.05175,20.94377,20.31375,0.94552,25.49217
BHLB,0.0,45.836864,34.64618,0.92428,2.04,17.14407,-2.23348,231.998,39.178,-10.52632,2.47,413.841,185.99792,-7.86177,16.45659,20.5483,0.92075,1.05834,4.67262,6.28571,6.13145,34.32634,3.96196,52.26804
BERY,0.0,0.0,0.0,0.0,0.0,0.0,0.0,0.0,0.0,0.0,0.0,180.0,0.0,0.0,0.0,0.0,0.0,0.0,0.0,0.0,0.0,0.0,0.0,0.0
BBY,-3.24118,41.54942,12.44246,1.18062,5.2,3.41426,3.79363,2736.0,6.38075,59.5092,5.4,9961.0,2.92014,46.4,3.41426,3.48087,0.4258,9.47014,25.43733,42.32437,42.32437,29.56966,0.50731,41.98427
BIO,0.05835,5.88871,192.3096,2.40769,58.27,76.07848,9.89668,389.598,16.85361,381.57025,59.59,1256.996,13.97451,381.0196,76.07848,76.92936,1.67309,2.34363,2.93762,35.98169,35.98169,10.16414,1.6713,11.31412
BKH,-4.95926,6.60967,38.42287,0.58325,3.28,12.29593,3.67346,615.162,35.45807,-31.38075,3.54,668.077,-23.55428,-22.88018,11.48827,12.37786,0.33214,3.49511,4.45436,8.77301,8.97916,58.69039,5.69088,142.07443
BLK,19.64622,4.98252,216.15474,3.00093,28.43,31.13006,1.44853,5883.0,40.46358,6.96012,28.96,7406.0,17.82533,3.97213,30.78616,31.07618,2.61352,2.1344,8.81598,13.57989,13.22058,14.50496,1.00731,17.63008
BXC,-7.46615,13.14343,-2.78486,3.37792,-1.89,-0.66948,33.62793,66.528,2.52261,30.762348,-0.32,356.915,1.13215,30.762348,-0.66948,-0.11351,1.19513,2.34918,3.50238,30.762348,30.762348,104.06318,10.04117,30.762348
BA,-13.1927,6.32192,-15.30798,1.05053,-1.12,-0.74984,-42.69236,7850.0,9.25511,670.6802,11.44,4759.0,2.61634,670.6802,-0.74984,7.62595,0.23123,2.96433,21.5721,670.6802,670.6802,141.02412,3.63465,670.6802
BCC,0.78594,21.53533,17.98928,2.65659,2.06,1.7428,-15.61309,215.817,4.64782,296.15384,2.07,677.628,1.14575,295.1995,1.7428,1.74033,1.34258,5.17911,7.16279,11.78016,11.78016,43.15618,2.46716,75.92061
BOOT,84.43837,124.45594,9.31861,1.82531,1.35,5.02308,34.70372,83.224,10.71295,28.57143,1.39,251.434,2.40925,35.12241,5.02308,5.02641,0.17272,6.56875,9.21596,16.30094,16.30094,40.74264,2.18239,68.75539
BAH,17.68425,5.44863,4.82308,1.44105,2.91,6.24294,14.72674,670.969,10.00843,41.95122,2.73,1598.907,2.86099,37.1727,6.24294,5.77886,1.36898,10.12739,15.66015,68.05383,68.05383,72.26568,2.62272,260.56406
BWA,-0.89466,5.89535,22.7995,1.64706,3.61,7.83832,-2.79883,1667.0,16.39457,-18.69369,4.13,2101.0,5.73392,-19.84528,7.33674,8.35505,1.18635,7.75358,11.50063,16.70492,17.34721,29.68501,1.22676,42.21718
SAM,59.66895,28.25195,61.07904,1.21035,9.16,8.80452,25.97055,212.05,16.96639,17.13555,9.92,614.166,5.47112,18.75398,8.80452,9.43406,0.563,11.49878,15.48753,18.40223,18.40223,7.73781,0.29095,8.38676
BSX,13.61094,6.24673,9.94822,0.96568,3.33,43.78202,9.96073,3080.0,28.6912,179.83192,1.05,7632.0,10.66721,181.2687,43.78202,13.61039,0.51295,5.01804,6.4673,41.5874,41.5874,42.7233,3.36071,74.59105
BYD,0.36036,60.73384,11.34319,0.71736,1.38,4.73934,25.56541,753.238,22.64615,38.0,1.66,1981.929,7.45639,37.01759,4.73934,5.66326,0.59529,4.81489,5.38929,13.07649,13.07649,78.76806,6.23163,133.87572
BRC,-1.96426,7.26775,16.05325,2.36946,2.46,11.30906,7.35277,186.227,16.04513,42.19653,2.5,578.678,8.56177,44.14452,11.30906,11.32905,1.80696,9.16952,11.90353,16.37771,16.37771,5.56818,0.26938,5.89651
BDN,2.41012,2.46719,9.56737,1.39131,0.19,6.02797,0.0,0.0,0.0,-75.0,0.19,344.706,37.25108,-74.86356,5.98223,5.84227,1.39131,1.60264,1.69789,1.95916,1.96139,56.20798,19.971062,128.35208
BFH,-2.74779,0.28738,33.36765,2.03106,11.24,10.25926,-29.7909,1672.1,29.95897,-35.73471,14.35,2862.0,18.96646,-71.13488,4.98092,12.85543,1.99646,3.28748,3.61677,29.21131,29.21131,93.43358,13.51588,204.66356
BRSP,-13.31442,0.12159,16.48544,28.68982,-3.25,-78.60116,0.0,0.0,0.0,18.643955,-3.24,212.839,87.65195,18.643955,-70.42314,-70.67371,28.65738,-1.63768,-1.68564,-17.17854,-18.33521,69.33309,18.643955,226.0843
BV,5.8446,5.60361,12.26779,1.65735,0.43,1.84646,3.13837,291.928,12.1404,51.798122,0.63,638.2,4.34365,51.798122,1.84646,2.69334,1.46228,3.34009,4.02623,3.53626,3.53626,47.31831,3.94995,89.81929
EAT,2.49912,59.22933,-20.752,0.41983,3.96,4.8137,-9.92446,351.4,10.92017,45.58824,4.17,522.9,1.5883,23.05175,4.8137,4.96321,0.19687,9.7289,20.66852,62.92034,62.92034,277.63068,3.4613,62.92034
BCO,3.59883,6.60332,3.82834,1.23014,0.55,0.88322,-2.20027,435.6,11.83792,69.73985,2.93,851.1,1.5059,69.73985,0.78811,3.99723,0.97226,4.5662,8.28882,16.38206,17.37039,90.27862,4.42585,69.73985
BMY,38.64269,4.69095,22.92226,1.60369,2.01,13.23389,43.86467,8547.0,32.69076,-33.22259,3.31,18247.0,20.42934,-30.10163,13.15357,21.58558,1.26082,5.10671,6.97735,10.48012,10.51272,47.90399,5.56195,91.95327
BRX,10.92322,5.4743,9.21199,0.81969,0.92,23.50583,0.0,0.0,0.0,-23.96694,0.92,872.394,42.77625,-24.98362,23.50583,23.47141,0.76254,3.15802,3.36618,9.84857,9.84857,64.13141,53.69055,178.79547
BR,7.96748,6.82127,9.86439,1.29865,4.06,11.05176,8.96488,825.3,18.91935,14.04494,4.19,1230.3,14.45945,12.66651,11.05176,11.13248,1.16808,11.35462,17.19224,43.39725,43.39725,56.59956,1.78166,130.41241
BKD,-0.21807,30.33133,3.62442,0.56943,-1.44,-6.61785,-24.34237,397.596,9.80003,63.500965,-1.33,895.221,0.64837,63.500965,-6.60402,-6.09443,0.44821,0.16619,0.18775,-31.24088,-31.27204,89.34739,14.73976,63.500965
BN,5.92579,8.95205,29.81725,0.89914,3.3,8.01993,5.80532,5304.557,18.6934,-21.42857,3.9,13925.485,3.8306,-19.50922,7.62842,8.90936,0.71074,5.3299,7.00932,11.37522,11.84357,49.24114,3.56907,97.08251
BIP,66.76245,4.73752,10.36865,1.07391,0.492,9.85296,31.60738,2923.0,44.30802,-44.5946,0.6,1988.0,12.68948,-43.17073,3.53191,4.32924,0.50947,2.29981,2.85545,4.85063,3.52447,50.69415,7.80773,102.8157
BRO,10.01175,2.50286,11.89497,1.21974,1.4,16.65909,14.23073,601.619,25.1495,14.7541,1.41,1078.226,20.71318,15.76128,16.65909,16.06006,0.9664,5.05016,7.50955,12.54995,12.54995,34.52512,2.93643,52.73033
BFb,-16.41948,6.04507,50.70037,1.86642,3.04,4.21614,-21.2738,8568.985,12.6451,-37.70492,3.64,17920.547,17.26367,75.35428,13.94505,4.9336,0.81517,2.77591,4.04115,6.47161,6.43011,31.85512,2.59259,46.74616
BC,-39.74941,9.31082,16.34933,1.61563,0.36,0.73995,0.01579,633.3,15.41476,-87.91946,0.42,1151.0,5.70295,81.33054,-3.18859,0.871,0.70362,7.8757,11.66047,2.10855,2.10855,47.93693,1.89136,92.07472
BKE,-17.45459,112.96753,8.03552,4.10597,1.97,10.79711,-10.34261,147.776,16.6885,6.48649,1.97,366.073,9.40219,6.57808,10.79711,10.77064,2.5173,14.18786,19.25299,24.35485,24.35485,0.0,0.0,0.0
BLDR,-5.996,11.47323,7.10848,1.59122,1.9,3.04665,3.98499,505.444,6.9425,7.95455,2.08,1976.829,4.05964,8.0988,3.04665,3.30589,0.86021,8.19757,11.08282,31.21233,31.21233,65.83801,3.1455,192.72298
BG,4.15394,24.61999,36.83019,1.5539,-9.34,-3.13807,108.6541,-179.0,-0.4351,108.6541,-8.3,2220.0,-1.42046,108.6541,-3.11133,-2.8546,0.50356,-2.39455,-3.7115,-23.91183,-19.51773,47.21583,108.6541,95.33997
BURL,-10.0448,97.99309,4.80617,1.01936,6.04,6.21948,12.9723,778.195,11.66975,10.21898,6.21,2790.768,3.18232,7.7674,6.21948,6.22185,0.15917,11.81464,27.59066,202.56958,202.56958,75.35205,1.26776,185.25137
CACI,7.8041,5.94776,95.31073,1.49124,10.46,5.32663,14.61206,475.067,9.52737,-12.32188,11.06,1682.288,6.78287,-11.80957,5.32663,5.50811,1.36163,5.38407,6.81521,11.8624,11.86168,41.24914,3.5048,70.21028
CBL,-6.48959,9.38963,4.63077,0.33294,-0.89,-16.96561,0.0,0.0,0.0,27.874527,-1.24,538.044,18.27877,27.874527,-14.01043,-27.70116,0.33294,-0.19812,-0.20835,-12.28842,-13.86708,80.34018,27.874527,27.874527
CBRE,20.60249,5.44887,18.61884,1.17059,3.77,5.40489,17.10858,1840.825,7.7041,21.6129,4.23,5205.078,5.52249,20.61081,5.36684,5.94464,1.08373,5.90815,9.48682,22.95767,22.89193,39.40409,2.21599,65.02763
CF,1.32743,20.17582,13.41055,1.46466,2.23,14.07407,12.37437,1789.0,38.97604,79.83871,2.03,1174.0,15.32407,70.0,10.74074,9.73869,0.79549,4.66114,5.70029,16.84031,11.36524,42.92802,2.37004,75.21731
CMS,0.0,0.0,0.0,0.0,0.0,0.0,0.0,0.0,0.0,0.0,0.0,0.0,0.0,0.0,0.0,0.0,0.0,0.0,0.0,0.0,0.0,0.0,0.0,0.0
CNA,0.26236,1.387,45.00521,229.09956,3.67,9.44555,3.67279,1242.0,11.73137,23.15436,3.68,3578.0,6.52569,23.00123,9.44555,9.44071,229.09956,1.24614,5.04434,8.53534,8.53534,19.61171,2.39936,24.39623
CNH,1.42083,1.32702,4.504,1.88326,1.05,5.56044,-3.57986,2451.0,9.37321,34.61539,0.9,5650.0,-5.43568,33.14607,5.43807,4.65333,1.47538,1.65326,2.5327,25.56634,25.8397,80.43167,10.32354,362.76865
CNO,-5.5535,0.50896,31.58343,143.7739,2.61,10.19473,296.62982,717.9,17.87689,143.7739,2.74,1598.8,23.51617,143.7739,10.19473,10.64669,143.7739,0.86444,3.54083,10.17408,10.17408,45.20468,5.37457,82.49733
CNX,-47.12072,9.97319,22.29147,0.9417,-0.42,1.6602,-20.7524,812.765,42.23591,87.12365,-0.4,1030.245,-28.62293,87.12365,-4.19519,-3.96451,0.42702,1.30908,1.50215,-1.90165,0.63616,37.21583,3.61907,59.27581
CDP,21.68853,3.33956,14.98149,1.27898,1.71,30.73424,0.0,0.0,0.0,147.8261,1.72,318.043,34.93651,165.1305,29.45695,29.39013,1.18296,2.75637,2.92556,11.7445,11.75808,51.40202,43.025475,107.58048
CRH,-11.01402,7.43465,24.07975,1.61285,2.25,6.51836,17.03971,4487.608,15.91388,14.79592,2.28,9279.0,8.91944,-24.88168,7.67639,6.47875,1.0906,4.25063,5.71935,9.73223,9.53182,37.58258,2.63191,60.21167
CTO,-15.12739,77.41774,19.945,1.83785,1.10667,36.94844,-51.0346,28.018,62.34396,-52.84091,1.10667,37.836,-249.15361,209.3333,255.83098,36.87822,1.75185,1.21277,1.47971,6.67975,6.67975,50.18936,10.26422,100.7603
CTS,-1.89865,5.94969,12.47903,2.44954,1.09,7.70705,-2.92843,86.019,18.34098,-21.58273,1.3,157.575,7.67123,-22.32012,7.70705,9.06399,1.83926,6.44041,7.99012,9.23095,9.23095,23.92139,1.48122,31.443
CVI,7.69231,36.26211,13.85642,2.16611,3.78,5.68825,7.07196,863.0,13.56065,21.15385,3.78,988.0,8.63058,31.48789,5.97109,5.96936,1.40604,9.21659,12.10287,28.79879,20.47511,42.7001,1.44032,74.52038
CVS,2.45767,27.70715,49.05069,0.9437,5.08,2.58241,26.16034,17043.0,6.6373,2814.9685,5.56,44517.0,4.16788,2814.9685,2.58358,2.81707,0.51916,3.78129,5.55509,10.86748,10.80733,58.10592,5.2222,138.6972
CABO,14.71132,38.67924,147.25616,0.95751,31.12,15.28959,13.35519,551.609,47.22692,8.16823,34.53,779.445,15.09025,8.38917,15.28959,16.78907,0.8751,7.67457,9.22914,22.08906,22.08906,67.60906,3.18449,208.72833
CBT,-16.79749,5.71894,17.48393,2.02003,2.63,5.57387,-6.37899,499.0,14.95355,65.0077,3.49,694.0,5.2742,65.0077,4.70483,6.13914,1.16695,7.02225,9.79353,14.59108,15.41649,48.40764,2.13227,93.82716
CADE,0.0,79.723976,24.09035,0.82274,2.3,22.19026,9.99743,466.784,44.21589,3.13901,2.41,929.125,147.98622,5.84862,22.19026,23.17263,0.81043,1.37032,6.67257,9.91847,9.57975,37.52052,3.45432,60.05254
CWT,5.47239,10.95938,16.06993,0.51492,1.31,8.83289,-3.75652,204.912,28.67679,-3.67647,1.31,353.839,-17.07875,-3.76311,8.83289,8.83066,0.45341,2.43091,4.26819,8.35939,8.35939,56.13597,4.87088,127.97722
CALX,-30.61051,7.47488,2.72867,1.24524,-0.32,-4.16987,9.082598,-2.611,-0.61532,9.082598,-0.28,187.925,-1.30208,9.082598,-4.16987,-3.62879,0.81361,-2.54909,-4.14603,-11.56614,-11.56614,25.23929,9.082598,33.7601
CPT,-15.05376,122.67791,33.95166,0.18636,2.22,21.25722,0.0,0.0,0.0,36.19632,2.32,651.434,45.46387,40.66855,20.81675,21.65125,0.18636,2.37569,2.57862,6.3291,6.32921,40.68532,48.298553,68.59234
CCJ,-18.13015,5.2146,12.61938,6.51375,0.14649,3.96908,-14.46868,285.28836,19.8628,-54.76191,0.06939,517.56354,20.08319,-55.50826,3.97225,1.91214,5.02557,0.59475,0.73603,1.48178,1.48051,16.63503,2.69362,19.95446
CWH,-8.73205,36.821,-0.86978,1.30458,-1.62,-2.45913,-34.26575,192.978,3.94475,86.79375,1.39,1329.892,3.57708,86.79375,-1.23857,1.06011,0.21167,2.68979,3.37834,86.79375,86.79375,105.68855,15.33062,86.79375
COF,8.34678,0.13637,116.43107,1.07085,11.02,16.31816,6.88324,9969.0,29.40101,-6.92568,12.01,22357.0,2.73653,-7.79717,16.35651,16.56259,1.0693,1.49364,5.04121,11.01467,10.08944,49.75837,5.76317,99.03811
CPRI,31.84165,15.55457,16.09334,1.12127,3.58,10.34746,3.75494,1050.0,20.04582,-6.28272,4.44,3180.0,5.59899,-8.26153,10.36655,12.69486,0.37289,9.62975,13.05727,24.42261,24.31856,51.29948,2.44381,105.50987
CAH,8.1012,17.87228,21.16388,1.06794,4.53,0.93793,-11.40672,2664.0,1.8305,459.25925,4.77,6834.0,2.03252,432.42188,0.93655,0.98328,0.45589,2.59226,7.12345,22.00694,22.01435,55.92229,3.01464,126.87204
CSL,12.12946,6.49646,47.453,1.94883,8.21,9.84496,21.83558,878.8,18.2642,39.62585,8.63,1311.1,8.58005,-22.5426,9.82625,10.20781,1.26162,7.83606,9.90169,18.07946,18.07946,38.80141,1.90669,63.40245
KMX,4.8972,140.17293,20.04447,2.45062,4.79,4.40004,4.55651,1358.806,7.09723,33.05556,4.83,2919.281,3.35216,26.84803,4.40004,4.40131,0.47842,4.10521,4.37174,25.24509,25.24509,80.88437,10.45378,204.09422
CCL,0.0,729.2262,37.08333,0.22559,4.32,14.35774,1.90904,5445.0,26.14646,-2.7027,4.35,11110.0,-5.34154,-5.13959,14.35774,14.41297,0.12228,4.69506,5.73226,12.0061,12.0061,31.2005,2.11258,45.34989
CRS,1.47952,6.24233,32.02233,2.97164,3.43,7.01622,16.13434,352.7,14.81808,-12.5,3.25,444.8,1.27143,-11.40584,7.01622,6.51311,0.98822,4.6652,7.01116,11.11111,11.11111,27.28186,1.61696,37.51727
CRI,-2.8605,14.919,20.01979,2.32967,5.85,7.42284,-0.01208,496.826,13.97965,-2.5,6.51,1508.55,6.94504,-6.47574,7.42284,8.13346,0.97858,10.4134,13.31943,30.15633,30.15633,61.72353,2.85668,161.2571
CAT,3.6052,3.22378,26.51963,1.47226,10.74,11.32714,-1.15846,12201.0,22.67844,4.67836,10.87,14462.0,6.60525,-0.87848,11.32528,11.34683,0.98704,7.66428,11.61724,42.56821,42.45359,72.35639,3.13835,261.74722
CE,-16.42085,6.74558,20.96943,1.5764,6.89,13.72082,-17.04546,1387.0,22.02636,-23.01676,7.87,1606.0,12.12085,-29.41177,13.53025,15.48829,0.96009,6.95221,9.38196,31.25114,27.52907,58.67674,2.96684,141.99448
COR,9.48057,15.15449,13.92389,0.95101,4.04,0.47561,7.31188,2402.492,1.33777,-46.34794,6.67,5138.312,0.94018,-48.42243,0.47629,0.78056,0.53281,3.11345,15.74068,29.43576,28.26779,60.01924,1.87031,150.12032
CNC,21.30097,13.09801,30.23988,1.57153,3.14,1.75378,0.0,2737.0,3.66698,38.93805,4.02,11945.0,0.69016,46.77778,1.76985,2.22701,1.49204,3.71549,5.94801,11.25788,11.03943,53.33995,5.30106,114.61411
CNP,17.02806,7.2295,13.17891,0.98946,1.33,6.43037,27.54961,2764.0,22.46972,79.72973,1.76,2951.0,-7.66401,114.94565,6.43037,7.18322,0.74537,2.95646,4.53001,12.22849,9.63635,64.48118,5.49023,181.54085
CSR,0.0,0.0,42.949,1.39896,6.0,45.15483,0.0,0.0,0.0,0.0,5.85,101.254,0.0,0.0,42.16517,36.57359,1.39896,0.0,0.0,0.0,0.0,48.22856,18.440424,93.1567
CPF,0.0,24.13657,18.68288,0.85246,2.03,22.58932,-0.79952,118.616,45.94243,0.99503,2.05,219.532,-48.50199,-1.95676,22.58932,22.62603,0.85071,1.16349,8.36713,11.43294,11.43294,36.52929,2.5644,57.55298
CCS,0.0,40.94894,32.10751,5.49597,3.62,4.45576,28.91408,167.529,6.60627,14.19558,3.99,452.982,-5.20138,17.14686,4.45576,4.8596,0.21948,4.0529,4.61884,11.76373,11.76373,52.18658,6.91704,109.14628
SKY,0.0,0.0,7.27134,1.54283,-1.09,-4.27987,0.0,-3.934,-0.28926,0.0,-0.79,245.359,0.0,0.0,-4.27987,-3.1071,0.89326,0.0,0.0,0.0,0.0,17.54343,12.005032,21.27596
CRL,8.84811,5.31537,33.40249,1.43812,5.07,9.69245,15.44883,602.524,22.98634,10.45752,5.63,965.026,14.23559,11.32909,9.61455,10.46647,1.06088,5.91363,7.54801,17.07494,16.91047,54.85392,3.36056,123.62837
SCHW,5.30811,0.29269,14.74032,1.10527,2.67,31.42978,7.47463,5507.0,46.72889,8.97959,2.7,10468.0,81.2272,5.61734,31.42978,30.03564,0.35183,1.0919,11.23787,20.11458,17.46552,27.09137,1.46722,37.15797
GTLS,15.80425,4.82937,34.2905,1.7806,1.32,3.60249,20.0627,191.5,14.74098,-20.95808,2.15,309.7,7.43977,-47.27273,3.5717,5.61208,1.07772,3.21699,4.05139,4.39373,4.41218,39.70056,4.23708,65.83901
CLDT,2.91435,70.62164,16.24567,0.50951,0.39,5.86208,0.0,0.0,0.0,-40.90909,0.39,150.332,22.12989,-38.96087,5.80712,5.66576,0.50951,2.25178,2.33567,2.39806,2.38619,44.00949,14.499586,78.6017
CC,-23.79747,7.93966,4.21216,1.80208,-0.32,-0.94101,-43.05296,914.0,16.53999,97.249,2.74,1063.0,0.02941,97.249,-0.94101,8.17225,1.0026,5.15561,7.42026,-6.10687,-6.06414,86.54665,4.89169,97.249
LNG,-18.18182,19.85714,-0.05521,2.2476,2.51,12.66187,27.85167,3172.0,32.60021,32.10526,2.7,2915.0,-17.44861,37.57962,6.65982,7.10935,1.85966,4.41619,4.6492,291.14597,56.46196,92.77298,9.85435,291.14597
CPK,-37.6385,5.23268,34.23415,0.31849,3.72,12.74843,2.63453,150.259,31.32981,7.82609,3.66,171.58,-22.97458,15.152,13.58475,12.5138,0.18282,3.76905,5.35496,11.32243,11.32243,57.01066,4.95638,132.61583
CVX,-11.46179,9.85833,76.62068,1.06781,1.54,2.0341,-13.42684,29318.0,20.96164,-80.10336,1.78,59752.0,12.12088,-80.27523,2.09059,2.39577,0.736,0.02544,0.03414,1.95738,1.89131,17.52638,1.05253,21.2509
CIM,17.23162,0.13116,63.33929,1.01924,5.43,23.08917,40.12161,1663.598,92.88115,-7.65306,5.34,847.875,-97.28864,0.46497,23.08917,18.59967,1.01924,3.79281,3.99568,10.80267,10.80174,84.61395,13.06849,122.84187
CMG,29.26082,78.20924,1.21277,1.60848,0.2476,6.26808,30.50946,723.072,12.94351,96.19651,0.2854,1903.321,7.93427,98.33025,6.26808,7.08599,1.48371,8.65618,10.67577,22.41467,22.41467,62.8843,3.94361,169.42775
CHH,2.57068,7.97485,-0.42208,0.72598,3.98,19.99229,1.93548,364.138,32.66339,4.73684,4.34,521.233,16.92169,3.01495,19.99229,21.5509,0.65011,16.58576,29.28019,56.048794,56.048794,102.73552,2.42486,56.048794
CB,-5.14541,1.24887,122.4213,1.81655,9.71,12.85685,0.0,0.0,0.0,14.36985,9.81,8716.0,13.73654,12.41797,12.85685,12.91019,1.81655,2.05315,5.16041,8.43217,8.43217,23.69822,391.98526,31.05854
CHD,3.2146,12.42041,10.87052,0.87558,2.44,14.1336,8.8162,1004.7,23.05574,7.48899,2.53,1984.0,15.43159,8.31868,14.1336,14.29392,0.46883,8.35357,11.14772,24.05108,24.05108,45.45826,2.2131,83.34583
CIEN,2.76601,4.47628,14.07192,2.81557,1.61,7.09476,36.14729,488.747,13.68223,101.64482,1.77,1542.066,2.65649,101.64482,7.09476,7.71597,2.18821,6.12447,8.33241,12.35632,12.35632,25.79913,1.5457,34.76931
CI,3.91412,14.32156,121.70262,0.74356,13.44,3.33119,131.74399,12637.0,8.22191,27.51423,15.26,25079.0,2.1656,93.55328,3.32078,3.73231,0.41093,3.64887,6.75283,11.81947,11.84486,45.59982,3.01005,83.88762
CNK,-11.94943,36.72247,12.25599,0.89587,1.63,5.90442,-7.53501,668.508,20.3621,-10.92896,1.63,1607.287,5.10437,-10.49493,5.82943,5.77439,0.81281,4.9394,6.12085,13.29276,13.3484,69.9741,5.04894,233.04584
C,-1.30043,0.12719,82.90057,1.18118,8.04,18.82184,6.96519,44336.0,42.85783,20.17937,7.81,66849.0,50.3254,7.51455,18.75417,16.98059,1.00662,1.3064,3.51688,10.99365,9.95908,73.01437,11.83587,270.56757
CFG,0.0,422.0213,47.63334,0.97507,3.81,22.20431,-2.07894,3250.0,40.29259,8.23864,3.86,6098.0,48.25502,4.0674,22.20431,21.52197,0.94872,1.24521,5.39494,8.82092,8.32675,40.3888,4.62831,67.75371
CIA,0.5449,2.49367,5.17293,3.42932,-0.03,-0.55908,-41.32972,3.468,1.41525,1.5549854,-0.11,54.185,4.89711,1.5549854,-0.55908,-2.25418,3.39886,0.00911,0.06825,-0.6122,-0.6122,0.43301,0.32584,0.43489
CIO,23.05806,5.37039,7.98681,3.41181,-0.13,1.56241,0.0,0.0,0.0,11.141262,-0.13,98.981,30.29409,-95.28925,1.15037,-3.65945,3.41181,1.54343,1.62778,0.49846,0.51546,52.84372,11.141262,112.06085
CIVI,0.0,23.389952,45.37347,1.05516,3.24,21.41211,25.39666,193.63,61.81917,-60.29412,3.27,233.677,-26.40588,-60.12332,21.41211,21.51882,0.88657,5.84121,6.72494,7.44939,7.44939,11.29158,0.61576,12.72886
CLH,5.94156,5.00758,22.75732,1.94544,1.74,2.86444,8.61324,534.817,15.67372,50.0,1.74,1024.371,6.34973,48.91218,2.86444,2.84774,1.54906,3.56744,4.85081,8.01289,8.01289,58.07511,3.28892,138.5218
CCO,0.47798,3.79071,-4.73473,1.0181,-0.88,-13.47998,5.7971,609.422,22.70735,105.29906,-0.44,1231.633,4.19439,105.29906,-13.53688,-6.7724,0.94544,3.43666,4.57604,105.29906,105.29906,140.91533,11.61191,105.29906
CLW,6.8589,11.70358,26.15645,1.6612,-0.34,-0.31791,-7.75032,164.9,9.36134,30.636421,-0.04,164.5,-7.08623,30.636421,-0.31791,-0.03754,0.64479,1.68107,2.341,-1.30476,-1.30476,69.44621,5.95452,227.29167
CWENa,0.0,0.0,0.0,0.0,0.0,0.0,0.0,0.0,0.0,0.0,0.0,0.0,0.0,0.0,0.0,0.0,0.0,0.0,0.0,0.0,0.0,0.0,0.0,0.0
CLF,-58.53551,12.40973,1.32514,2.19321,1.04,14.79974,-29.53074,522.6,26.26263,-69.59064,1.14,576.0,-14.50764,-74.04485,14.71431,15.85545,1.234,7.79317,10.98711,75.31006,75.31006,85.52009,4.04478,52.27522
CLPR,16.95531,29.91245,3.21269,1.61995,-0.11,-3.54926,0.0,0.0,0.0,10.869669,0.08,62.312,19.58152,10.869669,-1.43331,1.22681,1.61995,1.90002,1.94504,-2.72023,-2.71905,87.55947,10.869669,10.869669
CLX,5.16667,10.09586,4.44759,0.90625,6.32,13.19601,-0.30984,1287.0,20.7113,0.95847,6.42,2728.0,10.88268,-0.36452,13.19601,13.19685,0.51528,13.59817,21.41696,127.62646,127.62646,82.80529,2.09169,195.4567
KO,16.93168,10.11701,4.43481,0.75672,2.07,24.11045,9.92232,11887.0,31.89771,31.84713,2.03,22647.0,30.47248,38.63848,23.93603,23.29276,0.56152,7.76915,10.30473,49.60792,44.75047,67.66739,3.71456,209.28523
CDE,17.11677,127.33817,2.76159,1.10377,-1.59,-48.75545,-4.2113023,-153.966,-21.63957,-4.2113023,-1.58,141.9,-13.70476,-4.2113023,-47.95531,-48.59058,0.38977,-13.9435,-18.51765,-45.65875,-45.65875,34.36544,-4.2113023,52.35876
CNS,-5.84485,6.54892,4.52282,2.27198,2.79,35.77733,7.97207,164.53,40.0482,16.25,2.85,212.162,58.38102,18.19643,32.76806,32.79411,2.07989,23.97302,30.92336,61.70336,48.67399,13.96265,0.26347,20.28469
COHR,25.39622,5.62232,17.78643,3.00452,1.63,7.89118,17.17651,260.433,19.11441,20.74074,1.92,521.349,1.49489,22.17563,7.89118,8.96012,1.7538,5.65439,6.75351,9.96672,9.96672,30.24548,1.8867,43.35987
CL,2.85714,11.05141,0.13689,1.03492,2.75,16.10272,-1.8357,4278.0,27.26056,0.0,2.84,9336.0,14.95412,-1.375,15.08316,15.54734,0.58098,17.27799,30.11247,660.1996,660.1996,93.82812,1.98294,660.1996
CBAN,0.0,15.28967,13.73892,0.83056,1.12,13.57034,17.44617,30.435,40.44787,-20.0,1.35,60.746,38.28228,-14.31568,13.57034,16.38049,0.82178,1.25452,9.11715,9.02837,9.02837,39.816,2.83683,66.15711
CMA,0.0,253.08253,51.56373,0.95738,7.87,31.38591,-3.25472,2051.0,53.7333,9.30556,7.95,3275.0,72.27207,-2.99595,31.38591,31.24181,0.95708,1.67886,8.33534,16.15208,16.15208,51.2638,3.75768,105.1863
FIX,28.09522,4.33684,15.96661,1.29965,3.08,4.37139,8.03802,208.71,7.98042,2.66667,3.09,498.743,2.00912,1.2586,4.37139,4.35437,1.25944,7.65011,13.3338,21.10563,21.10563,34.83241,1.49896,53.45052
CMC,49.42187,6.2363,13.77029,2.99458,1.67,3.41017,45.85648,551.161,9.4555,46.49123,2.1,803.488,-0.55595,43.02124,3.3984,4.24521,1.88939,6.92264,8.88685,12.75345,12.75189,43.3872,2.25824,76.63851
CBU,0.0,52.118504,35.81948,0.76216,3.23,27.42989,3.31337,321.598,52.17816,-0.30864,3.4,581.364,44.88001,0.25024,27.42989,28.53735,0.76203,1.64285,8.28013,9.47393,9.47393,17.21475,1.19959,20.79447
CYH,-4.46749,5.38964,-18.82485,1.50175,-5.93,-4.46631,-4.90566,1512.0,11.44587,354.06076,-2.39,5112.0,1.2112,354.06076,-5.10977,-2.05781,1.14417,3.59095,4.5153,354.06076,354.06076,113.22948,9.27778,354.06076
CMP,9.88447,4.5581,15.62887,2.65292,1.81,4.19322,12.5964,306.6,20.57028,-10.39604,1.94,232.5,3.05854,-9.15698,4.19322,4.41,1.47144,4.38309,5.39102,11.68443,11.68443,73.60841,4.81768,278.9086
CRK,86.32963,5.54756,6.01568,0.73828,0.52,12.60445,94.09142,551.437,71.73734,76.89164,0.75,581.318,-9.17078,76.89164,12.60445,13.92793,0.52919,5.02032,5.88404,11.31489,9.26203,62.18301,4.54021,164.43143
CAG,42.75661,13.48851,15.19199,1.27593,1.53,7.13222,19.95172,1838.5,19.27472,-21.53846,2.07,2653.0,4.33183,-16.09352,7.11126,9.63558,0.4986,5.77741,7.32546,12.29929,12.12624,58.85729,5.80762,143.0564
CNMD,4.15698,5.15368,24.99708,2.11266,0.97,2.99655,24.24709,141.136,14.77714,-31.20567,1.58,528.908,11.62008,-29.94566,2.99655,4.68575,1.14284,3.83134,4.59303,4.16977,4.16977,52.75013,5.61991,111.64079
COP,-16.65816,9.06275,32.24448,2.40139,6.4,22.28329,-11.95681,13372.0,41.05997,20.30075,6.07,16182.0,8.21499,14.89532,22.07449,20.82405,1.94775,5.63191,8.08148,21.48536,21.62589,31.10836,1.18359,45.15549
ED,3.032,6.95465,54.12012,0.6795,4.08,11.4522,9.79602,4360.0,34.67473,-7.69231,4.09,6766.0,-4.50135,-2.822,10.68077,10.68526,0.52998,2.98663,4.27187,7.72994,8.21636,55.30881,5.16973,123.75776
STZ,9.10848,10.00062,66.01308,1.16442,17.57,42.62075,4.81217,2879.4,35.47807,52.12121,17.59,4103.4,5.47653,48.16939,42.33489,41.30269,0.43034,6.40243,7.12814,33.36295,33.10159,51.47295,4.72894,106.07064
CPS,-0.35511,5.42053,50.83269,1.66999,3.92,2.00145,0.0,192.703,6.19943,-33.44652,6.51,359.122,1.88554,-37.33738,2.17247,3.59093,1.29455,0.96864,1.47279,8.00277,7.16953,50.45177,4.62866,101.82355
CPA,0.0,106.76011,45.76843,1.23737,5.81,9.12319,42.63165,717.577,26.50421,180.67633,7.92,1046.29,14.46766,180.38141,9.12319,12.42758,0.99611,6.44636,8.47558,13.08417,13.08417,41.27557,1.89525,70.28688
CLB,1.87524,5.12557,4.00002,1.98252,2.11,14.10994,-11.60798,124.608,18.64803,17.22222,1.39,172.631,12.07818,28.23856,15.26212,9.22707,1.33697,8.95706,12.56697,56.27211,54.96968,67.70132,3.06388,209.61018
CNR,50.34765,12.9905,16.78167,0.86174,2.81,6.56889,-20.36837,394.91,27.7274,-47.76952,3.66,442.473,3.07042,-50.31835,5.33618,6.92241,0.64489,4.30406,8.44165,17.98555,16.64724,57.92442,1.9954,137.66753
CXW,3.76501,7.18445,11.55999,1.18051,1.59,9.53638,2.40432,427.196,21.56805,18.65672,1.6,557.92,1.82532,18.64177,9.53638,9.61508,1.08424,4.74495,5.29089,13.53145,13.53145,59.86762,4.80756,149.17534
GLW,-5.36083,6.09269,13.91995,2.11957,1.07,8.34565,3.89403,3255.0,28.29697,-5.30974,1.53,4423.0,2.4874,-9.94372,8.34565,10.32148,1.2221,3.88277,5.32419,8.68818,7.14206,38.83477,2.53518,63.49158
CMRE,31.50222,73.43096,11.84162,0.74003,0.59,20.70637,44.59892,313.262,65.52104,78.78788,0.61,342.487,29.35596,47.23449,20.70637,14.76769,0.6469,4.11941,4.18379,7.15349,7.15349,52.41443,4.96034,110.14774
CTRA,-42.51097,7.25198,5.40677,1.73228,1.63,32.96122,6.47413,1282.449,62.06569,31.45161,1.51,1333.0,14.82805,22.26525,32.96122,30.36506,1.68459,12.61669,16.30414,32.12863,32.12863,36.85678,0.97924,58.37014
COTY,-24.40104,6.41295,6.08168,0.94122,-5.04,-43.58675,-3.74278,1332.2,15.40383,235.22905,0.2,3798.8,4.19567,235.22905,-43.75557,1.73718,0.44336,1.84946,2.50507,-56.32717,-51.77418,60.30184,5.75267,166.84155
CUZ,0.0,38.92852,29.69132,0.57764,1.17,22.78235,0.0,0.0,0.0,53.94737,1.59,448.035,57.5079,90.00808,22.44438,30.38215,0.57764,1.64597,1.75371,4.22727,4.21253,34.1088,38.92852,51.76534
CXT,0.0,0.0,0.0,0.0,0.0,0.0,0.0,0.0,0.0,0.0,0.0,449.4,0.0,0.0,0.0,0.0,0.0,0.0,0.0,0.0,0.0,0.0,0.0,0.0
CRDb,0.0,0.0,0.0,0.0,0.0,0.0,0.0,0.0,0.0,0.0,0.0,274.57455,0.0,0.0,0.0,0.0,0.0,0.0,0.0,0.0,0.0,0.0,0.0,0.0
BAP,0.0,310.04224,99.6117,1.10522,16.16,24.48063,3.08168,2786.401,51.9209,9.18919,16.2,3789.4583,49.138,9.17196,23.99112,23.99499,1.10522,3.03036,9.48745,17.19291,17.22197,54.71327,3.50061,120.81523
CCI,0.0,0.0,25.21394,0.62708,1.79,14.92278,4.38944,3163.0,54.88461,33.58209,1.82,3777.0,6.03852,28.16692,14.92278,13.1376,0.54323,2.79154,3.14995,7.63664,7.63664,69.52644,7.56592,228.1533
CCK,-5.50523,8.35901,12.63479,1.02642,3.78,5.35791,4.98442,1685.0,14.44492,15.2439,3.76,1984.0,5.57758,16.17312,4.37205,4.31564,0.56809,4.85504,7.37837,38.49057,37.00414,79.62404,4.85163,171.14333
CUBE,12.58815,108.6477,9.29621,0.48633,0.88,26.07044,0.0,0.0,0.0,0.0,0.89,456.798,33.60625,3.18996,25.81793,25.93409,0.44551,3.90605,4.12639,9.63898,9.37866,51.41299,38.80718,109.45148
CFR,0.0,102.61314,60.11237,0.62749,6.84,29.75204,-1.45573,684.728,45.92448,-0.86957,6.8,1334.148,6.52964,-2.48814,29.75204,28.61498,0.62746,1.18862,7.0808,12.68946,12.18581,36.51394,3.28567,57.5149
CULP,-9.71605,11.85301,12.90719,3.50207,0.45,1.83976,-34.3724,23.622,7.96241,-72.72727,0.6,48.277,4.78593,-72.81219,1.91324,2.52039,1.9759,4.3205,5.76039,3.51119,3.33188,0.40928,0.02858,0.41097
CMI,0.0,410.4938,49.8804,1.49952,14.48,9.62199,0.0,3174.0,13.4657,10.11407,15.13,5980.0,7.2918,5.55815,9.58805,9.97498,0.8516,8.07044,14.1891,30.42747,27.1227,25.30663,0.90359,33.88069
CWK,0.0,127.47612,5.91809,1.23172,0.0,0.00229,60.07101,495.9,5.66678,127.47612,0.6,1769.3,4.40721,127.47612,0.00229,1.49263,1.19793,1.81627,2.90183,0.01503,0.01503,71.31552,6.5241,248.6206
CUBI,0.0,40.360977,26.65616,1.05373,2.05,14.56404,9.61441,213.291,39.15917,15.16854,2.08,288.367,21.87673,10.64509,14.56404,11.90847,1.0035,1.11461,4.41453,10.07539,7.89476,61.95035,8.03645,162.81451
DKS,-36.82932,172.03972,20.29027,1.41057,3.24,3.7914,-7.30754,674.333,7.99298,7.6412,3.27,2437.782,3.96792,-1.10714,3.7914,3.7885,0.10485,6.62508,13.99943,16.63506,16.63506,3.05691,0.08904,3.15331
DNOW,-23.23652,6.92723,10.47542,2.69444,-0.89,-3.28702,-24.5614,86.0,2.91427,29.499079,0.03,586.0,7.23907,29.499079,-3.28702,0.11059,1.39647,1.66125,2.19555,-8.22731,-8.22731,5.92105,0.83721,6.29371
DHI,0.0,260.4482,27.19885,5.01021,4.29,9.19111,1.28805,2123.2,12.05644,12.59843,4.34,3650.6,-0.89797,10.83339,9.19054,9.1825,0.59113,8.65165,9.86831,17.03209,16.64028,24.8231,1.60107,33.01959
DTE,-8.21688,7.38502,60.72556,0.77208,6.31,9.25093,10.2583,2988.0,23.58513,2.26904,6.42,3019.0,-4.96389,4.375,9.22725,9.37485,0.49537,2.75841,3.96304,10.67141,10.3933,59.80985,5.89491,148.81717
DXC,-23.31146,4.97376,42.47742,0.95906,4.35,5.9124,-15.18962,4249.0,20.47415,-27.98013,6.59,5807.0,17.11018,-28.21245,6.05696,8.81313,0.85476,4.49051,6.89491,9.8196,9.60019,38.73125,1.74441,63.21535
DVA,-3.39017,6.23308,16.95294,1.55566,4.6,8.04156,11.98409,2370.682,20.81649,27.07182,5.41,3473.994,45.54305,408.79016,7.12107,7.27673,1.48618,6.02502,7.36113,24.21964,21.46602,76.15343,4.71423,284.9612
DAN,3.56808,7.95203,13.0121,1.71382,1.56,2.70302,4.67391,963.0,11.17169,-46.39175,2.87,1144.0,0.48434,-47.0726,2.62181,4.79443,0.99621,5.93698,9.7354,14.04599,12.67338,54.44848,2.65005,129.6748
DHR,-8.48919,5.23716,41.22358,5.1898,3.26,13.57985,-4.80184,4551.9,25.41385,-12.83423,3.44,9984.0,17.53284,13.47844,16.79517,13.73227,4.73971,3.8239,4.63014,8.55158,8.31433,42.6565,4.9487,74.38767
DRI,-0.49875,212.76,19.43939,0.60552,5.73,8.44379,6.31522,1171.7,13.76786,19.62422,5.82,1849.0,5.75972,19.69799,8.38269,8.44578,0.37012,9.153,15.31574,31.32929,31.32929,31.55395,0.94137,46.10048
DAR,5.34069,8.49391,15.66673,1.33261,1.86,9.5415,-4.51621,411.897,12.24461,210.0,1.92,774.82,-0.87554,207.99243,9.29277,9.39668,0.70125,1.05508,1.2806,12.92038,12.89239,40.2228,4.3182,67.28787
DECK,24.28464,12.53738,5.97743,4.37246,1.47333,13.08172,30.49034,371.934,18.40859,146.92737,1.48167,1040.25,13.31349,131.05058,13.08172,13.04215,3.07609,15.18589,19.94351,26.61834,26.61834,2.92616,0.0847,3.01436
DE,7.56157,1.04845,36.44696,2.02948,10.15,8.2964,15.68911,7511.0,19.13241,40.19337,9.97,9178.0,-4.06777,37.35011,8.28621,8.03787,1.78818,4.79671,6.22245,28.65978,28.65035,79.86259,6.03568,741.0931
DK,54.08243,14.22831,22.68001,1.25782,3.99,3.55983,-13.20968,692.5,7.44768,-3.62319,4.17,1060.8,0.03697,-8.67392,3.34043,3.40181,0.81222,4.8574,8.06038,18.51526,18.16984,55.32702,3.28231,123.84896
DELL,11.08241,5.68781,-8.01808,0.80357,-3.22,-2.40673,46.3898,8495.0,9.37421,1608.1268,-2.31,25266.0,6.71602,1608.1268,-2.54908,-1.83135,0.59964,0.39993,0.77365,-129.73885,-27.9168,99.52766,6.30029,1608.1268
DAL,23.33621,18.19156,23.89342,0.40829,7.3,10.14104,21.15106,9199.0,19.56943,28.7478,7.32,13186.0,4.54214,21.14358,10.14104,10.13747,0.2944,6.62871,13.16711,32.82493,32.82493,52.90835,1.87575,112.35187
DLX,-3.96877,10.03026,13.55128,1.15753,-4.65,-9.95149,-10.29144,443.503,22.07894,85.22307,4.85,1199.342,13.71243,85.22307,-9.95149,10.38926,0.67004,9.34077,11.92366,-26.89908,-26.89908,61.964,2.0969,162.90883
DBI,195.44604,83.70768,10.61638,2.0624,-0.26,-0.64283,-4.97511,259.398,8.14759,70.41118,1.35,938.689,1.83612,70.41118,-0.64283,3.39334,0.51636,7.42989,11.60415,-2.29603,-2.29603,16.12291,0.61681,19.22206
DVN,-4.9884,7.40036,15.18848,1.99844,-0.21,-1.2701,-48.68381,1696.0,27.26688,202.75342,-0.05,2665.0,-14.60611,202.75342,-5.7074,-0.32235,1.19149,0.60091,0.78101,-1.08087,-1.04594,43.48449,2.68573,76.94257
DRH,0.0,34.98971,9.55252,1.90105,0.9,19.61177,-4.97368,120.233,12.80044,109.30233,0.23,247.326,17.97857,109.02101,19.53469,4.94655,1.90105,2.26479,2.50704,9.66895,9.66567,38.32443,9.92842,62.13876
DBD,-15.99295,6.50011,-6.90378,1.1828,-4.45,-7.81636,105.91751,344.5,7.8141,86.18814,-3.12,1076.8,5.96349,86.18814,-7.74151,-5.428,0.56902,2.16291,4.34045,86.18814,86.18814,126.56378,6.71321,86.18814
DLR,0.0,113.60671,40.42533,0.43733,2.35,18.25053,0.0,0.0,0.0,94.21488,2.26,2024.547,38.91276,75.0243,17.65783,14.33971,0.43733,1.78361,1.90576,6.79913,5.56804,50.79586,113.60671,103.63847
DBRG,-5.91208,1.23533,34.57764,3.54898,-13.52,-75.11253,0.0,0.0,0.0,0.6132175,-8.04,39.538,19.43826,0.6132175,-47.72398,-43.86372,3.51531,-0.42525,-0.45505,-30.80669,-16.43458,50.64285,0.6132175,102.67509
DDS,28.67087,143.45412,63.70051,1.89659,6.23,2.61808,-2.14757,492.003,7.56538,-17.04394,6.12,2211.829,2.66423,-23.0707,2.61808,2.57021,0.18695,4.7186,7.155,10.05529,10.05529,25.30005,1.15538,33.86889
DIN,0.0,46.540535,-14.63346,0.96928,5.85,11.46435,21.58388,250.909,27.56703,33.86728,5.61,382.449,14.2088,29.85788,11.46435,10.43749,0.82044,6.81242,9.15986,46.540535,46.540535,115.04451,7.36854,46.540535
DFS,0.0,0.0,0.0,0.0,0.0,0.0,0.0,0.0,0.0,0.0,0.0,716.98645,0.0,0.0,0.0,0.0,0.0,0.0,0.0,0.0,0.0,0.0,0.0,0.0
DLB,249.78932,5.71563,23.04102,4.50229,2.44,20.57836,-0.54538,378.758,30.50515,114.03509,2.6,1080.766,2.03997,108.7193,20.54985,21.2815,4.27008,6.69664,8.13998,11.34786,11.33274,0.0,0.0,0.0
DG,0.0,462.95685,24.72879,1.54617,5.97,6.20281,6.86916,2604.24,10.16287,6.03908,6.09,7803.87,4.07012,3.28222,6.20281,6.30162,0.09725,10.4492,14.59574,25.34403,25.34403,30.86258,1.10001,44.63947
D,30.24586,8.23044,35.33055,0.61254,1.62,8.30316,32.45544,8248.0,49.7707,-56.68449,4.67,6426.0,9.15324,-44.50347,8.19455,22.79204,0.29319,3.84691,5.39224,5.46325,4.90719,53.01321,4.65543,112.82579
DCI,1.36551,5.29754,6.96916,2.32471,2.05,9.37084,0.97046,468.2,16.42,50.73529,2.24,948.3,5.63057,48.19745,9.37084,10.07898,1.49037,11.97745,16.77975,30.70735,30.35501,41.36027,1.35989,71.32295
DFIN,-6.65124,5.23302,7.8538,1.1766,1.1,4.29862,-12.80992,126.6,14.47353,-49.07407,1.23,332.3,3.2797,-48.91304,4.29862,4.79513,0.99499,5.48246,7.8011,15.20421,15.20421,58.36304,2.97393,140.17126
LPG,68.42047,4.39425,16.5437,1.04062,-0.93,-31.73949,-2.75983,67.262,41.90439,14.956259,-0.75,88.92601,13.80823,14.956259,-31.73949,-25.4713,0.9737,0.07664,0.07743,-5.44267,-5.44267,43.26834,10.34892,76.26843
DEI,8.56391,7.08977,15.46486,2.36538,2.09,43.83088,0.0,0.0,0.0,207.35294,0.31,645.442,45.30203,213.31342,38.07485,5.62581,2.29733,1.85455,1.92309,14.22308,10.18809,51.43878,61.855495,105.92564
DOV,-0.73357,5.77081,21.01606,1.45634,4.61,9.49944,11.54827,1320.949,18.51003,18.509,5.29,2629.848,9.31254,18.8773,9.49944,10.7631,0.93111,7.6948,10.72681,23.37114,23.37114,51.67908,2.45537,106.94971
DCO,12.5055,4.39303,25.30027,2.35516,2.75,4.50167,31.20439,84.144,11.66903,257.14285,3.04,152.197,4.05557,259.28058,4.50167,4.85582,1.47479,5.14781,6.68775,11.81205,11.81205,52.86603,3.90293,112.1612
DUK,0.0,970.3463,61.20055,0.62114,5.07,14.26692,11.94127,10293.0,41.04231,35.92493,5.08,11576.0,-12.75669,40.58515,14.94478,14.76662,0.24356,2.36047,3.37743,8.46894,7.79648,56.74323,6.11105,131.17766
DD,-75.58783,2.77521,55.49545,1.19806,-0.86,-2.85422,-70.29921,4854.0,22.56415,445.91742,2.48,5410.0,54.12793,-87.04475,2.31499,8.60368,0.64869,1.35379,1.77625,-0.95015,-0.89157,30.22483,3.70849,43.31745
CTA,0.0,0.0,0.0,0.0,0.0,0.0,0.0,0.0,0.0,0.0,0.0,29.653,0.0,0.0,0.0,0.0,0.0,0.0,0.0,0.0,0.0,0.0,0.0,0.0
EME,14.50102,4.82312,36.59079,1.37206,5.75,3.54391,13.81147,554.502,6.04388,17.58691,5.81,1355.868,2.24116,14.67529,3.54391,3.55948,1.23322,6.48064,12.38968,17.12309,17.11614,21.701,1.02854,27.71555
EOG,4.51349,8.74269,37.18886,1.17525,4.71,15.97307,-4.6391,7501.64,43.81287,-20.03396,4.86,9120.0,2.64523,-20.00942,15.97307,16.39689,0.93187,6.21321,8.3204,13.33943,13.33943,21.63569,0.79647,27.60911
EPR,0.0,40.897606,38.30668,6.6113,1.7,23.64091,0.0,0.0,0.0,-48.01223,2.12,589.748,66.763,-24.24874,30.93512,24.88685,6.40451,3.26699,3.40456,5.26549,5.26522,52.62185,40.897606,111.06775
EQT,-50.87237,4.7696,38.41968,1.30385,-4.79,-27.66216,-17.2588,1775.689,40.20594,168.01941,0.44,1893.313,-3.27988,168.01941,-27.66216,2.54189,0.45671,0.63567,0.79493,-11.76867,-11.76867,35.31355,3.01402,54.59189
ESE,6.52681,4.8081,31.80101,1.96791,3.1,9.96827,10.65342,152.902,18.80783,-12.42938,3.15,288.046,6.76815,-12.04415,9.96827,10.05325,0.9388,5.16373,6.58608,10.22167,10.22167,27.79642,2.08024,38.49728
EXP,-8.15224,10.42038,26.80779,2.38451,1.47,4.94243,0.04033,411.732,29.5521,-72.15909,5.11,348.102,6.23435,-73.1678,4.94243,17.09922,0.7963,7.96745,9.17575,5.24213,5.24213,36.37892,1.67971,57.18061
DEA,32.82973,5.80136,35.50022,1.16918,0.25,3.70915,0.0,0.0,0.0,25.0,0.25,148.062,44.62474,26.34993,3.25047,3.10163,1.16918,1.08148,1.13759,0.73662,0.73921,42.93216,19.692377,75.23005
EGP,8.12731,7.23218,30.84221,0.24288,3.24,37.20484,0.0,0.0,0.0,30.12048,3.25,237.539,48.12999,37.46187,36.69868,36.70607,0.24288,3.11849,3.30814,11.5669,11.70746,49.88458,30.267971,99.53939
EMN,-14.0625,8.20257,43.82752,1.85634,5.48,8.21741,-9.18126,1919.0,20.69449,-27.51323,6.4,2234.0,9.70021,-29.72222,8.18505,9.48302,0.88262,5.1128,6.80184,12.90707,12.79597,49.77519,3.11516,99.10478
KODK,-9.78723,5.55705,2.29167,1.91848,-2.58,-7.32689,1.277681,-14.0,-1.12721,1.277681,-2.18,182.0,10.37641,1.277681,9.33978,-7.5475,1.25,-2.94771,-8.43109,-189.58333,-40.35477,37.83186,1.277681,60.85409
ETN,-10.47571,5.71162,38.9112,1.7007,5.25,10.34596,-2.60047,3708.0,17.3352,6.92464,5.79,7052.0,5.43303,3.07692,10.33661,11.3418,0.80456,5.65167,7.43515,13.73761,13.7134,35.22705,2.36624,54.38542
ECL,5.03286,5.46118,30.11442,1.32992,5.33,10.57405,7.14593,3237.2,21.71699,9.22131,5.94,5554.7,10.86856,9.08264,10.45799,11.48048,0.85843,6.91164,9.20072,18.68233,18.78732,44.27364,2.14151,79.4483
EPC,-9.22737,9.90974,24.04671,1.58338,-6.88,-17.3844,-4.22032,401.7,18.76226,68.162506,3.46,967.2,9.07987,68.162506,-17.3844,8.74292,0.9386,5.25142,6.94719,-24.42177,-24.42177,48.53319,3.06,94.29996
EIX,5.28053,9.92524,36.75014,0.64458,3.77,11.37928,-4.32099,3875.0,31.38414,496.92215,4.36,6741.0,-22.05698,496.92215,11.37928,12.00616,0.24335,2.21413,4.24208,11.8256,9.98295,55.8292,5.05445,126.39391
EW,18.97571,8.69165,6.61294,3.30674,1.64333,24.07774,22.72198,1369.7,31.50184,45.85799,1.85,3233.6,13.04307,44.95985,24.07774,26.58843,2.34486,13.55001,18.69459,28.72666,28.72666,14.06227,0.49558,16.36333
ESI,-4.83787,4.92001,8.87824,2.83662,0.3,4.33575,-2.37461,402.9,21.94564,64.73438,0.45,788.3,54.10766,64.73438,5.02206,6.31407,1.88564,2.26215,2.73332,3.64426,3.61785,41.63884,3.93001,71.34682
ELV,12.47219,14.54778,125.44579,1.65275,18.47,4.61267,13.21251,7746.0,7.43285,30.16209,18.85,22426.0,3.90055,28.18667,4.61267,4.62147,1.55456,5.64758,8.39903,15.95182,15.95182,39.51156,2.67557,65.32085
LLY,-13.32698,4.55788,2.87254,1.16428,4.96,20.77959,-9.70632,6914.6,30.98009,58.46645,5.81,17598.3,20.77796,157.37624,37.26965,24.23644,0.6777,8.82585,17.4066,74.59069,68.16331,85.41264,2.28558,1092.0209
ELME,0.0,83.87302,17.19541,0.20573,0.36,9.42234,0.0,0.0,0.0,12.5,0.36,107.324,47.60855,1389.3212,123.4598,9.34489,0.20573,0.56747,0.59309,2.34949,2.34884,43.87287,83.87302,78.16696
EBS,3.12381,4.14854,21.05416,3.17245,1.04,4.92767,52.72128,277.8,25.11754,-14.7541,1.91,483.1,12.22423,-13.07815,4.92767,8.89376,2.04947,4.65249,5.68212,5.19196,5.19196,43.46923,3.01296,76.89481
EMR,2.90072,5.41548,13.47463,1.19461,3.71,12.67146,4.06547,3942.0,21.45656,7.22543,3.88,7815.0,11.12767,4.67544,12.55171,13.01359,0.8258,9.53848,14.05709,26.84517,26.97098,40.88181,1.45129,69.15267
ESRT,0.0,25.556547,6.75404,3.85419,0.28,11.35063,0.0,0.0,0.0,-28.20513,0.28,393.005,34.99691,-24.62997,6.65835,6.72436,3.85419,2.55249,2.74564,4.00851,4.27974,46.57095,25.556547,87.16411
EIG,-2.22696,1.00132,37.18067,15.0727,4.83,18.79411,14.72081,203.4,24.33305,13.91509,4.89,194.4,18.73729,11.18188,18.79411,18.79073,15.0727,3.0669,10.93413,14.38645,14.38645,1.55379,0.09046,1.57832
ENS,21.34059,4.64427,30.0858,2.50704,3.73,5.7203,1.67871,338.221,12.04483,34.65704,4.64,703.405,0.74962,33.98582,5.70648,6.99549,1.58737,6.12996,8.33619,12.93313,12.91667,44.62912,3.06467,80.60033
ENR,47.65625,8.74343,7.89237,1.90533,0.78,2.59371,41.04155,522.7,20.9541,-48.68421,3.07,1062.5,-14.52546,-45.34759,2.04851,8.1719,0.60421,6.18452,8.18255,22.76966,22.76966,86.53594,6.68663,77.18404
EPAC,-30.95569,4.12603,4.98105,2.43117,0.13,1.23206,-33.83982,96.533,14.74331,24.546015,0.47,292.652,-10.63139,24.546015,-38.05146,4.38956,1.13442,3.66114,5.14805,1.87628,1.87628,60.45568,4.76982,152.88084
ENVA,23.57171,1.22205,11.42117,9.88938,3.72,10.89723,32.78641,263.265,22.41017,86.93467,3.86,411.997,-4.64983,-47.77026,3.11656,11.07803,9.63036,10.68936,11.89108,35.34494,35.34494,73.16627,3.90061,272.6653
ENOV,-43.21258,4.28994,87.45026,1.63796,0.3,0.56689,24.66593,568.428,17.08295,-92.85714,3.6,1409.508,1.77255,91.248245,-15.85733,4.89444,0.78848,3.19015,4.18943,0.42452,0.54153,41.62426,4.37742,71.30405
NPO,-43.89393,5.38981,43.05549,2.38999,0.38,0.64693,-22.23282,163.0,13.51912,-59.13979,2.35,406.9,7.31629,95.40816,3.17658,4.03459,0.99075,3.33587,4.30797,0.89419,0.88006,42.16449,4.09203,75.20577
ETR,4.44066,11.24175,25.66841,0.54195,3.15,11.56615,29.05115,3561.342,32.73692,36.06911,3.675,4269.867,-17.46025,45.87406,11.56615,13.1881,0.29078,2.10068,3.63475,13.19746,12.87747,65.75486,5.64933,192.01225
EPD,33.1293,7.65245,11.31176,0.86124,2.09,14.29465,12.16884,7337.3,22.37719,9.42408,2.11,5778.4,-0.39552,10.03979,14.00248,14.08374,0.58093,5.88875,6.71256,18.88744,18.70362,51.87237,3.79392,107.78085
NVRI,8.14317,4.58023,9.44507,1.40422,0.35,2.42927,-21.30396,252.161,16.7689,-78.65854,0.48,274.272,0.36429,267.6711,33.511,2.54188,0.90806,3.65151,5.75861,5.59117,6.62354,51.28533,3.29682,105.27696
EPAM,23.70625,5.09703,28.92196,3.80984,4.53,11.38099,23.73863,352.493,15.36722,6.83962,4.86,805.6,9.73564,8.65785,11.38099,11.59363,3.70662,9.95848,12.20118,18.26377,18.26377,14.16771,0.74743,16.50627
EFX,13.42997,7.04674,21.27558,0.88985,-3.27,-11.13505,-27.39297,834.4,23.65348,138.38177,4.71,1985.9,18.00516,138.38177,-11.30514,16.14239,0.81723,4.17685,5.33306,-14.02645,-13.59499,56.32504,4.05393,128.96413
EQBK,0.0,16.89446,30.95442,0.77647,1.61,12.75843,-15.07025,71.696,35.76092,-29.38597,1.69,132.511,-0.63564,-28.60014,12.75843,13.16684,0.7723,1.01284,4.54211,5.4773,5.4773,44.78427,5.40817,81.10781
EQC,-61.72562,5.66913,25.6333,66.82619,3.9,246.13518,0.0,0.0,0.0,81.39535,4.01,81.432,53.48878,80.59257,246.0423,244.49661,66.82619,1.5923,1.6206,15.92153,15.33051,0.78528,51.33755,0.7915
ELS,7.18301,28.62315,6.86369,0.238,1.54,28.48126,0.0,0.0,0.0,29.41177,1.51,558.548,31.10291,31.29033,26.86597,26.27661,0.238,5.29467,5.86777,23.5425,23.53039,64.71677,47.15415,183.42076
EQR,0.0,101.45528,27.6541,0.04638,2.6,36.45875,0.0,0.0,0.0,46.89266,2.68,1792.363,45.2161,47.578,35.03858,35.84952,0.04638,2.93889,3.05609,9.50691,9.26904,45.97659,101.45528,88.84506
ESNT,8.18501,23.07022,30.33564,13.12613,5.66,64.05419,20.11469,672.981,77.57107,18.65828,5.68,685.8,43.29166,18.90394,64.05419,64.00522,8.26939,11.91041,14.39533,20.77214,20.77214,7.34997,0.35185,7.93304
WTRG,5.68195,8.93409,17.57962,6.31251,1.04,25.23829,-0.46228,540.662,60.76957,-3.7037,1.35,579.481,-31.48702,16.95679,25.23829,32.70711,6.19899,2.92839,4.13744,7.62426,7.62426,44.39051,5.72985,79.82543
ESS,-38.03576,41.74741,94.1177,0.34393,6.66,28.69462,0.0,0.0,0.0,12.88136,6.62,1153.029,44.46231,12.59327,27.14006,26.92844,0.34393,3.20215,3.29774,7.03561,7.2174,47.74754,68.60604,91.91238
EL,23.13383,8.96082,12.14615,1.56612,4.82,12.06781,13.17301,3153.0,21.20947,63.38983,5.44,11498.0,12.05603,61.10108,12.00727,13.30176,1.04625,12.66862,20.26964,39.34318,39.33779,43.61498,1.08214,77.35207
ETD,15.2297,56.11845,13.68586,1.76095,0.96,3.44162,7.90998,74.132,9.92816,-27.27273,1.57,409.491,5.74452,-29.34481,3.44162,5.61297,0.28553,6.54495,9.07591,6.87483,6.87297,0.29206,0.01438,0.29291
EVR,5.12074,6.34222,22.20023,2.5281,6.89,17.43171,-15.52671,500.027,24.64599,-17.28692,7.65,1873.021,21.94364,-21.1547,14.66042,15.08027,2.44379,12.4094,19.67626,36.54373,33.14243,36.65204,1.30319,57.85829
EG,0.41509,2.02413,223.85168,21.21147,24.7,12.42359,0.0,0.0,0.0,876.2846,24.77,1169.106,10.26697,874.8349,12.42359,12.28264,21.21147,2.45804,6.93448,11.85041,11.85041,8.08864,145.03429,8.80048
ES,0.00419,7.28531,38.28652,0.66967,2.81,10.74972,7.76047,2715.413,31.84686,-13.53846,3.46,4123.197,-14.10043,-11.99874,10.66154,13.04291,0.32889,2.88246,4.18292,7.53875,7.50429,55.00674,5.75642,122.2555
EVTC,-6.86848,8.52574,3.71093,1.91262,1.41,21.27729,12.95943,212.584,43.61825,21.55172,1.44,273.995,25.75607,19.93625,21.2299,21.30274,1.56312,9.31565,11.42134,43.23404,42.56725,67.17864,2.61523,204.67966
EXPD,-16.89599,5.12901,12.9407,2.37086,3.39,7.24141,-3.87264,817.642,10.00122,-2.58621,3.45,1047.971,7.24628,-4.49758,7.22158,7.21188,2.29164,13.67834,20.9403,28.23596,28.29269,15.13033,0.47908,17.82772
EXR,0.0,65.139534,19.60845,0.09755,3.24,33.99071,0.0,0.0,0.0,-0.91743,3.27,979.408,40.33976,1.12644,31.6432,31.58745,0.09755,4.97924,5.14913,16.95574,15.80914,64.55529,65.139534,182.12958
XOM,7.44475,12.54765,45.26453,0.7822,3.36,5.78051,-22.2785,31764.0,12.42806,-31.14754,3.2,81066.0,1.03846,-31.19002,5.6107,5.34621,0.46969,2.25136,3.26979,7.47958,7.4341,20.96383,1.66122,26.52434
FBK,0.0,36.618732,24.56432,0.96724,2.65,20.05436,4.60144,186.655,44.66136,3.92157,2.88,354.38,36.49153,4.45935,20.05436,21.27264,0.91074,1.96618,11.0593,11.68802,11.68802,30.85633,1.82261,44.6264
FMC,-3.59072,2.02829,19.61138,1.49594,4.1,11.7901,-6.62992,1202.7,26.09007,-13.68421,5.41,2083.6,17.34159,-4.91934,10.3562,15.34594,1.03227,6.74157,11.19478,19.12831,18.83295,57.41575,2.87146,134.82861
FNB,0.0,95.851585,14.69471,0.84515,1.16,25.02763,2.56195,680.236,43.96317,3.57143,1.19,1164.787,38.27007,3.85965,25.02763,24.99069,0.84241,1.15229,4.12174,8.34858,8.16034,48.96103,6.88614,95.92873
FCN,25.02019,3.77044,39.82728,1.92423,5.69,9.21173,29.43023,343.9,14.61714,44.78372,5.81,817.821,6.33634,43.89786,9.21173,9.08129,1.80563,7.39973,10.63679,15.27333,15.27333,24.6712,1.41819,32.75134
FN,10.58555,6.09405,23.42704,3.27054,3.23,7.63443,23.94647,154.943,9.77969,46.15385,3.35,179.224,4.94152,43.70834,7.63443,7.78076,2.26924,6.66779,9.02843,15.08131,15.08131,6.64527,0.39652,7.1183
FDS,-6.59478,9.47589,17.63618,2.66675,9.08,24.57866,14.52571,498.535,34.73262,33.9233,9.41,771.905,20.12794,32.08904,24.57866,25.00678,2.42972,18.37656,23.32847,58.88883,58.88883,46.06548,1.15172,85.41002
FICO,42.40155,4.58266,10.0113,0.92844,6.34,16.56123,20.45879,283.878,24.47049,38.73085,6.63,823.238,18.02013,34.90433,16.56123,16.56238,0.8228,11.78843,14.79458,69.421,69.421,74.0016,2.90544,284.63904
FDX,13.77196,7.68814,68.13185,1.4519,2.03,0.77483,-5.16593,8573.0,12.30109,-87.90947,4.36,14929.0,-0.05022,-88.18898,0.77483,1.63907,1.32786,6.11339,9.14647,2.90534,2.90534,49.75098,2.05074,99.00884
AGM,-4.76639,16.90273,53.29556,1.01462,8.69,16.44748,20.70473,610.609,91.67822,-1.5855,8.76,188.944,-199.06583,1.3564,16.44748,14.06787,0.32649,1.88909,2.06879,19.58452,14.11827,95.98312,31.27803,43.85864
FRT,5.98554,5.25796,31.44443,0.83312,4.61,38.55891,0.0,0.0,0.0,44.96855,4.61,642.445,49.46706,46.28184,37.84493,36.86158,0.83312,3.37965,3.65138,15.51623,13.40447,55.78507,51.069378,132.85693
FSS,7.87781,9.44548,10.60496,2.25156,1.76,8.87579,19.06542,191.1,15.64726,15.03268,1.83,322.8,4.84422,15.42553,8.88398,9.02039,1.03496,8.58722,11.5189,18.50303,18.50303,28.06368,1.30979,39.01185
FHI,7.3644,13.46007,10.29553,1.99939,2.69,20.88524,2.54963,371.927,28.0299,23.3945,2.69,884.747,21.78963,23.62356,20.52455,19.71723,1.9189,12.70246,16.41712,28.69141,24.17139,14.9963,0.59452,21.23521
FERG,4.17625,8.26046,1.8902,1.72088,0.46,4.82054,6.31704,1784.0,8.10541,35.29412,0.49,5907.0,3.38539,-12.54933,5.03408,5.12485,0.9591,8.68354,14.7616,25.23787,25.24087,35.07463,1.31727,54.02299
FNF,13.0719,26.00307,19.53092,2.95972,3.83,12.69317,70.49689,1647.0,19.42904,69.46903,4.08,5979.0,13.18715,69.10828,12.52802,13.13955,2.95972,9.22265,14.39791,21.21454,20.14793,18.31449,0.77717,23.85834
FIS,111.03448,4.16569,80.39024,0.83722,0.66,2.93235,33.1457,4021.0,38.91416,-74.11765,2.39,3723.0,48.54229,-64.77541,2.88396,10.29275,0.67627,2.04507,2.45948,0.99908,1.01545,29.59298,5.16961,42.0313
FAF,0.0,230.817,39.30158,0.55933,6.22,11.45059,39.45557,1079.004,17.40547,48.44869,6.26,3882.0,0.24124,49.08661,11.41127,11.41886,0.55933,5.36113,11.51981,17.33346,17.37611,23.10258,1.23208,30.04338
FBMS,0.0,34.61298,28.9149,0.84396,2.55,25.0646,41.93762,85.78,49.14943,57.40741,2.81,145.015,74.4594,106.1013,25.0646,27.45131,0.83845,1.4481,7.31803,9.64702,9.64702,35.67495,3.51498,55.46042
FCF,0.0,39.010414,10.73791,0.91242,1.07,25.64413,1.43262,194.494,47.35106,-0.92593,1.1,339.09,116.09365,-2.01399,25.64413,26.3299,0.90978,1.42625,6.7162,10.37225,10.37225,31.65421,2.51385,46.31479
FFWM,0.0,34.46926,13.742,0.90596,1.25,19.35698,18.40419,118.255,40.70236,23.76238,1.25,209.093,64.44098,30.91624,19.35698,19.19599,0.81652,1.1482,5.28252,9.58848,9.58848,55.348,6.43454,123.95413
FHN,0.0,129.38196,15.04147,0.91149,1.38,19.85519,-12.68359,1041.587,45.71648,-16.36364,1.63,1819.0,-132.37787,-19.10568,19.35197,22.43842,0.89471,1.44541,7.28191,9.7124,9.17463,47.18832,4.35443,89.35207
FE,-12.08703,9.46398,12.90109,0.50267,1.67,8.19212,-1.16405,3651.0,33.08564,25.56391,1.69,7690.0,3.24536,-32.34421,8.26461,8.19348,0.4058,3.80931,5.75013,13.17976,13.1119,75.30624,5.82608,501.11157
FLG,0.0,0.0,0.0,0.0,0.0,0.0,0.0,0.0,0.0,0.0,0.0,0.0,0.0,0.0,0.0,0.0,0.0,0.0,0.0,0.0,0.0,0.0,0.0,0.0
FND,0.0,65.87863,7.53352,1.26956,1.44,7.36418,27.92824,241.036,11.78397,30.90909,1.61,881.302,-2.45909,29.64531,7.36418,7.82663,0.17955,6.01215,8.37178,22.33813,22.33813,58.137,4.40377,138.8744
FTK,-57.78876,4.53082,17.96017,3.68781,-7.85936,-64.29248,-18.02486,-66.71,-55.89302,-18.02486,-7.79936,-28.747,92.42059,-18.02486,-27.04498,-63.99085,2.84355,-18.15015,-21.24533,-40.93625,-40.93625,9.25488,-18.02486,10.19876
FLO,-1.24073,15.89096,5.97327,1.0488,0.78,3.98979,4.51974,421.942,10.23144,5.40541,0.96,1968.265,5.70285,4.69458,3.98979,4.92587,0.64355,5.76332,7.20428,13.04978,13.04978,50.41888,3.04492,101.68969
FLS,4.64627,3.77594,13.71595,2.25123,1.93,6.63599,14.87472,535.917,13.58523,112.08791,2.1,1289.343,7.08162,111.97115,6.43036,6.97546,1.56299,5.65663,8.26726,14.77962,15.05894,46.28674,2.92,86.17375
FLR,-38.89836,6.88715,10.61361,1.4029,-11.97,-11.97156,-36.422836,-464.288,-3.2359,-36.422836,-9.14,-206.052,-0.92116,-36.422836,-10.60888,-8.92219,0.91167,-4.34286,-8.77607,-75.32048,-73.05956,55.33684,-36.422836,123.89817
FLUT,0.0,0.0,0.0,0.0,0.0,0.0,0.0,0.0,0.0,0.0,0.0,1973.1144,0.0,0.0,0.0,0.0,0.0,0.0,0.0,0.0,0.0,0.0,0.0,0.0
F,-4.0581,2.42767,8.36963,1.16218,0.01,0.05388,-10.07157,15456.0,9.91405,-98.91304,0.65,12876.0,3.56238,-98.72178,0.03015,1.65606,0.99652,1.39955,1.89589,0.136,0.24244,82.50602,10.13982,1228.0603
BLX,0.0,90.01762,25.65949,1.53784,2.17,29.55746,176.64818,96.766,33.23716,675.0,2.16,124.935,-48.21829,672.6073,29.55746,29.36133,1.53784,0.78413,1.33206,8.56352,8.56352,75.77675,32.8508,90.01762
FTV,15.84805,5.6753,21.98512,1.06391,1.93,9.90984,7.86866,1632.7,22.30465,-23.4127,2.34,2497.0,9.72046,-74.64136,10.09426,10.73459,0.74691,4.97,6.2876,10.37583,10.35317,46.92344,4.00704,88.40707
FBIN,9.28809,9.63577,17.38813,1.34691,3.06,7.48187,7.08182,914.8,15.86927,15.03759,3.45,2058.2,6.8873,10.85729,7.49228,8.37274,0.71922,7.79217,10.26992,18.75869,18.72043,49.26228,2.57674,97.09202
FET,-24.87713,5.27948,87.86828,3.38287,-103.0,-59.28253,28.37585,56.357,5.8918,6.6422806,-34.2,246.152,10.30004,6.6422806,-59.28253,-19.68265,1.08384,-0.28783,-0.34462,-74.80149,-74.80149,48.73515,8.19872,95.06542
BEN,-1.04965,6.84629,19.84066,3.34285,2.35,20.87627,-23.96124,1687.3,29.21985,69.06475,2.58,2384.3,50.69075,56.42334,20.70656,22.50044,3.32125,6.87084,8.24426,12.0743,10.65758,6.16986,0.44313,7.03771
FCX,-10.6152,18.55796,6.40799,2.4665,-0.17,-1.31796,-63.04762,2522.0,17.31192,239.83511,0.09,2689.0,-2.60846,239.83511,-1.64058,0.89642,1.02431,1.33845,1.9649,-2.53456,-1.08659,36.60345,3.99445,57.73728
FDP,-3.8065,12.09647,35.80548,1.86801,1.37,1.54377,15.78947,213.4,4.75384,31.034788,1.48,306.4,1.82168,31.034788,1.4814,1.59213,0.83905,2.18203,2.90968,3.89892,3.88388,28.64792,3.38472,41.42341
FRO,8.4679,7.3935,7.66898,0.5288,0.78,14.62267,100.38612,351.343,36.70061,53.882015,0.78,395.672,1.74531,53.882015,14.6212,14.1425,0.42934,4.30757,4.4419,10.46999,10.46849,57.76793,5.87963,136.78685
FF,533.28925,3.08601,10.67823,5.81044,2.02,42.96775,4.04214,77.424,37.72621,65.57377,2.02,74.139,-3.24082,65.88472,42.96775,43.05539,5.32811,7.71857,9.51768,20.5988,20.5988,0.33223,0.02011,0.33334
GATX,-17.29469,7.3707,52.6828,0.78853,5.81,15.15282,2.04918,647.4,46.44856,5.25362,5.61,814.4,-23.04581,-0.04733,15.15282,14.36914,0.59978,2.48007,2.9406,11.6582,11.6582,74.04935,8.08835,285.34686
GMS,28.66821,7.86657,15.17001,2.23748,1.31,1.79722,49.72673,286.282,9.18739,-12.08054,1.86,1008.295,3.4215,-11.067,1.79722,2.44221,1.37519,5.8553,7.16394,9.26704,9.26704,64.46078,3.98626,181.3793
GME,-2.87081,201.09952,3.275,1.434,-1.9475,-9.59289,-34.56214,420.7,5.07767,132.31186,0.0225,2308.1,3.55554,132.31186,-8.12282,0.11091,0.80753,4.3185,7.56109,-44.76864,-44.76864,38.05285,1.95103,61.42793
GAP,27.30497,51.73167,9.39947,1.95538,2.59,6.04946,-1.72501,1937.0,11.68275,21.02804,2.52,6322.0,2.29418,18.2783,6.04946,5.85163,0.79531,10.61541,18.5155,29.95371,29.95371,26.01,0.64481,35.15339
GRMN,24.02985,5.88676,25.13816,2.95178,4.99,25.3489,20.67145,1043.732,27.77726,36.3388,4.39,2233.976,9.82621,37.23,25.3489,22.19018,2.03758,10.23392,13.10334,21.26923,21.26923,1.31755,0.06132,1.33514
IT,5.16103,3.2301,10.5273,0.70671,2.56,5.49523,-5.00937,591.329,13.92896,92.4812,2.19,2694.753,9.53601,90.50924,5.49523,4.63332,0.56999,3.5531,6.62281,26.07539,26.07539,76.71706,5.23001,159.66829
GTES,-6.4125,4.29659,9.13643,2.97614,2.37,22.50332,-20.81259,588.6,19.06644,182.14285,0.63,1147.7,10.76698,181.329,22.35431,5.91934,2.05774,3.24044,4.00147,30.04088,25.99731,50.68549,5.25722,102.78008
GNK,-38.57706,21.63446,23.43316,1.74842,-1.34,-14.3737,-43.61518,66.498,17.07283,8.968319,-1.34,104.065,9.03087,8.968319,-14.3737,-14.36791,1.39183,-0.03335,-0.03438,-5.51105,-5.51105,33.56054,7.4323,50.51297
GNRC,-2.02218,6.82805,16.50095,2.40579,4.03,11.44599,7.03998,433.072,19.64637,13.84181,4.26,797.752,7.57965,5.77108,11.43233,11.96773,1.29243,9.136,12.31945,28.11118,26.33224,46.10323,2.16101,90.61065
GD,10.31447,3.62072,46.88029,1.17731,11.98,8.85388,3.27586,5391.0,13.70013,6.77362,12.09,6987.0,2.01525,4.15546,8.85388,8.85738,0.73228,6.16452,11.20929,27.53171,27.53171,50.38372,2.55741,101.54673
GE,-25.2167,3.95136,25.91769,0.71546,-0.08,0.44426,-25.57009,14394.0,15.11753,1760.0287,3.6,22461.0,16.88709,1760.0287,-5.22927,4.12313,0.58739,1.91224,3.8435,1.40339,1.02966,75.63212,6.53356,1760.0287
GIS,-0.26719,10.02717,11.72039,0.59072,2.9,10.59104,4.91798,3517.9,20.85893,-20.32967,3.41,5768.0,9.87388,-17.75223,10.39241,12.13958,0.34176,5.964,7.96158,26.56492,23.5212,64.66037,4.11894,196.66925
GM,-0.00299,4.10908,29.85143,0.88325,4.57,4.85802,-5.73428,22357.0,16.2908,-18.10036,4.87,14138.0,-8.22091,-15.99701,4.90538,5.05322,0.70659,2.62695,4.01079,16.69394,15.02693,69.46987,4.67742,227.5453
GCO,205.80708,24.91494,38.55368,2.64652,2.63,2.34054,-18.8617,138.426,6.325,68.3531,2.9,1047.056,8.5206,68.3531,-2.3728,2.56416,1.08513,4.31941,6.26059,6.54782,6.53261,8.18418,0.47493,8.91369
G,17.16789,4.0698,8.88486,1.70474,1.56,8.66006,18.326,535.024,15.1972,7.58621,1.63,1225.855,10.11696,8.10655,8.66006,8.80037,1.53868,6.36762,8.15405,19.71201,19.71201,52.04904,3.42701,108.54638
GPC,5.67521,7.56214,25.27691,1.24155,4.24,3.20274,1.53729,1402.89,7.23426,-22.90909,5.72,5859.683,2.79907,-23.36768,3.20274,4.29866,0.45544,5.18047,9.54451,17.43358,17.33061,55.03107,3.22363,122.37578
GNW,1.59933,0.30719,28.17279,2.83246,0.89,6.41295,22.94686,1018.0,12.57877,270.83334,0.91,752.0,13.34332,188.23529,4.23823,5.65475,2.83246,0.58957,3.24031,3.41656,3.60154,19.9431,3.58055,24.91115
GEO,-4.0949,5.48673,8.22297,1.38353,1.4,6.71579,8.74807,430.613,17.37799,16.66667,1.46,619.857,5.8874,14.82814,6.7235,7.01724,1.28069,4.38431,4.90679,16.35501,16.34734,74.22398,6.66072,287.9574
GTY,-1.62669,0.88565,14.24867,2.36816,1.19,35.34601,0.0,0.0,0.0,0.0,1.15,115.677,46.27075,4.22798,35.34601,33.57583,2.36816,3.77565,4.24795,8.49528,8.49528,45.65073,19.37772,83.99512
GBCI,0.0,59.80005,21.24535,0.86077,2.38,31.10181,19.05726,376.871,55.67183,9.67742,2.58,629.094,37.7425,15.76112,31.10181,33.6358,0.85423,1.69477,8.27681,12.11211,12.11211,29.51583,2.17866,41.87582
GKOS,105.73555,8.30212,15.47681,4.55595,0.37,6.50846,16.090755,-23.719,-10.00869,16.090755,-0.97,202.422,-2.01258,16.090755,6.50846,-15.28979,3.68111,-3.88238,-4.31689,3.64146,3.64146,10.02682,16.090755,11.14423
GBLI,-0.06877,2.99209,50.8258,2.97494,4.88,11.58173,22.36702,108.94,18.02061,22.36702,4.93,120.367,10.27217,22.36702,11.58173,11.57371,2.97494,3.1539,6.47946,10.3277,10.3277,30.58096,2.93904,44.0527
GIC,4.87515,10.99129,4.65777,1.90426,1.32,5.28039,6.93374,69.4,7.32918,0.76336,1.31,325.7,-20.20145,-78.41567,5.12198,5.18798,1.1602,8.80624,21.3734,31.92848,31.92848,28.10324,0.98847,39.08832
GPN,156.95522,7.89927,92.78259,1.2199,2.16,9.55388,46.3069,1925.352,39.19777,-23.94366,3.23,2852.989,24.99197,-4.74281,8.76674,13.03983,0.71899,2.26781,2.71828,2.70425,2.91102,26.42285,5.23283,35.91175
GLOB,41.27937,4.92817,11.86868,1.89103,1.43,8.19247,37.25454,120.294,18.24502,1.41844,1.48,254.413,7.67349,4.52426,8.19247,8.21253,1.72754,9.05166,11.4483,13.9101,13.9101,20.44543,0.93728,25.69989
GL,9.09998,4.15462,67.71544,0.74781,6.83,16.80567,6.35267,1039.943,22.96931,12.15107,7.03,1320.41,32.90594,8.45715,16.80364,16.9579,0.74781,2.6082,7.98845,11.97345,11.97345,18.42675,1.58444,22.58921
GDDY,0.0,122.58353,4.46586,0.78722,0.76,4.63171,-0.16811,415.7,13.91185,68.88889,0.89,1961.3,13.49687,77.69131,4.58485,5.16561,0.55799,2.11654,3.93321,17.51134,17.22893,77.0625,6.3209,122.58353
GS,6.45923,0.17695,218.52405,1.35162,21.03,15.70046,-3.1905,26095.0,48.39398,-16.77879,21.18,30801.0,61.84002,-19.05536,15.70046,14.59606,0.84944,1.58403,2.72891,10.71347,9.21565,83.33104,17.62077,2495.9988
GGG,-2.01179,6.35596,6.12678,2.77395,2.0,20.88965,-2.27083,472.156,28.68427,1.52284,2.02,859.756,12.5453,0.82069,20.88965,20.43445,1.71146,16.76393,23.49553,38.70466,38.70466,16.59273,0.43184,19.89363
EAF,-0.49741,7.23061,-2.55494,3.09973,2.58,41.57946,-13.50768,1035.864,57.84387,-10.10453,2.58,1040.403,28.49951,-12.83242,41.57946,41.64452,1.55253,40.16144,55.10082,120.14982,120.14982,161.16647,1.75785,120.14982
GHC,10.65014,5.17425,624.85675,1.59663,61.21,11.1824,-25.72836,266.194,9.07862,21.93227,54.19,983.853,3.7734,20.88781,11.18158,9.76755,1.39073,1.79633,2.44587,10.51488,10.48473,25.20286,4.21928,33.76062
GVA,14.64628,7.48279,25.08507,1.63521,-1.29,-1.64563,-84.45039,35.617,1.03369,11.457704,-1.03,189.785,5.02852,11.457704,-1.74689,-1.3918,0.99458,-2.16681,-3.17429,-4.8286,-4.40224,27.18964,12.35525,37.34309
GPK,-2.88239,13.14996,5.40988,1.5063,0.7,4.51454,7.50261,1028.8,16.70103,-1.40845,0.87,1097.0,6.67704,-6.46766,3.35709,4.15362,0.5571,5.10746,6.86193,13.13141,11.94434,56.48658,2.98075,149.00874
GTN,123.86596,7.13767,14.70766,2.73171,1.27,8.43544,38.53484,619.0,29.17059,-46.4135,1.28,768.0,5.20707,-15.0866,8.43544,5.97173,2.53252,4.7383,5.52175,13.50338,10.84458,63.93722,6.05493,177.29424
GRBK,-2.51962,165.58461,10.36223,14.55159,1.16,8.12243,-4.47214,73.502,9.28454,13.72549,1.24,169.182,-5.80402,13.62377,7.40924,7.91466,0.77523,5.30433,5.92321,11.83154,12.3164,30.52129,3.28715,45.04367
GDOT,51.43133,4.49182,17.90021,0.97423,1.88,9.27847,-9.51589,177.804,16.5145,-13.76147,1.99,1106.731,13.57639,-15.8429,9.27847,9.6473,0.92952,2.51961,6.09057,10.87511,10.87511,6.85129,0.38362,7.35521
GBX,4.15965,8.97261,39.29851,2.49589,2.14,3.48798,-9.19761,253.898,8.36955,-54.2735,2.92,366.486,-6.13287,-53.172,2.34297,3.13938,1.1398,3.9405,5.11756,5.6257,7.32955,36.58651,3.3478,58.9583
GEF,45.43464,8.19877,23.47615,1.51321,3.55,4.22633,27.00617,658.4,14.32862,-18.57798,4.88,959.9,1.41023,-18.33811,3.72144,5.1214,0.89835,6.56063,9.30396,15.26173,16.1115,69.46788,4.1897,231.59265
GNTY,0.0,21.602093,20.59181,0.88608,2.05455,21.98656,17.83397,48.841,40.86327,27.68362,2.05455,94.582,56.57625,27.59274,21.98656,22.0076,0.8846,1.18792,7.41094,10.38421,10.38421,25.32534,1.81616,33.91423
GES,26.47885,9.04152,10.28787,2.00362,0.16,0.67944,47.59557,95.177,3.76715,52.40841,0.87,939.604,-2.69447,52.40841,0.55805,2.75983,0.97992,1.01442,1.78426,1.6076,1.90992,4.38025,0.4132,4.60695
GPOR,-27.29386,6.69852,8.23107,0.67792,-12.49,-148.76271,-52.11079,-1145.035,-85.06896,-52.11079,-11.73,772.427,-109.27595,-52.11079,-148.76271,-139.7317,0.3884,-21.37994,-24.22867,-86.26466,-86.26466,60.76642,-52.11079,154.88371
FUL,1.53628,5.91889,23.85486,1.90602,2.52,4.51653,-7.14397,405.376,13.99296,-23.40426,2.52,809.004,8.30459,-23.59177,4.5156,4.42936,1.16503,4.04622,5.00201,11.02028,11.01864,61.81058,4.88217,161.85262
HASI,22.7539,0.19556,14.1168,9.93284,1.24,39.81434,0.0,0.0,0.0,65.33333,1.35,69.313,-60.48577,96.17577,39.64132,41.93658,9.93284,2.69815,2.75272,9.38823,9.39215,59.72501,25.369555,148.29303
HCA,8.70526,7.24624,-8.29675,1.44334,10.07,8.07426,10.02242,9814.0,19.11719,-5.53471,10.75,19295.0,3.70744,-7.44653,6.82757,7.1451,1.05157,10.70729,13.90023,1395.7966,1395.7966,101.61401,3.62452,1395.7966
HEI,26.24141,7.2264,12.39102,2.81433,2.39,17.50014,20.23551,542.285,26.38026,25.78947,2.49,813.84,12.78449,26.48698,15.95099,16.18778,1.29509,10.2205,12.45899,21.3976,20.45158,22.98498,1.03627,33.16034
DINO,30.96378,22.54317,36.93731,1.96105,4.61,4.9887,-5.11748,1973.213,11.28416,-25.52504,5.52,2293.917,6.90323,-29.65245,4.41703,5.24919,1.05006,7.8979,9.9494,12.98484,13.45341,31.33974,1.50577,45.64465
HNI,7.69778,8.46056,13.71156,1.10472,2.54,4.91792,4.68584,231.34,10.29575,20.37915,2.61,833.762,5.0651,18.34285,4.91801,5.00651,0.68642,6.74027,11.62144,19.26891,19.25765,30.61353,1.11449,44.12032
HPQ,17.95423,10.54487,-0.8184,0.79773,2.07,5.36456,1.48331,4926.0,8.38383,-36.50307,2.19,11170.0,6.76293,-40.82974,5.36456,5.64683,0.5328,7.68663,56.32533,775.2499,775.2499,130.24847,1.04283,775.2499
HAL,-12.55254,4.56793,9.12529,2.29848,-1.29,-5.03838,-15.09912,3683.0,16.43609,280.27286,1.24,2285.0,5.98559,280.27286,-5.04731,4.84202,1.40324,5.00886,6.50788,-12.90065,-12.85218,58.90516,3.12327,143.33955
HBI,-6.39217,8.26401,3.41178,1.82031,1.64,8.62246,-0.9026,1084.183,15.56186,7.89474,1.76,2486.15,8.68894,8.6128,8.62246,9.21336,0.64644,8.15554,11.8161,54.44071,54.44071,75.9089,3.59386,167.65881
THG,8.80842,1.44983,75.94271,6.05418,10.56,8.77175,52.78654,581.2,11.88378,89.92806,10.76,1098.5,-3.40825,8.72123,8.69201,8.80038,6.05418,2.81034,9.57931,14.61445,14.61445,18.30457,1.12423,22.40587
HOG,0.43469,2.12232,11.83198,1.31471,2.68,7.901,-18.51619,1041.271,19.42022,-15.98746,2.91,1797.317,7.72405,-20.2871,7.901,8.52378,1.07304,4.76987,5.41014,23.68033,23.68033,80.62797,7.21079,130.5658
HIG,17.16987,1.56443,44.3196,15.26454,5.66,10.18066,45.30965,3191.0,15.58106,39.40887,6.13,7642.0,8.0304,15.38462,10.18066,10.80233,15.26454,2.57279,8.74394,14.5281,14.19768,23.6831,1.58226,31.03258
HVT,-16.69394,24.103271,13.62962,1.61021,1.08,2.72505,-33.42794,47.617,5.93454,-23.94366,1.1,434.488,4.64874,-27.85495,2.72505,2.7379,0.66078,3.37678,4.41554,8.17182,8.17182,40.7285,3.75927,68.71514
HE,0.0,65.9152,20.925,0.83487,1.99,7.64531,4.59095,616.025,21.42993,7.56757,1.92,626.779,-5.26967,7.90911,7.64531,7.27691,0.83487,1.57319,4.67269,9.89398,9.74355,51.57139,4.00107,106.4895
HCI,13.01126,1.577,23.89478,15.41956,3.31,11.00998,18.8811,50.213,20.80238,41.45299,3.32,92.463,7.9578,49.93512,11.00998,10.42568,15.34909,3.67287,7.59314,14.48347,14.48347,48.38874,3.4644,93.75616
HR,5.39691,5.76954,14.10486,1.28344,0.29,8.3449,0.0,0.0,0.0,-47.27273,0.32,288.377,46.54925,-43.8377,8.3449,8.72291,0.84092,1.33923,1.39473,2.16692,2.16692,44.50404,18.652145,80.1933
DOC,-59.44179,3.43011,12.04433,0.9385,0.09,3.02003,0.0,0.0,0.0,-95.98214,0.18,833.132,58.33976,-95.70914,2.28937,4.40103,0.9385,0.56891,0.60259,0.75697,0.91139,49.39567,35.544247,97.61154
HL,185.65965,83.44893,3.23656,1.53132,-0.2,-14.78717,29.99334,169.705,25.20623,33.35587,-0.17,225.281,6.23047,33.35587,-14.78717,-12.38386,0.86235,-0.85951,-1.02863,-5.88519,-5.88505,23.97681,3.14528,31.53881
HLIO,-8.17373,7.6437,18.02465,2.51905,1.88,10.86566,3.68172,129.767,23.39556,26.1745,2.01,212.282,8.36651,28.97068,10.86566,11.60162,1.24038,5.72649,6.66254,10.87474,10.87474,35.13323,2.41094,54.16214
HP,-12.60862,5.60389,37.00016,2.71814,-0.33,-1.16635,-9.22501,550.534,19.7513,73.48742,-0.28,995.286,7.82681,73.48742,-1.20746,-1.09712,2.26685,-0.12723,-0.1637,-0.77451,-0.77451,10.67233,0.87071,11.94739
HLF,13.04965,64.94141,-2.83843,1.54314,2.2,6.37674,-5.98335,722.8,14.82028,11.11111,2.78,2470.9,5.63373,4.85502,6.37674,7.83195,0.96734,14.28891,23.31975,166.27737,166.27737,124.06962,2.78127,166.27737
HRI,-7.73165,6.25567,22.37153,1.23708,1.63,2.37619,7.17696,718.3,35.93297,-31.79916,3.36,542.3,-6.07866,-31.25905,2.37619,4.82401,1.05138,4.17721,5.25376,7.80608,7.80608,78.92033,3.35821,59.98457
HRTG,31.38133,1.17761,15.66434,4.34567,0.98,5.60611,-36.59566,59.498,11.648,-5.76923,0.98,130.111,-16.51412,5.45388,5.60611,5.60488,4.32529,1.65375,5.28438,6.55187,6.55187,23.46747,2.31297,30.66339
HSY,-4.31477,13.73797,8.32845,1.05392,5.46,14.35908,-2.67503,1981.368,24.80974,-2.15054,5.93,3622.478,13.21713,-2.36675,14.39589,15.55258,0.52856,13.54334,17.74837,73.27679,72.75745,71.9673,2.26099,256.7262
HES,16.88312,5.98342,28.63373,1.25737,-1.37,-3.69515,9.16241,2776.0,42.74057,343.834,-1.16,4575.0,-1.38761,343.834,-6.28176,-5.3794,1.08167,1.84253,2.2622,-4.44444,-2.33078,44.97109,2.85735,81.72265
HPE,-1.95225,4.41841,13.20953,0.79039,0.77,3.60048,-0.81028,5019.0,17.2267,-40.76923,1.76,9493.0,7.45881,-45.02096,3.60048,8.17326,0.61402,2.89386,4.82263,5.47252,5.46027,44.62527,2.75354,80.58779
HXL,-9.98716,7.96248,17.29785,2.18506,3.57,13.01524,10.72475,566.8,24.06079,14.791,3.61,640.4,7.28764,10.84599,13.01524,13.01053,1.06851,8.92872,10.95538,22.15238,22.15238,43.79057,1.98765,77.90609
HIW,3.13306,2.92958,20.46665,1.08723,1.3,18.92273,0.0,0.0,0.0,-20.73171,1.55,490.744,48.94515,-20.32007,18.28633,21.4656,1.08723,2.66494,2.79928,6.30758,6.05757,52.77296,33.828575,118.58907
HTH,9.4375,0.20907,23.20185,1.33948,2.44,12.79499,42.39881,445.573,24.47067,90.625,2.49,1494.59,-37.47018,85.51478,12.37288,12.62815,1.04257,1.76793,6.79579,11.11859,11.35728,47.84026,4.38201,91.71875
HGV,4.47761,1.41222,6.66386,4.33122,2.42,11.7519,-21.41372,378.0,20.56583,-20.65574,2.54,477.0,2.80196,-27.51678,11.7519,12.26593,3.12658,7.00875,9.73214,36.42496,36.42496,74.33589,4.36773,289.6491
HLT,9.65217,7.84073,-1.72769,0.72901,3.04,9.37368,9.31289,1925.0,20.36606,21.6,3.19,2512.0,13.90314,15.31414,9.32078,9.6861,0.65866,6.81732,11.93969,223.72417,223.72417,105.43091,4.76,223.72417
HOMB,0.0,66.69403,15.09579,0.96663,1.73,35.41744,-2.1242,471.779,57.70969,0.0,1.74,661.408,107.17575,-3.61648,35.41744,35.71591,0.96585,1.86402,7.03896,11.91171,11.91171,32.08883,2.51543,47.25118
HD,-1.50754,109.57266,-1.69955,1.10846,9.73,10.2779,7.148,17853.0,16.49954,33.47051,9.79,37160.0,8.01341,28.86443,10.2779,10.28736,0.22218,22.27584,35.33894,2639.58,2639.58,106.87308,1.63569,2639.58
HTB,0.0,43.514286,22.73666,1.04457,1.46,16.94994,-0.18737,62.326,38.91629,231.81818,1.52,124.071,-22.04581,229.64177,16.94994,16.79124,1.03677,1.03339,3.27888,6.63604,6.63604,62.51329,10.94054,166.76123
HMN,14.16323,5.11988,38.00584,2.74732,4.4,13.12957,825.9725,273.986,19.50368,900.0,5.17,523.4,10.39902,905.5225,13.12957,15.36068,2.70046,1.37362,7.87463,12.90788,12.90788,37.62817,3.45099,60.32879
HRL,-4.33717,16.16793,11.07873,2.13693,1.8,10.30973,-1.04034,1305.363,13.74455,-3.22581,1.77,1884.648,5.01172,-3.29342,10.30613,9.96285,1.16009,8.77311,11.49312,16.98981,16.98383,4.04823,0.19152,4.21903
HLI,-8.32136,14.64505,13.62909,1.20195,2.42,14.67246,6.38585,236.55,21.81421,-6.92308,2.58,1019.371,15.30184,-7.64846,14.67246,14.8019,1.04839,9.7679,15.73072,18.24462,18.24462,0.9619,0.0366,0.97125
HHH,171.55188,10.32899,73.92413,1.41276,1.71,5.71263,21.86497,306.661,23.57953,29.54546,2.34,493.587,-58.49841,29.72006,5.68657,7.76126,1.39131,1.19584,1.35481,2.35516,2.26126,55.5594,13.58791,125.01944
HWM,-7.64088,14.09335,10.51622,1.4159,1.03,3.31173,17.24313,2305.0,16.24155,-20.76923,2.16,1910.0,7.01628,-26.79128,3.31173,6.79135,0.76442,6.09647,9.72363,9.33466,9.21027,57.31572,2.69197,134.2783
HUBB,-6.59325,6.78991,35.71743,1.86318,7.31,8.87388,9.0025,784.6,17.08996,11.7737,7.6,1191.7,10.02668,11.29928,8.7323,9.00545,1.0406,8.10222,10.96148,21.50924,21.67367,46.0393,2.13191,85.32007
HPP,33.22952,4.51286,22.08786,0.98814,0.28,6.78617,0.0,0.0,0.0,-55.55556,0.28,515.246,33.89554,0.0,5.27585,5.25351,0.96846,0.98464,1.04793,1.24755,1.48143,46.12778,30.994783,88.7424
HUM,4.03941,62.66345,91.11692,1.81975,20.1,4.1718,4.95322,3814.0,5.87782,65.29605,20.45,11031.0,5.12132,60.84373,4.1718,4.22486,1.59045,7.43067,11.77613,24.38959,24.38959,33.6841,1.60304,50.79339
HII,4.14343,6.94692,38.92157,0.94444,13.26,6.16923,-13.08244,970.0,10.9001,-30.53955,14.01,1531.0,0.73744,-34.33014,6.16923,6.51774,0.80952,6.92374,15.81659,35.37371,35.37371,48.32411,1.53093,93.51385
HUN,-24.00319,6.15949,11.97971,1.87002,1.7,6.31161,-47.09772,720.0,10.59291,-46.20253,1.85,1382.0,-1.95675,66.76558,8.26835,6.23018,0.73606,3.52578,5.35814,15.09506,15.39566,49.9202,3.90972,99.6813
H,-1.40515,11.83962,39.00681,1.5709,7.21,15.25896,-15.5624,548.0,10.91634,7.93413,7.15,1002.0,3.23207,-0.39012,15.25896,14.89678,1.41068,1.70455,2.41701,20.07338,20.04186,34.04821,3.73723,51.62591
HY,0.6015,7.05033,32.65931,1.41469,2.14,1.11185,15.79559,99.7,3.02874,2.39234,2.28,543.9,0.46099,3.17003,1.08755,1.15288,0.65226,1.96417,3.90517,6.68097,6.44083,38.89654,3.68405,63.65685
IEX,-4.96368,8.33217,29.74489,3.5248,5.56,17.05787,3.05993,681.963,27.33787,5.10397,5.9,1128.3,15.26479,3.64077,17.05787,17.879,2.6008,10.37847,12.52021,19.98751,19.98751,29.22198,1.37018,41.28681
IQV,7.85297,4.45659,31.21685,1.04588,0.96,2.04726,5.33333,2054.0,18.52453,-22.58065,2.14,3788.0,9.01087,-26.25483,1.72258,3.76546,0.89658,2.32533,2.92438,3.00385,3.43497,66.06708,5.93671,194.69904
ITT,7.32372,5.34837,23.63212,2.04402,3.65,11.40037,33.70563,538.7,18.92566,-2.66667,3.97,910.1,9.07199,-2.57717,11.42145,12.23191,1.40108,6.8169,12.8404,16.59611,16.62951,8.59179,0.36254,9.39937
IDA,-6.33191,9.49106,48.90329,1.50762,4.61,17.32999,1.17374,467.536,34.72533,2.67261,4.61,506.3,2.08882,2.66886,17.29478,17.29183,0.99574,2.86324,4.37797,9.63204,9.62899,42.64148,3.92838,74.34202
ITW,-6.14035,5.55145,9.46216,2.90297,7.74,17.86803,-5.36465,3828.0,27.13162,1.84211,7.71,5922.0,14.45265,-1.63871,17.86803,17.69983,2.13185,14.20436,19.68294,80.28662,80.18448,72.37166,2.07341,261.9472
IMAX,4.23214,1.50926,8.95276,21.07872,0.76,14.80322,10.27843,120.048,30.3409,111.11111,0.77,216.379,16.32986,105.15672,11.8449,11.93151,18.47139,5.54046,7.41471,8.84385,9.42829,5.42735,0.30743,5.79202
IRT,0.0,30.45539,6.73408,0.27638,0.51,22.82695,-6.21584,51.812,25.51473,70.0,0.51,115.929,33.78731,74.58917,22.60141,22.5529,0.27638,1.88859,1.94682,7.42489,7.41782,61.47,19.08338,159.53801
IR,-10.44037,4.74669,9.11853,2.68691,0.76,6.48885,-17.52143,529.1,21.57918,-41.08527,1.07,778.3,14.31186,-40.94284,6.48885,8.88066,1.7292,4.81323,6.37024,8.97374,8.97374,47.16901,3.15536,89.28285
NGVT,25.96774,9.22841,12.69067,2.14942,4.35,14.20837,21.93285,388.6,30.05646,9.57179,5.12,482.0,7.05101,8.63394,14.20837,16.55357,1.11508,11.12268,13.13811,42.25417,42.25417,71.08145,3.35744,245.7988
INGR,3.27456,7.69393,40.7082,2.23371,6.13,6.8288,-8.16733,922.0,14.84941,-0.6483,6.65,1312.0,4.38275,-6.77201,6.65164,7.16516,1.28749,7.45666,9.47829,16.17071,16.46922,42.29474,2.17896,73.29442
VATE,-4.23824,1.26155,75.38755,5.46584,-6.55274,-1.81947,33.68508,119.6,6.02792,33.68508,4.86492,246.5,2.06832,33.68508,-1.58762,1.1064,5.39929,0.51069,2.93127,-14.38685,-10.5064,66.27764,7.64465,201.43204
INVX,22.75122,1.84225,30.41553,9.08282,0.05,0.41465,657.4729,37.707,9.09027,35.459995,0.07,0.0,1.64562,35.459995,0.41465,0.6048,6.67533,0.19211,0.21021,0.1573,0.1573,0.50781,0.14764,0.51041
NSP,16.4914,10.0766,0.1036,1.12163,3.7,3.50187,1.97553,215.356,4.9911,14.90683,3.72,732.934,2.39221,11.58382,3.50187,3.46463,1.05959,9.01849,40.95984,56.25142,56.25142,98.82614,1.5946,56.25142
ICE,3.67261,6.74601,31.14621,0.98784,3.42,29.93738,4.87196,3358.0,51.29067,-0.29155,3.55,5202.0,30.61326,-2.7666,29.52497,30.41928,0.04028,1.8201,6.78223,11.22011,11.30791,31.95125,2.42793,47.16534
IFS,0.0,0.0,0.0,0.0,0.0,0.0,0.0,0.0,0.0,0.0,0.0,9.17655,0.0,0.0,0.0,0.0,0.0,0.0,0.0,0.0,0.0,0.0,0.0,0.0
IBM,-25.54224,2.91975,23.49314,1.01907,10.57,12.19749,-3.05602,16908.0,21.9166,11.14616,10.43,31534.0,22.25492,8.05454,12.22471,11.9951,0.88316,4.9212,8.92869,50.13683,49.63866,76.45917,4.03111,2119.853
IFF,-6.32229,5.65719,58.22154,1.89574,4.0,8.95448,31.54832,1105.194,21.50148,5.5409,4.82,2113.0,10.74463,35.15277,8.86898,10.49936,1.06346,3.7444,4.52005,7.44267,7.39163,42.50161,4.23271,75.09314
IGT,8.70115,3.89295,8.11144,1.06712,-0.09,2.33311,-2.65448,1441.034,30.11058,157.16081,0.2,1697.0,15.30844,157.16081,-0.39753,0.85408,0.95285,3.36747,4.22016,-1.09776,4.26427,77.32006,5.87894,157.16081
IP,-6.33919,6.34151,19.6702,0.76787,3.07,5.45227,-11.52519,3846.0,17.18806,-23.63184,4.38,5648.0,7.40973,-39.11531,5.47462,7.73782,0.48392,4.74481,6.55104,16.25207,16.15787,68.14167,4.29225,213.8896
INSW,-11.39047,4.10364,34.92153,1.63654,-0.03,-0.22666,237.31708,131.159,35.81779,33.328293,0.6,159.202,16.93995,33.328293,-0.22666,4.78858,1.55014,1.92617,1.96283,-0.08169,-0.08169,40.3667,5.27609,67.69155
IPG,1.56728,1.42941,7.17287,0.93103,1.68,6.5931,12.16812,1398.4,13.68123,5.66038,1.76,1817.1,12.00508,5.99451,6.41797,6.64824,0.89152,4.19473,9.75652,25.38159,24.1066,62.68376,3.59203,177.77109
IPI,-5.61186,8.99918,33.55018,1.66211,1.0,6.1938,4.30349,51.649,23.46882,11.11111,1.1,45.288,-7.24179,15.68361,6.1938,6.45025,0.52318,1.99108,2.24844,3.20007,3.20007,14.84647,1.46725,17.43494
IVZ,0.0,166.5692,21.73395,1.01016,1.28,12.06068,14.40744,1611.2,26.33799,-40.18692,2.43,2026.2,24.14874,-22.03217,11.25151,17.39062,0.13552,2.5455,4.44128,7.46902,6.13958,37.12208,5.3871,60.61963
INVH,0.0,82.908585,15.16575,0.07604,0.27,8.33639,4.06715,423.674,24.00848,82.908585,0.3,1033.084,34.9298,82.908585,8.243,9.03112,0.06894,1.47773,1.52455,1.76924,1.76866,50.64604,20.02125,102.61798
IRM,0.45012,5.02192,5.09559,0.63418,0.93,6.29222,0.1209,1437.605,33.72614,-29.00763,1.1,2429.269,5.38149,-26.41358,6.27265,7.40556,0.54116,3.79544,4.37919,15.96545,15.37894,87.39006,7.38486,174.7269
SJM,30.65353,17.62537,70.07526,0.69409,4.52,6.5629,-4.12206,1611.9,20.5652,-61.62988,6.29,2915.7,10.23236,-61.57179,6.5629,9.07628,0.27581,4.55603,5.48218,6.48611,6.48611,42.58103,3.66698,74.15846
JBGS,0.0,28.290813,25.24433,1.9703,0.48,11.37597,0.0,0.0,0.0,54.83871,0.59,324.765,32.26307,64.23956,10.06061,11.83033,1.90481,0.399,0.42135,2.05757,1.9654,29.22585,28.290813,48.76603
JBTM,12.23355,5.66434,17.98402,1.49252,4.03,6.64542,17.50503,292.0,15.00745,24.38272,4.99,598.1,2.69569,23.91931,6.63001,8.18117,0.84889,8.42914,13.1904,25.19486,25.19486,56.22598,2.50514,128.44601
JELD,-0.40135,9.11341,8.06698,1.6172,0.62,1.46794,-11.23927,352.215,8.2106,-54.41177,1.0,863.839,4.80107,-56.37919,1.46794,2.34554,0.92181,4.40987,5.92881,7.97146,7.97155,68.01219,4.90227,212.6191
JPM,0.0,7929.932,75.98424,0.79977,10.72,25.57962,6.67174,71565.0,50.24856,19.11111,10.41,110134.0,116.73908,12.18513,25.57962,23.54679,0.79568,1.48771,5.01223,15.67653,14.07023,66.74886,7.33037,200.7416
JBL,115.9827,9.45057,12.29444,0.97808,1.81,1.14497,14.71379,1551.8,6.13789,269.38776,2.29,1913.0,1.07898,232.57385,1.13562,1.4095,0.56664,3.89732,10.98013,14.96266,14.98259,56.77367,1.60875,131.3405
J,-20.10507,3.98361,43.00673,1.33772,2.09,2.46513,-16.43558,929.355,7.296,78.63248,3.71,2520.793,4.24459,418.3741,6.65091,4.01665,1.12935,3.94096,6.22369,5.02998,5.36164,19.54232,1.50765,24.28894
JHG,0.0,92.63647,26.63959,3.353,2.21,20.32932,-21.74028,593.6,27.07535,-15.32567,2.2,1405.6,17.16897,-18.36579,19.50374,18.86517,3.17176,4.8061,6.14255,8.79311,8.42454,7.78466,0.79414,9.60825
JEF,0.0,0.0,32.84726,1.49468,3.03,18.94251,4.3137,1705.619,33.56529,0.0,0.61,2253.375,0.0,2.93288,18.98448,3.72968,0.9086,0.0,0.0,0.0,0.0,73.40687,15.7847,276.792
WLY,38.84131,7.09745,20.86117,0.56375,2.91,9.34759,-8.6075,351.183,19.50942,-12.3494,2.93,1299.047,7.96626,-12.44784,9.34759,9.30923,0.44617,4.9145,8.84182,14.18801,14.18801,28.84039,1.36336,40.52916
JNJ,2.7167,5.74261,22.59101,1.25887,5.63,18.42455,-0.66389,28130.0,34.28021,0.35651,6.96,54503.0,29.08167,-1.16363,18.42455,22.43495,0.93894,8.49784,14.80023,25.36256,25.36256,32.53585,1.01959,48.22687
JCI,-18.3298,3.73479,25.41823,1.36637,1.26,5.378,-52.82193,2048.0,8.54473,-45.68966,1.28,7693.0,6.52015,162.44218,23.67323,4.64726,0.94719,1.6784,2.48573,5.37503,5.9556,25.73802,3.5249,34.65841
JLL,8.88871,4.64196,99.28419,1.06892,10.87,2.99113,18.28719,1102.2,6.12905,3.13093,13.89,6914.9,1.49209,10.48504,2.97667,3.75743,1.03656,4.74616,8.86482,12.15265,12.02307,34.26846,2.46589,52.22011
JNPR,16.57832,5.44013,13.72611,2.07902,0.99,7.76083,-11.65637,714.7,16.07729,-38.125,1.09,2616.8,8.1739,-39.14271,7.76083,8.41517,1.87979,3.40641,4.58688,7.31413,7.31413,29.01199,2.63649,40.86887
KBH,691.4038,99.137695,26.59527,7.7496,2.85,5.90358,3.26609,369.294,8.11145,66.66667,3.1,869.007,1.39923,57.76421,5.90358,5.99171,1.26924,4.23895,5.16533,12.02405,12.02405,42.32339,4.73538,73.38051
KBR,3.68705,4.97925,12.99544,1.33977,1.41,3.70633,7.08215,378.0,6.70332,-29.14573,1.43,653.0,3.31841,-28.11388,3.5822,3.57563,1.26716,3.73706,6.16211,11.34513,11.62726,43.99879,3.85979,78.56758
KKR,-24.28827,8.79895,18.43194,1.08668,3.54,50.74356,60.34976,6283.78,68.72694,71.84466,3.57,8076.721,46.15714,77.2712,21.92962,21.28374,1.06215,6.98062,7.355,21.69251,16.60389,47.31156,4.35878,89.79496
KAI,0.49555,6.48643,37.31221,2.03584,4.54,7.45965,7.27405,123.584,17.5385,-14.33962,5.27,293.76,9.56886,-13.81325,7.38926,8.40261,1.21212,6.84584,8.72088,13.03879,13.11395,43.56249,2.66742,77.18713
K,13.183,11.04801,8.04291,0.71808,2.8,7.19546,-6.74157,2241.0,16.50464,-26.89295,3.64,4433.0,5.78601,-28.14371,7.07026,9.14155,0.41293,6.21393,9.21439,35.90127,30.18693,71.87474,3.77912,255.5522
KMPR,7.31674,3.29856,59.5851,123.45641,7.96,10.59171,83.19527,774.0,15.43585,149.52979,8.04,1850.9,7.72316,179.37927,10.59171,10.56345,121.1641,3.5838,9.98535,15.12588,15.12588,18.00223,1.12674,21.95454
KMT,-5.34152,6.08142,16.19942,2.57908,2.9,10.43586,5.93169,457.752,19.27187,19.83471,3.07,833.996,3.13377,20.85373,10.18531,10.64752,1.21689,7.74139,10.3148,19.12831,19.03056,30.12354,1.29466,43.10972
KW,8.23529,4.59806,9.72358,5.2672,1.58,56.363,-26.1257,157.5,27.64613,51.92308,1.64,427.6,-60.11059,51.13333,39.79287,40.22419,5.16252,-0.25662,-0.27617,17.23823,20.38471,74.64195,32.13016,294.35202
KEY,0.0,413.674,15.49137,0.85213,1.61,22.19912,-3.10006,3157.0,41.03197,-5.29412,1.64,6062.0,20.82304,-7.985,22.31609,21.14673,0.84012,1.38659,6.41489,11.66547,10.46761,45.61068,4.52582,83.85961
KEYS,7.05128,6.66099,16.0375,3.20538,3.25,14.43179,39.23182,1015.0,23.58819,277.90698,3.15,2534.0,12.78469,276.36365,14.43179,13.76249,2.30409,7.12019,9.82212,22.84348,22.84348,37.36447,1.76552,59.6538
KRC,26.54064,2.56982,40.4987,0.97686,1.86,25.55876,21.77969,250.664,29.76671,-27.05882,1.87,583.592,38.40057,-24.36855,23.20914,22.91735,0.9372,1.70232,1.84753,4.75333,4.90712,44.40723,14.56603,79.87949
KMB,4.25639,9.04634,-0.09665,0.73089,6.24,11.90786,4.46318,4213.0,22.83469,54.83871,6.99,6451.0,8.21071,52.97872,11.69106,13.01769,0.39095,13.82504,25.99861,524.3141,524.3141,97.337,1.93473,524.3141
KIM,13.84187,5.909,11.2661,0.75263,0.8,32.89744,0.0,0.0,0.0,-21.56863,0.79,821.933,35.90974,-17.51524,32.6623,26.41687,0.75263,2.82202,3.00407,8.05216,7.9672,52.22894,49.07182,109.72976
KMI,0.0,611.5176,14.89755,0.6349,0.96,16.95056,1.34293,6339.0,47.99001,45.45455,0.63,7355.0,1.29741,36.10939,16.57961,10.79809,0.49098,3.20867,3.45456,6.49659,6.38929,49.87933,5.47736,101.86294
KFS,-20.0254,13.75731,0.04043,37.626,-0.25,-4.05714,686.3937,17.859,26.16703,41.274128,-0.19,47.855,3.18498,41.274128,-8.62418,-6.08557,37.626,1.75336,2.40906,-65.11698,-10.89493,92.65533,14.67372,41.274128
KNSL,32.10227,3.35876,18.27794,11.1562,2.86,20.04381,86.64834,76.733,24.2912,83.33333,2.94,63.761,4.20873,87.39752,20.04381,20.03632,11.1562,5.10105,13.84538,18.90408,18.90408,3.96191,0.21821,4.12536
KEX,-9.21119,7.12434,56.18211,1.78477,2.37,5.03872,-5.93039,458.706,16.16073,80.91603,2.91,772.828,-3.06694,81.44471,5.01505,6.12572,0.98827,2.50063,3.13429,4.32547,4.34187,31.30612,3.34975,45.57337
KRG,-4.77618,5.55022,15.35245,1.54832,-0.01,-0.00064,0.0,0.0,0.0,20.29667,0.1,230.821,34.57685,20.29667,-0.16977,2.66817,1.54832,0.69057,0.72843,-0.03953,-0.00014,46.64703,20.29667,90.99498
KNX,-13.8753,8.4384,33.19633,0.89627,1.8,6.40341,-7.25074,896.787,18.51355,-23.72881,1.97,1286.339,-0.79391,-26.25029,6.38334,6.97645,0.76774,3.34877,4.12222,5.55768,5.57322,16.19102,1.22109,19.31896
KN,13.75624,5.70057,14.05095,2.5637,0.53,5.81423,9.52381,147.2,17.2204,-26.38889,0.65,332.0,1.67729,-27.47415,5.74403,6.93161,1.57096,3.62217,4.04012,3.97584,3.97584,13.46541,1.36209,15.56073
KSS,0.0,459.31427,33.90798,1.77106,4.84,3.95966,-3.40673,2325.0,11.4934,-5.46875,5.18,8030.0,6.80026,-6.75204,3.95966,4.19952,0.35275,6.59169,8.97,14.62613,14.62613,38.76579,1.50495,63.3074
KOP,-13.60042,10.02715,7.08003,1.75388,3.16,3.80754,6.61111,191.9,10.82468,192.59259,3.5,330.7,3.7476,184.61539,3.75677,4.07985,0.67117,5.61669,7.66129,65.55283,59.81391,86.48902,5.2939,51.115437
KFY,5.15876,4.99805,21.98536,2.06333,1.81,5.30919,19.03227,300.616,15.22984,-22.97872,3.36,534.111,8.40127,-23.26823,5.20052,9.4153,1.93531,6.87162,10.8709,8.35491,8.50962,15.20039,0.7414,17.92507
KOS,29.12113,11.60979,2.09631,1.05093,-0.14,-3.71992,209.23479,805.838,53.74346,116.563065,-0.12,1121.022,30.07764,116.563065,-3.71992,-3.2122,0.74772,3.59853,5.09625,-6.2559,-6.2559,70.7045,2.52091,241.3493
KR,-2.93219,75.11593,9.88221,0.75683,3.76,2.5404,0.0,5112.0,4.21915,79.90431,2.15,27501.0,1.49789,63.08338,2.56681,1.43733,0.22411,4.39322,7.26272,41.97881,41.76391,66.02931,2.97907,194.37141
KRO,-0.99228,6.39372,7.05651,4.50739,0.75,5.03148,-48.25251,191.0,11.03345,-57.62712,0.73,386.2,6.20126,-57.5122,5.03148,4.88325,2.59313,4.62292,6.90632,10.51996,10.51996,36.73643,2.48115,58.06886
LHX,71.97279,6.8044,28.36706,1.13668,7.89,14.01265,-2.35457,1410.0,20.73225,32.82828,8.47,5358.0,11.21159,32.1727,13.95383,14.69578,0.87522,7.24719,10.33257,28.51159,28.51159,51.15468,2.49787,104.72792
LCII,64.16773,14.73941,31.96806,2.47289,5.84,6.17795,2.82888,272.877,11.5066,0.17153,5.78,539.202,3.465,-1.37461,6.17795,6.09275,0.86757,7.94784,9.74582,19.44474,19.44474,47.77098,2.68374,91.46442
LZB,-6.98906,11.73998,14.53536,2.26755,1.44,4.01862,-1.31604,160.919,9.2196,-13.77246,2.12,702.57,6.34016,-15.20046,3.92884,5.68783,1.31343,8.47993,12.51821,10.59312,10.60981,0.02854,0.00124,0.02855
LH,8.75262,5.94444,77.84979,1.12252,8.35,7.13902,-0.12286,2032.3,17.58836,-3.01974,9.67,3252.5,8.51194,-6.77832,7.12951,8.19307,0.88968,5.35907,6.612,11.33275,11.31736,48.36846,3.49732,93.9289
LADR,-3.55148,0.157,13.56399,1.65305,1.15,25.50118,0.0,0.0,0.0,-37.5,1.17,248.346,55.73056,-31.86957,22.82897,22.96644,1.65305,3.62189,3.72099,8.44836,8.34707,74.78943,31.190693,296.659
LW,50.55334,13.28021,-0.03149,1.73933,3.18,12.96331,13.00344,822.1,21.87425,12.76596,3.15,1003.5,4.04605,14.82726,12.73448,12.27882,0.6373,14.31724,18.75649,101.843056,101.843056,100.19811,2.83007,101.843056
LVS,23.08943,20.0277,6.79385,1.64547,3.5,24.04833,1.05013,5100.0,37.12061,14.00652,3.05,9958.0,15.03749,11.81102,19.63753,17.11588,1.57754,10.61295,12.7555,49.63665,49.86417,66.34078,2.51471,197.09544
LAZ,-3.26694,3.93153,5.85106,1.41923,2.44,11.2296,-20.96898,603.16,22.7507,-39.90148,3.35,2325.542,24.55211,-45.64857,10.80655,13.92353,1.39797,6.64376,13.02247,37.52844,36.05037,77.41917,3.87426,134.56984
LEA,3.24214,6.41006,71.97319,1.373,12.75,4.19327,-20.40697,1771.9,8.94434,-25.95819,15.8,1911.3,2.97598,-34.45817,3.80408,4.92074,0.99878,6.49674,11.29586,17.62725,18.18082,38.26509,1.61595,63.61334
LEG,3.50266,8.56538,9.95448,1.65726,2.47,7.02578,18.86506,703.8,14.80905,9.29204,2.61,1018.7,7.17912,9.12063,7.02367,7.40301,0.90454,7.97412,11.04755,27.03929,27.03534,63.45029,3.23743,173.6
LDOS,-7.61854,6.14456,24.20567,1.20532,4.6,6.0393,10.53659,1133.0,10.21273,21.05263,3.96,1548.0,10.49441,14.80207,6.01226,5.10438,1.05058,6.1959,8.45179,19.84824,19.91677,50.19676,3.03972,100.79017
LC,-40.05609,0.75492,10.14215,7.36196,-0.35,-2.66827,-11.13543,429.103,37.30734,65.50406,-0.23,642.719,86.44492,65.50406,-2.67305,-1.7453,5.09448,6.87319,7.52333,-3.47521,-3.46551,66.92994,4.24577,202.38828
LEN,-11.80796,21.27253,50.49025,5.38727,5.74,8.27563,2.82911,2639.216,11.85655,5.51471,5.87,2802.295,1.16971,9.03516,8.30678,8.39693,0.59472,5.31107,6.10321,12.1126,11.99422,37.38626,3.62748,59.70935
LII,0.54714,7.98993,-4.41001,1.11788,10.38,10.73755,-0.73788,565.0,14.8403,18.35804,6.85,1079.8,3.88507,13.84401,10.73492,7.01697,0.51661,16.02697,29.73295,90.904526,90.904526,114.36651,2.39805,90.904526
LNC,6.85892,0.48888,100.11237,8.85916,4.38,5.1404,0.0,1486.0,8.62149,-40.81081,5.35,4589.0,-8.13776,-46.00853,5.1404,6.22684,8.85916,0.28025,3.76353,5.20579,5.20579,25.91715,4.63526,34.984
LNN,11.20581,6.08493,24.8641,3.81695,0.2,0.48911,-41.29294,38.041,8.5664,-89.3617,1.46,114.608,-1.56551,-89.28836,0.48911,3.54453,2.48451,3.00116,3.86021,0.79696,0.79696,30.20189,3.05079,43.27036
LOB,0.0,8.291199,13.205,0.89898,0.44,6.09545,-27.08901,73.312,24.77929,-64.51613,0.45,187.787,12.08633,-64.94713,6.09545,6.11788,0.66913,0.78583,6.47368,3.51559,3.51559,0.49213,0.03592,0.49457
LMT,-4.07016,5.12374,11.16786,1.22352,21.95,10.41597,11.60631,9616.0,16.07704,24.78681,22.07,8367.0,6.8243,23.46413,10.41597,10.4055,0.9265,11.39967,32.43349,275.60275,269.69696,81.2644,1.43032,818.5746
L,-4.13529,2.13321,65.70781,52.22305,3.07,5.92477,10.24719,2453.0,16.68594,54.27136,3.35,6660.0,5.47752,46.54088,6.33971,6.8978,52.22305,1.17558,2.82057,4.95257,4.02161,35.79647,4.98451,55.75467
LPX,28.05588,23.58346,8.85256,2.53689,-0.04,-0.4329,-70.06262,196.0,8.48485,25.982777,-0.13,303.0,-2.06385,25.982777,-0.21645,-0.69221,1.41393,2.09814,2.64869,-0.37158,-0.74041,28.1407,2.0,39.556
LOW,0.0,1330.7598,4.54931,0.98144,2.84,3.24503,-22.3916,6211.0,8.70998,-30.56235,4.86,22908.0,5.19395,-32.86916,3.24503,5.5273,0.05029,8.66237,14.14824,48.62877,48.62877,81.65803,2.61198,1330.7598
LUMN,0.0,1011.4931,12.35714,0.65693,-4.92,-23.52127,-2.27041,8609.0,38.43132,1011.4931,1.32,12324.0,10.41639,1011.4931,-23.52127,6.31357,0.55511,3.50005,4.46551,-31.64755,-31.64755,73.01791,4.23417,270.61618
LYB,-11.44733,10.51537,24.1216,1.82955,9.6,9.80217,-15.29412,5544.0,15.96452,-20.1995,9.85,5426.0,5.13253,-27.68771,9.76186,10.01253,0.87322,9.11425,12.89054,37.12365,36.65141,62.36079,2.44426,168.064
MTB,0.0,444.8213,110.79781,1.01693,13.75,27.79244,1.22442,3791.067,54.61632,7.92779,14.03,5967.943,65.72026,0.57709,27.79244,27.17117,1.01604,1.81781,8.46103,13.44573,12.37553,32.40951,1.98786,47.94981
MHO,0.0,42.42426,35.35112,5.93359,4.48,5.10289,11.72521,195.175,7.80609,21.08108,4.47,491.417,0.08757,18.50589,5.10289,4.97829,0.06688,5.68573,6.79589,13.72804,13.72804,43.52031,3.96171,77.05478
MBI,4.57305,0.08823,10.3987,3.13751,-4.43,-160.98656,0.0,0.0,0.0,-23.457315,-4.42,95.0,-100.33632,-23.457315,-160.98656,-160.57483,3.13751,-1.06608,-1.61473,-36.91517,-36.42821,82.27714,-23.457315,-23.457315
MDU,15.72181,6.844,14.20895,1.49776,1.69,6.28031,18.36042,737.892,13.82655,22.46377,1.69,933.38,-1.86027,23.18429,6.28569,6.28946,1.04229,4.10563,6.09584,12.38141,12.38141,45.30584,3.19629,82.83489
MTG,1.9044,3.03162,12.40753,101.56181,1.85,55.50048,0.44179,907.133,74.72407,3.93258,1.91,919.533,48.60542,0.54709,55.50048,55.51173,101.56181,9.45457,11.78167,17.07648,17.07648,16.19493,0.91799,19.32453
MGM,-4.01152,27.25072,15.35784,1.25577,3.88,17.16617,11.04438,2699.641,20.92798,379.01236,0.73,5296.183,4.19497,359.41214,15.86423,2.96633,1.16076,2.72089,3.22432,28.74295,18.97497,55.00668,5.78207,123.2694
MRC,-21.80579,7.00191,7.8862,2.50617,0.18,1.06499,-8.0402,183.0,4.99727,-66.66667,0.34,653.0,6.30803,-47.2973,1.06499,0.77062,1.01029,3.15192,4.31035,5.84708,3.81605,42.996,4.10929,75.42628
MSA,4.10151,5.60665,18.59455,2.49852,3.48,9.81818,15.43639,261.909,18.68135,9.43396,4.21,638.629,7.36095,9.89932,9.73194,11.60709,1.68929,8.37477,13.14002,20.17531,20.06411,35.32855,1.52797,54.62773
MSM,3.28293,6.31713,26.77466,2.6842,5.2,8.5854,-2.50659,471.912,14.02906,-10.34483,5.32,1432.043,6.32194,-12.25856,8.58742,8.7372,1.28296,11.05778,13.21745,20.15944,20.11729,22.94592,0.93637,29.77898
MSCI,5.45695,3.20303,-0.9047,2.31107,6.59,36.1824,8.11423,835.11,53.60843,16.4311,6.82,1269.835,32.32647,10.97945,36.1824,37.05698,2.22676,12.44175,16.89697,118.91339,118.91339,102.41125,3.90154,118.91339
MAC,16.63509,7.29624,18.61466,0.40241,0.68,10.50791,0.0,0.0,0.0,61.90476,0.68,608.479,36.35041,61.3129,9.92039,9.84776,0.40241,1.78028,1.87486,3.4687,3.40745,66.41412,48.59667,197.74413
M,0.0,571.3435,20.92872,1.42297,3.56,4.2659,3.07498,2447.0,9.50697,-29.36508,4.03,10524.0,3.76374,-28.37751,4.30475,4.81771,0.30562,4.81205,8.16616,18.30044,18.15326,42.46894,1.94156,73.81914
MAGN,0.0,0.0,0.0,0.0,0.0,0.0,0.0,0.0,0.0,0.0,0.0,0.0,0.0,0.0,0.0,0.0,0.0,0.0,0.0,0.0,0.0,0.0,0.0,0.0
MTW,-2.03725,10.78565,18.25866,1.97868,1.31,2.54076,27.10843,147.7,8.053,31.375416,1.62,344.1,1.42168,31.375416,2.54076,3.13445,0.87321,4.44677,7.47142,7.47274,7.47274,35.80161,2.43873,55.76715
MAN,-0.05686,3.95547,46.74984,1.46001,7.72,2.24076,-12.66696,797.7,3.82342,-9.81308,7.33,3375.1,2.64655,-16.34633,2.23213,2.10447,1.41822,5.07577,11.16348,17.35129,17.12454,35.68484,1.92077,55.48434
MPC,36.53333,25.4072,51.9168,1.24915,3.97,2.62608,27.01044,9729.0,7.8492,-24.81061,5.5,12047.0,0.95251,-5.14389,2.12749,2.92419,0.58221,3.97593,5.17939,7.65802,7.3843,42.07917,3.21893,74.31833
MPX,-3.07757,125.08499,2.27966,4.16214,0.83,9.66639,-2.63929,36.225,12.40005,0.0,0.83,65.394,8.14907,-0.87405,9.66639,9.44112,1.60308,20.74884,27.96466,37.05322,37.05322,0.20292,0.00433,0.20334
HZO,30.98142,32.25869,17.29758,1.37707,1.57,2.90869,-2.03896,72.115,5.82911,-8.18714,1.67,322.832,-4.37984,-8.46307,2.90869,3.00941,0.20201,5.31124,6.06813,9.96937,9.96937,45.83233,4.32732,84.61196
MKL,3.739,1.36611,802.5857,23.61846,129.07,18.89829,511.17267,2675.17,28.09515,421.24063,130.25,4756.908,13.72135,421.24063,18.80382,18.96061,23.05122,4.36736,11.30815,17.77003,17.52978,25.22088,1.4191,34.26773
VAC,-0.30864,13.46213,72.60353,4.44013,3.09,3.26062,83.13253,760.0,17.45121,91.92547,5.14,1701.0,1.53846,150.90909,3.16877,5.18131,3.51348,4.24391,5.31677,4.25926,4.37125,58.30238,5.57632,139.82184
MMC,18.09008,3.75849,15.47369,1.05824,3.41,10.64737,15.28902,3989.0,23.95508,5.57276,4.53,7183.0,10.24652,5.57576,10.46121,13.76519,0.98787,7.89175,11.7428,22.76529,22.83764,64.16746,3.56581,179.07591
MLM,11.58298,8.77091,85.75,1.70149,9.74,12.91384,19.04044,1243.7,26.24338,31.09018,9.92,1183.2,9.29631,30.19204,12.91173,13.08851,0.72141,5.56508,6.55797,11.88483,11.88037,37.9126,2.62837,61.06327
MTZ,-2.55077,3.78176,23.34252,1.78288,5.17,5.48637,19.30288,813.444,11.32428,58.58896,5.57,1112.944,4.12291,51.09586,5.46184,5.83001,1.59649,7.65557,11.54231,24.69748,24.75699,48.22097,2.05125,93.12839
MAS,-14.39589,6.19298,-0.85269,1.75129,2.2,10.1983,-12.36749,1240.0,18.48815,-7.173,2.28,2371.0,9.84978,27.11172,13.91084,9.75637,1.09561,13.31574,23.26069,181.90189,181.90189,101.91978,2.39758,181.90189
MA,10.62176,6.9221,5.85087,1.41986,7.94,48.08387,14.84948,10186.0,60.33288,41.78571,7.93,16883.0,39.75004,38.55607,48.08387,47.76882,0.91474,22.33067,44.55756,143.83417,141.42857,60.79189,0.91194,156.98834
MTDR,25.21848,6.71984,15.72022,0.69663,0.75,12.50236,-6.6833,587.842,59.76008,-68.87967,0.75,710.43,-43.62923,-67.98878,8.92342,8.88675,0.63672,3.91153,4.3787,4.98374,6.5606,45.96564,2.85002,85.06742
MTRN,18.54862,8.31034,29.92928,4.01819,2.45,4.27358,7.19262,124.009,10.46115,142.57426,3.23,262.69,4.9797,143.02023,4.27358,5.54898,2.28486,6.98037,9.40148,8.70011,8.70011,6.92701,0.36651,7.44256
MATV,-12.4613,8.44243,19.34492,2.71256,2.76,8.38874,0.05074,197.2,19.28041,-10.09772,3.1,290.0,12.43401,-9.20635,8.38874,9.2903,1.6415,5.92199,7.42796,14.84943,14.84943,48.58495,2.8641,94.49557
MATX,-7.95709,10.25652,18.78089,0.66316,1.91,3.7538,-5.94422,205.7,9.33684,-24.50593,1.86,325.1,-3.10131,-24.12844,3.7538,3.61345,0.56584,2.56596,3.71869,10.59577,10.59577,60.28491,5.94555,151.79347
MMS,54.33009,5.83358,19.50315,2.16733,3.72,8.33081,13.11876,408.956,14.16634,11.04478,3.8,671.184,2.62383,9.09305,8.3422,8.49006,2.02579,12.60618,17.24489,20.65688,20.6025,0.78603,0.02418,0.79226
MKC,-2.9338,10.47483,12.95786,0.71955,2.62,13.1765,4.1239,1126.1,21.05883,0.0,2.705,2145.3,11.53668,-24.71609,13.14097,13.41523,0.30556,5.93217,7.81075,21.24533,21.22641,55.57455,3.83998,125.09619
MCD,-8.90027,9.03466,-11.00134,0.98257,7.88,28.58824,3.93783,10278.1,48.76569,4.50928,7.91,11179.4,22.19,1.70653,28.58824,28.45146,0.86239,13.82856,17.31129,1037.5066,1037.5066,120.86708,4.62693,1037.5066
MCK,3.74301,14.88585,42.6,1.0223,0.17,0.11852,-2.42905,3816.0,1.78052,-43.33333,10.05,11552.0,1.42626,-49.25373,0.01586,0.9191,0.56416,3.1382,10.27379,0.36876,2.39668,43.96527,1.9903,91.64957
MDT,3.92517,5.00565,37.36188,2.59289,3.41,15.21746,3.02589,9908.0,32.42465,50.22026,4.2,21493.0,16.32441,49.19459,15.15528,18.50601,1.89684,5.00381,5.95684,9.18749,9.20482,33.52574,2.55591,50.43416
MRK,-4.14369,6.76439,10.20356,1.23686,3.81,20.87319,34.07938,17972.0,38.36892,64.22414,4.71,28061.0,23.11406,58.24759,21.01409,25.79238,0.80158,10.87054,17.2359,37.42016,36.97597,51.26427,1.52181,105.18826
MCY,-11.79908,5.40659,32.50663,11.42903,5.78,8.03629,3532.5522,429.404,10.78087,221.4475,5.87,706.609,10.58507,221.4475,8.03629,8.15739,11.42903,4.42802,11.91195,18.73395,18.73395,18.92788,0.9784,23.34696
MTH,0.0,55.29987,25.83824,8.82863,3.21,6.80848,15.73784,316.874,8.64137,15.05376,3.365,707.494,5.08055,9.82308,6.80848,6.99255,1.1244,5.53641,6.18136,13.51449,13.51449,34.7916,3.32376,53.35448
MET,0.0,1289.0022,72.26183,8.16782,6.06,8.47241,6.38298,8900.0,12.76095,23.42159,5.88,20484.0,-1.36195,15.14738,8.45808,7.90475,8.16782,0.71289,6.51971,9.92388,9.9028,22.70377,2.19079,29.37242
MTUS,-52.57038,10.0357,12.56359,3.57703,-2.46,-9.09993,-80.95823,15.5,1.28226,-3.5229332,-2.03,22.6,-1.30812,-3.5229332,-9.09993,-7.52349,0.93143,-3.0226,-4.6926,-20.03096,-20.03096,24.52754,11.80645,32.49867
MEI,8.63771,4.73291,18.64709,2.50691,2.43,9.15725,8.02872,165.5,16.54504,59.86842,2.66,271.4,2.56798,60.13986,9.15725,9.94675,1.75567,7.11259,9.12158,13.88194,13.88194,29.90854,1.77825,42.67073
MCB,0.0,35.382717,35.98232,1.03514,3.56,21.46159,35.1229,66.244,47.17931,16.33987,3.63,104.016,262.1309,17.92283,21.46159,21.13228,1.03514,1.45822,7.87416,10.69274,10.69262,43.70141,3.50512,77.62433
MTD,5.73789,5.46142,17.44166,1.47068,22.47,18.64985,6.44096,816.879,27.151,13.02817,22.71,1741.211,14.02271,9.46098,18.64985,18.54449,1.02588,16.83537,26.58139,111.01803,111.01803,76.63007,1.68904,134.96207
MAA,0.0,63.04758,53.11832,0.12047,3.07,22.02163,0.0,0.0,0.0,59.06736,3.05,973.161,42.99281,58.73153,21.25235,20.85853,0.12047,2.5161,2.615,5.79145,5.78025,41.58641,63.04758,71.19303
MTX,-2.866,4.69155,40.60501,2.30665,3.78,7.61586,-6.1306,329.2,18.38079,-20.42105,4.24,440.6,8.7856,-21.47929,7.40927,8.28587,1.55433,4.74418,6.10345,9.6292,9.6741,40.65525,2.98542,68.5069
MOD,2.29397,6.19544,10.53057,1.25082,1.65,3.88214,3.54721,198.5,8.97094,283.72092,1.44,365.5,2.20545,281.982,3.83242,3.28648,0.78747,4.88526,7.72083,16.5625,16.52559,45.38757,2.26549,83.10848
MC,-17.16166,15.00782,8.85163,1.25179,1.89,18.17627,-50.34984,117.158,15.69359,-32.01439,1.85,673.448,22.41809,-25.295,14.07773,12.39605,1.25179,7.06123,14.55986,24.81644,35.44816,33.41353,1.68683,50.18066
MHK,-3.89193,6.8357,113.35494,1.63293,10.3,7.46761,-11.70202,1507.68,15.12115,-10.20052,10.24,2764.345,8.99837,-13.63496,7.464,7.39305,0.62815,4.41432,5.37573,9.5696,9.56632,26.36658,1.93006,35.8079
MOH,-8.94737,13.24597,31.6129,1.82533,11.47,4.37935,-13.05344,1139.0,6.76808,8.10556,11.75,2435.0,1.61552,4.24328,4.37935,4.3428,1.77547,9.41468,19.79041,40.86499,40.86499,44.42869,1.37577,79.94898
TAP,-4.08967,14.67425,62.04068,0.5911,1.11,2.32716,3.35612,2328.2,22.00692,-78.4466,4.56,4201.2,10.48748,-78.35199,2.28463,9.33603,0.3636,3.18151,3.976,1.79524,1.7965,40.23185,3.95318,67.31319
MCO,10.24784,3.56897,3.26075,1.92416,7.42,29.59205,8.21407,2291.0,47.44254,10.08902,8.02,3442.0,30.36188,8.58277,29.44709,31.43893,1.75157,13.20663,19.61612,265.32327,191.36256,88.02918,2.6866,284.5472
MOGa,0.0,0.0,0.0,0.0,0.0,0.0,0.0,0.0,0.0,0.0,0.0,4201.1025,0.0,0.0,0.0,0.0,0.0,0.0,0.0,0.0,0.0,0.0,0.0,0.0
MS,0.0,2791.7954,45.81568,1.42627,5.19,17.16181,11.64202,24463.0,45.45083,9.72516,5.26,36690.0,-36.45444,3.36077,16.79951,15.80258,0.7636,1.5595,3.12156,12.49283,11.25756,81.36536,14.76041,2791.7954
MOS,-8.05809,13.21214,24.25125,1.43466,-2.78,-12.24751,-32.94826,1358.2,15.24988,105.13003,0.03,897.3,0.16182,105.13003,-11.98478,0.12928,0.58275,1.434,1.92854,-10.9014,-10.92313,33.9193,3.54027,51.33012
MSI,9.2034,5.83142,-4.10557,1.21489,4.95,11.04349,11.14736,2044.0,25.91606,-11.92171,6.87,3948.0,15.48276,-10.14493,11.00545,14.51175,0.70166,10.28627,22.64244,296.80627,296.80627,113.4847,2.81213,296.80627
MOV,1.11675,8.13249,21.57494,4.15454,2.61,9.06033,16.91454,89.539,13.17589,28.784208,2.8,369.958,12.10942,28.784208,9.06813,9.55779,2.43399,6.74232,9.05696,12.74553,12.68575,9.13093,0.56154,10.12373
MLI,-1.27059,8.94661,5.64951,2.96121,0.895,4.37058,12.08928,236.273,9.72071,-1.64835,0.905,395.006,6.21753,-3.33815,4.15417,4.15509,1.57109,8.82963,11.32849,16.94411,17.3384,38.4648,1.75175,62.50861
MWA,5.17346,5.7431,3.74757,3.17591,0.4,6.59091,18.63391,198.0,20.45455,-39.39394,0.61,320.9,0.56689,-39.58333,6.59091,9.94401,2.01961,6.89373,8.84837,11.06294,11.02757,42.97131,2.25404,75.35033
MUR,28.57388,7.42543,35.75022,1.03345,0.52,6.70447,3.05896,1686.933,59.89987,-78.05907,0.53,1987.657,-44.80746,179.67618,40.82485,3.08622,0.77795,2.58339,3.33163,1.65576,3.4323,37.0542,2.02556,58.86684
MUSA,24.56772,77.6471,26.36244,1.40753,4.86,1.2792,2.62263,422.6,3.49219,-25.0,5.27,581.7,0.41401,-27.52809,1.2792,1.37589,0.89743,6.64372,9.2212,19.22623,19.22623,59.16395,2.75296,144.88168
MYE,-14.61495,7.62765,4.66753,2.23954,0.68,4.69558,-7.00611,61.203,11.86799,17.83287,0.68,171.312,6.45569,17.83287,4.71846,4.67998,1.66957,6.76953,9.86826,15.0722,15.0722,33.32427,1.36116,49.9796
VYX,6.78967,4.93576,8.64526,1.23877,3.71,8.87925,6.02799,985.0,14.2444,157.6959,1.5,1921.0,9.14317,157.6959,8.15618,2.64859,0.79117,5.01552,8.40588,81.92128,44.26821,72.96616,4.11574,269.9068
NL,-1.95537,9.89275,6.24551,5.52483,0.53,22.56465,205.43933,8.76,7.0507,15.763358,0.64,38.963,-27.2456,15.763358,20.80117,25.1095,4.86229,0.57423,1.00412,8.7812,8.88912,0.15257,0.05708,0.15281
NNN,-3.4306,18.39731,23.21965,1.95896,1.56,44.47869,0.0,0.0,0.0,-5.45455,1.56,642.831,54.99366,2.3023,44.41515,38.14039,1.95896,3.32886,3.37587,7.96918,7.06099,40.90348,43.425392,69.21471
NPKI,-15.36688,3.73045,6.11385,3.71567,-0.14,-1.57855,-32.74428,76.231,9.29511,11.791225,0.04,140.276,5.30201,11.791225,-1.57855,0.4379,2.12302,2.00221,2.46835,-2.31525,-2.31525,26.01565,2.53078,35.16372
NRG,-1.6683,9.71895,6.65874,1.30903,15.59,41.95092,11.62944,1699.0,17.29966,946.3087,2.66,2518.0,10.37318,1555.9701,45.18888,7.09622,0.59771,7.15705,12.34085,332.87253,332.87253,79.34769,3.79459,332.87253
NUS,-5.45025,46.69913,15.74261,2.07469,3.1,7.17038,-12.95091,342.526,14.15153,43.51852,3.13,1838.996,4.13984,42.38844,7.17038,7.1794,1.10556,9.65172,12.83746,20.94589,20.94589,36.6788,1.48021,57.92498
NBR,-40.09916,5.03304,272.8145,1.90187,-105.5,-22.35992,6.81134,799.736,26.27786,96.02273,-83.5,1106.229,14.94203,96.02273,-23.09552,-19.29433,1.37924,-0.65307,-0.75765,-30.01391,-24.1708,57.72363,4.22651,164.86942
NBHC,0.0,29.586887,24.5989,0.92193,2.55,24.70086,4.43519,126.871,38.99488,30.76923,2.6,277.068,-32.47069,30.779,24.70086,24.91294,0.89699,1.20799,6.58226,10.9944,10.9944,27.72038,2.31831,38.35159
NFG,-4.20449,10.43997,24.78161,0.85256,3.51,17.9699,8.16184,787.469,46.50411,-22.51656,3.47,876.355,-19.84654,-22.28003,17.9699,17.6716,0.42118,5.11865,7.61926,14.92951,14.92951,50.57641,2.77969,102.33251
NGVC,0.0,14.815724,6.98509,1.38324,0.42,1.04208,2.83254,45.743,5.06241,-25.0,0.42,238.753,0.35262,-25.62989,1.04208,1.04231,0.13538,3.30457,5.03571,6.20225,6.20225,27.0605,1.27259,37.09992
NNI,-7.4301,0.08376,60.07178,46.94095,3.54,7.80323,0.0,1028.599,56.80636,-36.44524,3.86,928.158,104.58463,-37.78196,7.83134,8.42535,46.94095,2.35937,2.43104,6.04552,6.00501,89.58303,19.99102,102.10447
NJR,-32.54342,14.95655,17.24149,1.14613,1.89,6.53943,-12.81581,245.665,9.47765,-28.40909,1.9,279.602,-4.73856,-27.38695,6.53943,6.54155,0.31879,2.25933,3.20119,11.41181,11.41181,50.51549,6.44799,102.08343
NYT,-4.07347,8.31533,7.05282,1.63774,0.83,7.72361,-5.2362,242.185,13.36426,10.66667,0.87,793.025,7.70708,11.36342,7.72361,7.97141,1.47625,5.29378,8.95752,12.65067,12.62944,5.09269,0.26009,5.36596
NEU,4.72409,7.73404,61.05085,2.84692,22.73,11.60967,11.68866,405.527,18.51472,11.75025,22.73,629.869,11.3498,8.32943,11.60967,11.58763,1.55465,11.77006,15.84017,43.35634,43.35634,51.24229,1.77031,105.09576
NEM,46.85039,31.06858,26.5099,2.62977,3.91,30.34908,69.85624,3781.0,38.8193,637.73584,1.55,4377.0,7.95431,722.5806,28.79877,11.69661,1.19707,3.17397,4.27116,18.02519,17.42462,23.5593,1.82729,30.88511
NEE,-0.86881,8.37871,18.91871,0.53476,1.94,17.64216,19.5964,9838.0,51.22891,-44.09222,2.1325,11201.0,10.43598,-43.22085,19.62612,21.40939,0.27561,3.17422,4.39156,10.59467,8.4989,50.43586,4.32842,102.95696
NI,-19.04582,5.43897,13.36357,0.49493,0.87,7.35472,15.05563,1789.0,34.34506,201.19498,1.26,2319.4,-8.96638,201.19498,7.35472,9.06255,0.26838,3.01256,4.38063,7.6792,6.52774,61.8543,5.42627,162.15277
NIC,0.0,26.099014,48.75916,0.93265,5.52,29.79491,13.80377,91.62,49.64374,33.98058,5.21,168.245,-1.55157,33.15382,29.60689,26.99359,0.9314,1.71604,10.87401,12.10383,12.16089,12.1575,0.78097,13.84011
NKE,22.12693,10.06873,5.76531,2.10081,2.49,10.29987,5.48921,5477.0,14.00159,112.82051,2.55,17474.0,7.64789,108.43249,10.29987,10.29791,1.1359,12.89646,22.81856,42.74348,42.74348,27.78976,0.6352,38.48451
NINE,-37.40333,6.61923,12.75943,4.39299,-7.43,-26.14255,-21.37369,98.654,11.84411,10.852945,-4.78,162.958,7.31822,10.852945,-26.14255,-16.81907,3.1126,1.86634,2.05643,-44.22687,-44.22687,50.34249,4.00648,101.37941
NOAH,-14.09459,2.10802,16.35169,4.47242,1.93,25.46606,-3.81434,133.725,27.45222,-0.51546,1.95,255.79025,24.72099,0.95119,24.44577,24.48314,4.42943,5.76083,7.04611,12.83177,12.22868,4.53894,0.40213,4.75476
NE,-2.68251,5.106,14.68287,0.81657,-2.79,-76.45884,-5.89774,322.384,28.31457,37.743664,-2.95,547.715,-1.65179,37.743664,-61.53191,-64.50136,0.74604,-0.83932,-0.9168,-17.61265,-20.94281,51.4361,12.02098,105.91426
NAT,1.42561,8.4723,4.0453,2.19171,-0.07,-3.26335,210.81448,95.936,30.24273,26.680864,-0.07,109.417,20.64849,26.680864,-3.26335,-3.14607,1.69699,1.90121,1.96496,-1.729,-1.729,40.17397,4.16773,67.15131
JWN,0.0,345.57614,5.53934,0.99793,3.32,3.55612,-1.6791,1581.0,9.96847,28.18533,3.92,5705.0,3.95255,29.06179,3.55612,4.13503,0.32683,7.10112,15.625,60.97297,60.97297,75.46374,1.69829,345.57614
NSC,-7.83784,15.88748,58.87439,0.90478,10.25,24.09703,2.24764,5095.0,45.10446,7.78128,10.56,5190.0,9.33627,2.10053,24.09703,24.61164,0.65217,6.66952,8.99564,17.8223,17.8223,46.15221,2.55427,85.70864
NOC,2.87303,5.15319,52.54159,1.13261,13.22,6.64283,8.20135,4987.0,14.73656,-28.50189,13.28,7259.0,6.49397,-30.38092,6.64283,6.64373,0.94393,6.30064,10.54419,26.43773,26.43773,63.65847,3.09765,175.16725
NWN,-0.94007,6.05635,28.4195,0.6091,2.19,8.75046,8.12266,234.97,31.48162,-6.00858,2.19,313.27,-9.80448,-4.3891,8.27135,8.73979,0.27439,2.68834,4.96025,8.02035,8.02035,54.39963,4.39676,119.29644
NCLH,35.94635,99.14813,30.5778,0.2037,4.3,14.39452,2.84576,1830.779,28.32981,1.17647,4.41,2799.115,-1.26536,-2.57791,14.39452,14.66707,0.0915,4.73561,5.80432,14.9092,14.9092,51.96291,3.84976,108.17246
NOV,-6.30158,3.28389,20.15616,2.72052,-15.96,-71.85989,-91.67592,75.0,0.88454,30.105675,-3.67,845.0,9.32009,30.105675,-71.88348,-16.53426,1.63284,-1.73775,-2.103,-56.44302,-56.06625,26.14139,37.02667,35.39383
NUE,-13.78793,9.68301,34.31893,3.33893,4.14,6.06897,-35.00621,2668.79,11.81463,-44.20485,4.14,2700.36,4.02787,-46.15551,5.6273,5.59066,1.71913,6.66663,8.12394,12.61684,13.06055,29.31564,1.67699,41.47401
OI,13.11475,11.45812,2.99601,1.24712,-2.56,-5.65419,-2.52613,1119.0,16.69402,112.16899,1.98,1208.0,0.41959,112.16899,-5.96748,4.58593,0.58747,4.36972,6.71401,-63.36792,-51.77596,91.08441,5.14924,112.16899
OFG,0.0,32.09208,18.55052,0.96271,0.92,11.83397,-15.49552,194.591,42.77007,-39.47368,1.19,308.186,144.13026,-36.2149,11.83397,13.42696,0.94974,1.45542,7.8055,5.78514,5.26471,24.83329,1.77501,33.03762
OGE,-7.92246,9.79201,20.68716,0.6539,2.16,19.43001,5.92949,859.3,38.50601,1.88679,2.17,952.9,-3.86718,1.90364,19.43001,19.45765,0.33212,2.89523,4.30452,10.64755,10.64755,44.75142,3.90201,81.00012
OGS,0.0,56.57049,40.35075,0.58002,3.51,11.29943,6.05063,475.653,28.77984,8.0,3.53,535.63,-6.12117,8.42749,11.29943,11.29763,0.31838,3.30209,4.85999,8.95239,8.95239,46.31502,3.86219,86.27184
OKE,1.97361,12.29006,15.06622,0.72778,3.07,12.57901,5.74542,2393.463,23.54759,10.43166,3.09,3376.327,-23.47102,11.01621,12.57901,12.57236,0.42374,5.98385,6.85881,19.96919,19.96919,67.18866,5.32661,204.77264
OUT,9.47527,6.4235,7.80398,0.67046,0.99381,7.88913,8.57826,454.4,25.49658,29.33333,1.15774,823.6,16.19277,29.84245,7.86107,9.03518,0.53985,4.14722,4.51975,12.75608,12.3784,77.45802,8.51783,67.78568
OXY,30.24729,3.62027,27.36794,1.24965,-1.2,-2.48615,14.56693,9894.0,48.51665,1032.986,1.68,12524.0,2.10182,1032.986,-3.27073,6.66876,0.67135,3.19306,4.61918,-2.84716,-1.82499,53.89195,4.04397,116.88187
OII,2.80953,3.23116,10.80901,2.07076,-3.52,-17.01284,-10.83061,132.067,6.44819,12.705908,-3.32,98.244,6.11327,12.705908,-17.01284,-16.02776,1.70808,-2.61979,-3.42704,-28.11641,-27.97953,47.61197,7.40054,90.88328
OIS,-19.0397,4.05588,20.23053,2.64066,-3.9,-22.78538,-27.69587,95.333,9.37068,11.95917,-1.07,214.765,9.49783,11.95917,-22.78538,-6.24517,1.32178,-0.93744,-1.06403,-17.40473,-17.40473,19.27532,3.06564,23.87785
ODC,5.52646,8.02262,8.9067,2.73802,0.835,4.55374,-13.43251,23.742,8.57035,50.45045,0.845,65.66,1.52342,53.04612,4.5523,4.38018,1.75799,3.25449,4.60291,9.43009,9.43421,4.33015,0.2584,4.52614
ORI,6.15181,1.40421,19.75973,12.46095,3.51,14.64436,173.51842,1389.2,19.2578,183.06451,3.52,4887.8,9.58038,185.1282,14.64436,14.6332,12.46095,4.21499,12.7664,18.95517,18.95517,16.80509,0.87245,20.19966
OLN,-6.30656,8.78315,15.32974,1.58381,-0.07,-0.18494,-30.85444,805.2,13.1784,77.32588,0.22,666.0,4.28785,77.32588,-0.18494,0.58439,0.91961,1.71224,2.55152,-0.4305,-0.4305,60.63345,4.62432,154.02275
OHI,-0.85233,0.7935,18.24741,164.31937,1.58,37.41597,0.0,0.0,0.0,12.85714,1.61,905.98,52.57092,21.14689,36.26526,36.52651,164.31937,3.47358,3.58896,9.00076,8.68889,54.30723,71.76923,118.85302
OMC,2.12494,1.93012,13.14556,0.91263,6.06,9.60231,-0.62065,2353.8,15.74059,3.94511,6.07,2706.5,9.90181,0.95748,8.95497,8.92211,0.75955,5.1612,14.11134,49.58711,41.42696,65.66338,2.90938,202.98485
OMF,13.51297,0.30338,31.81461,256.14468,6.27,17.87207,29.01135,2388.0,49.91639,90.57751,6.63,2500.0,-24.96081,91.27517,17.87207,18.85767,256.14468,6.16741,6.50264,21.0358,21.0358,80.06262,7.28141,256.14468
ONIT,0.0,64.498795,45.82584,5.88359,-15.9,-12.36059,-35.82038,281.952,24.52132,64.498795,-16.2,1014.368,-55.20553,64.498795,-12.36059,-12.62798,5.65422,1.57851,1.72334,-29.40367,-29.40367,95.64656,32.10481,64.498795
ONTO,92.6286,3.25681,25.18783,7.48357,0.06,0.6244,-13.50982,50.576,16.53372,-96.55343,1.11,150.398,-22.29524,-95.76459,0.6244,10.78772,5.17701,2.28796,2.5871,0.23495,0.23495,1.93002,0.49185,1.968
OPY,8.5806,1.08773,46.31364,1.31461,3.82,5.12426,30.69099,128.234,12.40919,86.34146,4.22,884.142,25.26943,83.27911,5.12426,5.26959,0.77976,3.20397,5.66236,9.30597,9.30597,55.54184,5.77453,124.93058
ORCL,-2.74673,7.58782,6.48556,2.48986,2.97,28.43872,-1.03214,16876.0,42.71756,230.0,3.03,31511.0,25.08448,189.75163,28.05397,27.87177,2.34767,7.09275,9.41143,32.83317,32.76131,71.52299,3.32822,251.1604
ORA,12.31565,5.10804,27.28523,1.10409,1.72,12.53854,1.63704,346.749,46.47836,-10.41667,1.5,269.323,-0.83725,-10.07595,11.80829,10.22735,0.87571,3.8309,4.42586,6.49607,6.28151,45.42452,3.65974,83.74051
OSK,8.60828,5.45561,38.23966,1.95666,8.21,6.91243,20.64687,913.9,10.90313,30.52464,8.44,1517.4,4.11104,22.78025,6.91243,7.03031,1.19502,9.21113,14.81971,22.66247,22.66247,23.95577,0.89616,31.50242
OVV,56.9863,7.17058,38.22171,0.7685,0.9,3.47904,-6.6044,2800.0,41.6295,-83.78378,1.65,3426.0,5.8653,-78.11038,3.47904,6.40767,0.67105,2.53862,3.10538,2.69322,2.69322,45.34647,2.9425,82.9708
OMI,-32.97964,10.95612,7.35411,1.69987,-0.37,-0.24519,-9.94686,202.172,2.19491,66.32402,0.01,1128.491,0.87853,66.32402,-0.67714,0.00658,0.52377,1.77679,3.01559,-4.60629,-4.60629,78.70704,8.44974,66.32402
OC,-3.02267,9.15601,42.48624,1.55079,3.68,5.65643,-0.387,1287.0,17.97486,-24.74438,4.58,1624.0,7.36732,-25.68807,5.65643,6.98514,0.71407,5.30288,6.72319,9.08683,9.005,40.78347,2.49961,68.87176
PBF,16.26175,31.55819,25.37123,1.52387,2.64,1.53092,50.38347,796.3,3.24912,140.0,2.45,1088.2,1.16118,148.91869,1.30324,1.19848,0.65754,4.50976,6.92375,11.17552,10.98043,40.04682,3.00766,66.79682
PCG,21.96483,4.30756,9.70454,1.33207,-14.5,-44.6144,6.47971,6113.0,35.68801,477.38202,3.55,4575.0,-90.73355,477.38202,-44.6144,10.94285,1.12135,2.21884,8.45353,-85.92793,-83.56022,29.7889,0.37396,42.42762
PJT,4.47632,3.22329,1.36023,2.96343,1.21,8.88845,77.75198,97.225,13.5479,4.31035,1.25,681.259,28.78671,8.80383,4.11934,4.18159,2.96343,6.36536,7.9724,45.071735,12.00961,26.26192,2.10455,35.61513
PNC,0.0,1128.8477,104.66744,0.85053,11.39,25.05549,0.33219,9363.0,43.29911,6.34921,11.43,16066.0,62.28727,1.28278,24.82889,23.6275,0.8467,1.26922,4.63605,12.05663,11.15814,55.86731,6.67126,126.58939
PPG,-1.03792,6.08106,22.42023,1.41029,5.22,8.37403,4.05234,2465.0,16.26633,-3.33333,6.03,6527.0,8.86895,-7.30798,8.20246,9.4266,0.92206,7.24283,11.63372,25.07565,25.04193,51.96052,2.37079,108.16213
PPL,2.761,6.61192,16.93228,0.56469,2.37,22.47394,2.14701,4044.0,52.05303,-8.13954,2.41,2661.0,-10.35043,-4.4335,22.47394,22.59897,0.43143,3.99238,5.09309,14.16748,14.16748,64.05269,5.72404,178.1849
PRG,6.11253,39.02427,26.03884,0.64515,0.46,0.79723,13.21924,2391.35,60.57645,-83.45324,3.51,718.152,60.15928,-83.96004,0.79723,5.98584,0.48366,6.40729,8.46972,1.79945,1.79945,29.02412,0.29708,40.89292
PVH,18.11693,13.44677,77.2887,1.71002,9.65,7.71063,9.38133,1242.9,12.87072,41.08187,9.32,5308.3,2.98158,38.78765,7.72927,7.38319,0.66308,4.82223,6.62783,13.13599,13.10177,32.70363,2.2787,48.5981
PKG,-6.24238,7.97059,32.44414,3.42415,7.34,9.99957,-3.95157,1475.4,21.18519,-5.89744,7.68,1644.0,9.65854,-5.63686,9.99957,10.34395,2.26513,9.83938,12.37068,24.25044,24.25044,47.10189,1.8534,89.04266
PARR,42.64741,27.76729,12.17264,0.99792,0.8,0.75551,71.8693,230.915,4.275,-5.88235,1.41,597.927,1.94277,3.50521,0.75551,1.31438,0.35526,4.58643,7.34006,7.03257,7.03257,61.62187,4.5075,160.56503
PGRE,14.33432,2.68509,16.64555,4.86239,-0.16,-3.84647,0.0,0.0,0.0,31.438908,-0.08,474.003,25.90609,31.438908,-4.79448,-2.40679,4.86239,0.95681,0.98937,-0.94777,-0.62174,45.23405,31.438908,82.59522
PKE,-52.67686,3.51144,7.76194,15.05451,0.31,12.33665,-16.94352,9.0,17.60701,-69.60784,0.31,16.184,39.9777,451.32315,222.132,12.30394,14.43084,2.52044,3.06519,4.28583,4.28583,0.0,0.0,0.0
PK,17.64706,16.78078,27.13598,2.99078,1.44,11.30995,0.0,0.0,0.0,-37.66234,1.3,902.0,16.43253,-35.16949,10.95204,9.86399,2.6083,2.47543,2.67446,5.04617,5.25048,39.03799,46.354374,64.03658
PH,0.38513,6.66171,46.40387,2.43453,11.48,10.56492,4.9519,2548.716,17.79789,46.61558,12.01,3646.004,10.35923,42.56812,10.56096,10.90252,1.8514,8.04743,11.07745,25.58594,25.56999,54.35796,2.78879,119.09625
BTU,-18.06078,14.71015,26.9742,1.65477,-2.07,-4.07276,-49.62623,680.6,14.72077,82.77337,-2.66,1086.8,5.83878,82.77337,-4.57023,-5.96622,1.09669,0.18974,0.29828,-7.13882,-6.14948,34.26716,2.04702,52.13096
PEB,-17.15946,29.44251,27.75035,0.35152,0.63,7.17802,0.0,0.0,0.0,66.89249,0.67,513.032,15.08715,761.95776,7.16047,5.42213,0.35152,2.14977,2.29316,3.12824,3.12691,40.62936,66.89249,68.43342
PFSI,-2.98375,1.08506,26.25622,1.39972,4.89,23.26086,77.90491,756.441,44.77617,88.80309,5.02,2173.791,-118.40634,348.10934,23.26086,23.23891,0.37362,5.24119,6.85208,21.15389,21.15389,74.57036,7.99164,293.24185
PAG,3.35809,24.53626,34.45027,0.97855,5.28,1.8758,-0.81967,762.3,3.2887,-4.34783,5.28,3455.5,-0.02545,-7.47346,1.88012,1.87914,0.18133,3.28357,4.03643,16.12217,15.9668,75.70048,11.49023,191.9444
PNR,3.65923,5.53472,11.61011,1.41776,2.12,12.23117,-2.56989,561.1,18.97403,17.12707,2.29,1051.5,7.49949,2.38918,12.02827,13.11802,0.83632,7.56827,10.57493,19.08707,19.08707,36.21168,1.97683,56.76851
PFGC,0.0,138.29547,12.50674,1.57159,1.59,0.85325,10.69848,450.1,2.30244,-16.31579,1.7,2513.0,-0.036,-16.05435,0.85325,0.90266,0.73089,4.26228,6.7864,13.70865,13.70865,54.53208,3.45923,119.9353
PR,3.1007,9.42591,11.81287,0.47208,0.06,1.73816,-7.77914,572.058,60.57819,-92.0,0.06,662.32,-46.08171,-92.09701,1.67293,1.70089,0.44067,1.12549,1.2169,0.49693,0.50392,24.64996,1.8704,32.71394
PRGO,15.55616,4.08547,42.64364,2.06386,1.07,3.02022,-3.10989,881.7,18.22673,12.63158,1.98,1433.7,9.03559,11.52672,3.02022,5.56663,1.22054,2.72159,3.32922,2.54712,2.54703,37.63726,3.97289,60.35217
PFE,8.72274,6.1791,11.40694,0.87934,2.87,31.49372,-7.15464,20257.0,39.14396,54.30108,2.19,33058.0,35.44469,45.90693,31.44541,23.56736,0.4974,5.44758,8.00681,25.71889,25.62478,45.73562,2.63983,84.28295
PM,4.40678,9.88557,-7.44073,1.08926,4.61,25.92854,1.32622,12530.0,42.03993,-9.25197,5.12,19292.0,26.94598,-9.1771,24.10669,26.7123,0.56189,17.48694,33.44398,1531.6931,1531.6931,143.22122,2.53855,1531.6931
PSX,36.23938,16.77764,56.48193,1.23605,6.77,3.14746,-29.76027,4600.0,4.28733,-42.62712,8.06,11764.0,-1.36717,-45.02234,2.86692,3.39071,0.86931,3.57895,5.15247,12.41249,12.43327,32.40365,2.8313,47.93699
PDM,-8.10028,3.21525,14.44749,1.2058,1.82,42.85888,0.0,0.0,0.0,82.0,1.84,321.798,45.32561,75.95398,42.85981,43.24185,1.2058,1.70862,1.81351,12.99807,12.98491,44.88589,35.89152,81.44174
PNW,-3.63303,8.8168,48.2999,0.4956,4.77,16.0697,-6.86941,1262.889,36.38182,5.06608,4.51,1487.356,-7.96912,5.33669,15.50814,14.60926,0.19087,2.32393,3.83043,10.10592,10.23332,51.13784,4.602,104.65733
PIPR,15.39407,2.95457,53.31217,2.23208,6.05,11.15469,38.45369,158.805,18.76465,62.63441,6.96,731.613,4.22295,95.86051,13.19995,11.14769,1.03518,6.10069,8.12913,12.48489,12.28438,36.69822,2.94432,57.97344
PBI,-27.70083,2.94901,1.67848,1.42454,0.23,1.25265,-33.75552,386.881,12.0707,-78.30189,0.67,1282.576,5.39452,-12.99086,6.07181,3.68436,1.30181,2.48845,4.21397,15.28988,15.27833,91.19812,7.66204,73.45943
PLNT,9.56879,16.8725,-8.99657,3.71285,1.41,19.65918,26.83825,279.275,40.54497,41.0,1.44,358.091,15.1929,33.71241,17.08689,17.34703,3.65166,9.56363,15.00878,50.872715,50.872715,160.63383,6.71386,50.872715
PII,-3.37525,35.00546,18.04206,1.06477,5.2,4.77528,1.05547,660.064,9.73184,-0.76336,5.66,1729.7,4.72785,-3.36965,4.7764,5.12691,0.24865,6.21755,9.22774,32.80584,32.45897,61.68898,2.73661,161.02148
POR,-12.45675,7.83395,28.98632,0.96339,2.39,10.08008,6.12813,762.0,35.89261,0.84388,2.38,1186.0,0.44748,0.9434,10.08008,10.01696,0.54528,2.67359,4.23343,8.3971,8.3971,51.9295,3.67323,108.02779
POST,-0.99878,13.90892,40.58114,2.64828,1.66,2.21788,0.0,1140.0,20.06654,-73.05195,1.75,1799.5,6.77136,-73.31479,2.195,2.18092,1.86773,3.8371,4.71989,4.17315,4.20154,70.67626,6.21009,241.02068
PRI,0.74025,0.48422,40.10219,12.87609,8.62,17.85093,14.63165,524.222,25.54061,17.59891,8.65,1327.406,23.81176,13.05084,17.85093,17.77661,12.76492,2.40608,10.41963,23.53183,23.53183,49.37964,3.07501,97.54897
PRIM,5.34087,6.55377,12.91487,1.36134,1.61,2.70728,1.47726,226.275,7.28432,7.33333,1.69,330.926,0.9774,6.28187,2.6503,2.76291,0.90475,5.14201,7.99978,13.35695,13.60228,48.65557,2.63645,94.76308
PRA,5.85934,1.5906,28.10665,19.92294,0.02,0.55283,-59.85575,10.631,1.05268,-97.72727,0.02,-6.53,-6.50222,-97.86642,0.09942,0.10643,19.92294,0.04692,0.12157,0.06616,0.36792,16.91804,28.95983,20.36308
PG,5.65514,14.0467,18.92883,0.74883,1.43,5.85958,-1.27732,17390.0,25.69293,-61.03542,4.75,32916.0,15.60432,-60.03077,5.75764,17.57003,0.50775,7.80082,11.25031,7.79852,7.89552,38.7429,1.73042,63.24639
PGR,18.41579,3.88435,22.54413,3.43788,6.72,10.20573,57.26679,5656.1,14.50368,52.0362,7.03,5528.9,5.87006,51.8105,10.18086,10.52399,3.43788,6.5906,19.6989,33.77944,31.92287,24.90139,0.8148,33.70535
PLD,-19.88595,36.84408,35.74594,1.10276,2.46,47.87174,0.0,0.0,0.0,-14.28571,2.51,2611.872,50.09992,-4.63222,44.24624,44.52181,1.0188,1.93809,2.01808,7.02005,6.56163,32.19178,127.68234,47.47474
PB,0.0,69.18855,63.01939,0.7475,4.52,34.74148,13.31502,565.417,59.06872,-1.95228,5.02,815.75,-123.58338,3.33735,34.74148,38.55863,0.7441,1.24175,5.16244,6.63534,6.63534,23.76032,3.29107,31.16529
PFS,0.0,40.548393,21.49085,0.93601,1.74,25.87694,3.42692,205.923,47.30991,-4.3956,1.74,348.667,76.56089,-4.86033,25.87694,25.82593,0.93567,1.25118,4.54035,8.12408,8.12408,45.23823,5.67183,82.60914
PRU,0.0,1131.6798,158.24959,1.92731,10.11,6.53559,11.99813,7169.0,11.05559,6.42105,10.27,18501.0,15.82736,2.74914,6.45539,6.41113,1.92731,0.48996,4.77544,7.49293,7.51752,33.52009,4.48152,50.42138
PEG,-7.34328,6.24481,29.93849,0.64018,3.33,16.8023,-5.81498,3207.0,31.82811,17.66785,3.38,3593.0,-6.75119,17.73296,16.8023,16.90671,0.33882,2.63148,3.98346,11.49121,11.49121,52.27718,5.15404,109.54338
PSA,0.0,129.97081,28.65463,215.16328,7.29,51.8082,0.0,0.0,0.0,-14.637,7.3,2111.503,50.41891,-11.13346,51.63444,43.20472,215.16328,8.76437,9.07139,30.13229,16.74295,17.32349,129.97081,20.95334
PHM,0.0,176.41066,20.1979,7.11078,3.66,9.955,1.6178,1402.352,13.73111,3.09859,3.76,2411.374,4.91691,-0.52083,9.955,10.1058,1.05341,8.06872,10.01126,19.78793,19.78793,36.8354,2.26977,58.31653
QGEN,8.95507,4.0752,11.81003,1.65056,-0.19087,-2.71583,0.0,566.933,37.14125,85.02871,1.1028,1076.773,31.55074,85.02871,-2.71583,15.45259,1.31001,4.07837,4.91699,-1.60319,-1.60319,41.02752,3.11275,69.57062
QUAD,-13.7318,7.96791,4.29981,1.11987,-1.11,-1.41969,-15.69371,333.6,8.50283,53.304863,0.76,731.2,3.25515,53.304863,-3.98379,0.96855,0.65749,3.17476,5.42737,-16.64923,-15.81263,83.23382,3.63549,53.304863
KWR,86.00171,3.92134,69.96121,1.98918,2.08,2.81287,33.12446,165.282,14.58152,-53.25843,5.83,404.431,-1.40914,-46.82965,2.78976,7.78034,1.38875,4.22709,5.61809,3.77393,3.79858,43.67182,5.82773,77.53102
NX,-1.37839,10.77858,9.999,1.73411,-1.42,-5.228,13.95604,102.663,11.4856,18.92022,1.01,199.421,7.26105,18.92022,-5.228,3.72433,1.03699,4.78358,6.07536,-12.9028,-12.9028,32.24807,1.53083,47.59727
PWR,14.24297,3.87242,28.45105,1.69284,2.73,3.34526,14.56688,966.335,7.94621,43.68421,3.38,1600.252,3.26078,37.05454,3.30602,4.04985,1.55467,5.56659,8.22981,10.50484,10.6228,29.00336,1.71375,40.85173
DGX,5.03953,7.44675,42.41353,1.25126,6.13,11.46777,1.04371,1549.0,20.04919,15.87902,6.13,2689.0,7.92131,16.57609,11.10536,10.63189,1.13367,6.3952,7.50197,15.43705,15.9539,48.03895,3.43964,93.68736
REVG,-5.02061,9.23789,8.11675,1.85573,-0.2,-0.54499,-32.61044,83.9,3.49045,20.265657,0.11,251.8,3.18519,20.265657,-0.51171,0.28734,0.58899,1.73309,2.59553,-2.3736,-2.52506,42.94104,4.53159,75.25732
REX,-11.88725,40.07007,20.8798,14.73461,1.63667,7.70747,-21.72117,34.492,7.08733,-18.43854,1.65333,30.215,3.44463,-20.30172,6.50234,6.56345,13.10248,1.27124,1.37711,8.17247,8.55224,0.0,0.0,0.0
RH,28.05297,70.08728,-1.1213,0.74354,5.68,6.00063,77.54198,372.041,14.82007,8014.2856,8.63,987.118,4.30081,6810.046,6.00063,7.43028,0.10988,10.5151,16.19975,787.79224,787.79224,101.98635,3.16888,787.79224
RLJ,-23.70335,34.24663,16.69335,3.81136,0.59,8.22374,0.0,0.0,0.0,-36.55914,0.59,490.151,18.84504,-32.23072,8.12604,6.42365,3.81136,2.37417,2.50373,4.33492,3.84861,41.79537,27.203629,71.80763
RPM,12.58374,4.7002,10.73287,1.63576,2.01,4.81058,4.67514,717.121,12.88731,-19.6,2.81,2100.42,2.97808,-21.08299,4.79029,6.59265,0.96514,6.77242,9.37126,17.55562,17.59858,64.19875,3.52229,179.31982
RTX,-0.27595,4.3449,48.32906,1.08417,6.41,7.72006,28.11475,12504.0,16.22927,-1.38462,8.43,10932.0,9.38839,5.08635,7.18662,9.35281,0.72532,4.35609,6.74465,13.80454,13.98789,51.10851,3.70569,104.75911
RDN,10.09728,12.86675,20.12648,7.33466,3.2,44.02939,23.41396,970.009,63.52571,15.52347,3.35,1261.286,28.71439,10.94007,44.02939,45.80289,6.39635,8.95957,12.0817,17.83919,17.83919,21.07999,1.11487,26.71057
RL,-5.52919,15.40696,42.08963,2.99542,5.27,6.8256,4.99524,992.1,15.71519,167.5127,7.0,3893.2,7.35189,164.68059,6.8256,8.93711,2.1719,7.49725,10.6344,12.77763,12.77763,21.94149,0.93136,28.10903
RRC,-44.38818,7.40281,9.40383,0.75511,-6.92,-60.72211,24.027897,-200.895,-7.10761,24.027897,-6.9,867.502,-12.1424,24.027897,-60.72211,-60.53445,0.48266,-15.20383,-18.39994,-53.57636,-53.57636,58.00069,24.027897,138.09915
RNGR,-11.95876,7.38816,12.96127,1.06534,0.21,1.30603,23.2376,47.2,14.01009,10.821396,0.21,73.9,5.40962,10.821396,0.53428,0.53818,0.90018,2.60067,2.95745,1.6752,2.22785,22.10284,1.22034,28.37438
RJF,3.07245,0.33807,31.82871,1.25074,4.78,12.68852,7.28967,1656.0,20.64066,24.69565,5.04,7226.0,10.74826,20.6964,12.88795,13.2863,1.10257,2.53138,10.23569,15.96978,15.54751,30.31575,1.74517,43.50444
RYN,3.73217,26.71106,11.13408,0.83325,0.46,9.51127,-23.40017,239.795,33.70009,-41.77215,0.46,153.206,-3.28864,-42.17637,8.30644,8.35608,0.63407,2.47179,2.62104,3.94447,4.24022,42.90852,4.81934,75.15748
O,81.9844,7.29648,29.29826,0.63875,1.38,29.32962,0.0,0.0,0.0,9.52381,1.38,1399.578,51.9058,20.03993,29.26285,29.22082,0.61767,2.59637,2.70473,4.88694,4.88117,45.02527,79.71533,81.90176
RWT,64.41418,0.04889,15.97886,7.04772,1.46,27.12631,0.0,505.014,80.97248,8.95522,1.65,317.238,58.12414,41.45736,27.12631,26.75219,7.04772,2.07262,2.11235,10.65376,10.65376,89.64071,31.30871,58.12414
RRX,-16.3979,6.391,57.625,2.86833,5.66,7.49228,-12.05806,472.6,14.59543,7.60456,5.44,871.4,11.77849,3.33045,7.37801,7.05621,1.41445,4.66757,5.84051,10.2497,10.28206,33.70283,2.56052,50.83599
RM,19.29469,0.36981,27.49324,12.48319,3.8,12.57531,23.72373,105.618,29.69192,29.69283,3.92,242.375,-33.06665,26.55821,12.57531,12.56404,12.44644,5.85822,6.01335,15.3733,15.3733,73.20182,7.83087,273.15967
RF,0.0,379.4555,15.65428,0.8578,1.5,23.41969,-0.20562,2912.0,43.10881,10.29412,1.54,5473.0,73.8268,-10.06254,23.41969,22.68394,0.85099,1.44486,6.51722,10.81525,10.08125,39.05677,3.5862,64.08714
RGA,10.23777,1.27719,185.15385,2.3337,13.62,6.13497,18.15017,1276.7,9.00289,23.81818,13.88,2202.0,-2.26564,21.5352,6.13497,6.13535,2.3337,1.0751,5.60416,8.67763,8.67763,23.57708,2.80332,30.85079
RS,-14.04653,9.50071,77.88016,4.45757,10.34,6.43442,4.56741,1234.0,11.24497,18.17143,10.49,3329.4,7.36368,10.69907,6.3925,6.39363,1.89442,7.84109,9.13302,14.20299,14.27387,25.56177,1.45097,34.33958
RNR,31.29601,0.86798,120.53472,3.63948,16.29,22.72459,0.0,0.0,0.0,231.7719,17.23,1345.639,2.60802,229.33887,17.90668,17.7666,3.63948,2.93094,7.08754,15.413,11.7757,13.83622,92.89627,24.31733
RNST,0.0,48.953075,37.3879,0.96977,2.88,24.08563,4.41914,289.524,41.6082,3.22581,2.9,589.861,-37.10792,14.07297,24.08563,24.19202,0.93928,1.37421,6.26673,8.03895,8.03895,30.97922,3.29538,44.88389
RSG,2.10393,9.24293,25.46487,0.52405,3.33,10.42585,2.53584,2874.9,27.91328,5.37975,3.35,4001.0,7.88614,3.51046,10.421,10.44279,0.47305,4.9875,6.6271,13.37837,13.38035,52.43537,3.11402,110.24024
RMD,11.29608,5.10093,14.42479,2.06004,2.8,15.522,15.55329,786.495,30.17354,27.85388,3.2,1536.585,16.56839,28.20259,15.522,17.56925,1.23284,11.08016,13.98131,19.58727,19.58727,38.01482,1.61584,61.32889
QSR,16.78832,12.57688,8.34783,1.28949,2.37,19.82866,1.24081,2203.0,39.31822,-2.06612,2.7,2392.0,21.81644,5.06536,11.476,12.91451,1.20963,5.94986,7.57564,31.35821,28.20871,75.83135,6.06582,213.25505
RVTY,14.62297,4.2474,25.31783,1.80168,2.04,7.89802,13.6478,642.634,22.28526,-4.22535,2.75,1417.645,8.54853,-4.35806,7.89126,10.56896,1.2022,4.28127,5.61168,8.4372,8.4372,44.50939,3.51209,80.21067
RHI,4.82739,7.46592,9.9347,1.73154,3.9,7.48108,5.02871,686.015,11.29348,9.2437,3.93,2525.129,5.50206,4.63863,7.48108,7.48264,1.17283,18.40044,31.25247,41.18328,41.18328,19.31741,0.39916,23.94247
ROK,-0.9579,5.65248,3.49352,1.54156,5.83,10.39314,5.28585,1513.8,22.61158,38.47981,5.88,2900.1,11.88721,29.93464,10.39314,10.39021,1.15484,13.75354,28.10993,68.83316,68.83316,84.81079,1.49088,210.50877
ROG,-12.7289,5.7842,50.27184,4.6306,2.53,5.26785,-1.34906,164.387,18.3006,-46.17021,2.75,314.292,9.80821,-46.01431,5.26785,5.68608,3.15172,5.6427,6.70545,5.31011,5.31011,12.40174,0.8043,14.15751
RCL,0.0,379.10242,58.25569,0.14619,8.95,17.41995,12.9811,3357.247,30.65794,4.55608,9.22,4991.99,-0.5593,3.74619,17.15775,17.63103,0.0691,4.54877,5.62805,16.14906,15.64805,47.95578,3.49498,96.46203
R,1.637,7.67188,46.47903,0.59499,-0.45,-0.26073,0.0,2228.077,24.96221,178.23367,0.24,1370.577,-19.27126,178.23367,-0.27348,0.14076,0.49596,1.54918,2.11539,-0.86406,-0.86406,76.69299,3.65716,178.23367
RHP,-4.854,8.70659,11.87828,2.7248,2.81,7.94279,0.0,0.0,0.0,-45.33074,2.88,572.872,18.34442,-44.9148,9.02624,9.20206,2.60249,4.37827,5.16587,26.16768,15.80705,75.47826,30.949419,30.949419
SPGI,8.83368,4.42763,1.96312,1.52344,8.6,34.37827,9.05912,3431.0,51.2166,11.25485,9.17,4723.0,33.98268,8.42697,31.6913,33.59185,1.45199,19.38744,29.99071,391.22815,90.17228,62.53341,1.36403,391.22815
SLG,0.0,50.82893,69.89796,2.68556,3.28809,24.11772,0.0,0.0,0.0,16.10487,3.28809,745.849,33.23789,9.37144,22.37579,20.9641,2.68556,1.80739,1.89282,4.96256,4.53802,48.86333,50.82893,102.30624
SM,21.81407,10.32928,24.32996,0.53519,-1.66,-11.76667,-8.14726,884.349,55.64593,99.82604,-1.66,1112.496,-8.66766,99.82604,-11.76667,-11.75547,0.3996,0.26403,0.30239,-6.59695,-6.59695,50.23651,3.13804,100.95053
SPXC,-8.60394,4.42401,11.36574,1.03861,1.67,4.56929,1.3459,150.6,9.87282,-4.57143,1.99,402.0,5.08309,-12.68473,4.64796,5.73257,0.66875,3.53352,8.62144,16.41775,15.19677,45.47428,2.78221,83.39968
STAG,36.35761,8.13473,15.61819,0.31117,0.35,12.47793,0.0,0.0,0.0,-55.6962,0.35,330.771,53.92824,-46.96748,12.13707,10.80841,0.31117,1.68429,1.74323,2.61484,2.5122,41.28282,21.697266,70.3079
SAFE,1868.1476,0.38866,22.84986,27.13123,0.89,36.2694,115.06637,72.101,77.53379,39.0625,0.96,90.32,121.29378,135.88586,29.77966,32.01067,27.13123,2.31251,2.43105,3.82721,4.65003,55.77402,19.12281,126.11145
CRM,31.18392,2.93317,20.26623,0.94918,1.43,8.35718,43.84802,1420.0,10.69116,741.17645,0.75,9831.0,23.70429,770.73846,8.35718,4.2407,0.84238,1.35757,2.31203,8.88231,8.88231,17.74721,2.37113,21.57642
SBH,-10.90733,84.68125,-0.5168,2.55121,2.26,7.00707,-0.67518,565.191,14.58027,8.65385,2.25,1910.542,5.04399,5.26106,7.00707,6.94408,0.38597,13.63818,18.82381,130.92737,130.92737,103.93184,2.82125,130.92737
SD,-40.39437,7.56996,11.25048,0.43661,-12.68,-168.37677,-47.46669,-284.511,-106.62032,-47.46669,-12.54,156.513,27.74537,-47.46669,-168.37677,-166.48413,0.39144,-33.93548,-42.35281,-71.87885,-71.87885,12.5013,-47.46669,14.28742
SLB,-1.70029,4.21257,17.16124,1.18568,-7.32,-30.7045,-4.87884,5888.0,17.88741,460.10187,1.47,4197.0,11.18001,460.10187,-30.79564,6.1851,0.75691,2.96288,3.94306,-33.83398,-33.2675,40.8625,2.83713,69.09745
STNG,9.67,9.77537,33.96772,0.62312,-0.97,-6.88461,86.84077,316.796,44.97867,51.78762,-0.94,399.235,31.97049,51.78762,-6.88461,-6.6541,0.57684,1.63311,1.6496,-2.5414,-2.5414,61.23122,9.85633,157.93951
SMG,-0.9292,14.02978,12.87877,1.67881,7.77,13.83714,19.86461,513.5,16.2706,248.4305,4.55,1025.5,4.04587,623.2339,14.59759,8.00143,0.71297,8.71663,11.16128,81.46837,80.66125,69.54691,3.21636,228.37389
SEE,17.55387,9.30401,-1.2698,1.08899,1.89,6.13012,4.35442,893.9,18.65751,101.06383,2.82,1564.8,7.66421,36.19886,5.48935,9.08196,0.65813,8.58729,13.58716,133.86754,133.86754,105.28855,4.36973,133.86754
WTTR,-21.68002,4.23931,10.66074,2.73636,0.03,0.32023,-30.66799,158.242,12.25173,-93.87755,0.14,265.549,6.2513,-92.37511,0.21555,0.86906,2.31479,1.73421,1.98886,0.31463,0.37201,7.61097,0.57932,8.23796
SRE,-15.25538,7.8785,30.28833,0.36492,3.065,18.45969,1.30372,4196.0,38.74781,79.23977,2.86,4196.0,-5.94584,109.33333,20.29735,14.6792,0.20273,2.5999,3.54123,11.48966,9.73863,54.68432,6.27097,120.67416
ST,-4.1073,6.05564,16.30734,3.09675,1.75,8.19311,-4.96042,869.193,25.18939,-50.42493,2.04,1199.322,11.39423,-52.80194,8.19311,9.51507,2.09847,5.59745,6.48872,10.91099,10.91099,56.27601,3.81114,128.7074
SXT,-16.50636,5.64692,20.85515,3.91416,1.94,6.2019,-17.88194,210.733,15.92922,-47.56757,2.59,414.873,7.76652,-47.86032,6.2019,8.27412,1.16377,5.45982,6.30469,9.42237,9.42237,41.91666,3.01904,72.1664
SCI,10.21351,55.90174,10.06327,0.67099,1.99,11.44524,1.81783,814.001,25.19515,-16.7364,2.12,760.58,9.11541,-17.35479,11.43982,11.95875,0.58943,3.02112,7.41518,21.33177,21.34277,66.75276,4.49714,200.77686
SFBS,0.0,38.59195,15.70528,0.97823,2.76,35.98081,10.72065,221.934,53.50579,9.09091,2.79,288.243,5.90444,8.98423,35.98081,36.00697,0.97642,1.60706,11.07597,19.17205,19.15969,39.44005,2.47282,65.12564
SHW,3.08543,8.49433,14.91598,1.02428,5.49667,8.61023,-3.94144,3023.3,16.88919,41.30249,6.37,8036.1,6.93582,39.0129,8.61023,9.80054,0.5089,7.72259,11.07865,39.24857,39.24857,71.66273,3.44905,252.8921
SIG,-99.38498,18.18396,23.15222,2.76457,-12.62,-10.52328,-17.76069,438.5,7.01926,115.66536,3.77,2170.6,11.60058,115.66536,-10.52328,3.30104,0.2879,3.1056,4.98561,-35.52169,-26.66775,28.61745,1.66112,40.09026
SLGN,-1.24107,8.83567,9.23743,1.38122,1.74,4.31664,5.79281,606.324,13.5041,-13.43284,2.17,713.744,5.29246,-13.47358,4.31664,5.36173,0.69592,5.25534,7.51711,20.35234,20.35234,70.44961,4.02368,238.40501
SPG,8.94667,7.67064,8.09459,0.35349,6.81,39.58786,0.0,0.0,0.0,-13.46887,6.94,4649.345,48.33041,-13.87156,34.33379,34.91521,0.35349,6.60892,7.42089,73.25258,67.71112,88.74408,230.09448,230.09448
SSD,-4.57919,7.96409,20.17591,4.03322,2.98,11.7886,2.59259,213.33,18.77014,9.55882,3.0,492.13,13.45491,5.80339,11.7886,11.80822,2.32573,10.34646,12.25653,15.33439,15.33439,3.9657,0.17266,4.12946
SPNT,-0.70145,1.60641,15.00742,21.96024,2.16,20.68459,31.987118,200.389,20.66088,31.987118,2.18,249.3,15.81042,31.987118,20.68459,20.64164,21.96024,3.83832,8.79934,15.32233,15.32233,7.46576,0.56934,8.06811
SITC,-21.68493,6.80818,34.17945,0.35542,1.32,18.97486,0.0,0.0,0.0,-23.25581,1.32,378.183,41.14599,-12.00255,18.76504,11.25514,0.33246,2.55276,2.70704,6.29666,5.02284,48.7924,26.797888,95.28352
SITE,-0.66597,8.29084,9.45852,2.46396,1.82,3.29586,17.6781,178.4,7.56734,5.20231,1.98,773.2,3.68982,5.14208,3.29586,3.46187,0.9955,5.69052,7.24788,22.35971,22.35971,66.56178,4.38733,199.059
SKX,28.5687,9.13959,15.08131,2.27711,2.25,8.14971,17.36941,629.958,12.01627,17.1875,2.26,2513.65,-0.25265,15.12053,6.61053,6.61255,1.32136,7.97978,10.62255,15.93517,18.08328,33.51322,2.02926,50.40584
SMBK,0.0,19.559456,22.32631,1.01195,1.89,22.61907,8.04733,46.845,39.91224,30.34483,1.72,89.476,23.07713,46.65783,22.61907,20.44744,1.00824,1.12588,7.24247,8.91234,8.91234,19.62504,1.63012,24.41686
SW,0.0,0.0,0.0,0.0,0.0,0.0,0.0,0.0,0.0,0.0,0.0,3372.2366,0.0,0.0,0.0,0.0,0.0,0.0,0.0,0.0,0.0,0.0,0.0,0.0
SNA,0.0,149.92665,62.3806,2.51214,12.41,17.48408,-0.26771,1043.1,25.64348,4.54928,12.43,2089.6,10.99055,2.00029,17.04895,16.83735,1.59339,10.73839,13.28773,21.31256,21.71802,26.2257,1.16921,35.54856
SAH,-1.2424,24.00737,21.903,0.9765,3.31,1.38256,33.31816,407.139,3.89445,171.31148,3.64,1521.0,1.29378,179.06487,1.37873,1.49773,0.22353,4.98819,5.70577,16.35145,16.35145,73.58119,6.463,278.51822
SON,-4.03113,6.97623,17.9912,1.08309,2.88,5.44579,5.57859,773.511,14.39303,-7.09677,3.43,1057.829,6.47679,-6.94444,5.42936,6.42969,0.68152,6.89244,9.61197,16.38428,16.31379,52.28251,2.57192,109.56675
SSB,0.0,59.559,70.324,0.91631,5.36,25.39284,-2.7634,352.859,48.04777,10.28807,5.73,635.063,50.12218,4.25558,25.39284,26.96578,0.9109,1.30623,6.1682,7.86963,7.86963,33.65052,3.41078,50.71708
SO,-7.12446,9.53227,26.12061,0.78248,4.5,22.14856,0.15506,8397.0,39.20351,107.37327,3.2,9603.0,-11.45653,112.04282,22.19525,15.62725,0.42914,2.8431,4.26903,18.20479,15.4578,60.30272,5.79802,151.9064
SCCO,-6.60245,8.15491,8.47014,2.8342,1.84613,20.47738,-1.07158,3517.4,48.2788,-4.0,1.81728,3793.6,17.578,-3.70706,20.39365,20.05544,1.97602,11.13954,12.55092,22.21309,22.1498,53.80253,2.27077,116.46205
SBSI,0.0,32.699318,23.78796,0.64256,2.2,26.32975,-0.39275,120.213,42.45484,4.2654,2.21,207.072,30.81131,0.56112,26.32975,26.33924,0.64241,1.04975,3.73229,9.70837,9.70837,59.25521,9.73357,145.43016
LUV,0.60976,136.34042,18.94179,0.66734,4.27,10.25504,-2.42796,4300.0,19.17246,-0.4662,4.4,7011.0,8.99267,-6.69371,10.25504,10.55466,0.57618,7.38665,14.23331,23.36805,23.36805,28.89789,0.9293,40.6428
SWX,12.63851,5.975,45.55628,0.79627,3.94,6.944,11.27562,675.048,21.63673,7.06522,3.94,737.376,-19.05022,17.36862,6.85711,6.85035,0.55816,2.99311,4.65278,8.99277,8.79985,51.69944,4.10748,110.64805
SR,-14.3695,15.4218,45.14066,0.41837,3.52,9.45503,4.73604,482.1,24.69269,-18.7067,3.53,638.0,-19.00033,-13.81886,9.45503,9.16672,0.20112,2.6162,3.67187,8.10289,7.67615,52.95074,5.94441,112.69367
SPR,4.56552,7.71384,16.79411,2.63702,5.06,6.74162,-3.00759,1048.1,13.32935,-10.44248,5.45,1076.7,5.47224,-14.08428,6.74162,7.18063,1.98768,7.45849,12.42527,35.35178,35.34,63.63618,2.9418,174.99858
JOE,-25.02061,7.04482,8.74394,6.40554,0.45,20.97887,8.35373,41.61,32.74187,-13.46154,0.41,61.699,-29.56673,-17.28197,21.06858,19.35551,6.17388,2.19941,2.47906,5.16049,5.01721,33.80118,6.49964,51.06009
SMP,-13.97721,7.76597,22.45204,1.77543,3.03,6.06821,16.42651,122.894,10.79995,22.17742,3.17,331.8,4.43394,34.6813,5.08976,6.23407,0.47142,6.91149,10.88584,14.21638,14.21638,15.73561,0.76619,18.67409
SXI,-4.63465,6.03717,37.64191,2.35761,3.74,5.96138,-8.55844,112.827,14.25341,30.76923,4.04,234.667,7.59512,85.5371,8.57956,6.41742,1.5731,5.66442,7.97241,10.31332,10.31332,29.85393,1.75144,42.55965
SWK,-10.55821,10.26672,49.74594,1.01155,6.35,6.63334,6.10086,2316.5,16.0398,59.14787,8.49,4261.4,10.82453,57.93126,6.61811,8.72179,0.40157,5.48781,8.7,12.98421,11.28247,30.71939,1.74992,44.34053
STT,0.0,821.8071,60.0718,0.54114,5.38,17.0741,-2.03235,6845.0,52.12855,-15.9375,5.81,11746.0,32.03393,-13.73605,17.0741,16.36725,0.53901,1.47047,9.00036,10.53349,9.10993,38.97894,2.27991,63.87786
SCS,29.97003,9.97162,7.27774,1.59375,1.05,3.65939,19.56718,265.2,7.70214,54.41177,1.15,1087.9,1.23359,56.13383,3.65939,3.89768,1.11425,5.73521,9.38612,15.15243,15.15243,36.43028,1.83635,57.3076
STEL,0.0,30.038574,24.38457,1.04237,1.7414,21.49921,45.6925,101.249,41.10299,4.21941,1.7978,187.021,101.4575,41.94698,21.49921,21.89648,1.04032,1.20941,6.19985,7.49677,7.49677,21.53101,1.92376,27.43888
SCL,-1.13704,6.67574,39.61015,2.4145,4.42,5.54681,-13.21952,204.04,10.9773,-8.48861,4.33,330.749,3.90028,-8.54277,5.54831,5.3705,1.74639,5.11332,7.07777,12.30988,12.29572,22.59345,1.27672,29.18803
STC,0.0,63.476147,31.51993,3.67013,3.31,4.77703,2.05213,115.572,6.11587,64.67662,2.48,1056.356,4.23048,65.42516,4.16017,3.09864,3.67013,3.92174,6.58553,11.06606,12.59379,22.94696,1.9423,29.78074
SF,13.5591,0.31801,32.24438,0.78729,3.66,12.80202,13.64131,735.64,20.92882,16.06765,3.99333,3135.614,-31.33158,13.81534,12.75678,12.2695,0.71721,1.73331,6.43404,14.1844,13.10502,45.70092,4.19864,84.16517
SRI,-0.36814,5.9799,10.57735,2.39016,2.13,7.26285,-22.76299,77.953,9.39047,15.13514,1.44,221.358,-1.45446,11.96516,7.26285,4.821,1.50053,5.06724,7.14985,21.03774,21.03774,34.34506,1.94544,52.31146
SYK,0.0,620.7163,34.1976,2.58182,5.48,13.99489,10.43683,4222.0,28.36603,-41.32762,7.39,9801.0,9.06426,-41.37349,13.99489,18.56934,1.66318,7.50052,9.38461,16.97844,16.97844,47.26157,2.71838,89.61505
INN,-1.03183,12.36574,11.15987,2.13992,0.65,14.98255,0.0,0.0,0.0,-4.41177,0.65,260.371,22.89493,-9.1409,15.03022,12.28591,2.04091,2.02781,2.09554,6.99066,6.76221,45.44518,21.156946,83.30186
SUI,-47.87049,7.57137,40.99296,0.88016,1.8,14.0175,0.0,0.0,0.0,39.53488,1.97,704.044,52.66219,50.66167,12.76684,13.77151,0.6658,2.55518,2.69252,4.66475,4.93757,46.68819,45.406292,89.33818
SXC,-21.08753,23.72572,5.83405,1.58265,-1.98,-9.27326,-5.61244,248.9,15.55333,33.715946,0.32,318.5,4.06408,33.715946,-9.51697,1.53571,0.8152,3.42515,4.59141,-31.90531,-24.71068,60.5179,3.19245,153.27933
SHO,4.03321,32.77842,10.60612,2.80672,0.54,12.6173,0.0,0.0,0.0,-48.57143,0.54,524.788,20.44031,-45.80327,11.99347,10.76833,2.76509,2.43813,2.60814,5.58765,5.35583,28.42787,27.149525,39.71918
SYF,-5.88039,0.23123,23.30479,1.43172,5.56,19.25389,5.11879,4867.0,25.00899,48.6631,4.34,9132.0,42.31733,34.30108,19.25389,14.94614,1.42127,2.65809,7.63976,25.8129,25.17638,56.8347,4.08178,131.66756
SNV,0.0,150.38152,29.93072,0.93158,3.47,23.42701,42.77097,1132.041,47.04023,0.0,3.88,1863.983,48.47763,31.57797,23.42701,24.8824,0.93019,1.74973,9.38538,15.35556,13.96309,47.42172,3.93717,90.19261
SYY,2.65048,14.56351,4.87954,1.33398,3.2,2.78516,5.19423,3366.352,5.59995,18.51852,3.48,11408.987,2.87419,17.01921,2.78516,2.99229,0.7745,9.21538,15.39379,66.84304,65.88201,76.28313,2.42498,656.5231
SNX,11.40682,5.82955,74.64191,1.61771,9.74,2.10761,53.06048,1257.323,5.29237,35.46593,10.38,1157.259,1.55135,66.57197,2.10761,2.21382,0.98247,4.77392,8.08046,13.86914,13.86914,44.33405,2.39973,79.64302
TEL,-1.73655,5.74578,31.54386,1.56893,5.72,14.47055,-5.99108,2950.0,21.93635,-21.85792,5.57,4394.0,12.14307,-28.10916,13.71208,13.99955,0.91723,7.0484,9.61997,18.18607,18.18607,27.27898,1.34407,37.51183
TJX,5.8478,115.73873,4.14778,1.53112,2.43,7.85109,4.62065,5037.093,12.92459,20.29703,2.49,11141.757,6.61789,17.32588,7.85109,7.92979,0.61043,18.57643,34.85807,60.01419,60.01419,32.91317,0.49173,49.06055
TXNM,-4.3945,9.94282,21.07487,0.30389,0.97,6.32072,-13.68175,414.098,28.40952,-9.34579,0.98,832.384,-20.65307,-9.60891,5.34371,5.37406,0.16466,1.29101,1.87368,4.62656,5.23858,65.55048,8.05639,190.27982
TALO,0.91264,7.49099,19.89551,0.79358,1.08,6.33115,-1.44372,600.874,64.77588,-77.54678,1.19,663.288,6.46783,-73.49057,6.33115,6.95114,0.58814,5.43829,7.52006,5.63139,5.63139,43.53465,1.38357,77.09976
SKT,15.47826,7.80349,4.66355,0.99933,0.93,19.18143,0.0,0.0,0.0,106.66667,0.98,354.475,34.32925,101.24843,18.17341,18.81402,0.99933,3.08743,3.32566,19.23723,19.28531,78.45615,36.73336,36.73336
TPR,-5.09392,19.68997,12.25035,2.78519,2.21,10.67512,-6.02939,1176.7,19.52349,60.14493,2.49,4053.7,7.42148,61.86164,10.67512,11.9561,1.72952,8.37753,11.40037,19.04114,19.04114,31.3266,1.36203,45.61678
TRGP,-1.21317,10.07974,21.13346,0.88556,-1.44,0.47514,11.46713,1412.4,16.28859,183.96658,-0.58,2463.1,-25.33315,183.96658,-2.41261,-1.55517,0.6334,1.52468,1.75984,-3.80357,0.50127,47.45679,5.57732,90.31955
TGT,0.0,1258.3121,21.81891,0.83382,5.5,3.88821,-2.48815,6584.0,8.73719,3.38346,5.47,22057.0,1.58664,0.10225,3.8975,3.83704,0.1769,6.39876,10.69466,25.47162,25.47162,54.3408,2.04207,119.0139
TMHC,0.0,66.78806,23.97432,8.71251,2.35,5.35302,4.61783,382.465,8.03151,28.4153,2.97,867.19,8.82188,23.39943,5.34752,6.67319,0.74459,4.48573,5.14851,10.28295,10.26958,43.78839,5.18502,77.89919
TISI,-8.68634,4.43687,143.08136,2.10965,-10.7,-2.78661,4.44441,60.889,5.2341,29.856169,-4.5,327.744,4.0077,29.856169,-2.78661,-1.17247,1.74562,0.7533,0.89443,-7.25399,-7.25399,47.94104,6.6043,92.08991
FTI,-7.39361,5.63787,17.13107,1.17241,-5.39,-17.98853,-0.92977,1577.0,11.76067,122.42585,-0.17,1058.1,2.51732,122.42585,-18.01165,-0.56797,0.8243,2.76223,4.79558,-26.74803,-26.50863,41.27373,3.44464,70.65725
TECK,-10.0,10.64585,38.92613,1.61924,-0.83267,-4.9271,-72.52033,1172.6746,12.7451,171.4922,-0.66305,2605.1726,-16.01307,171.4922,-5.06955,-4.03384,0.78638,-0.33238,-0.46578,-2.7383,-2.608,20.65421,3.77778,26.03062
TK,217.84956,5.18492,4.78115,0.98222,-3.08,-7.69286,30.18549,668.164,34.50049,65.76508,-2.37,306.684,4.07229,65.76508,-16.03657,-12.32542,0.85884,2.86738,3.06733,-48.11962,-5.47882,65.50775,7.30954,189.92018
TNK,29.40444,11.13359,29.41376,1.50596,1.23,4.38195,99.95503,253.429,26.84865,42.822826,1.23,289.833,7.20466,42.822826,4.38195,4.3807,0.673,3.68481,3.95407,4.27105,4.27105,51.3301,4.1196,105.4658
TGNA,36.75588,4.56626,7.31329,1.95849,1.31,12.44772,-9.39196,707.512,30.76812,-29.18919,1.45,1071.26,3.88533,-29.44055,12.44772,13.69213,1.74663,6.1002,7.33488,19.52955,19.52955,72.98316,6.07232,270.13953
TRC,-8.51416,4.75588,16.48653,5.4297,0.4,21.36179,-38.48123,3.605,7.27945,150.0,0.46,7.93,-37.4682,148.64865,21.36381,24.17919,5.03039,-0.16741,-0.1775,2.49075,2.40351,12.15458,17.10347,13.83633
TDY,17.63973,5.17478,74.27766,1.72131,10.73,12.71653,12.74656,605.9,19.15223,19.0899,11.19,1244.1,8.4524,20.52127,12.71653,12.83971,1.12736,7.36074,9.23779,16.27296,16.27296,26.71292,1.63311,36.4497
TFX,14.30221,6.61273,64.2732,2.32008,9.81,17.80025,6.34177,716.014,27.58821,133.57143,9.16,1409.005,10.64589,129.81146,17.78041,16.3057,1.27831,4.9845,6.46227,16.74057,16.74057,40.53828,2.83677,68.17542
THC,5.52861,5.81375,-3.56056,1.20832,-2.35,0.77385,4.54733,2529.0,13.68581,469.24356,1.55,6714.0,1.56867,469.24356,-1.25548,0.86729,0.8409,4.58643,6.05001,469.24356,6.98242,88.79878,6.23488,469.24356
TNC,4.11257,5.36037,19.62805,1.74973,2.48,4.03481,13.08694,138.7,12.19234,36.26374,2.96,461.7,4.33729,37.0765,4.02602,4.71425,1.08367,5.12663,7.42853,13.58402,13.54678,51.63967,2.78154,106.78107
TDC,-32.54237,3.84413,2.36249,1.14447,-0.18,-1.05319,-2.31482,211.0,11.11111,68.01318,0.18,966.0,11.10453,68.01318,-1.05319,1.08246,1.03273,1.72629,3.87449,-5.28402,-5.28402,71.79763,3.16114,254.58015
TEX,-37.98333,7.34205,13.2429,2.31511,2.92,4.81726,-0.61155,406.3,9.33358,101.37931,3.27,887.8,8.19933,-52.15479,1.24968,5.34095,1.16151,6.82669,10.56089,23.39357,23.38705,58.35344,3.21511,140.11584
TRNO,-46.05696,2.83252,22.55844,1.99526,0.85,31.753,0.0,0.0,0.0,-22.01835,0.86,126.821,72.02266,-12.28176,31.753,31.69128,1.99526,2.00552,2.1057,4.01574,4.01574,24.49487,13.645837,32.44134
TTI,-5.9059,5.70128,0.27393,1.86174,-1.09,-14.47945,15.65881,172.098,16.58084,10.334657,-0.95,151.407,0.71279,10.334657,-14.20256,-11.49593,1.02945,2.25178,2.68245,-132.06721,-63.20223,84.85996,5.30303,10.334657
TXT,-3.34076,6.17441,24.20643,1.98273,3.5,5.97946,-4.45318,1459.0,10.70433,-27.53623,3.7,2199.0,3.60143,-33.30606,5.97946,6.27928,0.88263,4.49935,7.08905,15.21942,15.21942,42.57467,2.80398,74.13918
TMO,7.76931,5.35079,74.42193,1.91915,9.17,14.47028,5.69211,6536.0,25.58923,26.65746,8.95,11328.0,12.85872,25.79986,14.47028,14.01613,1.18961,4.64498,5.61927,12.90931,12.90931,38.38887,2.82895,62.30834
TDW,0.0,13.89015,25.40745,2.89371,-3.71,-29.02462,83.45621,63.452,13.04124,13.89015,-3.45,154.553,12.14824,13.89015,-29.13232,-27.09023,2.47848,-1.41165,-1.66199,-13.13265,-13.06777,22.4185,4.62884,28.89671
TKR,1.6737,5.66714,24.7316,2.54494,4.71,9.8868,14.28571,694.4,18.32238,22.02073,5.14,1144.8,7.08132,19.58388,9.55434,10.27458,1.24396,7.1708,9.38625,21.0047,20.83113,48.34721,2.63494,93.60037
TWI,-23.4022,6.78421,3.89581,1.9693,-0.84,-3.55631,-72.20552,27.362,1.88877,14.823694,-0.85,119.124,2.68296,14.823694,-3.34273,-3.52635,0.81835,-1.36004,-1.95691,-18.84612,-15.7575,66.69673,19.32209,221.22073
TOL,0.0,114.681046,35.98615,7.46086,4.03,7.93092,-3.2433,830.933,11.16947,-16.90722,4.07,1602.405,-0.71536,-21.13798,7.93092,7.93328,1.1992,4.52797,5.45016,12.00175,11.93428,43.37754,4.71921,76.60837
TR,-9.50841,11.11807,9.78528,4.44194,0.82911,12.30078,-1.29892,87.993,16.69339,14.57303,0.82911,197.016,11.84419,14.10894,12.31615,12.29703,3.62373,4.49389,5.66271,8.59597,8.58712,1.2771,0.11168,1.29362
BLD,5.33964,6.27818,34.42487,1.6357,5.56,7.27844,26.8824,345.162,13.15343,47.08995,5.72,681.267,6.83114,41.73816,7.27844,7.36896,1.28714,7.227,9.64383,17.16819,17.16819,41.63238,2.38245,71.32786
MODG,96.78735,16.06072,8.14617,1.50856,0.82,4.65762,26.70617,192.658,11.32574,-24.07407,1.08,766.787,-2.14428,-24.1856,4.66814,5.98397,0.49124,6.54171,8.52403,10.64503,10.55218,49.773,3.94698,99.09611
TTC,30.82624,14.69266,8.05286,1.4834,2.53,8.72763,13.19921,492.549,15.68996,1.2,3.18,1097.931,0.67897,0.75164,8.72763,10.81586,0.55563,12.9709,19.90922,35.85006,35.85006,44.91265,1.42283,81.52989
TT,4.43789,6.06098,30.49705,1.27876,5.61,8.3614,11.00317,2628.0,15.83237,3.31492,6.45,4027.7,8.73017,5.47996,8.49996,9.38809,0.85726,7.27565,11.35542,19.17804,19.30696,45.64161,2.3363,83.96423
TRU,-2.73045,5.88218,11.89931,1.55443,1.83,13.4257,14.93805,974.1,36.67407,25.34247,2.05,1657.7,20.59693,25.41576,13.0605,14.49456,1.37767,5.40521,6.32033,17.0008,16.50315,61.48185,3.83339,159.61784
RIG,8.27815,4.90938,19.38644,2.11137,-2.05,-40.70596,-28.5446,761.0,24.64378,79.465096,-2.17,957.0,5.34326,79.465096,-40.64119,-43.00648,1.75638,-0.23609,-0.26211,-10.05247,-10.06365,45.40394,12.96846,83.16339
TNL,3.35656,1.25911,-6.01569,5.91081,5.29,12.09498,6.80203,1052.0,26.02028,97.38806,5.43,2102.0,3.87089,-24.55357,12.54019,12.3696,4.32776,7.96489,11.75505,164.53804,164.53804,110.01721,5.47053,164.53804
TRV,0.49368,1.51265,101.53816,5.47797,9.92,8.36898,6.47827,3994.0,12.74817,6.89655,10.01,7847.0,22.7717,3.9239,8.36898,8.30705,5.47797,1.88414,6.47869,10.73776,10.73776,21.10033,1.73711,26.74325
THS,-22.97182,13.79289,32.57829,1.49926,-1.96,-2.57176,-10.53427,473.9,11.04945,67.38911,1.94,801.2,8.14778,67.38911,-8.41708,2.5421,0.58139,3.06485,3.84093,-5.55276,-5.55276,55.6511,4.84807,125.48473
TREX,-14.42742,7.90496,3.85618,3.85413,1.235,19.41888,1.55371,202.23,27.13233,8.33333,1.24,306.503,8.08903,7.55432,19.41888,19.4418,3.03122,22.24867,28.22559,36.54363,36.54363,8.42433,0.20433,9.19931
TPH,0.0,46.17561,16.05971,16.78429,1.47,6.72027,-29.38318,283.362,9.19107,-18.78453,1.44,643.9,7.08186,-23.23877,6.72027,6.5788,1.91668,4.11613,4.55661,9.76502,9.76496,37.9995,4.72932,61.28901
TRN,-5.96529,11.19844,16.97408,1.28812,1.09,4.63213,27.23068,660.2,21.96932,55.71429,1.27,574.0,-23.6448,-13.29553,4.57888,5.30804,0.72181,2.82045,3.38747,6.63538,5.6346,67.43731,7.46244,207.09991
TSE,-15.03873,7.71359,17.15128,2.82619,2.26,2.43657,-44.18993,233.9,6.19471,-66.26866,2.79,300.4,5.28961,-68.54701,2.43657,2.97783,1.94883,2.4496,3.48917,12.79911,12.79911,65.06502,5.32621,186.24608
TRTN,-15.94834,2.09481,29.45944,0.82654,4.54,24.68304,-2.808,1206.246,84.27849,4.36782,4.6,1309.744,49.53572,0.896,24.64168,23.84427,0.82654,4.20659,4.40232,16.28688,14.54588,72.39377,5.50507,262.23712
TROX,52.05047,6.61327,5.27132,2.95299,-0.81,-3.86071,17.69547,572.0,21.65027,57.37928,0.47,483.0,-14.91295,57.37928,-4.12566,2.48803,1.15812,3.55701,4.37074,-15.93291,-11.47357,77.33795,5.46504,57.37928
TFC,0.0,814.88043,45.65903,0.92421,3.71,22.04741,7.26229,6351.0,43.25705,-5.11509,4.29,11953.0,100.68536,-0.40161,21.95886,23.5247,0.88712,1.0234,3.81555,7.29816,6.69244,48.14699,9.73091,92.85285
TWO,0.0,72.5074,58.5187,0.07593,3.72,30.42508,0.0,0.0,0.0,72.5074,3.72,1125.218,-3.1419,72.5074,30.42508,23.39241,0.07593,1.6521,1.70102,8.91236,7.0236,85.92231,72.5074,72.5074
TYL,25.15021,3.2286,41.13709,1.33511,3.65,13.48705,9.2762,233.709,21.51171,-0.81522,3.82,516.9,19.17567,-0.63406,13.48705,13.58626,1.28199,4.94369,6.64009,9.96137,9.96137,1.41495,0.09931,1.43526
TSN,26.11724,21.76848,38.47541,1.30038,5.52,4.79896,-4.3775,4063.0,9.58142,-32.68293,5.85,5063.0,1.19768,-33.13492,4.76831,5.00778,0.48213,5.98214,7.61896,15.04185,15.05345,45.61511,2.93675,83.8746
UDR,263.5912,13.32731,11.24398,0.27303,0.63,15.2879,64.27957,376.192,28.8166,-14.86487,0.72,934.01,44.72025,-8.93179,14.16846,15.7321,0.27303,2.66257,2.75645,5.99391,4.80711,52.67393,13.04143,144.75148
UGI,-14.44053,10.30172,18.26511,0.77271,1.41,4.20605,-34.01531,1051.4,14.3626,-65.27094,1.62,2997.0,3.63556,-64.3523,3.49981,3.94836,0.57531,2.9775,3.94464,6.833,7.76819,63.29705,6.27763,172.45767
USB,0.0,1487.3593,29.89854,0.82478,4.16,25.41995,-0.32319,12645.0,46.2763,0.48309,4.16,21140.0,43.82937,-2.56483,25.30284,24.06939,0.81026,1.57652,6.74836,15.20998,13.33974,55.44321,5.16457,124.43267
USFD,10.61618,18.28622,16.85909,1.38103,1.75,1.48425,8.26848,1113.0,4.29084,-6.41711,2.0,4587.0,1.58208,-5.40541,1.48425,1.68161,0.72947,4.58508,6.13482,11.0983,11.0983,56.95218,4.40881,132.2998
UAA,8.81369,7.57883,4.75928,1.90028,0.2,1.74932,17.22447,420.17,7.97721,139.62325,0.34,2470.533,6.67244,139.62325,1.74932,2.91103,1.06914,3.25643,4.77743,4.42236,4.42236,37.66615,3.09213,60.42649
UNF,1.32472,8.95168,86.48978,4.81338,9.33,9.90032,8.68481,312.834,17.28961,13.6419,8.46,670.181,5.42494,9.29803,9.90032,8.92207,3.10148,6.67877,8.36558,11.53398,11.53398,0.0,0.0,0.0
UNP,-9.11681,12.96,26.19271,0.79499,8.38,27.26645,-0.16771,10715.0,49.35968,5.94185,8.32,11876.0,15.27835,-0.7878,27.26645,26.96296,0.57435,8.79304,12.07587,30.70738,30.70738,59.85917,2.52291,149.1229
UIS,1.68863,5.39369,-20.27885,1.31705,-0.31,-0.45374,-15.43931,333.0,11.36054,51.580307,0.13,545.0,6.1387,51.580307,-0.58679,0.24819,1.17201,6.28326,51.580307,51.580307,51.580307,51.580307,2.2018,51.580307
UCB,0.0,51.31645,20.70129,0.85569,2.31,28.25002,7.32505,341.167,51.89491,11.5942,2.38,560.957,18.45739,11.80536,28.25002,28.85314,0.85028,1.6731,11.35679,12.00816,12.00816,12.54649,0.68783,14.34647
UNFI,79.82377,26.36889,28.62139,1.6918,-6.84,-1.6397,20.15497,392.324,1.8344,181.72089,-0.13,3220.0,-1.85027,181.72089,-1.33253,-0.03115,0.5254,1.76464,2.64978,-20.88268,-20.89333,66.79481,7.74707,201.15776
UPS,6.87554,7.79281,3.81392,1.10965,5.11,5.99239,9.5819,10510.0,14.18468,-7.25953,5.47,16016.0,2.03761,-7.32624,5.99239,6.37849,1.03465,9.44398,17.80316,141.22137,140.50633,89.56121,2.68002,1173.3915
PRKS,-14.23249,25.96361,2.69497,0.42008,1.1,6.39917,17.01588,410.033,29.32485,111.53846,1.47,656.862,9.37249,99.77673,6.39917,8.44304,0.30687,7.06152,8.43694,37.58817,37.58817,88.84647,4.09703,67.67419
URI,-0.97087,6.08195,51.5048,0.83804,15.11,12.55481,14.08788,4284.0,45.81328,15.16768,16.67,3745.0,5.76275,7.11679,12.55481,13.78756,0.71975,7.56677,9.02182,32.46233,32.46233,76.01603,2.83357,365.48532
X,-29.05365,9.12341,24.06408,1.45257,-3.67,-4.86975,-63.17502,566.0,4.37505,70.49835,0.05,936.0,-4.42819,70.49835,-4.86975,0.06625,0.73448,-0.27667,-0.42941,-15.19171,-15.18804,48.65136,6.85159,94.74713
UNH,3.81103,20.86644,60.77637,0.69007,14.33,5.88012,13.31681,22405.0,9.25234,17.55537,14.55,57598.0,6.29313,15.4597,5.71494,5.71413,0.57795,7.54538,12.57853,25.32018,24.0546,39.55465,1.81558,67.30757
UTL,-13.49794,3.86761,25.22438,0.81915,2.97,10.08672,2.87829,125.1,28.54861,33.18386,2.31,147.8,-5.71372,33.93939,10.08672,7.85147,0.72841,3.42344,5.2436,12.14786,12.14119,57.98863,4.15747,138.03079
UVV,-2.3889,5.9771,53.50488,6.25875,4.11,4.94506,5.93923,218.577,9.81419,-0.72464,4.8,406.591,6.7676,-1.45842,4.67507,5.41585,2.62334,5.27315,6.29728,7.77163,7.96577,23.44236,1.93308,30.62053
UHS,3.643,7.42021,63.48009,1.2255,9.13,7.27302,7.27359,1803.931,15.85419,9.86763,10.16,4538.02,5.75314,4.50799,7.1615,7.92583,1.03756,7.15943,8.47989,14.96055,14.9737,43.56894,2.38958,77.26734
UVE,-46.26124,2.55404,15.1327,2.69406,1.36,4.95172,-54.82699,68.265,7.26725,-58.40979,1.37,335.945,27.72554,-60.26177,4.95172,4.94314,2.69406,2.22753,7.83849,9.34453,9.34453,1.97012,0.1454,2.00971
UNM,2.09139,0.96526,49.10391,6.43969,5.24,9.16947,88.65649,1704.7,14.20631,120.16807,5.35,3428.7,7.21535,110.22163,9.16947,9.35073,6.43969,1.5396,7.90481,11.83959,11.83959,25.66928,2.01871,34.53387
UE,0.0,30.033049,7.9741,19.04754,0.91,29.23761,0.0,0.0,0.0,-1.08696,0.8,248.942,30.35362,4.15882,27.55829,24.1055,18.73561,2.22382,2.41424,11.69791,11.50037,61.61772,30.033049,160.53691
VVX,14.01249,5.72043,22.68145,1.32385,2.99,2.51085,9.03166,59.226,4.28354,-3.54839,3.18,127.965,-0.06332,-1.64325,2.51085,2.63206,1.25717,5.45367,10.27731,14.38466,14.38466,24.56014,1.43679,32.55592
VFC,0.0,0.0,10.83227,1.75588,3.14,9.09116,0.0,2317.107,16.73163,0.0,4.06,5625.161,0.0,0.0,9.09685,11.58572,0.84909,0.0,0.0,0.0,0.0,39.32693,1.20245,64.81777
VICI,0.0,30.43742,17.27787,6.58478,1.24,60.58961,11.75071,866.344,94.70186,-11.42857,1.36,870.899,41.21433,4.26742,59.68046,64.67958,6.56732,4.38287,4.51289,7.38656,7.41513,37.4446,5.56129,59.85831
MTN,17.35787,9.05506,37.19856,0.73413,7.32,14.24091,15.47926,716.237,31.53041,-19.82475,7.86,1027.452,16.1639,-20.7253,13.25789,13.96138,0.54133,7.33301,9.74795,19.49237,18.28417,47.72063,2.20075,91.28003
VLO,15.94245,13.6899,53.27004,1.44141,5.84,2.71004,-8.33762,5343.0,5.20106,-19.89026,5.9,6980.0,2.42665,-22.42153,2.35766,2.37197,0.87287,4.61815,7.35215,11.14332,12.30035,32.72434,2.05166,48.64217
VHI,0.77004,6.61611,-0.95734,4.41985,1.68,4.12121,-44.85459,197.2,10.39262,-79.10448,1.92,434.6,2.1581,-81.2357,2.59289,2.88464,2.73519,3.18859,4.88559,26.769669,7.94272,45.63457,4.17191,83.94041
VMI,4.16337,4.54418,51.59135,2.70237,7.06,5.76319,-3.91832,325.984,11.78124,68.09524,7.3,682.681,6.47758,62.97549,5.55729,5.71421,1.91096,5.75497,7.74361,14.16413,13.9125,43.43971,2.72566,76.80248
VVV,0.78329,6.21587,-1.37234,1.88416,1.1,8.70293,2.07852,442.0,18.49372,30.95238,1.18,810.0,7.25941,25.30121,8.70293,9.33138,1.32388,12.15544,75.646484,75.646484,75.646484,123.80074,3.0362,75.646484
VTR,30.88696,4.19039,28.01942,0.55729,1.17,11.35048,0.0,0.0,0.0,2.63158,1.09,2048.785,30.19704,5.75114,11.18819,10.30709,0.55729,2.24252,2.38661,4.19148,4.12895,53.42424,103.0755,117.68077
VRE,-31.92785,2.72868,16.48765,0.66585,2.03,71.74259,0.0,0.0,0.0,153.75,1.88,206.89,36.6103,18.28413,24.42306,48.36182,0.66585,-0.22174,-0.23294,12.36583,11.93969,56.25025,34.754303,166.65582
VZ,1.61646,5.05862,14.84467,0.83518,4.65,15.00592,-0.39431,46985.0,35.63033,23.67021,4.75,77142.0,8.7907,24.0662,14.60931,14.90544,0.67068,6.80592,10.41337,33.6389,33.66881,67.93773,2.83373,211.89305
VIPS,-77.44532,26.416,4.6754,0.96248,0.85,4.28674,127.98393,846.518,6.33835,88.88889,1.0,2970.0596,7.76269,86.38317,4.31943,4.99885,0.58423,6.66749,12.53949,20.44047,20.09613,11.48552,0.48981,12.97587
VRTS,5.8318,7.81315,82.95726,1.49707,11.74,18.73214,8.5683,167.459,29.73106,32.50564,13.33,240.626,29.53232,26.63878,16.98175,16.47891,1.29731,2.72056,2.98193,17.64869,14.53829,74.06177,12.78985,36.367893
V,0.0,0.0,13.52244,1.56318,5.32,52.57431,11.74751,16057.0,69.88293,20.36199,5.47,22256.0,68.20951,17.27017,52.57431,52.08844,1.24786,13.57644,18.86471,41.8297,35.17251,32.53846,1.04185,48.23261
VSH,-17.33741,7.35874,10.28176,3.27445,1.13,6.17583,-30.2872,451.03,16.90324,-49.55357,1.26,671.2,5.49074,-52.58649,6.14383,6.82853,2.17348,5.75257,9.02988,11.43394,11.46545,28.66498,1.32558,40.18361
VPG,-18.73354,5.89406,17.84811,2.39072,1.63,7.85151,-11.61431,45.044,15.86291,-6.85714,1.66,111.617,4.32238,-6.16595,7.81383,7.90078,1.46335,5.96462,7.69011,9.65168,9.68916,18.02877,1.18042,21.99403
VST,25.57498,9.63214,16.31953,0.89943,1.86,7.84148,74.98842,3778.0,31.99255,398.0151,2.1,4537.0,13.71835,398.0151,7.85841,8.78742,0.39615,5.07694,6.93238,11.7305,11.70152,58.71369,2.99629,142.21106
VTLE,9.92581,11.08306,70.9568,1.17311,-29.6,-40.90132,17.49464,-122.356,-14.61349,17.49464,-31.4,553.262,-85.56405,17.49464,-40.90132,-43.37052,0.73776,-10.46536,-11.66931,-33.97236,-33.97236,58.80318,17.49464,142.73717
VNO,-16.90847,2.08114,30.58243,0.98445,16.21,173.54337,0.0,0.0,0.0,706.46765,16.33,1085.584,54.8006,599.6131,163.84395,162.17026,0.98445,1.04372,1.1629,66.87302,47.32399,49.08403,142.16948,108.1232
VOYA,-33.06149,0.49353,71.09714,11.75589,4.68,10.23275,4.09182,1043.0,13.95131,88.70968,4.32,3546.0,90.27889,215.56989,-4.69502,8.14767,11.75589,0.37956,4.62876,8.11532,7.9808,26.55083,3.54554,36.14858
VMC,3.852,9.4401,42.47046,2.57547,4.67,12.62913,13.11962,1259.949,25.56143,20.67184,4.76,1255.9,9.28911,19.74719,12.53092,12.77612,1.57763,5.40352,6.5332,11.50147,11.50147,36.29054,2.54165,56.96255
WRB,11.09772,1.77452,14.72081,8.86187,1.56444,8.73209,8.29407,960.42,12.2612,5.6,1.59111,3368.411,2.61857,6.4292,8.70604,8.71677,8.86187,2.19837,6.54227,11.84672,11.79474,32.10218,3.01197,47.28013
WTI,22.94917,7.68501,-1.7602,0.74622,0.52,13.85054,-22.16636,267.034,49.9226,-69.76744,0.06,322.141,-7.51934,-70.2259,13.85054,1.57694,0.58466,7.99801,18.85014,33.87121,33.87121,152.24458,2.72126,33.87121
WEC,-8.15052,6.12281,32.06176,0.65781,3.58,15.08288,6.20085,2457.7,32.66871,7.18563,3.6,2665.6,-5.44456,7.04385,15.08952,15.09271,0.38144,2.79748,4.28505,11.40773,11.29206,55.4748,5.19852,124.59189
WPC,-30.03299,1.09653,40.29492,2.45733,1.78,24.40647,0.0,0.0,0.0,-48.99714,1.89,1134.871,86.06266,-25.83377,24.30288,25.73194,2.44327,2.32341,2.49529,4.43467,4.44969,46.91908,60.41247,88.3916
GWW,2.88809,8.17509,34.55148,2.11859,15.32,7.7921,1.12641,1616.0,14.0693,11.58048,17.39,4397.0,5.5067,8.56778,7.39161,8.28167,1.06377,14.60684,19.6779,44.96822,43.10137,54.26288,1.51238,118.64078
WNC,-4.59893,13.10983,9.74283,2.08726,1.62,3.86243,4.7746,185.143,7.98328,36.13445,1.64,306.382,3.74893,29.03156,3.86243,3.86781,1.24125,6.84107,9.05429,18.00798,18.00798,47.45398,2.54128,90.30937
WD,0.0,2.93892,34.48274,1.9785,5.45,19.79005,7.93111,455.302,52.01436,9.87903,5.61,795.587,42.63313,7.39227,19.80638,19.17108,1.02545,6.93641,8.04422,17.89368,17.77195,55.47931,2.8527,124.61467
WMT,11.91664,86.02656,8.39657,0.79891,0.75333,1.40289,3.31369,30149.0,5.8916,-31.09756,1.38,129104.0,2.21428,-32.36666,1.30342,2.36963,0.18076,5.74275,9.18527,8.87175,8.94825,42.15462,1.92487,72.87465
DIS,55.85686,6.73378,49.32131,0.89736,6.27,15.68636,-9.40722,16169.0,23.24134,-25.0,5.18,27546.0,7.27415,-12.25591,15.88903,12.33014,0.66766,5.13061,6.6725,15.17036,13.91902,31.42697,2.91527,50.20503
WM,0.93216,7.9665,16.657,1.97487,3.91,10.81204,3.87291,4479.0,28.98091,-12.13483,4.33,5975.0,9.4581,-13.24675,10.80557,11.89594,1.875,6.95285,9.38966,25.03185,25.04121,66.35416,3.11297,197.21358
WAT,3.41676,4.16348,-3.45569,2.21954,8.69,24.60729,-2.47575,829.945,34.48626,13.59477,8.93,1395.896,15.38299,-0.26878,24.60729,25.09391,1.56405,14.41346,21.19107,87.66959,87.66959,113.87406,2.1389,117.9719
WTS,6.95864,7.52645,28.87852,1.75268,3.85,8.21618,4.86891,252.0,15.74508,3.21716,4.08,677.5,8.90113,2.73438,8.21618,8.69278,1.04818,7.60335,9.94461,14.06944,14.06944,26.62065,1.40794,36.27812
WBS,0.0,98.23118,33.28081,0.77777,4.06,26.57987,5.9767,644.776,44.77928,6.56168,4.07,1202.642,18.52502,6.18865,26.57987,25.87997,0.77612,1.29301,6.03201,13.18777,12.56006,53.58751,5.74411,115.45924
WMK,-2.65515,62.68607,39.36148,1.7411,2.53,1.91864,1.10066,169.839,4.79325,8.58369,2.53,968.494,0.96261,8.36016,1.91864,1.92058,0.70257,3.40455,4.59912,6.53166,6.53166,17.12452,1.28809,20.66296
WFC,0.0,5426.0464,40.32966,0.83225,4.05,19.56117,-12.97879,40122.0,39.16137,-5.37383,4.48,84227.0,53.19342,-12.7004,19.08094,19.20987,0.81546,1.31171,4.74085,11.45917,10.40956,64.26051,8.42431,179.80254
WELL,0.0,128.53867,37.87978,0.38657,3.05,25.76447,0.0,0.0,0.0,50.9901,3.23,2412.574,29.20288,53.10589,23.86704,25.13603,0.38657,2.49764,2.5804,8.36844,8.06477,47.53834,128.53867,93.2278
WCC,1.77883,7.10199,54.20205,2.34343,5.14,2.65822,-1.55119,411.454,4.92234,6.639,5.24,1581.461,1.73019,-1.72295,2.67291,2.70208,1.34002,4.53807,6.08755,10.1539,10.12661,40.59756,3.75169,68.34324
WST,10.79112,6.05728,21.23507,3.09924,3.21,13.13658,11.06454,397.5,21.60444,17.15329,3.29,605.7,8.84695,16.81972,13.13658,13.23224,2.22014,8.50925,10.5189,16.27884,16.27884,17.3088,0.82843,20.93186
WAL,0.0,98.528915,29.4248,0.93823,4.84,38.69123,18.65347,775.226,60.08852,16.90821,4.86,1086.2,55.85236,14.54446,38.69123,38.675,0.93667,1.89452,13.52784,17.73102,17.73102,13.93256,0.62995,16.18796
WU,0.0,192.48817,-0.0945,0.95914,2.46,19.99773,-5.60034,1323.2,25.00331,31.5508,1.74,2245.4,14.97019,24.2282,19.99773,14.05915,0.30082,7.50128,20.31536,192.48817,192.48817,101.1509,2.62364,192.48817
WAB,45.09347,5.92241,51.9382,1.28671,1.84,3.92286,139.8838,1565.7,18.81173,-39.67213,4.34,2278.0,11.52496,10.76679,3.92527,8.89066,0.69616,5.29791,6.91232,5.09608,5.0767,30.71019,2.82896,44.32137
WLK,-2.11417,8.67308,45.64396,2.20951,3.25,5.69106,-34.60396,1321.0,16.27248,-57.34908,3.5,1260.0,3.88027,-57.73092,5.18601,5.53563,1.42143,3.48409,4.54343,7.35371,7.40444,37.96745,2.96669,61.20569
WHG,-28.49856,5.26989,16.69711,5.47698,0.7,7.09774,-76.0075,8.323,9.994,-77.63578,0.7,33.927,17.54548,-77.90363,7.09774,7.06724,5.304,1.92955,2.23468,3.8205,3.8205,5.92896,1.12291,6.30264
WY,-8.30861,20.29102,10.97142,1.60139,-0.1,-1.1596,-39.36605,1186.0,18.09582,112.08796,-0.12,1142.0,4.31225,112.08796,-1.1596,-1.3657,0.90258,2.51077,2.77942,-0.88254,-0.88254,44.41197,5.50843,79.89483
WHR,-0.54299,9.26452,50.79976,0.88398,18.45,5.86709,-7.41493,1823.0,8.92796,261.21384,14.6,3511.0,6.50191,261.21384,5.79852,4.55468,0.49588,4.1501,8.01058,43.16442,32.71883,59.04525,3.25672,144.17194
WTM,-11.32723,10.65979,1024.0188,3.61474,130.02,42.75799,133.11372,442.5,50.34703,133.11372,135.15,768.0,39.75851,133.11372,47.16122,48.29971,3.61474,7.02272,8.10882,13.55371,12.81959,8.87569,0.6922,9.7402
WMB,4.17633,9.31932,10.9967,0.39819,0.71,8.88916,7.79901,4119.0,50.22558,414.71497,0.78,4665.0,5.51,414.71497,10.36459,11.52773,0.32586,3.2912,3.89048,6.18896,4.50542,57.89095,5.46176,137.4786
WSM,18.84508,57.5151,7.332,1.57641,2.025,5.88343,-4.13497,624.761,11.01562,34.10596,1.985,2101.013,5.01969,28.56499,5.88343,5.69924,0.41501,9.73354,18.42062,28.28694,28.28694,20.58771,0.47958,25.9251
WGO,-3.9712,12.30914,20.06131,2.07671,3.52,5.63023,-0.67072,180.527,9.09147,9.31677,3.61,307.197,2.98188,9.2236,5.63023,5.73332,0.98855,9.11453,11.47591,19.16553,19.16553,28.68497,1.40862,40.2229
WT,3.88635,10.19149,2.21954,1.55691,-0.08,-3.88409,-22.44898,58.976,21.97293,13.381931,0.1,119.172,20.08542,13.381931,-3.88409,5.65653,1.28807,3.86676,5.33847,-2.99678,-2.16988,29.77581,3.37895,42.40108
WOLF,-16.23071,7.63858,19.10669,5.26771,-0.56,-5.36111,33.12386,144.9,13.41667,21.509233,-0.3,243.7,21.34718,21.509233,-34.73148,-2.87711,4.40157,0.51563,0.577,-2.82209,-2.81527,18.68701,3.23741,22.98158
WWW,-8.30565,6.56759,9.44817,1.22822,1.44,5.66917,-44.84827,156.3,6.87426,-29.7561,1.04,923.8,2.62128,-35.78211,5.65158,3.89251,0.64999,3.31325,4.65333,14.66309,14.56497,55.72493,6.26807,125.86074
WK,-7.49382,4.75352,1.40104,2.46293,-1.04,-16.15826,-8.444611,-41.562,-13.95208,-8.444611,-1.04,212.879,13.54019,-8.444611,-16.15826,-16.16535,2.37404,-6.51305,-14.52492,-173.13454,-173.13454,83.01849,-8.444611,-8.444611
WKC,5.55921,13.07609,28.99387,1.31865,2.69,0.49187,13.56784,406.8,1.10486,42.32804,2.81,1112.0,0.37117,40.09397,0.48589,0.50447,0.97331,3.42137,7.65492,9.65488,9.72219,29.41111,1.93977,41.66535
WOR,-10.81791,6.94013,14.98605,1.67032,2.61,4.34288,-21.55271,237.165,6.30833,-15.53398,2.59,479.955,0.92523,-21.22191,4.08173,3.9403,0.87962,3.44766,5.0784,17.53756,16.4526,44.13631,3.1594,79.00714
WH,3.75427,6.94472,12.92111,1.08009,1.62,7.57357,20.08032,598.0,28.84708,0.0,3.05,982.0,7.89315,-3.08642,7.57357,14.19802,0.86797,6.42812,8.83054,11.93916,11.93916,63.96075,3.59699,177.47525
XPO,-3.698,6.53375,29.26079,1.02578,3.57,2.64296,9.91114,1608.0,9.65882,23.95833,4.46,2136.0,3.32848,-0.7109,2.51682,2.57184,0.88306,4.17172,5.90641,13.4381,12.81678,72.1699,4.6704,259.3232
XYL,0.48497,5.07886,16.41501,1.63225,2.21,7.63955,0.92308,984.0,18.74643,-27.06271,3.04,2046.0,10.98304,-26.95811,7.63955,10.42409,1.17255,6.08592,8.55777,14.00873,13.95025,46.33749,2.60366,86.34985
YEXT,23.92736,4.5658,0.82751,1.27973,-0.76,-32.78256,-11.92297,-68.832,-30.15205,-11.92297,-0.76,170.87,15.17322,-11.92297,-32.78256,-32.75501,1.102,-20.09198,-56.96091,-90.16397,-90.16397,0.0,-11.92297,0.0
YUMC,100.0,149.71196,8.18351,1.30127,1.84,8.46627,2.72873,1280.0,14.58523,2.7933,1.93,1810.0,10.86486,0.70622,8.12443,8.29091,1.03341,9.2128,12.69066,23.96639,24.15475,41.07275,1.72891,69.70079
YUM,4.09982,9.77642,-26.72,0.99092,4.14,23.11953,-15.44618,2113.0,37.75237,-11.72708,3.55,2827.0,16.28998,-16.08301,23.11953,19.40861,0.88644,25.99883,45.07779,254.47836,254.47836,254.47836,5.33318,254.47836
ZBH,6.90547,6.04781,60.13641,1.37263,5.47,14.17529,2.0786,2514.4,31.50009,391.5417,5.38,5783.5,14.12988,391.5417,14.17654,13.82373,0.57585,3.86621,4.58632,9.56575,9.56107,40.687,3.38097,68.59709
ZTS,4.82626,5.91517,5.69472,2.62901,3.11,23.90057,13.33034,2525.0,40.23263,6.14335,3.34,4345.0,18.05489,5.04202,23.90057,25.44531,1.6722,11.8325,14.68095,61.31208,61.31208,71.04982,2.63208,245.42097
ZWS,-10.42337,5.7976,11.71859,2.47582,1.53,9.21547,11.69575,409.7,19.9766,206.0,1.71,788.7,12.87301,-54.80896,1.67244,8.72468,1.58715,6.0149,7.97967,15.48355,15.46771,50.14176,3.02172,100.56864
