,IQ_ACCT_RECV_1YR_ANN_GROWTH_CS,IQ_AR_TURNS_CS,IQ_BV_SHARE_CS,IQ_CURRENT_RATIO_CS,IQ_DILUT_EPS_EXCL_CS,IQ_EARNING_CO_MARGIN_CS,IQ_EBITDA_1YR_ANN_GROWTH_CS,IQ_EBITDA_CS,IQ_EBITDA_MARGIN_CS,IQ_EPS_1YR_ANN_GROWTH_CS,IQ_EPS_NORM_CS,IQ_GP,IQ_LFCF_MARGIN_CS,IQ_NI_1YR_ANN_GROWTH_CS,IQ_NI_MARGIN_CS,IQ_NI_NORM_MARGIN_CS,IQ_QUICK_RATIO_CS,IQ_RETURN_ASSETS_CS,IQ_RETURN_CAPITAL_CS,IQ_RETURN_COMMON_EQUITY_CS,IQ_RETURN_EQUITY_CS,IQ_TOTAL_DEBT_CAPITAL_CS,IQ_TOTAL_DEBT_EBITDA_CS,IQ_TOTAL_DEBT_EQUITY_CS
MMM,11.81694,6.80576,19.4374,1.85729,7.93,15.38049,0.0,8877.0,28.04119,-2.81863,9.67,15688.0,13.95071,-3.80198,15.34574,18.25134,1.17601,12.9297,19.22895,44.44444,44.33417,54.65647,1.57812,120.53863
AOS,15.36534,5.36514,9.60487,2.24071,1.7,9.89422,12.3882,590.6,19.70835,-8.10811,2.19,1232.4,6.25897,-9.18836,9.89422,12.6185,1.79886,10.68648,16.69082,18.74151,18.74151,19.93007,0.69489,24.89083
AIR,3.58467,7.15483,26.61117,2.65145,1.45,2.84001,8.2542,148.2,8.38425,25.0,1.42,263.4,4.1306,18.44864,3.19643,2.72335,0.78096,3.27541,4.62741,5.64045,5.64045,14.68036,1.0614,17.2063
ABM,30.48014,5.94819,21.00209,1.63038,1.34,1.43208,-2.67197,171.2,3.13921,22.93578,1.79,572.4,-0.29178,-93.35664,0.06968,1.89385,1.45276,2.07383,3.32899,6.64766,6.64766,46.13337,6.88201,85.64367
ACCO,20.02558,4.53051,7.25601,1.54086,1.19,6.75801,27.03158,301.7,15.48132,36.78161,1.19,657.3,10.81755,37.90576,6.75801,6.60093,1.01449,5.92411,9.2603,17.76369,17.76369,54.63815,3.09049,120.44955
ACM,13.15874,3.76913,25.36756,1.19788,2.13,2.31537,-7.71495,775.211,4.25861,243.54839,1.51,683.72,2.08932,253.1303,1.86443,1.29179,1.07298,2.29082,4.09405,9.21874,10.85275,47.70079,4.95879,91.20748
AES,-32.45614,5.80325,3.73265,1.06138,-0.77,-1.40551,-2.0944,3319.0,31.51947,279.21902,0.34,2487.0,-11.46368,279.21902,-11.02564,2.13105,0.54031,4.11665,5.41856,-19.28123,-2.43341,77.84968,6.01687,279.21902
AGCO,14.48787,8.69882,38.08231,1.36863,2.32,2.27894,21.60376,699.1,8.4163,18.36735,3.04,1765.3,3.7886,16.42723,2.24403,2.90953,0.52332,3.46183,5.61078,6.42128,6.3818,35.63259,2.45101,55.35812
ALE,10.28571,11.01941,40.46012,1.04641,3.38,12.13274,-0.5868,406.6,28.64793,7.64331,3.14,459.6,10.6822,10.88216,12.13274,11.23878,0.67369,2.86765,4.07791,8.69434,8.69434,42.09156,3.69725,72.68639
AME,12.80545,6.82295,17.42101,1.69906,2.94,15.84751,11.46163,1122.607,26.10611,34.24658,2.64,1438.8,17.82419,33.05855,15.84751,14.13443,1.1544,7.88243,9.95106,18.71105,18.71105,35.05831,1.93682,53.98429
AMN,0.07617,5.0809,11.84741,1.78742,2.68,6.66639,9.18005,246.177,12.38032,24.65116,2.5,644.419,6.5448,25.24613,6.66639,6.01057,1.68906,10.95413,15.77703,26.19956,26.19956,36.24817,1.29924,56.85825
T,-1.61963,9.65236,22.94368,0.97244,4.76,18.56284,-1.59683,49361.0,30.69924,126.66667,2.3,82736.0,13.10654,126.95746,18.31593,8.81727,0.84535,3.68167,5.63517,22.31094,22.43149,53.64596,3.32947,115.73092
ATI,20.61491,7.06858,13.82045,2.68832,-0.83,-2.26093,409.5952,339.9,9.64228,64.77359,0.51,497.0,-1.44819,64.77359,-2.60702,1.59289,0.96394,2.35022,3.62867,-5.93938,-4.84602,45.51282,4.5328,83.52941
AXS,33.42459,0.78229,54.90872,8.7043,-4.94,-8.06216,18.905539,-111.518,-2.43673,18.905539,-4.24,415.084,-26.80705,18.905539,-8.06216,-7.79229,8.7043,-0.45774,-1.49186,-7.59777,-6.35407,20.49079,18.905539,25.7716
AZZ,5.36769,6.36513,20.39898,2.0905,2.33,7.09266,-8.14044,156.717,18.24561,-21.28378,2.52,211.934,6.66393,-20.66545,7.09266,7.61783,1.05585,6.77898,8.26153,12.05336,12.05336,33.88339,1.73197,51.24793
ABBV,0.0,1555.1547,3.20137,1.27534,3.3,18.81557,9.15996,12215.0,43.29104,-9.09091,5.03,21528.0,22.97101,-10.81808,18.81557,28.45152,1.02019,9.78376,15.95428,109.09278,109.09278,87.99717,3.05919,1555.1547
ABT,61.60714,6.44698,17.72021,2.26066,0.2,1.38007,41.04523,7017.0,25.61884,-71.83099,1.44,15900.0,16.62879,-65.92857,1.74151,9.14786,1.6673,3.87462,4.90933,1.37261,1.45904,47.31117,3.97948,89.79356
ANF,0.0,89.70268,18.35112,2.34424,0.06,0.232,-40.19999,178.39,5.36231,-88.23529,-0.12,2028.568,0.0365,-88.88014,0.11892,-0.24485,1.31805,-0.45001,-0.66691,0.31217,0.60587,19.81449,1.73434,24.71081
AAMI,27.24496,4.77097,0.6872,1.5374,0.04,1.03674,-14.73527,170.7,19.23597,-96.0,1.34,282.1,8.8841,-96.67722,0.47329,16.71738,1.26352,6.83776,16.23626,3.59231,5.38327,71.70933,2.54364,18.909636
ACN,10.65277,5.60977,14.53874,1.23137,5.44,9.88681,2.07851,5654.636,15.38029,-15.65892,6.06,11071.492,9.59907,-16.21499,9.37061,10.22108,1.12122,14.84565,35.80686,41.74768,40.61473,0.25752,0.00443,0.25818
AYI,0.08729,6.11657,39.77837,2.07289,7.43,9.17806,6.61157,606.3,17.29765,12.06637,7.55,1482.7,7.23803,10.62586,9.17806,9.28376,1.47179,11.36577,16.4613,19.34805,19.34805,17.64648,0.58865,21.42771
ADNT,6.82037,7.53042,45.94061,1.03951,9.35,5.93351,3.83912,1136.0,7.00672,130.44487,8.85,1452.0,0.606,130.44487,5.40924,5.09968,0.78397,3.71141,6.0641,20.66203,21.38966,42.94888,3.06162,75.74042
AAP,-4.1516,15.4918,46.19125,1.55941,6.42,5.07271,-19.15491,909.044,9.69773,3.54839,5.13,4085.049,4.56808,3.45567,5.07271,4.04138,0.3314,4.87238,9.72086,15.02056,15.02056,23.42392,1.1492,30.58908
WMS,1.25485,7.87464,4.02441,1.72262,0.5,2.85605,-5.98868,180.372,14.34642,28.20513,0.87,295.81,6.88502,31.52643,2.62078,3.80029,0.68579,6.57487,9.02202,16.06694,10.80474,55.02821,2.3773,125.30332
AER,30.30696,5.00138,56.07947,0.56553,6.43,22.85384,-2.94676,3849.474,81.43195,16.48551,6.9,2772.445,-73.90975,2.82058,22.76495,23.50879,0.55925,3.15843,3.60197,12.5835,12.54687,76.68937,7.38302,301.59714
AMG,13.17506,5.6419,69.36842,1.36841,12.03,43.76139,10.27659,952.9,41.34056,40.3734,8.92,1326.0,26.75054,45.83333,29.91323,21.67115,1.36841,6.06119,7.31769,18.53046,19.23092,25.59937,1.94637,40.5089
AFL,71.35435,5.53995,31.49915,2.02258,5.77,21.21659,1.40715,4396.0,20.25807,79.75078,3.415,7038.0,8.96889,73.1478,21.21659,12.46462,2.02258,2.03437,9.74807,20.42591,20.42591,17.69666,1.20314,21.50175
A,14.73851,6.60074,15.00427,3.30087,2.1,15.29517,13.70717,1095.0,24.48569,50.0,2.21,2399.0,12.55031,48.05195,15.29517,15.91279,2.69359,6.78611,8.46855,15.07604,15.06442,29.37482,1.83653,41.59255
APD,-18.46656,6.26466,46.19366,2.36107,5.16,14.10914,-17.60102,2526.6,30.85886,-25.64842,6.33,2436.1,16.92865,375.42386,36.64566,16.85402,2.06223,5.68417,7.52531,13.21698,13.279,28.00902,1.56843,38.90629
ALK,0.0,205.7209,30.23704,0.79482,8.35,13.03416,-4.3193,1750.0,22.05975,27.67584,6.74,2626.0,3.76749,27.02703,13.03416,10.4682,0.72667,8.32045,14.13623,31.08839,31.08839,40.84261,1.468,69.04058
AIN,0.0,27.66131,17.69521,3.36625,1.03,3.77265,3.72794,180.219,20.86552,-37.19512,1.7,299.083,2.44996,-37.2101,3.83355,6.33162,2.40096,5.15611,6.4894,6.14709,6.0103,47.39101,2.86419,90.08159
ALB,9.9357,6.02135,33.2397,2.06305,0.49,3.23792,22.98274,872.854,28.41344,-87.4359,4.77,1145.271,-4.49961,-91.47862,1.7855,17.22213,1.46279,5.32817,7.08467,1.46862,2.56351,32.49072,2.10502,48.12777
AA,21.40719,15.75659,24.42211,1.3032,1.16,4.79746,109.29603,2319.0,19.90216,243.59254,1.95,2757.0,9.95537,243.59254,1.86234,3.08633,0.73832,5.73666,11.30795,4.26452,7.713,17.11778,0.60543,20.65313
ALEX,4.64602,9.34487,13.11156,0.2965,4.3,52.77649,0.0,0.0,0.0,561.53845,0.36,130.7,172.00659,54.703613,52.82277,4.0981,0.15527,1.17949,1.70826,24.34661,24.22601,48.91886,54.703613,96.94363
ARE,28.7156,2.89239,58.87998,1.63306,1.58,16.98296,0.0,0.0,0.0,52.86621,1.63,803.808,38.38554,52.86621,14.78702,13.04915,1.60864,1.81398,1.95919,3.20429,3.27344,42.36146,52.86621,73.62573
ALLE,14.07692,8.65325,4.22461,2.2411,2.85,11.48991,15.77551,567.3,23.55701,20.76271,3.91,1072.9,12.82805,19.29289,11.34873,15.44062,1.68186,13.18537,18.23563,106.15654,106.03564,78.46293,2.60409,92.7397
ALSN,12.23972,10.82556,4.92175,1.51559,3.36,22.28117,36.86045,864.0,38.19629,164.56693,2.41,1131.0,19.937,134.5277,22.28117,15.87489,1.08633,10.29845,13.39975,56.97168,56.97168,78.7017,2.94676,117.61627
ALL,2.36876,1.70986,58.65669,13.65435,8.36,8.42893,48.53742,4367.0,11.54253,79.01499,7.89,10163.0,3.85929,69.89878,8.42893,7.54924,13.65435,2.24628,8.8945,15.41399,14.78991,21.97156,1.45409,28.1584
ALLY,3.23707,0.08222,30.8749,1.09363,2.03,9.39243,-11.51933,4624.0,46.90131,-9.375,2.31,5861.0,92.88467,-12.93346,9.42286,10.63045,1.09271,1.23914,2.74705,6.90761,6.90761,80.4811,12.03266,468.32346
MO,-5.96027,133.06485,8.0878,0.63958,5.31,52.4623,8.23427,9924.0,50.90797,-27.06044,3.26,12003.0,19.80353,-28.21125,52.43665,32.12506,0.27694,13.62415,21.68372,72.63296,72.4574,47.40038,1.40004,90.3381
AMBC,7.23133,0.05304,30.52193,22.91382,-7.25,-52.66611,-6.5934434,-9.561,-1.53185,-6.5934434,-7.32,54.0,-127.06958,-6.5934434,-52.66611,-53.20745,22.91382,-0.44025,-0.69266,-21.24126,-18.1446,88.88151,-6.5934434,-6.5934434
AMCR,-5.44777,7.92667,2.84038,0.81909,2.04,6.74651,2.89275,1337.4,14.69509,145.78313,2.43,1911.8,2.70437,144.5719,6.55972,7.72442,0.47092,6.88065,11.43144,74.35546,70.6966,83.79827,3.44773,167.06815
AEE,4.91803,8.236,29.61253,0.5483,2.14,8.56403,5.75023,2354.0,38.10911,-20.14925,2.85,2783.0,-6.05674,-19.90812,8.46689,11.1933,0.28844,3.59865,5.9126,7.32134,7.261,53.47094,3.57647,114.91947
AAT,2.21841,6.53111,17.66148,1.24276,0.62,12.71888,0.0,0.0,0.0,-13.88889,0.62,200.359,38.00387,-10.54494,9.29164,9.17942,1.24276,2.7725,2.89347,3.56826,4.76997,61.08436,22.056963,156.96611
AXL,84.98214,7.85262,13.80054,1.59898,3.21,5.38621,84.43124,1055.5,16.84488,4.90196,3.83,1119.1,1.92687,40.04986,5.37983,6.25294,1.16927,7.48617,11.38682,32.63311,32.6087,72.07717,3.76618,258.12988
AEO,7.26132,50.14677,6.62266,1.82515,1.16,5.88523,12.04211,509.293,14.10837,6.42202,1.27,1366.927,6.01162,-2.60798,5.88523,6.38292,0.94221,12.98423,19.53959,18.83459,18.83459,0.0,0.0,0.0
AXP,13.82344,0.29637,21.21886,1.64073,2.97,7.68907,4.89694,9618.0,27.02976,-47.43363,5.96,23793.0,18.59596,-49.40828,7.68907,14.78987,1.63394,3.0499,6.89665,14.12931,14.12931,76.42319,6.14286,1459.268
AFG,14.80386,1.24823,60.3795,7.31193,5.28,7.01367,-4.67776,917.0,13.48331,-27.96726,6.09,1302.0,-4.15564,-26.81048,6.98427,7.86211,7.31193,0.87488,6.91457,9.27191,9.30459,28.93685,2.36859,40.74283
AIG,0.0,873.89435,72.48914,130.38568,-6.54,-12.36634,-6.38547,6392.0,13.04383,873.89435,0.95,11596.0,-19.34383,873.89435,-12.41531,1.804,130.38568,0.31584,1.52678,-8.60671,-8.50133,32.91953,5.04474,49.07469
AWR,18.37149,9.09191,14.4474,0.99235,1.88,15.74365,2.74996,157.789,35.81206,16.04938,1.88,239.417,2.28233,16.109,15.74365,15.63299,0.44341,5.14153,8.1748,13.54504,13.54504,41.78399,2.41058,71.77405
AMT,69.79483,13.4961,14.55506,0.81131,2.67,18.38863,9.55987,3729.9,55.97173,34.84849,2.78,4607.3,25.78485,29.53446,18.59122,17.86256,0.65348,3.92786,4.59731,19.0522,15.29674,71.75259,5.41706,295.911
AWK,0.0,175.9078,30.17737,0.30968,2.38,12.6899,6.13003,1714.0,51.05749,-9.16031,3.05,1988.0,-6.13643,-8.97436,12.6899,16.17218,0.24344,4.30646,5.98785,8.03546,8.03546,58.92449,4.507,143.45404
AMP,2.83773,1.31,40.90429,1.40157,9.44,12.20518,29.80165,2683.0,22.12601,20.87068,11.86,6283.0,15.83065,12.63318,12.20518,15.07196,1.40157,1.09427,13.65364,24.08462,24.08462,46.90626,1.97503,88.34612
ABCB,0.0,39.457558,21.59096,0.96116,1.98,18.44214,11.73893,212.133,53.1923,-4.80769,2.39,354.954,80.7432,2.00832,18.44214,22.07072,0.9297,1.68669,10.16281,10.13815,10.13815,31.31279,1.72883,45.58752
APH,18.47625,4.75681,3.26284,2.94796,0.515,9.42336,13.32602,1653.2,23.57908,-21.0728,0.86,2309.9,10.28287,-20.9503,9.27788,14.99876,2.12252,9.67161,12.49668,16.97392,17.0141,46.69918,2.14287,87.61438
AU,-22.85714,145.48387,6.49425,1.7462,-0.46,-3.79157,-18.07137,1079.0,23.92461,96.34856,-0.13,793.0,-2.91851,96.34856,-4.23503,-1.1975,0.46784,2.03521,2.95335,-7.10301,-6.26603,45.61545,2.10195,83.87574
NLY,-97.60595,108.79939,45.34413,0.0258,5.48,54.73662,0.0,0.0,0.0,-1.43885,5.48,1960.255,57.92953,9.47497,54.75714,50.94452,0.0258,1.74146,1.78219,12.80645,11.43283,85.08172,107.59331,107.59331
AR,14.87303,11.66685,25.75766,1.09315,1.94,21.4778,159.63655,1750.342,47.88145,159.63655,0.6,1373.187,-35.73137,159.63655,16.82554,5.17718,0.47692,3.2334,3.6555,8.53564,9.4568,35.09806,2.74237,54.0786
HOUS,0.6579,40.0918,19.88803,0.82618,3.11,7.09846,-3.94218,731.0,11.95617,113.0137,1.92,2580.0,6.77748,102.34742,7.0494,4.29284,0.63874,4.5145,5.39692,16.96183,17.0497,57.46269,4.84542,135.08772
AON,-4.28737,3.94632,18.50969,1.07229,1.53,4.35087,-6.05719,2497.0,24.975,-70.34884,6.12,4208.0,21.48055,-12.17765,12.26245,15.82337,0.30396,5.11119,12.05203,7.9141,8.54617,56.20878,2.38927,128.35628
AIV,0.0,20.732553,12.49418,0.16492,2.50259,34.2365,0.0,0.0,0.0,-26.59176,2.50259,0.0,36.87689,-26.63414,31.14852,30.22317,0.16492,2.05407,2.14699,19.69251,18.24112,69.94134,20.732553,246.95175
ATR,17.84673,5.23401,21.2046,3.16453,3.41,8.91064,1.61732,483.921,19.59763,7.57098,3.96,866.213,5.61358,7.02369,8.91068,10.01273,2.34443,7.19864,8.81705,17.70375,17.69938,48.93489,2.59818,95.82843
APTV,-16.95031,4.79137,12.40972,1.5935,3.81,8.25054,-26.32135,2091.0,16.22943,-9.50119,4.51,2623.0,5.57377,7.79634,10.51692,9.35184,1.23785,7.89522,13.41146,35.82456,33.8535,54.1221,1.98422,117.96986
ARMK,9.45874,9.44554,10.01271,1.12037,1.49,2.56215,3.94015,1162.185,7.95777,28.44828,1.7,1609.009,3.12971,29.92189,2.56034,2.84551,0.7873,4.84281,6.88805,16.18691,16.12994,68.09166,4.53326,214.24796
ADM,-13.95416,18.97022,32.87792,1.58512,2.79,2.63366,-4.91611,2437.0,4.00638,29.16667,2.28,3518.0,0.73609,24.7068,2.62215,2.13277,0.74718,2.37201,3.7822,8.98946,9.00506,28.96629,3.07468,40.89619
ARCO,32.84573,35.1969,2.28467,1.07836,0.59349,3.90113,28.97446,303.74,9.1501,64.86487,0.65186,444.943,0.78801,63.89545,3.8911,4.25745,0.78551,7.72026,12.39496,30.51258,30.55238,56.07975,2.08567,127.68542
ARGO,0.0,0.0,0.0,0.0,0.0,0.0,0.0,0.0,0.0,0.0,0.0,0.0,0.0,0.0,0.0,0.0,0.0,0.0,0.0,0.0,0.0,0.0,0.0,0.0
ANET,-2.28075,6.57863,1.40924,4.27705,0.33438,25.70797,86.62679,490.472,29.79445,114.0,0.41,1061.769,22.50296,129.76454,25.70797,28.79459,3.36457,14.03004,20.62208,30.55896,30.55896,2.32688,0.08072,2.38231
AWI,-40.46921,10.95098,7.9455,2.40422,4.08,24.68666,11.12601,248.7,27.83124,142.85715,2.42,325.0,-9.08404,47.851,17.32319,14.43442,1.0415,6.58475,9.92426,64.34301,64.34301,66.97125,3.41858,202.76653
ARW,21.11266,3.59471,56.46576,1.56069,4.48,1.51855,9.43862,1194.343,4.45443,-21.12676,7.04,3356.968,-1.43376,-23.10627,1.49916,2.32844,1.11872,4.24182,8.36834,8.58437,8.60276,39.68421,2.75453,65.79407
AJG,16.93409,3.07826,22.67578,1.05258,2.54,8.10442,3.87548,994.4,16.14391,9.48276,3.16,1706.6,12.82693,11.75193,7.51835,9.23816,1.03396,3.15127,5.56807,12.02576,12.76612,42.93016,3.15064,75.2239
APAM,0.0,26.63667,2.17332,13.7861,0.75,18.94576,20.04148,291.708,36.66405,-52.2293,2.08,392.744,10.82374,-32.08408,6.23398,11.67207,9.12737,20.18889,52.11521,41.15058,104.54779,53.8514,0.68263,184.2678
AHT,-0.83354,32.30219,6490.92,0.19683,-1300.0,-6.18276,0.0,0.0,0.0,225.2565,-1170.0,406.199,-2.33978,225.2565,-4.66758,-7.75925,0.18851,1.93788,2.03742,-9.4134,-10.60192,83.14573,225.2565,225.2565
ASH,-31.54362,4.32935,54.93548,1.96591,-1.69,-3.22086,-40.89422,542.0,16.62577,65.449715,0.79,755.0,7.53834,65.449715,0.03068,1.50245,1.24793,1.76768,2.56253,-3.10973,-3.19586,45.28514,5.20111,82.76571
ASB,0.0,87.82109,20.135,0.84615,1.42,18.80315,11.31427,554.079,45.44294,12.69841,1.53,1047.9,43.50493,14.47517,18.80315,18.93256,0.84226,1.03792,4.34079,7.63082,7.24515,55.71925,7.35226,125.83178
AC,81.56624,0.85455,38.84035,22.75017,0.37,32.26454,-4.667841,-20.37,-75.68271,-9.7561,0.3,-9.608,-219.90758,-13.51537,32.83299,26.51904,9.37738,-1.30045,-1.37125,0.98618,0.94257,0.59076,-4.667841,0.62419
AIZ,7.00394,0.57292,81.47201,1.98548,9.39,8.09977,-33.99461,628.9,9.80359,2.84776,6.24,707.5,1.45214,-8.09233,8.09977,5.3487,1.98548,1.04424,5.81763,12.4177,12.40155,27.22498,2.54683,37.40979
AGO,49.4655,1.2723,58.94623,43.98361,5.96,44.703,10.01112,989.0,60.56338,-9.14634,6.16,1223.0,2.84752,-17.13961,44.703,45.49271,43.98361,4.32497,7.75516,10.94207,10.94207,15.8898,1.30637,18.89165
ATKR,16.8343,7.22148,5.70051,2.38749,1.27,5.62784,16.45853,225.77,15.01196,35.10638,1.52,361.27,4.04174,43.95367,5.62784,6.40975,1.27525,8.98463,11.71843,27.38608,27.38608,61.48446,2.55161,159.63544
AUB,0.0,35.526897,23.91992,0.93947,1.67,18.17455,4.60048,188.125,46.88625,-5.64972,1.9,330.634,-25.02844,-5.87666,18.17455,20.69303,0.93343,1.14785,4.78407,7.12361,7.12361,53.81961,6.48194,116.54212
ATO,-24.16964,12.06057,36.74347,0.53249,3.6,13.86767,8.93546,1046.994,37.93821,6.50888,3.6,1295.483,-15.87736,13.2295,14.36446,13.84046,0.24537,4.38059,6.42931,10.39732,10.39732,47.41095,3.35703,90.15366
ALV,10.05561,5.0434,46.39486,1.58393,4.87,2.91834,2.06105,1297.4,12.49591,-24.1433,7.31,1679.7,2.83395,-24.687,4.11361,6.16055,1.18963,6.57981,10.05751,11.07581,7.48536,24.34129,1.03391,32.1725
AZO,-2.41484,38.31255,-51.31955,0.96747,44.07,11.76331,1.92248,2403.12,22.0699,8.2801,45.05,5739.62,7.64167,3.21207,11.76331,11.76242,0.12433,14.55851,36.68716,404.13922,404.13922,137.55609,2.17704,404.13922
AVB,0.0,82.82642,75.22446,0.49425,6.35,39.38493,0.0,0.0,0.0,-15.55851,6.44,1466.597,43.54606,-15.19156,39.39665,39.78902,0.49425,2.94101,3.04951,8.53058,8.52232,41.42085,82.82642,70.75044
AVNS,6.7859,3.11168,25.96787,2.97768,-0.69,-5.24853,-88.63962,23.8,3.89143,19.202795,-0.8,336.9,-71.53164,99.24623,12.96599,-6.12165,1.0844,-0.46571,-0.57148,-2.76975,-2.76975,32.3387,24.40756,47.79497
AVY,17.91209,6.06409,11.88702,1.13495,3.13,4.26079,11.06109,863.5,13.05603,-11.58192,5.42,1812.2,5.93891,-12.12972,4.26079,7.23617,0.74769,9.03412,17.77276,28.58447,28.58447,60.18874,1.83173,151.18524
AVNT,7.89112,8.54358,7.39802,1.86926,2.11,5.37478,-5.59864,389.5,12.0592,8.20513,2.2,602.2,3.96142,61.316204,-1.78643,5.55126,1.11462,7.06213,9.84983,26.22431,26.20575,68.59149,3.36072,218.38506
AVA,2.99504,7.90278,26.41201,0.48392,1.79,8.01782,4.44749,471.148,32.58445,-16.74419,2.15,921.363,-3.10455,-15.53036,8.01672,9.59013,0.28937,3.45429,5.22314,6.86187,6.86199,52.67591,4.08827,111.30886
AXTA,16.83323,6.30419,5.27532,2.13972,0.15,1.08979,-5.40475,777.1,17.75417,-11.76471,1.16,1596.5,11.01554,-12.20096,0.83847,6.37112,1.5183,4.93616,6.36116,3.04287,3.5792,73.5545,5.03873,278.1361
AX,0.0,45.94717,13.05062,1.0642,2.07,29.58601,14.67903,282.865,62.11107,11.89189,2.07,370.298,10.61506,12.95068,29.58601,29.47611,1.06066,2.14844,11.33428,17.87345,17.75421,46.13278,2.52581,85.64166
BGS,18.5528,12.79886,13.2456,4.40028,3.26,13.03691,2.27007,328.515,19.69448,88.43931,2.08,442.958,-2.1848,98.73247,13.03691,8.29067,1.81001,5.28695,6.22441,26.09855,26.09855,71.57175,6.7503,251.76273
BWXT,39.18132,10.33216,2.87065,1.65319,1.47,8.8321,13.53785,348.417,20.74111,-16.47727,1.99,495.755,7.30728,-19.23609,8.80109,11.76748,0.7991,10.90392,24.41683,67.90993,68.03128,64.04152,1.46069,178.09853
BXP,0.0,89.79393,36.3775,2.54728,2.93,21.44608,0.0,0.0,0.0,-10.1227,2.93,1657.811,29.76002,-9.81815,17.63171,17.22518,2.54728,3.03738,3.21589,8.25765,7.01594,55.90276,89.79393,126.77157
BW,3.31401,5.42717,41.326,0.98378,-80.9,-24.33116,-14.200317,-125.895,-8.08193,-14.200317,-41.9,24.218,-6.28064,-14.200317,-24.3831,-12.62459,0.60904,-7.27865,-20.15925,-103.45876,-100.84826,58.02424,-14.200317,138.23276
BMI,-2.68815,6.8194,9.52821,1.70363,1.19,8.59035,9.33503,77.278,19.20237,7.20721,1.2,155.746,12.97352,7.04753,8.59035,8.62549,0.74508,9.37754,11.28398,12.95617,12.95617,13.83532,0.57649,16.05683
BALL,15.97582,8.78289,11.26383,0.91502,1.05,3.45989,28.44575,1752.0,15.95193,28.83436,1.64,2266.0,12.17905,42.20532,3.40526,5.23028,0.50937,3.83525,5.78882,10.141,10.01714,63.27494,3.97888,172.29362
BANC,0.0,95.39536,58.83856,0.91629,4.4299,30.2956,3.92371,734.962,62.22749,0.34483,4.56691,1050.392,119.52157,1.60493,30.2956,30.89005,0.89133,1.83692,7.33714,7.56754,7.56754,15.73929,1.26507,18.67927
BAC,0.0,5693.7393,23.79856,0.84516,1.56,18.15629,9.66093,46766.0,46.5718,4.0,1.97,83730.0,58.07122,1.82062,18.15629,20.00201,0.83765,1.24926,4.03977,7.49605,6.82864,62.05738,9.34296,163.55588
BOH,0.0,57.121315,29.05281,0.67482,4.33,26.7947,2.7292,365.605,53.04689,2.36407,4.45,625.755,-3.47149,1.76953,26.7947,27.2994,0.67295,1.31232,11.12772,15.43174,15.43174,38.34115,2.09518,62.18272
NTB,0.0,46.733047,15.04545,0.59998,2.76,32.97706,16.56372,281.569,60.58857,133.89832,2.87,454.675,-110.69629,32.17988,32.97706,33.5317,0.59903,1.32051,16.34759,19.98562,19.98562,12.44838,0.41553,14.21834
BK,0.0,1084.4843,37.20884,0.74345,3.72,24.75778,1.20968,8785.0,52.86755,18.09524,3.42,15567.0,180.83514,15.30871,24.61335,21.28688,0.73671,1.29586,5.51268,11.20886,10.11731,54.12074,5.60558,118.47138
BKU,0.0,116.12812,28.32119,0.81403,5.58,45.08872,15.84713,726.219,53.30576,166.98566,2.51,1039.429,56.53697,172.11406,45.08872,19.43163,0.81236,1.42688,5.10953,22.56494,22.56494,63.09632,7.12434,170.97568
BBWI,12.64368,45.31171,-2.54895,1.72046,3.98,9.20948,-3.51076,2556.0,20.32766,-5.6872,4.04,5814.0,6.66057,-7.5818,9.20948,9.22125,1.10626,15.28836,24.32678,410.97498,410.97498,114.51388,2.24413,410.97498
BAX,0.0,299.37558,16.85021,2.57462,1.3,6.85541,15.65836,2275.0,21.54152,-85.57159,2.34,4585.0,10.5222,-85.55891,6.78913,12.03125,1.83871,5.86398,8.08358,8.31515,8.32375,27.81121,1.54374,38.52567
BZH,-31.75704,42.79842,20.36162,17.81178,0.99,1.66745,45.99404,78.847,4.11459,518.75,1.31,315.309,1.37059,577.88196,1.66015,2.18429,3.22438,1.8278,2.03403,4.82203,4.82203,66.04526,16.83529,194.5097
BDX,-10.11236,6.50511,56.79515,5.5754,4.6,9.09617,-0.03142,3182.0,26.31274,2.44989,7.21,5965.0,14.05979,12.70492,9.09617,13.05366,4.77528,4.42791,5.49733,10.69051,10.68947,59.30605,5.93023,145.73679
BDC,22.03557,5.54448,34.13299,2.02094,1.37,3.88727,0.18712,426.718,17.86445,-48.30189,3.6,841.733,6.29839,-27.18139,3.90222,6.36311,1.52399,4.54274,5.71659,6.44039,6.4121,52.10111,3.65756,108.77308
BHE,-0.93762,5.62395,27.03984,3.3841,-0.64,-1.2958,-5.27357,135.042,5.47436,19.821533,1.44,225.92,3.5878,19.821533,-1.2958,2.90007,2.46537,2.66209,3.4841,-2.3728,-2.3728,13.741,1.56751,15.92994
BRKa,0.0,2659.4968,141.16661,3.35548,18.22,18.73031,-21.58847,35482.0,14.65369,86.68033,6.89,25210.0,3.56895,86.67442,18.55974,7.01962,3.0548,2.48441,3.90098,14.23736,14.21027,22.56936,2.89124,29.14784
BHLB,0.0,40.334534,32.14023,0.90252,1.39,11.37587,42.55027,210.762,43.39783,-26.06383,2.37,343.886,99.01424,-5.83433,11.37587,19.25472,0.88635,1.18983,4.87186,4.33492,4.2669,43.42324,5.44879,76.75103
BERY,0.0,0.0,0.0,0.0,0.0,0.0,0.0,0.0,0.0,0.0,0.0,149.0,0.0,0.0,0.0,0.0,0.0,0.0,0.0,0.0,0.0,0.0,0.0,0.0
BBY,15.92083,31.40933,15.13622,1.47655,3.74,3.06322,10.40703,2387.0,6.05791,62.6087,3.56,9440.0,4.52789,36.90078,3.11651,2.8776,0.76678,7.91324,17.77655,26.56542,26.56542,22.47284,0.57185,28.98705
BIO,24.84208,5.16045,98.37675,3.9321,4.07,5.65928,6.33725,287.638,13.31563,328.42105,2.25,1189.803,-2.33519,334.66312,5.65928,3.08884,2.43763,2.13818,2.71971,4.43171,4.43171,12.92626,1.51232,14.84518
BKH,-5.68159,6.56843,31.91898,0.87934,3.52,12.40131,7.99169,609.382,36.267,156.93431,3.55,662.373,-2.48487,142.61203,10.53607,11.24432,0.41068,3.9958,5.16371,11.68205,11.72413,64.63318,5.45872,182.75092
BLK,14.85106,4.94791,197.61311,3.26041,30.23,40.08486,13.26761,5515.0,44.15179,58.77101,23.49,6789.0,29.64234,56.68348,39.78865,30.49525,3.00845,1.50263,9.24697,16.31568,16.24726,13.44056,0.90916,15.7302
BA,22.56643,10.27584,0.60064,1.15803,13.43,8.77698,0.0,11911.0,12.75377,76.47832,11.85,17393.0,9.64256,67.45659,8.77698,7.64479,0.36996,6.94003,56.59607,1415.0798,1415.0798,96.4264,0.93334,1415.0798
BCC,23.58573,19.85241,17.48397,2.4441,2.12,1.87178,43.1671,221.909,5.00698,116.32653,1.93,612.417,-0.51981,116.85837,1.87178,1.68192,1.13564,5.80728,8.30383,13.22495,13.22495,39.38605,1.97519,64.97853
BAH,11.15345,6.16134,3.8525,1.1753,1.67,4.35006,8.8566,550.945,9.49204,-13.91753,1.75,1379.699,4.16674,-14.1465,4.35006,4.46882,1.0979,9.62282,14.47796,51.41949,51.41949,74.35794,3.01904,289.98434
BWA,19.69005,6.17201,17.63079,1.46099,2.08,4.93199,8.56876,1629.4,16.62772,278.18182,3.91,2115.0,5.12613,271.22363,4.4891,8.39629,1.05732,8.19985,13.23728,12.68619,13.56099,36.38555,1.34301,57.197
SAM,-8.02584,24.50185,36.44463,1.6544,8.09,11.4774,-9.3175,169.326,19.62081,19.1458,6.51,449.901,12.30657,13.39454,11.4774,9.12917,1.06776,12.37781,16.9609,22.76714,22.76714,0.0,0.0,0.0
BSX,5.16304,5.99205,5.10522,0.67598,0.08,1.14943,10.67367,2530.0,27.96198,-68.0,0.89,6442.0,20.62334,-70.02882,1.14943,13.47689,0.44906,5.69834,8.51781,1.51328,1.51328,44.4726,2.21976,80.09127
BRC,1.56448,7.49781,13.63387,2.17852,1.84,8.591,5.32836,158.318,14.2204,16.4557,1.76,558.292,10.29109,19.39209,8.591,8.07125,1.51488,7.82016,10.05696,14.67243,14.67243,13.33871,0.68068,15.39178
BDN,15.54844,2.87831,10.31157,2.69195,0.65,23.74031,0.0,0.0,0.0,242.10526,0.67,310.956,33.57766,200.68921,23.54374,22.90557,2.69195,1.48785,1.56941,6.54042,6.53393,51.11489,46.294247,104.56125
BFH,15.06627,0.42704,33.48917,2.43484,14.1,10.21712,5.73961,2135.2,27.66018,92.09809,12.9,3879.2,-16.13403,82.44275,10.21712,9.30811,2.3862,3.64242,4.0712,44.8954,44.8954,93.29566,12.09151,283.4628
EAT,1.6248,71.12338,-10.19139,0.34584,2.94,4.78676,-10.85077,424.879,13.48464,-14.03509,3.1,568.1,6.7248,-24.86837,4.78676,4.9821,0.12034,11.54035,19.14151,59.04432,59.04432,159.0671,3.12907,59.04432
BCO,24.47655,6.24382,6.28515,1.78249,0.33,0.71109,42.21021,420.8,12.57245,-54.16667,2.82,738.8,4.96303,-51.5942,0.49895,4.27171,1.66523,6.83563,14.56024,5.16425,6.86869,78.52562,2.93893,55.546223
BMY,15.18283,5.11661,7.18984,1.55328,0.61,4.69292,-5.22985,5092.0,24.50905,-76.98113,2.54,14911.0,11.92542,-77.40633,4.84694,20.11119,1.29886,7.84293,12.30636,7.21398,6.91637,40.19385,1.56363,67.20689
BRX,13.47377,6.92123,9.54746,0.69972,0.98,23.39457,0.0,0.0,0.0,7.69231,0.97,968.372,39.76166,8.94866,23.38865,23.03006,0.66165,3.08234,3.28183,10.29947,10.29453,66.12128,61.56921,195.17052
BR,30.01764,7.94439,8.61631,1.3285,2.7,7.88877,15.93653,672.2,16.22652,6.71937,2.79,1034.7,11.04228,6.27642,7.88877,7.94718,1.15546,11.00819,15.90239,31.89382,31.89382,52.33392,1.63954,109.79279
BKD,-8.99333,35.0773,8.00272,0.82304,-3.07,-12.04112,-16.6019,668.776,14.08805,92.88597,-1.39,1253.83,4.61195,92.88597,-12.03718,-5.45079,0.62111,1.38147,1.57733,-31.66888,-31.68528,77.06598,7.68911,92.88597
BN,26.11856,9.85233,27.56643,0.92604,4.7,10.38619,29.7696,5250.007,17.69664,59.32203,4.05,14627.762,5.6478,62.48419,9.94043,8.54577,0.75949,5.3369,6.98873,18.86409,19.36592,56.20167,4.29357,128.65376
BRO,76.41814,2.31974,9.35049,1.12814,1.405,21.46994,1.19989,497.779,26.74295,54.3956,0.965,862.618,23.46049,55.20154,21.46994,14.13169,0.94254,5.38158,8.49218,16.16983,16.16983,27.42863,1.96099,37.79538
BFb,16.39534,6.30208,44.28937,2.09308,7.96,9.68632,33.53765,14500.936,18.39364,584.7312,7.4,23309.318,-1.06105,70.72799,9.26849,8.6213,1.26492,6.73359,10.24417,19.68431,20.05629,34.31358,1.50522,52.23846
BC,15.07309,10.05014,16.94027,1.78408,2.08,4.15299,2.77587,599.8,13.29934,-30.20134,3.26,961.0,2.72118,-46.95652,3.24612,6.46217,0.90735,9.43865,16.48785,12.8156,12.8156,22.77769,0.72924,29.49626
BKE,-14.9311,109.1622,8.85464,3.91881,2.03,10.04859,-29.10748,185.547,19.03294,-33.66013,2.04,468.607,12.12866,-33.48791,10.04859,10.07054,2.58315,16.56661,22.64636,23.23603,23.23603,0.0,0.0,0.0
BLDR,11.03006,11.71197,3.31252,1.74843,0.34,0.55132,7.16606,398.796,5.66938,-73.22835,1.06,1727.391,0.87815,-73.13237,0.55132,1.6966,0.95291,6.46134,8.94726,11.30923,11.30923,82.58799,4.47452,93.54715
BG,-10.44153,28.82846,45.91637,1.67385,0.89,0.37996,-34.91302,1085.0,2.36931,-82.44576,1.88,1800.0,0.31309,-78.52349,0.34939,0.57625,0.54063,1.56336,2.44997,2.47832,2.36735,39.45354,4.41843,65.16243
BURL,12.13606,136.65962,-0.70977,0.93127,3.01,3.86112,22.59523,569.217,10.18104,51.25628,3.11,2284.444,7.06082,43.45437,3.86112,3.92049,0.15313,9.30448,20.97535,156.76271,156.76271,104.60937,1.98603,156.76271
CACI,-5.78191,5.5787,73.32132,1.67046,6.53,3.75856,7.82295,370.374,8.50532,13.36806,6.72,1419.813,5.2958,14.61635,3.75856,3.76554,1.5622,4.71577,6.11748,9.62554,9.62478,40.70901,3.32519,68.65967
CBL,-17.02742,9.32441,6.66308,0.18769,0.44,16.71774,0.0,0.0,0.0,-41.33333,0.33,666.699,31.30853,-30.04477,12.71743,5.93632,0.18769,2.71274,2.83497,10.21165,12.20984,77.25937,34.87886,34.87886
CBRE,23.0919,4.889,11.84069,1.18362,2.03,4.91179,8.34054,1485.079,10.45123,20.11834,2.53,4323.688,7.03051,20.89364,4.86628,6.01195,1.08751,6.05795,9.70723,19.66128,19.55909,41.78572,1.97179,71.77915
CF,30.837,15.76336,15.34162,2.52586,1.53,10.89588,0.46642,1077.0,26.07748,81.09577,-0.47,434.0,27.03087,81.09577,8.66828,-2.65726,2.0069,0.96174,1.16299,10.33637,6.8306,41.24473,4.35655,70.19749
CMS,0.0,0.0,0.0,0.0,0.0,0.0,0.0,0.0,0.0,0.0,0.0,0.0,0.0,0.0,0.0,0.0,0.0,0.0,0.0,0.0,0.0,0.0,0.0,0.0
CNA,3.0765,1.28552,45.14666,39.8524,3.3,9.54454,16.18358,1443.0,15.3201,4.10095,3.84,2999.0,6.72311,4.65658,9.54454,11.05238,39.8524,1.51498,5.68735,7.42576,7.42576,18.92465,1.9806,23.34205
CNH,5.4602,1.32085,3.21944,1.72092,0.22,1.19612,15.02746,2304.0,8.80465,338.49673,0.49,4654.0,-5.72025,338.49673,1.12733,2.55411,1.39161,1.27236,1.98733,6.67874,7.03608,85.40567,11.23915,338.49673
CNO,-6.75226,0.75833,29.05165,123.750824,1.02,4.08638,19.03859,879.1,20.45751,-49.25373,1.99,1694.5,22.96495,-50.97711,4.08638,7.87373,123.750824,1.17864,4.37619,3.76243,3.76243,45.03657,4.51826,81.93914
CNX,-28.7914,7.50558,17.43026,1.93014,1.28,20.85156,289.95715,458.769,32.42301,70.54183,0.12,644.71,-38.641,70.54183,26.90889,1.94072,1.68995,0.36248,0.45533,7.66505,7.52575,36.21762,4.82701,56.78311
CDP,-3.41563,3.37894,13.68358,1.64169,0.57,12.27179,0.0,0.0,0.0,50.702393,0.58,323.728,30.51769,512.7371,11.26829,9.22832,1.46169,2.47591,2.65339,5.1225,4.93689,55.56623,50.702393,127.04628
CRH,3.41584,8.27744,20.77237,1.62013,2.56,7.18477,15.2821,3795.345,12.51784,63.05733,1.89,8859.27,1.70441,73.69203,7.51388,5.20881,0.89173,4.41557,6.17238,13.40074,13.10481,34.74927,2.52645,53.25499
CVI,17.64319,36.22747,10.58147,2.01251,2.7,3.622,36.46813,391.8,6.54265,864.2857,0.38,519.0,1.76049,848.98785,3.91423,0.5508,1.24223,2.82872,3.86878,26.38303,12.70799,40.63752,2.97728,68.45657
CVS,8.36074,14.58,37.17061,1.01896,6.45,3.58888,0.0,12523.0,6.7778,31.36456,5.5,28507.0,3.30569,24.54392,3.58401,3.03629,0.48949,6.62208,9.72788,17.79364,17.79442,41.73609,2.15619,71.63284
CABO,63.89158,25.15536,117.15512,1.42074,40.72,24.37718,26.56539,424.132,44.17908,137.57294,21.53,622.916,16.35936,136.53767,24.37718,12.7382,1.37291,8.38426,10.68106,41.57072,41.57072,63.63792,2.7705,175.01176
CBT,15.57018,5.52798,23.91571,1.70081,3.8,9.79021,0.0,494.0,18.18182,62.39316,3.87,659.0,7.29205,61.74497,8.87008,8.8738,1.0876,6.66483,8.69053,17.50182,17.58097,36.2069,1.87045,56.75676
CADE,0.0,63.411133,18.97295,0.84602,1.67,19.59389,4.68402,361.297,46.2594,18.43972,1.68,739.069,28.17586,15.2982,19.59389,19.69498,0.83535,1.37886,6.90055,8.90408,8.90408,46.22424,4.07661,85.95739
CWT,12.01808,11.32818,14.44351,0.46414,1.4,10.07378,21.71182,200.334,30.04004,38.61386,0.23,351.192,-9.79586,38.01952,10.07378,1.65576,0.42943,2.99758,5.48667,9.93116,9.93116,53.77767,4.02734,116.34567
CPT,9.30233,51.0725,33.13609,0.98659,2.13,21.84911,0.0,0.0,0.0,-55.53236,2.19,560.887,39.08183,-76.04093,21.36636,21.79721,0.98659,2.40043,2.59996,6.11884,6.10492,38.74982,32.715263,63.26482
CCJ,66.16069,6.8566,12.27735,5.19613,-0.41465,-9.49152,26.82438,255.93024,14.88081,48.69595,-0.24719,641.849,13.96051,48.69595,-9.5019,-5.68865,2.43277,-0.24495,-0.29956,-4.05117,-4.04654,23.51968,4.6563,30.75259
CWH,44.12343,40.12261,1.53746,1.36263,1.07,5.43664,29.05741,395.841,9.23728,-89.42688,7.36,1240.914,-7.49791,-85.202,0.66185,4.57238,0.26532,11.03863,14.19289,43.14531,80.36407,95.4184,4.77922,80.36407
COF,3.29927,0.12381,91.38561,1.14558,3.76,7.03579,6.22175,7990.0,26.55456,-45.74315,8.12,19686.0,11.58189,-47.16076,6.58713,13.06692,1.14137,1.22505,4.08035,4.60798,4.39924,55.29809,7.54456,123.70408
CPRI,-13.67327,15.66568,10.21992,2.0585,3.29,12.27274,-32.19466,921.0,20.49536,-25.9009,3.37,2661.0,12.35925,-34.15564,12.29499,12.44801,0.89678,17.61313,23.49929,30.79453,30.68577,7.7021,0.14452,8.34483
CAH,8.94298,16.73116,21.5443,1.33571,4.03,0.99557,-4.15106,3071.0,2.36274,-6.71296,4.51,6544.0,0.49009,-9.74072,0.99095,1.09995,0.70897,3.97729,9.98546,19.27855,18.98196,59.94464,3.38489,152.24077
CSL,28.55747,6.99547,40.88454,2.49712,5.71,8.93176,-1.63733,720.9,17.62635,49.08616,5.55,1059.2,4.99615,46.08313,8.93665,8.55902,1.57501,7.49412,9.67393,14.62604,14.62604,38.55146,2.20031,62.73781
KMX,15.29609,116.93253,16.66361,2.59872,3.26,3.76851,3.39552,1215.374,7.3052,7.59076,3.33,2552.278,1.09223,0.56815,3.76851,3.80981,0.51652,4.36704,4.65777,20.85255,20.85255,79.65361,10.01314,178.17151
CCL,0.0,533.4188,33.72702,0.18136,3.59,14.88292,-1.33029,4747.0,27.11022,-3.49462,3.69,7313.0,6.53841,-6.22526,14.88292,15.21519,0.08034,4.54908,5.53947,11.13366,11.13366,27.52088,1.93701,37.97076
CRS,14.51104,6.60882,25.63686,2.76162,0.99,2.6146,-6.21784,218.7,12.16622,330.43478,1.09,300.8,1.08617,315.9292,2.6146,2.84991,0.90076,2.22349,3.5833,4.08075,4.08075,33.54402,2.76635,50.47556
CAT,0.0,1034.0809,22.91902,1.34581,1.26,1.66953,62.5281,9399.0,20.67441,1034.0809,6.75,11824.0,10.52582,1034.0809,1.65853,8.78679,0.92058,5.37447,8.26364,5.61974,5.6266,71.70052,3.71082,253.36336
CE,23.09613,6.87185,21.26406,1.79089,6.19,14.03909,7.6087,1287.0,20.96091,0.0,6.86,1511.0,8.44259,-6.33333,13.72964,15.4074,1.17896,6.86644,9.47452,31.26941,27.27848,52.46398,2.82906,110.36678
COR,12.28709,15.72383,9.47027,0.90623,1.64,0.238,18.05159,2441.197,1.59406,-74.05063,5.96,4544.607,1.01031,-74.47464,0.238,0.84986,0.47499,3.65774,20.233,17.38177,17.38177,64.75917,1.55403,183.76176
CNC,10.16785,14.86162,19.74781,0.9326,2.345,1.67004,3.56919,1654.0,3.41863,37.53666,2.29,7959.0,2.66473,47.33096,1.71138,1.63225,0.85898,3.97425,7.49978,12.99333,12.49807,40.59611,2.84099,68.45863
CNP,32.74419,7.68505,10.8759,1.10622,4.13,18.63948,1.10312,2108.0,21.92636,313.0,1.58,2563.0,-0.6904,314.81482,18.63948,7.08262,0.8625,3.00684,5.23847,43.98625,43.98625,65.34595,4.19355,188.56654
CPF,0.0,25.997837,16.65371,0.7658,1.34,18.80963,5.34588,117.231,53.51596,-10.66667,1.6,205.773,84.77823,-12.31699,18.80963,22.2049,0.76236,1.20172,9.74633,8.20257,8.20217,19.97135,1.06444,24.95525
CCS,126.89824,152.0503,24.92062,8.90243,2.03,3.53245,10.94484,85.929,6.03519,-12.87554,2.44,270.885,-36.76134,1.52402,3.53245,4.1611,0.80284,3.59866,3.96754,8.321,8.321,52.86469,9.59632,112.15519
SCHW,13.12209,0.24923,11.69376,1.09824,1.61,26.27232,22.59126,4097.0,45.72545,22.90076,1.66,8387.0,-226.11328,24.6162,26.27232,24.80737,0.31149,1.02538,8.3109,16.02996,13.47221,51.60406,4.82133,106.62888
GTLS,53.21715,4.60766,26.04123,1.63571,0.89,2.98341,4.88756,111.378,11.26396,-2.1978,0.94,234.3,-1.18758,-0.83932,2.83172,2.92229,1.00026,2.93624,3.87336,3.73467,3.92319,38.21837,4.47216,61.86041
CC,14.15094,7.78225,4.70056,2.11954,3.91,12.08151,0.0,1366.0,22.09284,9675.0,4.3,1745.0,0.64694,10557.143,12.06534,12.85507,1.45813,10.23178,15.84058,155.41667,154.17957,82.62005,3.01025,1037.5045
LNG,67.70323,20.05005,-7.42424,2.69305,-1.68,10.05178,716.5018,1769.0,31.58365,239.41621,-1.39,2070.0,-49.17413,239.41621,-7.0166,-5.78484,2.3765,3.42239,3.57907,239.41621,54.17639,95.33414,14.32222,239.41621
CVX,8.94834,8.6592,77.76755,1.02967,4.85,7.27066,63.83218,21829.0,17.1228,3682.4275,3.81,58909.0,6.2574,3682.4275,7.21261,5.62701,0.72737,0.60325,0.8138,6.26192,6.26197,20.60963,1.77576,25.95986
CMG,0.00494,110.65984,0.9737,1.94365,0.1234,3.93737,133.1343,477.487,10.66674,701.2987,0.1324,1407.86,5.23493,668.3887,3.93737,4.21343,1.72513,9.64375,14.19164,12.73993,12.73993,0.0,0.0,0.0
CHH,16.87784,8.65471,-3.7421,1.36821,2.02,11.4054,15.77401,287.233,28.51355,-17.88618,2.91,461.897,16.44729,-17.5632,11.4054,16.20993,1.27231,19.61526,33.45539,49.506115,49.506115,141.23112,2.52939,49.506115
CB,10.39139,1.27207,110.32419,1.83,8.19,11.98808,0.0,0.0,0.0,-7.66629,7.84,7545.0,6.58126,-6.62636,11.98808,11.37152,1.83,1.59421,4.0528,7.76494,7.76494,21.82349,338.48825,27.91566
CHD,20.52265,11.93301,8.95691,1.06973,2.9,19.68646,8.13369,902.7,23.90498,65.71429,2.0,1729.6,12.97336,61.96078,19.68646,13.2726,0.66824,9.41276,12.38673,35.43459,35.43459,52.65034,2.73214,111.19477
CIEN,7.63085,4.65317,14.93496,1.93334,7.53,45.04261,18.01029,351.568,12.54844,1376.4706,1.09,1245.786,3.32917,1638.6105,45.04261,5.52441,1.49703,4.36512,5.73138,86.9508,86.9508,32.1689,2.88183,47.42499
CI,-0.56025,3.29306,56.2986,1.69244,8.77,5.36332,18.34532,4935.0,11.85842,21.97497,10.85,14087.0,9.50536,19.81789,5.37534,6.54118,1.69244,4.50922,14.3566,16.29398,16.1921,28.29423,1.10213,39.59956
CNK,19.01111,36.4283,11.96647,1.40233,2.26,8.89236,1.81754,670.834,22.42432,3.19635,1.89,1503.676,2.68799,3.56304,8.83088,7.31387,1.32973,6.12613,7.92362,19.89597,19.86218,59.48828,3.07698,146.84212
C,6.43251,0.11338,70.62001,1.18825,-2.94,-7.58524,9.06234,36092.0,41.31079,4627.467,5.39,65272.0,-23.93381,4627.467,-7.78097,16.64807,1.01096,1.11544,2.95565,-3.45266,-3.09807,71.27081,13.86191,248.07806
CFG,0.0,388.92245,40.79558,0.96263,3.25,25.59653,16.7242,3043.0,47.14906,64.97462,2.56,5386.0,68.90107,58.08612,25.59653,19.91822,0.95623,1.26012,5.31235,8.35969,8.25649,41.59511,4.744,71.21855
CIA,8.12265,2.90329,4.46294,1.71608,-0.76,-15.09221,-42.06178,4.839,1.91547,-1.4919598,0.01,43.402,2.6696,-1.4919598,-15.09221,0.19825,1.71412,0.0637,0.43508,-16.13455,-16.13455,0.0,0.0,0.0
CLH,6.0911,5.36787,21.02975,2.29063,1.76,3.42071,2.48632,437.057,14.84076,73.15841,0.03,882.305,5.56343,73.15841,3.42071,0.05814,1.83087,2.35459,3.14292,8.86614,8.86614,57.83137,3.72843,137.1431
CCO,11.1948,4.13764,-5.4901,1.4816,-1.77,-24.21663,-13.94473,556.985,21.49471,98.11066,-0.86,1178.935,1.77107,98.11066,-24.6874,-11.9857,1.26931,2.77915,3.79449,98.11066,98.11066,153.7586,9.45578,98.11066
CLW,-3.40577,11.96939,34.98504,1.07999,5.88,5.62521,-11.94857,188.04,10.8668,102.75862,2.19,209.2,-2.22362,96.43016,5.62521,2.08368,0.42477,3.14293,4.42648,18.624,18.624,55.76844,3.85835,126.08292
CWENa,0.0,0.0,0.0,0.0,0.0,0.0,0.0,0.0,0.0,0.0,0.0,0.0,0.0,0.0,0.0,0.0,0.0,0.0,0.0,0.0,0.0,0.0,0.0,0.0
CLF,9.24631,17.34348,-1.49394,3.41575,1.32,16.34908,27.34073,493.7,21.14075,36.08247,1.06,467.6,6.50238,110.79839,15.71533,13.09216,2.65347,10.40535,18.07143,66.589714,66.589714,123.2769,4.76403,66.589714
CLX,-0.70299,10.53439,4.20109,0.83693,5.35,11.76963,4.83211,1280.0,21.42977,8.73984,5.51,2671.0,9.82965,8.17901,11.73615,11.89572,0.5445,15.3586,26.03487,167.58044,167.58044,80.21898,1.71719,196.70332
KO,-4.90145,9.4138,4.00845,1.34386,0.27,3.33804,-9.06917,10648.0,30.0706,-81.8792,1.88,22491.0,3.71576,-80.87942,3.52443,22.68105,0.89512,6.72933,8.69342,5.88528,5.60229,71.53251,4.47831,251.27786
CDE,-44.85894,85.74166,4.39014,1.96546,0.06,1.5396,-0.92664,198.544,27.97979,-82.35294,0.11,250.402,16.98305,24.182104,-0.18588,2.7918,0.92293,1.78911,2.4497,1.37989,1.37989,33.54174,2.07169,50.47038
CNS,25.93854,6.99388,5.94917,5.02529,1.96,24.45465,13.81632,159.064,42.05884,-2.0,2.26,201.282,20.01995,-1.07278,24.31001,27.69948,3.58509,26.00413,32.78528,33.96657,31.35129,0.0,0.0,0.0
COHR,17.32952,5.42745,14.26273,3.79718,1.48,9.80139,22.90832,196.378,20.20254,42.30769,1.74,388.362,-3.43507,45.48759,9.80139,11.20135,2.51561,6.16852,7.2605,11.32259,11.32259,28.92578,1.86636,40.69799
CL,4.89015,10.69111,-0.0686,1.36121,2.28,14.06756,-0.45382,4387.0,28.38747,-16.17647,2.89,9355.0,15.31966,-17.08316,13.09693,16.49024,0.88997,19.71854,36.57442,665.37195,665.37195,96.43695,1.4992,665.37195
CMA,0.0,241.28975,46.06671,0.93787,4.14,22.59045,39.08328,1987.5,60.4287,54.47761,5.04,3094.0,2.57107,55.7652,22.59045,26.66342,0.93772,1.61412,9.12232,9.42953,9.42953,36.7765,2.33057,58.16903
FIX,18.60307,4.69771,11.23901,1.30939,1.47,3.09141,8.33005,137.551,7.69335,-14.53488,1.68,366.281,3.16534,-14.82988,3.09141,3.49912,1.25963,7.86899,14.58383,13.91229,13.91229,12.65225,0.44012,14.48492
CMC,-7.7292,6.2072,12.09697,2.81689,0.27,0.7123,-24.8293,244.958,5.36051,-56.45161,0.63,521.358,3.18458,-15.39389,1.0139,1.59447,1.63039,2.45429,3.21272,2.35185,2.35157,37.05643,3.36695,58.87246
CBU,0.0,52.412567,32.25728,0.73053,3.03,28.33676,22.10914,291.56,54.81708,30.60345,2.66,507.114,47.32646,45.18264,28.33676,24.4271,0.73026,1.66191,9.04285,10.63854,10.63854,22.90654,1.66654,29.71269
CYH,-24.53897,5.20529,-6.68987,1.72666,-21.89,-15.52791,-50.59633,1077.0,7.01492,306.70404,-13.17,5305.0,4.39246,306.70404,-16.01641,-9.58777,1.31579,0.68538,0.86334,306.70404,-225.22437,101.20018,12.91829,306.70404
CMP,7.35432,4.10099,20.53329,2.75187,1.25,3.12958,1.32096,283.8,20.80035,-73.90397,2.71,326.6,0.79522,-73.75538,3.12958,6.7172,1.42202,4.00993,4.92779,6.04944,6.04944,66.23402,4.80092,196.15607
CRK,0.0,0.0,0.0,0.0,0.0,0.0,0.0,0.0,0.0,0.0,0.0,194.561,0.0,0.0,0.0,0.0,0.0,0.0,0.0,0.0,0.0,0.0,0.0,0.0
CAG,-32.65599,11.18129,9.58129,1.17013,1.25,6.97594,-7.06377,1502.5,19.19662,14.6789,1.96,2361.0,16.35306,177.71274,8.16799,10.81557,0.47358,6.57015,9.41102,14.1244,13.87089,42.35673,1.99428,73.4808
COP,28.62419,7.83683,26.00188,1.75716,-0.7,-2.72452,80.58459,9329.0,32.05181,994.6534,0.61,12241.0,33.87532,994.6534,-2.93754,2.55904,1.53421,1.31717,1.90147,-2.60746,-2.40205,39.01275,2.11202,63.9687
ED,9.52994,7.39582,49.73548,0.72154,4.94,12.67348,7.13317,3950.0,32.82639,19.90291,4.13,6269.0,-1.99452,22.48996,12.67348,10.54037,0.56487,3.38423,5.24612,10.26383,10.25865,51.84353,4.20405,107.6564
STZ,0.61433,9.97822,35.41286,1.19736,7.52,20.99434,19.21132,2427.5,33.11055,45.17375,6.88,3539.1,4.17292,45.5209,20.93842,18.70142,0.37619,7.6601,8.81832,22.82541,22.67431,57.29801,3.8056,134.1811
CPS,9.99733,6.24845,46.13838,1.72529,7.21,3.82997,8.8063,450.457,12.45001,-2.83019,10.98,675.709,3.22509,-2.65131,3.73959,5.39604,1.35757,7.4839,12.60347,17.75713,17.57559,46.99867,1.68328,88.67451
CPA,-2.31038,23.91843,45.23815,1.14466,8.71,14.62512,36.95328,596.967,23.61835,10.25317,8.71,1030.578,7.5898,10.49608,14.62512,14.61766,1.02192,6.80584,8.79465,19.72623,19.72623,38.13336,1.96758,61.63799
CLB,16.41578,5.33339,3.2782,1.97516,1.88,12.59395,22.29232,137.832,20.88968,28.76712,1.93,182.861,11.00633,30.09625,12.59834,12.94761,1.47599,12.18753,18.87811,56.128,54.66321,60.41424,1.64685,152.61612
CXW,10.57181,7.29435,12.28053,1.12602,1.5,10.08441,-12.09399,412.026,23.33767,-19.7861,1.56,515.961,12.19975,-19.04292,10.08441,10.43394,1.05341,5.02227,5.60783,12.23403,12.23403,50.38827,3.57824,101.56523
GLW,22.01215,6.15329,15.61539,2.7507,-0.66,-4.91301,1.96991,2847.0,28.14354,318.5945,1.38,4020.0,-0.80813,318.5945,-4.91301,12.20937,1.90838,3.8114,4.93744,-3.42865,-2.94693,24.53823,1.80119,32.51744
CTRA,15.60605,8.81224,5.47947,1.21412,0.22,5.69051,1691.4556,529.608,30.0194,160.59128,-0.18,1148.292,-12.9392,160.59128,5.69051,-4.7314,1.19469,-0.49758,-0.60255,3.9435,3.9435,37.6166,2.87362,60.29906
COTY,115.30239,7.10598,12.45447,0.94161,-0.66,-5.20895,36.02485,1051.2,13.74064,271.578,0.29,4622.0,10.20761,271.578,-5.51874,2.43666,0.5366,2.0916,2.8697,-8.72774,-7.73096,41.9694,6.78976,76.60045
CUZ,0.0,42.74951,26.33303,1.89006,2.08,42.85194,0.0,0.0,0.0,116.66667,2.08,349.418,52.81541,173.38863,42.13423,42.10349,1.89006,1.7882,1.91699,8.29626,8.23917,27.90029,42.74951,38.69682
CXT,0.0,0.0,0.0,0.0,0.0,0.0,0.0,0.0,0.0,0.0,0.0,0.0,0.0,0.0,0.0,0.0,0.0,0.0,0.0,0.0,0.0,0.0,0.0,0.0
CRDb,0.0,0.0,0.0,0.0,0.0,0.0,0.0,0.0,0.0,0.0,0.0,201.26707,0.0,0.0,0.0,0.0,0.0,0.0,0.0,0.0,0.0,0.0,0.0,0.0
BAP,0.0,297.11447,84.8747,1.09128,15.92,25.17752,13.44901,2725.204,52.91985,20.15094,15.96,3452.1853,67.43377,20.25408,24.63626,24.62951,1.09128,3.24723,8.95635,20.06432,20.04183,62.85397,4.2842,169.20773
CCI,9.72314,9.42448,30.37077,0.87748,1.01,10.20639,11.95558,2383.579,54.72441,6.31579,1.16,2712.0,15.99585,24.53323,10.20639,10.16663,0.71106,2.55625,2.91019,4.4687,4.46869,56.703,6.77956,130.9629
CCK,18.75902,11.47493,4.47586,0.94585,2.38,4.92067,3.15079,1375.0,15.80823,-33.14607,4.0,1692.0,4.22942,-34.87903,3.7135,6.22148,0.45077,6.95884,11.90376,66.80455,53.80264,85.26971,3.88582,143.83177
CFR,0.0,93.377815,49.67826,0.64402,5.51,29.68881,13.71114,602.619,49.1311,17.23404,5.48,1167.432,21.74177,19.6831,29.68881,28.45724,0.64394,1.11957,7.79568,12.11524,11.55957,29.53921,2.29425,41.92291
CMI,0.0,337.48956,43.94068,1.57266,5.97,4.86587,9.96939,2515.0,12.31153,-27.46051,10.66,5100.0,7.13053,-28.33573,4.89035,8.69504,0.94011,7.31427,12.60417,14.13613,12.96127,19.72468,0.79761,24.57129
CUBI,0.0,42.03696,22.41637,1.02927,1.97,17.45108,20.86723,232.806,51.53312,-24.52107,2.29,339.485,-62.19339,0.17153,17.45108,15.54124,1.01202,1.44367,5.56484,11.75011,8.87386,69.12833,8.85818,223.92157
DKS,22.48392,115.9931,17.48819,1.42812,2.56,3.62783,-6.32525,677.808,8.55604,-9.54064,2.71,2412.183,2.58644,-13.01337,3.62783,3.80041,0.17338,7.73219,15.79152,15.4569,15.4569,0.27522,0.00786,0.27598
DNOW,19.49153,6.81596,10.96918,2.86548,-0.48,-1.96375,27.149332,-1.0,-0.03776,27.149332,-0.55,501.0,-3.80004,27.149332,-1.96375,-2.23791,1.32234,-1.90185,-2.45665,-4.39189,-4.39189,12.02673,27.149332,13.67089
DHI,6.68524,204.86497,20.65971,5.93573,2.74,7.36167,17.2791,1640.5,11.63022,16.1017,2.77,2834.8,0.54465,17.16123,7.36167,7.3504,0.59809,8.3765,9.61576,14.28375,14.28277,27.04159,1.75044,37.06438
DTE,15.50591,7.6872,53.02502,1.09566,6.32,8.8205,9.85222,2676.0,21.2263,30.84886,5.75,3173.0,-4.82569,30.64516,8.995,8.16412,0.69168,3.12652,4.65645,12.24424,11.41157,56.38507,4.82623,129.27928
DXC,-31.80998,5.4394,13.36174,1.10068,-0.88,-1.31458,21.97309,1088.0,14.30262,153.95865,2.68,2058.0,16.70172,153.95865,-1.61693,4.94604,0.98509,3.36149,5.62213,-6.28674,-4.76417,57.76955,2.72335,136.79594
DVA,-10.56443,5.98925,25.70414,2.87532,4.71,9.8921,-14.07525,2193.286,20.16512,9.79021,3.33,3243.662,-40.98521,-24.57807,6.10132,5.77499,0.88415,5.41722,6.7676,19.30327,18.35986,61.28687,4.25673,191.07869
DAN,37.86408,8.407,6.98698,1.6933,0.71,1.6091,28.59477,787.0,10.91691,-83.7156,2.25,1080.0,-0.88084,-82.65625,1.53974,4.52871,1.06287,6.59273,11.80532,10.23042,9.6546,60.77703,2.2859,161.49013
DHR,10.53639,5.46511,37.83836,1.42938,3.5,13.47431,7.83912,4418.6,24.10623,13.63636,3.69,8571.3,13.33464,-2.41219,13.59597,14.00733,0.86641,4.3237,5.50334,10.00709,9.99017,28.52298,2.38132,39.90511
DRI,-1.6129,166.55518,16.75756,0.62039,3.83,6.72924,7.5859,980.0,13.66768,37.76978,4.07,1569.4,7.16873,27.76,6.68182,7.05561,0.23968,8.74038,15.41869,23.80541,23.80541,34.27875,1.11857,52.15778
DAR,0.88827,9.38745,13.63433,1.70952,0.77,3.64131,-0.5607,436.813,11.92745,24.19355,0.24,786.571,3.45511,25.56371,3.5079,1.07968,0.89953,1.74386,2.13992,6.09152,6.05615,42.41068,3.92432,73.64331
DECK,-0.94347,11.23064,4.9721,5.16074,0.03,0.31897,-9.5815,218.216,12.18984,-95.13514,0.64333,835.235,6.22592,-95.32982,0.31897,6.89999,2.98768,8.38048,10.0749,0.59426,0.59426,3.30646,0.14954,3.41953
DE,4.23435,0.87485,29.69572,2.1112,6.68,7.59087,15.44457,4576.8,16.09017,38.87734,6.31,6777.6,-1.75868,41.68253,7.59052,7.0876,1.93823,2.88979,3.89445,26.85899,26.79025,80.70428,8.74963,508.20593
DK,117.97668,17.19007,20.43555,0.97758,4.08,4.52037,929.1237,399.3,5.49463,102.380035,1.31,563.8,4.05939,102.380035,3.97408,1.29008,0.59483,3.43738,5.55128,22.30464,20.87902,43.91365,3.85149,78.29651
DAL,15.16473,18.5742,19.66917,0.42233,4.95,8.67278,-5.70364,8349.0,20.24294,-14.50777,5.18,11833.0,7.78174,-18.20261,8.67278,9.04277,0.27007,7.30969,18.04051,27.30847,27.30847,38.84101,1.05809,63.50827
DLX,-1.83755,12.99571,21.16683,0.92295,4.72,11.70941,10.49802,521.386,26.52613,1.50538,5.33,1223.417,17.09223,0.33699,11.70941,13.0506,0.49107,11.34529,14.81652,24.27817,24.27817,41.13522,1.36041,69.88088
DBI,22.90481,157.32196,11.69229,2.39815,1.52,4.59294,-5.8904,270.215,9.96572,-1.2987,1.44,995.588,3.75089,-8.45303,4.59294,4.33023,0.7356,8.42584,12.7941,13.51869,13.51869,0.0,0.0,0.0
DVN,27.50583,9.52801,17.62667,1.44525,1.7,7.72815,275.00684,3361.0,24.09492,275.00684,1.32,2165.0,0.51348,275.00684,6.43774,4.92078,1.31011,2.24383,2.79758,11.83058,8.80755,42.45614,3.0961,73.78049
DRH,0.0,23.342258,9.15417,4.10404,0.46,10.53847,-12.6694,137.647,15.78838,-19.29825,0.43,264.742,13.77918,-19.96498,10.53847,9.90303,4.0163,2.78657,3.10992,5.00633,5.00633,33.83775,6.81302,51.1436
DBD,-0.69386,5.53337,6.22031,1.39402,-3.09,-4.45838,76.64504,190.6,4.13512,62.71602,-0.61,1029.0,4.53268,62.71602,-5.05717,-0.99918,0.84478,0.74973,1.37896,-43.92312,-19.8762,64.98405,9.72613,62.71602
DLR,0.0,78.77839,44.28638,0.34378,0.99,10.30385,0.0,0.0,0.0,-55.0,0.99,1588.833,32.14173,-41.74881,9.98187,6.92849,0.34378,1.78761,1.93388,3.76647,3.15684,44.26806,78.77839,79.81781
DDS,2.3166,134.5946,53.40725,1.88212,4.93,2.63664,-19.39012,569.986,8.88104,-28.65412,5.05,2251.597,6.51833,-37.17934,2.63664,2.69952,0.40472,5.26082,7.90735,9.63469,9.63469,32.33169,1.43964,47.77966
DIN,0.0,31.240845,-8.15306,1.33788,-18.28,-54.6509,-16.72119,210.02,34.72444,31.240845,-2.53,338.711,7.29369,31.240845,-54.6509,-7.41449,1.00987,5.56527,7.69394,31.240845,31.240845,111.72267,6.657,31.240845
DFS,0.0,0.0,0.0,0.0,0.0,0.0,0.0,0.0,0.0,0.0,0.0,588.47455,0.0,0.0,0.0,0.0,0.0,0.0,0.0,0.0,0.0,0.0,0.0,0.0
DLB,-7.07966,17.5565,20.91667,4.11532,1.95,18.71804,8.67936,345.796,31.9751,7.73481,2.06,961.648,21.74014,8.57742,18.66025,19.38825,3.8992,6.7482,7.92854,9.82723,9.82041,0.0,0.0,0.0
DG,0.0,412.35013,19.64411,1.40223,4.43,5.69044,6.27335,2442.049,11.10699,12.1519,4.45,6782.638,4.53226,7.38602,5.69044,5.69374,0.07165,11.24854,15.2026,23.20314,23.20314,37.26611,1.3151,59.40347
D,8.9954,7.90826,26.57674,0.44977,4.72,24.78945,14.46744,6029.0,47.90243,37.2093,3.4,6378.0,-14.28671,41.26237,23.82806,17.181,0.1978,3.47853,4.74551,18.89312,17.23281,65.83413,6.19075,192.68973
DCI,10.01326,4.99295,6.50889,2.37761,1.74,9.81492,9.63888,403.8,17.02433,22.53521,1.7,820.9,9.21571,22.01258,9.81492,9.50377,1.66515,10.90014,14.64036,28.78516,28.63645,41.70021,1.51362,71.52721
DFIN,-34.49643,4.81505,4.42012,1.44439,0.29,0.96527,4.82456,167.3,16.64842,-83.88889,1.39,383.5,14.86342,-83.58714,0.96527,4.57847,1.1615,8.19804,11.75525,7.44722,7.44722,75.4155,2.73939,22.530289
DEI,14.34071,8.10126,14.37516,2.37842,0.58,12.617,0.0,0.0,0.0,5.45455,0.58,559.923,46.00056,10.59288,11.41072,11.27563,2.30396,2.01681,2.08271,4.33357,3.01982,51.34262,37.749912,105.51867
DOV,9.51359,5.90805,28.31091,1.3955,5.15,10.36552,21.31566,1381.18,17.63861,58.46154,5.19,2545.705,9.297,59.49651,10.36552,10.31878,0.93096,5.93866,8.01045,19.83801,19.83801,44.9782,2.59422,81.74615
DUK,0.0,903.65,59.62714,0.67722,4.37,13.0278,7.09849,9656.0,40.97602,17.78976,4.57,10703.0,-6.56058,42.14684,12.98112,13.57522,0.25092,2.83042,4.08378,7.40589,7.41743,56.60487,5.63815,130.44061
CTA,0.0,0.0,0.0,0.0,0.0,0.0,0.0,0.0,0.0,0.0,0.0,30.35268,0.0,0.0,0.0,0.0,0.0,0.0,0.0,0.0,0.0,0.0,0.0,0.0
EME,7.52231,4.954,28.45789,1.38375,3.83,2.9667,21.4514,478.459,6.22426,26.82119,4.1,1147.012,4.79508,24.87757,2.95559,3.16042,1.25825,6.20144,12.35416,14.20733,14.19962,15.63046,0.64823,18.52618
EOG,31.3383,7.97907,28.14852,1.2031,4.46,23.00573,77.77577,4608.515,41.05287,499.2109,0.77,6023.377,-0.69634,499.2109,23.00573,3.94143,0.93379,2.08266,2.82976,17.06652,17.06652,28.17368,1.38593,39.22474
EPR,0.0,39.850193,39.48974,6.69508,3.29,44.97801,0.0,0.0,0.0,3.78549,3.52,483.202,-2.99251,16.88402,44.97801,42.86128,6.31165,4.31776,4.49199,10.28637,10.2858,50.85208,39.850193,103.4674
EQT,112.28822,6.33261,50.39202,0.94386,8.04,55.00692,253.3009,2266.761,67.10334,197.12323,2.57,1354.867,-8.40118,197.12323,44.65726,14.25591,0.7081,3.27328,3.86013,15.73031,13.49714,28.47629,3.23438,39.81378
ESE,32.17984,4.86227,26.01007,2.01464,2.07,7.83139,15.01825,116.28,16.95686,16.94915,2.2,248.822,2.26334,17.0459,7.83139,8.26885,1.05707,4.69283,6.21184,8.34528,8.34528,30.46048,2.53114,43.80311
EXP,10.74145,9.57736,24.83747,1.74549,4.1,16.36524,11.42988,364.788,30.1174,34.42623,4.21,312.045,18.13384,29.90131,16.36524,16.66037,0.62249,8.2611,9.92525,17.66673,17.66673,36.3226,1.88183,57.04159
DEA,53.81082,7.16704,37.27678,1.67347,0.25,4.12404,0.0,0.0,0.0,0.0,0.275,92.036,46.56653,30.2489,3.40392,3.33419,1.67347,1.15195,1.20766,0.72496,0.72435,42.12883,17.416328,72.79763
EGP,6.42345,6.82558,21.56258,0.32931,2.44,30.37722,0.0,0.0,0.0,-16.72355,2.45,194.042,48.67882,-12.90559,30.22968,30.26863,0.32931,3.1826,3.33841,11.99352,12.00133,59.6039,25.304167,147.54863
EMN,26.35468,10.39064,37.80542,1.58577,9.47,14.53555,10.96774,2236.0,23.41607,64.69565,7.78,2475.0,7.07535,62.06089,14.49366,11.79751,0.79566,6.56473,8.89243,27.8611,27.51784,54.40932,2.92487,119.34307
KODK,6.01504,5.58759,1.33803,2.2864,1.81,6.27041,-32.84672,184.0,12.01829,82.82828,3.97,218.0,11.23449,526.6667,6.13978,11.02058,1.52029,3.73242,11.66966,59.80633,63.1579,64.58333,2.19022,182.35294
ETN,10.75843,5.43889,39.22028,1.64276,6.68,14.63439,9.54708,3362.0,16.47716,58.66983,4.85,6648.0,7.00169,55.30697,14.62948,10.5657,0.99271,4.96296,6.48325,18.56921,18.52875,30.95324,2.30547,44.82938
ECL,9.94789,5.6307,26.33216,1.33936,5.13,11.00135,2.85217,2953.4,21.34222,23.91304,4.87,5815.7,8.67972,22.67404,10.90018,10.19166,0.84932,6.72486,8.98217,20.77743,20.77001,48.78093,2.47941,95.23977
EPC,-14.03913,9.48185,31.09179,2.26201,0.1,0.248,1.46067,451.5,19.6441,-96.65552,3.99,1126.6,8.41346,-96.8103,0.248,9.94722,1.51373,4.95798,6.3829,0.31927,0.31927,47.00441,3.42148,88.69495
EIX,-14.29889,12.24044,35.82138,0.52759,1.72,5.42208,3.68383,4250.0,34.49675,-56.34518,4.44,4603.0,-6.2358,-51.95258,5.59253,11.7487,0.2858,2.65763,5.01353,5.82245,4.75834,51.13152,3.41835,104.77427
EW,15.34884,8.72901,4.69909,1.8049,0.9,16.98833,36.74748,1178.9,34.31724,3.44828,1.43333,2560.0,20.17946,2.47586,16.98833,26.39857,1.28284,13.43599,18.4459,20.93557,20.93557,25.95802,0.87913,35.05852
ESI,9.59424,3.41587,9.54457,2.1438,-1.04,-7.8286,4.76783,758.1,20.07733,84.44691,-0.55,815.4,5.74002,84.44691,-7.84449,-4.16735,1.49643,2.48627,3.06574,-10.8118,-10.2821,65.70538,7.22794,191.59091
ELV,5.52996,14.94963,103.49259,1.55261,14.35,4.26791,1.26846,6123.4,6.8008,55.8089,12.22,17813.0,4.39505,55.59155,4.26791,3.54904,1.45631,4.93463,7.66943,14.89362,14.89362,42.92437,3.25502,75.20611
LLY,12.82821,5.33398,11.04011,1.32101,-0.19,-0.89239,21.70452,6420.4,28.07186,1011.44885,3.86,15526.1,14.77376,1011.44885,-0.89239,17.75504,0.91472,7.42046,12.50963,-1.59454,-1.58534,53.90915,2.12558,116.96278
ELME,-83.33333,232.56071,13.9469,0.68835,0.25,6.02362,0.0,0.0,0.0,-84.84849,0.25,174.881,37.22734,-83.51922,6.04082,5.89861,0.68835,1.14206,1.19342,1.83306,1.82658,51.33646,16.938213,105.49265
EBS,3.73706,3.97598,18.46665,4.85059,1.71,14.72597,10.77961,184.427,32.88213,26.66667,2.25,283.6,5.88603,59.52179,14.72597,16.77492,3.25199,8.69075,9.90552,10.95012,10.95012,1.45355,0.07297,1.47499
EMR,13.73565,5.28807,13.58596,1.63568,2.54,10.97353,2.3766,3360.0,22.01258,3.67347,2.74,6431.0,14.37287,-7.15596,9.94497,11.52617,1.21586,8.23817,12.29686,20.17684,20.44179,34.67898,1.38571,53.09008
ESRT,0.0,29.094982,7.23498,1.95519,0.39,16.60698,0.0,0.0,0.0,2.63158,0.4,390.377,29.79603,21.74868,8.7979,8.8969,1.95519,3.1232,3.36433,5.39498,5.97147,46.05865,29.094982,85.38653
ENS,-0.84617,4.84354,25.39716,3.03556,3.64,6.68412,8.91975,343.864,14.5265,21.73913,4.8,654.034,7.98311,17.67462,6.76823,8.79823,2.12073,8.03988,10.76145,15.1389,14.83711,35.3533,1.76271,54.68693
ENR,20.5867,8.33864,1.40179,1.75292,3.22,11.4769,25.40928,367.7,20.94321,57.84314,3.03,812.4,10.06721,57.7917,11.4769,10.64823,1.10876,11.16354,18.16528,73.81983,73.81983,92.73705,2.95513,73.81983
EPAC,1.80754,5.81264,8.37568,1.70723,-1.11,-6.04252,-20.05255,125.065,11.41329,25.096619,0.83,260.37,12.47303,25.096619,-6.04252,4.50197,1.10778,3.46153,4.72584,-12.96402,-12.96402,52.88952,4.49318,112.26698
ENVA,25.49283,1.33266,8.40731,11.20783,0.86,3.46552,9.49821,146.444,17.35651,-16.50485,1.57,231.779,-11.10813,-15.49621,3.46552,6.23783,10.88651,7.72316,8.38839,11.1734,11.1734,73.75332,5.40508,281.00055
ENOV,6.19354,3.50373,85.20557,1.88616,-1.77,-1.65264,-9.36336,420.554,12.74335,55.641586,2.46,671.579,4.70978,17.93679,4.57823,3.06191,1.25921,3.13126,4.46972,-2.28087,-1.59927,22.1595,2.52303,28.46783
NPO,25.75685,5.57514,42.3333,3.05707,24.76,41.21869,178.78316,178.7,13.64539,57.000866,10.62,385.4,-10.43067,57.000866,41.21869,17.27291,2.10444,4.41733,5.77201,85.59423,85.59423,40.65602,3.46111,68.50908
ETR,3.14555,10.7764,22.13772,0.65234,1.14,3.84084,-2.37089,3577.447,32.30352,375.17395,3.855,4298.997,-7.64856,375.17395,3.84084,12.50868,0.39598,2.40492,4.59915,5.29233,5.16352,67.06405,4.66173,203.61958
EPD,30.91335,7.60428,10.43326,0.69998,1.3,9.76557,7.30841,4954.0,16.94168,8.33333,1.29,3721.8,1.64048,11.38833,9.57304,9.46275,0.47665,4.08666,4.66951,12.55455,12.68074,51.89719,4.95937,107.88806
NVRI,21.76247,6.12695,2.11861,1.2488,0.09,0.7248,8.07603,278.968,17.35888,47.228138,0.77,309.624,8.88367,47.228138,0.48673,3.85958,0.7898,6.01367,11.88898,5.71767,6.60452,73.16435,2.10283,272.63867
EPAM,33.73705,4.71349,18.40078,5.30502,1.32,5.01638,29.40174,205.741,14.18465,-29.41177,2.85,529.096,9.02638,-26.70199,5.01638,10.23266,5.2441,10.17771,12.26023,8.28532,8.28532,2.50335,0.12167,2.56763
EFX,2.65405,7.6579,26.43131,0.59659,4.83,17.78597,10.63355,1238.1,36.8241,19.55446,5.16,2151.5,16.53493,20.15139,17.46773,18.43186,0.5329,8.54746,10.47805,20.12301,20.0661,45.50166,2.18423,83.49182
EQBK,0.0,33.31639,25.61577,0.78589,1.62,17.47945,69.22138,58.224,49.28682,51.40187,2.03,98.494,46.67896,120.2795,17.47945,21.39239,0.77713,1.27403,5.14605,6.53338,6.53338,51.77289,6.89839,107.35225
EQC,-36.84171,2.80901,25.60098,35.02591,0.17,8.08446,0.0,0.0,0.0,-89.50617,0.18,199.146,42.47478,-87.26631,8.08173,6.08869,35.02591,0.96063,0.98443,0.93829,0.90432,20.45223,8.65321,25.71063
ELS,43.32851,21.90738,5.82465,0.44149,1.085,22.86515,0.0,0.0,0.0,13.02083,1.1,485.573,28.83066,14.03993,21.47527,20.80189,0.44149,5.51437,6.03899,20.7513,19.28393,66.66599,43.43408,199.99391
EQR,0.0,80.35186,27.73012,0.07859,1.63,25.39763,0.0,0.0,0.0,-86.04452,1.66,1645.137,41.28953,-85.94056,24.39014,24.62104,0.07859,2.57493,2.67785,5.91709,5.77984,45.24316,80.35186,85.52041
ESNT,36.50129,22.92655,19.71307,12.71778,3.99,65.86986,28.9904,407.669,70.71314,65.56017,3.16,422.434,32.76815,70.59154,65.86986,51.15649,7.7912,11.074,13.89238,23.12563,23.12563,11.35623,0.60979,12.81109
WTRG,2.86411,8.7647,11.01557,0.46134,1.35,29.61465,1.90485,465.269,57.47432,2.27273,1.37,527.272,-22.9521,2.37251,29.61465,30.05818,0.36135,3.29192,5.2388,12.59231,12.59231,52.30459,4.61411,109.66377
ESS,143.59627,48.43077,95.03446,0.32229,6.57,31.12873,0.0,0.0,0.0,4.78469,6.53,1043.233,43.44234,4.35685,29.43081,29.21363,0.32229,2.80252,2.88274,6.94585,7.17208,46.92002,71.39374,88.93672
EL,10.86386,8.91418,11.90968,1.75841,3.35,10.62067,8.37711,2352.0,19.88838,13.17568,3.55,9405.0,10.13826,12.05814,10.56148,11.01983,1.11088,11.35691,17.10704,31.39808,31.44205,44.79559,1.51871,81.14493
ETD,29.85106,70.16406,14.59926,1.92256,1.29,4.74125,-19.97912,85.075,11.14444,-35.5,1.47,419.723,7.47731,-36.09478,4.74125,5.32996,0.55355,7.0878,9.5611,9.13178,9.12725,3.45323,0.16855,3.57674
EVR,-19.75039,7.88902,13.91141,2.15537,2.8,10.93391,33.1311,415.393,25.34426,15.22634,5.82,1514.922,30.25178,16.67101,7.65429,14.07629,2.09069,15.03488,24.40271,23.42172,22.68875,20.48573,0.49393,25.76359
EG,27.50421,2.29034,204.9474,19.83963,11.36,7.1878,0.0,0.0,0.0,-52.02703,11.35,491.8,-10.99996,-52.93112,7.1878,7.06189,19.83963,0.98306,2.4929,5.7036,5.7036,7.03567,31.473808,7.56814
ES,10.89328,7.23726,34.98495,0.69297,3.11,12.84212,5.65702,2691.956,34.72617,5.06757,3.11,3909.629,-3.91628,4.84919,12.74513,12.73419,0.32449,3.51189,5.18146,9.06503,9.00547,54.4043,4.98285,119.31891
EXPD,18.87281,5.31385,11.29338,2.32496,2.69,7.08549,3.15374,739.57,10.68596,13.98305,2.47,932.337,5.10853,13.58799,7.07049,6.3971,2.25578,14.60465,22.46013,25.51,25.53024,0.0,0.0,0.0
XOM,32.68883,12.71408,44.27648,0.81588,4.63,8.36896,37.52796,31967.0,13.47897,146.2766,3.23,78109.0,5.01113,151.40306,8.31078,5.79641,0.49807,2.22274,3.32853,11.10382,10.77729,17.87566,1.32437,21.76658
FBK,0.0,29.682436,19.54182,0.9571,1.86,16.83773,16.16722,151.611,48.71913,7.51445,2.37,295.802,-80.87415,29.08773,16.83773,21.04025,0.82008,2.26901,12.17918,11.30209,11.30209,36.80887,2.29268,58.25006
FMC,11.78884,1.48707,19.96412,1.65325,-0.64,-2.89377,-12.32569,584.7,20.31196,86.14901,2.75,972.0,13.61122,156.24103,18.61322,12.82572,1.11524,4.00441,6.28407,-3.70299,-3.54461,54.06011,5.44826,117.67574
FNB,0.0,87.820045,13.3007,0.81982,0.63,16.15899,39.02381,607.769,49.30089,-19.23077,0.94,1037.0,44.4572,16.56787,16.15899,23.04259,0.81471,1.3047,4.83592,5.88747,5.70719,49.64204,7.15158,98.57833
FCN,10.10345,3.62353,31.59297,1.93547,2.75,5.97224,-4.97814,193.627,10.71105,34.14634,2.37,592.172,5.5258,26.24182,5.97224,5.07331,1.81739,4.23545,6.00602,8.99935,8.99935,24.95091,2.04664,33.24611
FN,34.77224,6.16942,18.25319,2.5661,2.57,6.83673,51.39624,131.907,9.28602,52.97619,2.69,171.46,-3.16622,56.89775,6.83673,6.99291,1.76574,7.15219,9.86828,15.71449,15.71449,9.61097,0.54941,10.63289
FICO,0.4768,5.54249,14.10366,0.95186,3.98,13.75888,8.01839,217.36,23.31766,17.40413,4.25,647.376,18.98911,17.18442,13.75888,14.07079,0.83943,9.16911,11.08201,29.37054,29.37054,58.64237,2.78249,141.79333
FDX,4.78489,8.12322,60.16403,1.59485,11.07,4.96858,36.57745,8420.0,13.95912,70.04608,12.23,16784.0,1.31136,64.67033,4.96858,5.39329,1.46098,7.16713,11.56125,20.07569,20.07569,48.1583,1.77328,92.89492
AGM,2.63436,10.61483,47.40437,1.05442,6.6,20.16941,27.93565,372.271,89.05067,10.55276,6.78,170.684,-156.60379,9.24302,20.20888,17.18176,0.41049,1.3933,1.52383,17.93572,12.47484,95.63701,41.69709,35.950157
FRT,63.86027,4.43151,28.8231,0.45301,3.97,34.74084,0.0,0.0,0.0,13.42857,4.14,593.209,30.51224,16.00736,33.81292,34.82182,0.45301,3.551,3.83402,14.23434,12.53609,56.46414,47.418873,137.3509
FHI,19.36881,22.44316,7.52866,3.39369,2.87,26.73811,3.01123,353.208,32.02469,41.37931,2.18,813.709,20.35653,39.45165,26.41533,19.25391,3.28307,17.88737,23.98535,42.96935,41.57857,17.68295,0.4813,22.33272
FERG,-7.01565,8.28377,1.89092,1.45201,0.48556,5.8329,36.89715,1929.256,9.60326,84.0,0.50667,5586.0,0.98275,18.15383,5.1432,6.0043,0.76951,8.90552,14.68197,27.93648,27.95412,41.77258,1.68605,71.74039
FNF,-40.30132,17.43632,16.20438,2.11238,2.3,8.64331,-48.88338,824.0,11.14568,-1.7094,1.38,5341.0,8.26119,1.84615,8.95442,5.05857,2.11238,3.41958,5.19026,12.23786,10.60317,13.62657,0.92112,16.99127
FAF,0.0,193.73293,31.37214,0.5189,3.76,7.31312,26.1883,757.974,13.1397,21.68285,4.13,3458.597,12.41746,23.34042,7.33368,7.99484,0.5189,4.27819,9.88344,13.0407,12.98565,17.38232,0.9668,21.03947
FCF,0.0,35.849255,9.11311,0.87203,0.58,16.67216,28.44096,171.154,51.72675,-13.43284,0.82,302.19,60.32082,-7.42574,16.67216,23.59773,0.86923,1.4486,5.99285,6.73542,6.73542,47.24555,4.64718,89.55746
FHN,0.0,99.306885,12.82207,0.89914,0.65,11.84226,9.62164,719.882,48.16946,-30.85106,1.24,1343.394,-21.10457,-27.10068,11.0751,20.03246,0.87749,1.20832,5.96417,5.09006,4.85837,51.68883,6.80769,106.99148
FE,1.59722,9.65346,8.81361,0.76233,-3.88,-12.30374,5.98729,4337.0,30.95204,552.8364,2.66,7197.0,1.37293,552.8364,-12.30374,8.42878,0.55016,4.23131,6.54487,-33.91698,-33.91698,85.14496,5.18723,552.8364
FLG,0.0,0.0,0.0,0.0,0.0,0.0,0.0,0.0,0.0,0.0,0.0,0.0,0.0,0.0,0.0,0.0,0.0,0.0,0.0,0.0,0.0,0.0,0.0,0.0
FLO,2.08568,15.46829,5.94073,1.28745,0.71,3.82888,-7.67265,412.502,10.52104,-8.97436,0.78,1911.26,7.15636,-8.33822,3.82888,4.1693,0.79105,6.17131,7.82214,12.20112,12.20112,40.11923,2.03135,66.99851
FLS,-2.93744,4.20943,12.69615,2.05868,0.02,0.11823,-20.52873,420.256,11.4798,-98.0198,1.23,1088.953,10.42079,-97.99781,0.07244,4.39148,1.25525,3.94378,5.87782,0.16215,0.26164,48.52602,3.74833,94.27291
FLR,-5.73295,11.82024,23.88763,1.56715,1.36,1.35479,-25.14564,665.572,3.40952,-32.0,1.73,277.729,0.21269,-31.99136,0.98037,1.2386,0.99826,2.96794,5.52901,5.91811,7.8533,31.67376,2.43243,46.35665
FLUT,0.0,0.0,0.0,0.0,0.0,0.0,0.0,0.0,0.0,0.0,0.0,1811.178,0.0,0.0,0.0,0.0,0.0,0.0,0.0,0.0,0.0,0.0,0.0,0.0
F,9.48438,2.60909,8.781,1.22518,1.9,4.86554,7.64407,17166.0,10.94938,65.21739,1.79,16558.0,-0.24039,65.4047,4.84896,4.53848,1.07797,2.0282,2.78104,23.734,23.72665,81.50267,8.98794,1480.733
BLX,0.0,42.24811,26.44784,1.52354,2.08,33.45997,-5.26022,96.645,39.43632,-6.30631,2.09,124.996,272.55478,-5.797,33.45997,33.52566,1.52226,0.87583,1.56787,7.98383,7.98383,67.95665,22.88341,212.07726
FTV,20.96467,6.37243,10.89793,1.83287,2.96,15.69261,7.31437,1550.8,23.29928,17.92829,2.79,2923.4,11.04098,19.74092,15.69261,14.56618,1.31417,9.20727,12.36847,32.24661,32.14242,51.57673,2.61555,106.51226
FBIN,0.8353,9.55389,17.11244,1.76632,3.05,8.99627,9.95376,856.1,16.20389,16.85824,3.13,1932.2,7.7991,14.37561,8.94517,9.07607,0.96857,8.52687,11.48011,19.15743,19.14949,36.69287,1.76101,57.96009
BEN,26.13622,7.11747,22.74427,11.67631,3.01,27.99819,-5.25654,2335.9,36.54297,2.38095,3.0,2927.6,-6.83685,-1.73742,26.54329,26.22571,8.7029,8.36423,9.17882,13.81914,13.03164,6.87061,0.46988,8.48498
FCX,10.65719,13.83052,5.50898,2.13954,1.21,12.36969,1911.4478,5974.0,36.42017,668.4949,1.1,6464.0,19.17027,668.4949,11.07724,9.70371,1.19452,6.49466,9.7516,25.02139,19.74408,53.72957,2.19568,116.12075
FDP,2.74914,11.54209,36.24767,2.58964,2.39,2.91735,-32.45165,237.5,5.81267,-44.8037,2.44,331.6,0.47419,-46.33496,2.95651,3.00069,1.16176,3.653,4.71709,6.78804,6.60827,16.64185,1.50568,19.96427
GATX,-8.81472,6.16338,47.30578,1.14808,12.75,36.45871,-3.80737,639.2,46.42312,102.7027,4.8,847.3,-19.23252,95.25477,36.45871,13.52604,0.99264,2.85573,3.5158,31.97554,31.97554,70.99754,6.86561,244.79836
GME,4.64396,260.45084,5.57946,1.21527,0.85,4.10321,-9.01478,738.8,8.58281,-10.05291,0.81,2499.9,4.06995,-12.3138,4.10321,3.89196,0.50542,7.6806,13.00109,16.2949,16.2949,26.55502,1.10314,36.15634
GAP,18.79433,50.29498,7.2782,1.75907,1.69,4.35679,-12.26715,1931.0,12.44522,-24.21525,1.85,5640.0,8.26244,-26.52174,4.35679,4.75735,0.86343,11.03892,19.60438,24.81189,24.81189,31.13588,0.67996,45.2135
GRMN,12.10863,5.52265,20.20557,2.85272,3.68,22.51228,8.01039,749.618,24.28303,36.2963,2.74,1797.941,9.51345,36.04854,22.51228,16.67146,1.984,8.76812,11.57923,19.24958,19.24958,0.0,0.0,0.0
GNRC,15.77172,6.40957,8.97135,2.10495,2.56,9.6347,12.75212,305.052,18.23988,70.66667,2.16,584.786,10.22582,61.34146,9.53012,8.01273,1.07612,8.14937,10.47571,33.18212,31.04691,60.60247,3.04447,165.89328
GD,145.27832,4.9684,38.51517,1.39919,9.56,9.40174,-3.0443,4618.0,14.90976,-3.14083,10.13,6242.0,5.14158,-1.45516,9.40174,9.78469,0.90389,7.68758,17.24266,25.98724,25.98724,25.82863,0.86228,34.82291
GE,-4.25134,3.38907,59.21915,1.01352,-5.44,-4.77139,-11.96481,18012.0,14.95169,1155.694,8.08,7111.0,15.81395,1155.694,-4.79297,7.28315,0.81627,1.79192,3.04927,-7.81131,-6.92943,61.1844,7.4723,164.16339
GIS,5.09259,11.19338,7.50199,0.76187,2.77,10.89066,-0.08974,3451.5,22.09695,0.0,3.15,5653.2,8.52796,-2.35065,10.61153,11.83988,0.44926,8.17894,12.00159,35.80648,28.95711,62.88392,2.74712,202.36261
GM,-9.5196,4.82175,25.00071,0.89406,0.22,0.22667,13.86937,25123.0,17.25623,-96.33333,6.74,18404.0,-5.87076,1905.967,-2.65407,6.78222,0.70562,3.78767,6.34643,0.88283,0.82217,72.24331,3.75031,260.27347
G,12.64821,4.18379,7.38516,1.70949,1.34,9.53043,1.3722,426.04,15.56635,4.6875,1.38,1055.491,8.42226,-2.4373,9.61337,9.77496,1.42773,6.5672,8.59414,19.41283,19.17975,46.0612,2.86387,85.68015
GPC,24.91543,7.48089,23.26684,1.33593,4.18,3.78174,1.57493,1236.43,7.58137,-8.93246,4.73,4906.398,1.45504,-10.25595,3.78174,4.26746,0.4999,6.28026,12.37938,18.67297,18.48927,48.36681,2.6245,93.67387
GNW,0.61002,0.32132,26.87901,3.06208,1.65,11.28391,50.1355,1108.0,13.35744,77.79,0.74,393.0,11.54762,77.79,9.84931,4.4516,3.06208,0.6043,3.25254,6.33873,6.28293,22.98262,4.12816,29.84081
GTY,0.22464,0.75731,13.94838,0.99312,1.2,37.38858,0.0,0.0,0.0,-2.43902,0.98,97.813,40.60783,22.84502,39.16306,30.01101,0.99312,3.43522,4.02985,9.1504,9.1504,40.64499,18.23368,68.47777
GBCI,0.0,39.16448,15.37115,0.82294,1.5,23.88391,8.90605,259.436,53.24374,-5.66038,1.77,446.573,-98.96647,-3.92468,23.88391,28.16607,0.81642,1.58026,7.52557,10.05015,10.05015,41.50896,3.27991,70.96635
GLOB,47.82721,6.15933,7.47733,2.10613,0.84,7.3682,-11.47939,54.002,13.06166,-16.83168,0.72,150.678,6.2157,-14.87624,7.38658,6.08111,2.06618,7.37508,9.90114,12.94223,12.91013,2.23146,0.11131,2.28239
GL,9.99367,4.60136,54.37872,0.80541,12.26,35.05765,7.435,929.721,22.35114,178.00455,5.04,1172.435,13.26817,164.55975,34.96704,14.09671,0.80541,2.55845,8.41396,27.00917,27.00917,18.98501,1.57065,23.43395
GS,13.81991,0.13375,180.9977,1.47876,9.01,9.98812,19.82837,21085.0,49.13659,-44.68999,20.07,28300.0,-96.87609,-42.06542,9.98812,18.78332,0.95281,1.4022,2.27531,5.86802,5.03658,85.44479,23.0517,2159.071
GGG,16.74396,6.49973,4.27042,2.69563,1.45,17.11565,18.2548,416.847,28.26572,512.6761,1.7,795.202,15.81818,520.57336,17.11565,19.35743,1.57544,17.75851,25.25271,38.92595,38.92595,24.34015,0.55803,32.1705
EAF,45.0216,5.58,2.029,2.33314,0.05,2.58038,0.0,99.518,18.06885,0.0,0.04,87.717,8.12929,16.48076,1.44942,2.19493,0.97943,1.87091,2.34073,2.38737,2.38737,35.62649,3.41018,55.3434
GHC,1.41268,4.34848,529.6412,1.97562,53.89,11.67079,-18.67073,322.412,12.43947,80.83893,24.7,1137.503,7.84411,79.15891,11.65362,5.25669,1.83123,2.92214,4.28727,11.25332,11.21231,14.55915,1.5486,17.12735
GVA,15.16965,6.91584,23.70415,1.88025,1.71,2.53539,8.47772,158.717,5.30877,20.42254,1.6,278.741,2.12456,20.96565,2.31119,2.1297,1.19229,3.19386,4.82984,7.54717,7.91492,18.44245,1.41447,22.6128
GPK,-25.13075,13.86337,4.17124,1.37409,0.96,6.817,-4.14185,708.2,16.08193,35.21127,0.63,709.5,6.82977,31.66667,6.817,4.45064,0.57576,5.20525,7.27328,25.56634,25.56634,63.7758,3.21166,176.05852
GRBK,-34.43628,224.21614,8.22836,10.59314,0.3,5.54741,24.42122,59.762,13.1526,-38.77551,0.69,118.56,-7.92054,-36.98434,3.29464,7.53167,0.82558,6.44254,7.1618,3.73821,6.04082,21.26066,1.95653,27.00133
GDOT,43.68199,4.38268,14.95131,0.98894,1.61,9.64859,31.13758,164.04,18.42833,101.25,1.59,895.285,47.08318,106.45914,9.64859,9.01717,0.9537,3.15716,7.63395,11.86053,11.86053,9.43078,0.48532,10.41279
GBX,20.40582,8.46534,35.7201,2.53202,3.65,7.39741,-31.16679,313.092,14.43376,-36.30018,3.97,421.299,8.26915,-36.64915,5.35077,5.34875,1.638,7.39837,10.1138,12.26638,14.37917,31.64684,1.79676,47.71867
GEF,11.97395,8.59891,21.12953,1.4457,2.48,3.71338,5.41657,459.3,12.62438,57.96178,3.28,714.7,5.55014,58.34446,3.25985,4.31209,0.85667,6.55803,10.28516,12.11255,13.00351,47.05911,2.10603,92.34368
GES,6.69513,9.95751,11.52889,3.02215,0.27,1.19885,-52.75299,41.661,1.9665,-71.875,0.1,745.04,-2.74175,-72.19215,1.07438,0.39492,1.79957,-1.12496,-1.68451,2.29019,2.51218,2.38218,0.57723,2.45139
GPOR,33.23462,8.27844,16.9389,0.62283,2.41,32.9585,91.88351,914.606,69.27243,91.88351,2.42,756.257,-128.92827,91.88351,32.9585,32.962,0.48011,6.83346,7.68595,16.46586,16.46586,39.66385,2.22931,65.73813
FUL,34.9073,5.59883,20.71141,2.2677,1.13,2.52442,1.17884,280.834,12.16236,-53.30579,2.39,598.992,1.70378,-53.07908,2.52234,5.2136,1.37133,3.76854,4.70242,5.87857,5.86842,70.13613,8.73082,234.85278
HCA,11.58599,7.07617,-19.4406,1.62017,5.95,6.28927,0.29397,8188.0,18.77379,-18.49315,7.02,16239.0,3.86659,-23.3218,5.08094,5.83157,1.18415,10.76211,14.07139,1170.8088,1170.8088,117.79924,4.03737,1170.8088
HEI,10.00312,7.18095,8.79585,2.53327,1.3696,13.61872,12.26255,371.836,24.38568,16.81223,1.4144,574.725,15.01076,19.0746,12.19723,12.21664,1.10057,8.45135,10.51421,17.50893,16.43769,32.82268,1.81257,53.9921
DINO,50.40369,23.75351,30.27388,2.15281,4.52,6.18359,50.0556,1376.346,9.65769,149.2518,2.87,1595.442,2.34077,149.2518,5.65138,3.54788,0.9811,6.02654,7.61317,16.02422,15.73798,29.76433,1.81567,42.37779
HNI,12.68981,8.91779,11.85745,0.99832,2.0,4.13157,-17.03666,202.029,9.28492,6.38298,2.01,811.315,0.41965,4.92889,4.12683,4.04969,0.57977,6.40591,11.57543,17.69933,17.70367,34.96452,1.36935,53.76222
HPQ,7.29217,12.20826,-2.06598,0.99581,1.48,4.85247,12.96584,4365.0,8.3852,-3.26797,1.71,9578.0,5.97001,1.20192,4.85247,5.54495,0.68303,8.09675,68.14012,679.0999,679.0999,177.26138,1.79129,679.0999
HAL,28.40388,4.60371,9.53265,2.21658,-0.51,-2.1775,62.5627,3565.0,17.28904,280.24805,1.01,2277.0,5.25703,280.24805,-2.24539,4.2614,1.53065,4.82145,6.10772,-5.00818,-5.04579,56.72075,3.06929,131.05762
HBI,10.94847,7.53587,1.90545,1.9038,0.17,0.98883,2.06066,1038.307,16.04453,-87.85714,1.94,2544.421,8.56917,-88.52502,0.95642,11.02232,0.74484,8.29396,11.9048,6.70022,6.70022,85.24207,3.81729,156.25194
THG,14.78781,1.1104,70.53412,5.48209,4.73,3.91559,6.90222,390.3,7.52835,31.02493,5.46,847.6,7.40322,20.05158,3.59154,4.47593,5.48209,1.5165,6.06112,6.93401,6.93401,20.79216,2.01614,26.25013
HOG,3.14568,2.35447,10.9719,1.23006,3.02,9.23921,-9.67731,1293.644,22.90761,-21.14883,3.34,1908.025,10.59855,-24.61917,9.23921,10.17249,1.00396,6.74282,7.6271,27.72044,27.72044,79.11892,5.4018,147.29472
HIG,-67.39315,0.74142,37.8158,12.15267,-0.72,-1.55915,53.91667,1847.0,10.99143,341.5131,3.04,5579.0,-32.64699,341.5131,-18.63247,6.57967,12.15267,0.45577,5.00465,-1.72385,-1.72385,27.70813,2.80022,38.32815
HE,0.0,57.412395,19.27957,0.82565,1.52,6.54192,1.33256,560.289,21.92376,-33.62445,1.65,578.428,12.82561,-33.16423,6.54192,7.02121,0.82565,1.7319,5.26149,8.02985,7.89973,48.31391,3.55638,93.47566
HCI,434.10724,3.30722,22.13821,61.46246,-0.75,-2.8475,-97.45386,1.33,0.54942,37.150967,-0.85,39.114,-48.26859,37.150967,-2.8475,-3.00502,61.21721,-0.03389,-0.06221,-3.1495,-3.1495,55.07862,178.8233,122.61116
DOC,-44.27915,1.2454,11.29229,2.83927,0.88,22.73107,0.0,0.0,0.0,14.28571,1.07,1030.164,77.50511,-34.02294,22.27579,26.9767,2.83927,1.655,1.72682,7.63544,7.32706,58.48037,58.84683,140.84993
HL,-26.27726,33.12265,3.71727,2.85673,-0.06,-4.07062,-16.43134,203.01,35.13652,26.208307,0.01,273.048,9.17087,26.208307,-4.07062,0.6878,2.24788,2.1756,2.58226,-1.58717,-1.58712,25.72836,2.53204,34.6409
HLIO,45.75593,10.84367,10.07028,3.20031,1.17,9.2049,83.20697,87.474,25.5146,34.48276,1.62,136.525,9.80205,35.41881,9.2049,12.77282,2.21148,9.43626,11.1565,12.3983,12.3983,29.84514,1.32611,42.5418
HP,38.79818,5.26666,38.34657,3.58688,-1.2,-7.08484,-31.97627,395.575,21.91866,46.508095,-1.17,555.424,3.1404,46.508095,-7.10418,-7.03397,3.12261,-1.78918,-2.44545,-2.93078,-2.93078,10.58299,1.24604,11.83554
HLF,32.71693,54.12836,-2.03341,2.0515,1.29,4.83095,-5.31069,702.5,15.86603,-14.56954,2.47,2324.9,8.62722,-17.73077,4.83095,8.83637,1.51312,13.79681,21.05811,156.20532,156.20532,117.31147,3.22861,156.20532
HRI,31.70815,5.16333,18.03534,1.63227,5.6,9.13651,19.59925,573.0,32.65888,61.52287,0.23,425.2,-9.9487,61.52287,9.13651,0.37099,1.47162,2.54171,3.3646,38.71513,38.71513,81.67851,3.97103,61.52287
HRTG,895.11707,1.73832,14.67321,4.72196,-0.04,-0.27519,-11.20153,58.377,14.35654,50.500145,0.01,121.249,-84.63992,50.500145,-0.27519,0.0659,4.72196,2.2569,6.36064,-0.30335,-0.30335,32.68312,3.15886,48.55114
HSY,1.18356,12.8508,4.34095,0.96406,3.66,10.06646,12.83683,1781.118,23.6995,9.58084,4.83,3460.523,10.63373,8.74072,10.41832,13.64052,0.46637,17.52364,25.34339,92.05076,86.00667,75.81635,1.63969,246.43193
HES,1.80851,5.76278,35.07335,2.52854,-13.12,-72.10026,82.33519,-2185.0,-39.97439,82.33519,-8.42,4080.0,-42.67975,82.33519,-74.53348,-48.38496,2.41109,-13.02843,-16.15222,-31.84928,-28.2054,36.09229,82.33519,56.47564
HPE,-34.38771,3.54615,14.71074,1.13316,0.26,1.51017,-41.38619,4406.0,15.26099,-85.71429,0.69,8669.0,5.1085,-89.11737,1.19151,3.93384,0.95297,1.66655,2.75985,1.58794,1.58479,37.38178,3.18475,59.69794
HXL,1.26222,7.98422,16.68638,2.50553,3.09,14.39214,2.5805,465.1,23.56966,16.60377,2.86,551.8,0.83173,13.69095,14.39214,13.1311,1.17818,8.69922,10.63441,20.72993,20.72993,35.13666,1.74135,54.17029
HIW,16.03696,3.31382,21.21613,0.72743,1.78,26.90196,0.0,0.0,0.0,52.13675,1.78,473.253,28.15431,-64.64457,26.01797,25.65429,0.72743,2.8122,2.98859,8.62492,8.1901,45.82637,33.54497,90.03676
HTH,3.55476,0.21713,19.92125,1.36405,1.36,7.89882,-13.01616,324.762,19.26662,-8.10811,1.44,1585.784,7.05795,-9.15048,7.86322,8.29827,1.0656,1.34989,4.71391,7.00811,7.02732,47.35987,5.30461,89.96912
HLT,-12.68591,8.51191,6.52761,0.89946,3.85,13.87182,-36.70467,1721.0,18.88718,266.66666,1.96,2135.0,12.87725,261.78162,13.81695,6.96927,0.77174,4.23875,6.77836,31.58951,31.90308,76.08621,3.83614,199.06229
HOMB,0.0,55.554638,12.69512,0.94612,0.89,21.92621,3.23236,357.504,58.02883,-29.36508,1.21,540.373,125.69711,-23.74482,21.92621,29.61876,0.94448,1.75869,6.24263,7.64957,7.64957,45.15733,5.07689,82.33976
HD,7.3545,48.27507,3.60183,1.25409,6.45,8.41165,11.96292,15218.0,16.08753,18.13187,6.49,32313.0,9.30163,13.52547,8.41165,8.43196,0.32314,19.68076,30.28885,149.44125,149.44125,84.48844,1.55086,2092.7786
HMN,0.40685,5.19982,36.87738,33.192642,4.08,14.6212,-20.64244,94.695,8.17044,101.9802,1.7,288.424,4.19885,102.30287,14.6212,6.06737,33.192642,0.50562,3.29618,12.12346,12.12346,16.53486,3.14134,19.81049
HRL,4.57307,15.15717,9.34081,1.91504,1.57,9.24026,-3.253,1372.036,14.96627,-4.26829,1.6,1996.636,7.96727,-4.86679,9.23625,9.22148,1.02514,11.62391,15.68403,18.04652,18.04054,4.81724,0.18221,5.06104
HLI,4.50602,14.67944,11.00768,1.55303,1.63,12.42336,28.21409,191.448,21.95276,52.33645,1.78,831.134,24.98018,55.35051,12.42336,12.47095,1.40901,9.29108,15.28563,15.72722,15.65639,4.26753,0.17008,4.48132
HWM,6.26283,12.90194,10.08481,2.2585,-0.28,-0.57099,-19.35624,1854.0,14.30556,219.85875,1.25,2739.0,3.41146,219.85875,-0.57099,4.34873,1.24929,4.20258,6.51683,-1.49314,-1.47044,58.15772,3.69148,138.99269
HUBB,1.22354,7.08194,29.77661,2.27178,4.39,6.81149,4.70432,632.1,17.22907,-16.22137,5.97,1168.8,7.84044,-17.03072,6.62615,8.91725,1.31681,9.21421,12.5967,15.06663,15.37326,39.03666,1.66936,64.03301
HPP,20.91403,7.00385,23.37854,0.82088,0.44,12.98494,0.0,0.0,0.0,76.0,0.45,474.034,48.32259,145.10435,9.41865,9.48457,0.82088,1.27905,1.33502,2.03499,2.47734,38.17693,40.71275,61.91261
HUM,-41.68831,44.07875,71.48512,1.8501,16.81,4.55594,38.94516,3978.0,7.40341,313.02213,14.49,10271.0,8.94718,298.69708,4.55594,3.89657,1.66883,8.30496,14.78131,23.85151,23.85151,33.32882,1.2368,49.98984
HII,2.06186,6.32738,38.98004,1.578,10.46,6.43731,3.42131,1058.0,14.21852,-13.83855,12.17,1628.0,4.63647,-16.40489,6.43731,7.47439,1.35802,8.37852,17.86612,28.08561,28.08561,42.11393,1.20889,72.75313
HUN,-10.4137,6.28894,10.90694,1.83124,1.96,6.97535,15.57297,1180.0,14.11821,42.02899,2.11,1651.0,-4.17863,95.09203,7.60948,6.01847,0.54028,5.63475,9.6629,24.4689,24.10087,40.53625,1.94746,68.16968
H,15.13158,14.30887,29.62558,1.37371,1.97,5.34302,3.27613,662.0,14.14832,29.60526,1.73,1005.0,5.84527,22.05882,5.32165,4.61569,1.17598,2.39933,3.53593,6.70436,6.71231,29.06651,2.19184,41.09318
HY,20.70344,6.96656,34.34975,1.63403,2.94,1.69486,52.41546,126.2,4.37405,12.64368,5.57,502.6,2.80397,13.5514,1.68446,3.17516,0.97213,3.55196,6.74888,9.44331,9.3786,33.68092,2.30349,50.78616
IEX,8.55629,8.20996,24.5983,2.78148,4.36,14.74469,9.51859,587.254,25.67442,23.51275,4.51,1026.678,15.90055,24.39904,14.74469,15.03102,1.85641,9.59327,11.85345,19.66263,19.66263,31.28823,1.46282,45.53548
IQV,16.75454,5.26432,38.96684,1.18802,5.88,13.6359,64.10027,1833.0,18.82123,673.6842,2.15,3401.0,9.20526,1038.2609,13.44081,4.80819,1.04855,2.33788,2.96597,15.63732,15.42572,55.02341,5.57829,122.33788
ITT,17.50653,4.77257,18.09637,1.6441,1.29,4.44049,5.442,412.7,15.96333,-36.13861,2.82,819.9,5.65457,-39.01128,4.39021,9.63161,1.13342,5.40099,11.55035,7.6096,7.58707,9.71351,0.41653,10.75854
IDA,-1.26465,8.91739,44.67743,2.20973,4.21,15.79772,12.27743,466.442,34.56442,6.85279,4.25,516.747,0.44842,7.1265,15.74073,15.86043,1.28248,3.08415,4.79893,9.64381,9.65967,43.62868,3.74349,77.39516
ITW,11.49767,5.74283,13.42606,2.38389,4.86,11.78566,9.25297,3861.0,26.97359,-14.73684,6.64,6008.0,12.05027,-17.10074,11.78566,15.96216,1.93678,13.28523,16.9916,38.17174,38.13291,64.47318,2.15695,181.47745
IMAX,19.02561,1.59146,8.15732,17.42337,0.04,3.28758,-5.50214,82.559,21.68229,-90.47619,0.34,185.246,6.50303,-91.85772,0.6156,5.83801,15.96207,3.50395,4.7088,0.43019,2.03518,4.03153,0.30714,4.21033
NGVT,11.35858,10.24658,6.27005,2.40666,2.97,14.93213,22.12075,240.7,24.75319,257.83133,2.61,329.0,11.64644,259.375,13.00905,11.30803,1.30744,14.3838,18.71263,64.72244,70.4,61.99918,1.88367,163.1522
INGR,0.9396,8.25651,40.15557,2.52351,7.06,8.60841,5.67515,1080.0,17.47573,7.78626,7.86,1481.0,4.911,7.01031,8.39806,9.15728,1.63532,9.17847,11.66685,19.02493,19.30334,38.98766,1.72593,63.90127
INVX,-10.24949,2.24844,33.94595,10.09447,-2.69,-22.09569,-76.55554,34.936,7.67034,-1.0290719,0.03,0.0,30.75495,-1.0290719,-22.09569,0.24672,6.85419,-0.26379,-0.28472,-7.59286,-7.59286,0.0,0.0,0.0
NSP,23.35532,11.02226,1.59887,1.0722,2.01,2.55746,23.6467,152.423,4.61857,30.09709,2.13,572.731,4.38842,27.89926,2.55746,2.65051,1.02021,8.51407,49.99352,133.07791,133.07791,61.15241,0.68494,157.4162
ICE,16.21622,6.94524,29.02916,0.98876,4.23,43.57216,3.60014,2964.0,50.80562,78.48101,2.72,4638.0,29.3795,76.79325,43.09222,27.46109,0.04104,1.89918,6.73307,15.40394,15.52746,26.46191,2.05803,35.98396
IFS,0.0,0.0,0.0,0.0,0.0,0.0,0.0,0.0,0.0,0.0,0.0,8.8102,0.0,0.0,0.0,0.0,0.0,0.0,0.0,0.0,0.0,0.0,0.0,0.0
IBM,8.73067,2.69011,19.07873,1.33113,6.14,7.25433,-5.70505,15454.0,19.52767,-50.44391,11.39,36943.0,9.7144,-51.54144,7.26949,13.42563,1.18326,5.61771,10.90349,32.1317,31.79112,72.54024,3.0299,264.16925
IFF,20.52181,5.59773,21.33333,2.46699,3.72,8.69931,5.6517,762.277,22.42836,-26.33663,5.91,1501.165,7.66401,-27.00188,8.69931,13.74941,1.34203,9.37382,12.85038,17.86255,17.80885,49.24677,2.15034,97.03178
IGT,4.29368,4.62973,9.85512,0.8335,-5.26,-19.18443,-8.28738,1477.649,29.91823,162.9055,-2.17,1918.345,24.26782,162.9055,-21.63565,-8.9248,0.70843,2.79235,3.7135,-42.12221,-29.79288,75.67669,5.70997,162.9055
IP,9.35121,7.52874,15.79402,1.62231,5.05,9.70427,9.20578,3630.0,16.69503,130.59361,3.28,6941.0,3.55402,137.16814,9.86065,6.22571,0.84379,4.26964,6.24918,38.84746,38.7156,72.73334,4.80661,266.7482
IPG,7.18711,1.28795,5.74374,0.97212,1.46,7.54846,2.95939,1130.7,14.34462,-2.01342,1.4,1199.9,7.64171,-4.84799,7.34548,6.91972,0.92773,4.83312,15.48307,27.45312,24.8051,35.55331,1.21385,61.38742
IPI,45.76042,12.40072,31.53643,2.98634,-2.0,-14.53616,5.771442,16.733,10.61691,5.771442,-1.8,18.267,13.74082,5.771442,-14.53616,-13.21491,0.52204,-2.14292,-2.35113,-5.98232,-5.98232,12.86543,3.55208,14.76501
IVZ,0.0,160.44167,21.36109,1.04837,2.75,22.49869,13.16127,1499.5,29.05839,33.49515,2.57,1807.6,22.41682,31.97144,21.84563,20.38947,0.17553,3.01094,5.67138,13.91737,13.58348,42.7736,4.58526,76.77431
IRM,20.90318,5.03681,8.115,1.46621,0.71,4.98554,15.28494,1262.234,32.823,73.17073,1.01,2180.753,16.18294,75.36156,4.78006,6.98353,1.33308,4.51093,5.22118,8.98029,8.75122,74.66209,5.58,166.0365
SJM,-2.53277,16.62579,60.38611,0.89589,5.1,8.01651,-1.83089,1656.8,22.42404,-11.45833,6.3,2841.0,12.20359,-13.99739,8.01651,9.84594,0.35321,4.89821,6.27451,8.5477,8.5477,44.07407,3.25839,78.80792
JBGS,0.0,23.791183,25.18425,1.0659,-0.63,-14.62736,0.0,0.0,0.0,23.791183,-0.08,301.681,68.70408,23.791183,-13.27142,-1.73781,1.04808,0.94027,0.9779,-2.8181,-2.772,38.07701,23.791183,74.08191
JBTM,21.45873,5.66857,13.99436,1.33348,2.58,5.0211,23.32921,199.3,12.18886,13.1579,3.16,470.7,2.95471,19.08284,4.92325,6.06838,0.79384,7.15449,12.27055,26.40721,26.40721,46.43636,1.92223,86.69382
JPM,0.0,6707.1343,67.03792,0.9256,6.31,21.5807,3.99894,58957.0,52.05732,1.93861,6.71,94745.0,65.34891,-1.18061,21.5807,21.04229,0.92338,1.313,4.39806,10.67883,9.58691,65.92991,8.39252,193.51253
JBL,2.78124,13.82872,13.24222,0.9645,0.69,0.66708,8.30733,1333.117,6.99317,-47.72727,1.29,1545.643,4.02104,-49.19617,0.67717,1.23093,0.37658,3.34251,7.93374,5.38808,5.27025,46.7361,1.55882,87.74443
J,-0.62014,4.76047,36.78461,1.55547,2.42,2.86221,0.8701,662.188,6.59529,39.88439,3.18,1260.035,5.0059,39.5623,2.92548,3.78072,1.49344,4.57635,7.14358,6.75729,6.51826,5.03809,0.35952,5.30538
JHG,0.0,114.21278,24.63799,2.23122,3.24,37.75879,128.9454,612.2,35.10925,244.68085,2.05,1124.2,30.87687,246.8254,37.59248,22.83721,2.14287,7.27249,9.67575,20.21651,19.03963,6.96419,0.61941,7.77766
JEF,7.98832,0.9664,28.36943,1.36157,0.45,2.0675,69.75681,2194.178,17.94151,32.35294,1.59,2564.497,-9.79926,32.09591,1.40418,4.78701,0.79371,2.69649,3.55422,1.6974,2.35689,70.40922,11.59317,247.83247
WLY,12.55145,9.64607,17.54748,0.4566,1.95,6.6128,1.76832,338.802,19.71464,-21.37097,2.94,1250.136,11.84507,-22.04593,6.6128,9.80901,0.31376,5.0307,9.23719,11.14014,11.14014,26.67862,1.07733,36.38586
JNJ,15.309,6.07011,22.42663,1.41101,0.47,1.70046,2.10303,25489.0,33.34075,-92.0742,6.52,51011.0,23.69637,-92.14027,1.70046,22.95859,1.0409,8.31083,12.90207,1.99115,1.99115,36.50057,1.3567,57.48172
JCI,-16.86206,4.10951,22.034,1.03695,1.75,6.14146,32.26579,4419.0,14.64603,552.7342,2.85,7530.0,-0.8783,552.7342,5.33939,8.8347,0.59389,3.50778,5.25694,7.42287,7.90158,38.61166,3.07128,63.51851
JLL,13.23105,3.97744,71.47706,1.04514,5.55,3.24366,12.88985,734.8,9.26328,-20.48711,9.16,5366.2,10.66039,-20.11314,3.20458,5.2329,0.98667,4.53531,7.85584,8.42713,8.42695,24.6934,1.46598,32.82845
JNPR,-19.17275,5.27485,12.80684,2.40738,0.8,6.09087,4.50434,1155.4,22.98297,-47.71242,1.73,3072.1,21.99808,-48.33811,6.09087,12.99771,2.30514,5.99721,8.31673,6.35046,6.35046,32.12841,1.91778,47.33705
KBH,-2.26757,66.30887,22.13464,5.16211,1.85,4.134,79.97853,295.028,6.75349,65.17857,2.13,748.097,5.5519,70.9937,4.134,4.18547,1.1783,3.59079,4.24051,9.89709,9.89709,54.68736,7.88008,120.68898
KBR,-11.40873,4.35139,8.76811,1.33053,3.06,10.68665,732.0,208.0,5.02901,72.3994,1.15,439.0,4.17976,72.3994,10.49323,3.92046,1.25397,2.5582,6.31513,43.70594,44.9644,29.38115,2.44231,41.60524
K,12.93261,11.05475,6.40041,0.67783,3.62,9.8197,19.40629,2695.0,20.85429,84.69388,4.18,4814.0,11.39248,82.85303,9.8197,11.25621,0.37285,8.79661,13.4724,61.57205,61.09774,79.45787,3.19777,348.95343
KMPR,0.0,0.0,41.10995,237.5091,2.31,4.44305,218.03004,190.5,7.05922,824.0,2.18,886.0,3.65282,619.6429,4.4801,4.14787,236.4,1.29848,3.96238,5.86193,5.86193,21.87592,3.10971,28.00151
KMT,2.56365,5.47919,12.61134,2.41377,0.61,2.5253,22.99663,296.829,14.4206,52.769154,1.53,652.616,6.63501,52.769154,2.38723,5.97255,1.23745,4.94256,6.8624,4.95938,5.07505,39.79917,2.3445,66.11068
KEY,0.0,419.0954,13.09345,0.83961,1.12,19.0807,42.06204,3114.0,46.02424,40.0,1.37,6026.0,46.73736,63.84324,19.1546,21.70776,0.8292,1.41984,6.4549,9.34973,8.53131,50.52521,4.92743,102.12313
KEYS,25.17163,6.48171,12.41795,2.65812,0.56,3.1985,-6.35209,516.0,16.18062,-71.28205,1.21,1697.0,7.09078,-69.55224,3.1985,6.82973,1.71551,3.76181,5.25014,5.33612,5.33612,47.04264,3.97674,88.83117
KRC,13.28532,2.92284,37.52579,1.17986,1.51,24.92947,12.90261,234.685,32.39251,-49.15825,1.58,516.244,25.5883,-43.96912,22.72065,21.39672,1.17986,1.96169,2.13948,4.66893,4.67937,37.21138,10.00091,59.26454
KMB,6.86909,8.78681,1.79148,0.88955,6.4,12.70059,-0.44248,4050.0,22.18084,6.84474,6.31,6587.0,9.19547,5.17082,12.47604,12.21982,0.50034,13.97338,25.79895,518.0586,518.0586,88.73088,1.83333,518.0586
KIM,3.207,6.39155,12.67298,1.11892,0.87,33.02304,0.0,0.0,0.0,10.12658,0.88,862.941,42.93466,12.46536,32.00186,27.99898,1.11892,2.54439,2.71197,8.00118,7.97364,49.73059,52.953476,99.21733
KMI,0.0,555.64545,15.1711,0.43925,0.01,1.62714,-5.67537,5817.0,42.44436,-96.0,0.63,6891.0,2.39694,-74.15254,1.33528,10.251,0.28701,2.78928,3.00706,0.53771,0.63782,51.86317,6.50559,107.74115
KFS,-13.46445,4.93562,1.78192,37.4879,-0.76,-6.07991,4.0689535,-7.295,-3.80549,4.0689535,-1.62,32.769,-2.19409,4.0689535,-8.06951,-18.20902,37.4879,-1.6293,-2.6996,-33.7783,-20.70675,83.15921,4.0689535,4.0689535
KNSL,-27.62966,2.26055,11.32292,19.0765,1.16,13.33201,-5.87384,39.036,20.8999,-6.45161,1.28,29.151,25.25519,-4.83816,13.33201,14.38609,19.0765,3.75525,10.73839,11.10653,11.10653,0.0,0.0,0.0
KEX,52.17261,5.90985,52.11714,1.99265,5.62,14.17542,-8.24513,409.446,18.49001,114.50382,1.99,656.32,-22.18966,121.4807,14.14308,4.97029,1.20456,2.73787,3.56525,11.34707,11.35871,24.16595,2.42378,31.86689
KRG,9.87247,6.44113,18.72367,0.74366,0.14,3.87048,0.0,0.0,0.0,1300.0,0.14,265.996,47.56305,903.71936,3.30919,3.26123,0.74366,1.12893,1.19,0.74005,0.82406,50.91426,118.600945,108.50069
KN,-5.09993,5.1669,12.65043,2.60488,0.07,0.88968,-19.48641,106.6,14.59075,-66.66667,0.17,298.1,-0.51328,17.557,9.34848,2.07858,1.71108,2.15341,2.47953,0.60731,0.60731,15.48339,1.94559,18.31994
KSS,0.0,438.92786,29.75287,1.76429,3.11,2.97549,-13.10816,2161.0,11.56481,-10.11561,3.27,7737.0,6.62127,-17.38484,2.97549,3.11495,0.37021,5.62454,7.64872,10.4237,10.4237,47.10871,2.13373,89.06703
KOP,16.37427,9.9696,4.80797,1.80192,1.36,2.12132,2.22826,188.1,12.74822,0.0,4.05,322.1,2.91257,-0.68259,1.97221,5.69663,0.78663,7.55672,11.68232,45.89409,44.5869,86.48442,3.59915,33.745678
KOS,14.57801,4.58824,2.30377,1.24461,-0.57,-38.53606,34.285828,166.937,28.87489,34.285828,-0.53,435.009,18.81172,34.285828,-38.53606,-35.60368,1.05137,-1.68857,-2.40744,-22.52346,-22.52346,58.84636,7.68432,142.99185
KR,-4.90196,68.18623,7.24892,0.80404,2.05,1.69677,1.9594,5776.0,5.00793,-0.48544,2.08,26552.0,0.16138,-3.13879,1.71237,1.69881,0.22403,6.10068,10.82846,29.2203,28.97542,67.72021,2.43715,209.79137
KRO,33.86881,6.59798,6.50808,4.58963,3.06,20.50318,237.78966,379.0,21.92019,727.02704,1.93,569.7,5.00289,718.7067,20.50318,12.93736,2.89503,14.05626,21.51264,61.68972,61.68972,38.61491,1.25198,62.90601
LHX,-33.51121,7.5641,24.47567,1.07632,5.12,10.81356,-11.02662,1404.0,23.79661,86.18182,5.59,2043.0,18.24364,70.67901,9.37288,11.61583,0.58723,6.40111,9.72853,21.32353,21.31997,57.91894,2.87037,137.63661
LCII,43.19552,30.78556,26.12025,2.29148,5.24,6.18707,9.07552,269.951,12.5689,0.76923,5.87,493.114,2.05847,2.47781,6.18707,6.83813,0.5945,15.54873,20.67889,22.09185,22.09185,7.10491,0.18494,7.64832
LVS,-24.52055,20.11241,8.22435,1.08786,3.54,25.31439,23.42105,4690.0,36.40739,68.57143,2.89,9999.0,20.28897,68.02395,21.78233,17.76805,1.0329,10.57562,12.66513,44.29361,43.10356,55.80318,2.05544,126.26064
LAZ,-10.4446,4.44779,10.08077,1.58137,1.91,9.65728,15.85575,721.64,26.81994,-34.58904,3.99,2449.435,48.89493,-34.59265,9.42448,18.02798,1.5586,9.05636,17.35103,20.82142,20.35846,48.75599,1.65981,95.14475
LEA,12.1982,6.57839,62.06448,1.3623,18.59,6.74696,11.66798,2125.6,10.3855,39.45987,17.13,2365.4,4.19004,34.69388,6.41716,5.73667,0.98752,9.71494,18.38892,36.44436,36.15442,30.60173,0.92233,45.67162
LEG,15.86069,8.10564,9.0235,1.80957,2.14,7.4446,-5.02376,559.6,14.18936,-18.32061,2.61,882.9,4.89122,-24.1576,7.41924,9.00046,1.14854,8.48521,12.28373,25.72531,25.70028,51.24667,2.23678,105.11421
LDOS,10.50091,5.83142,22.31788,1.21435,2.38,3.57915,61.29542,1021.0,10.03933,1.2766,2.54,1432.0,5.5027,50.0,3.59882,3.79626,1.04133,4.72492,6.62322,11.25288,11.14855,47.90576,3.04701,91.9598
LC,-23.50334,0.30856,11.04853,18.29058,-1.9,-13.09037,-6.84242,571.015,48.52347,89.40987,-0.95,1145.573,66.80911,89.40987,-13.07253,-6.60354,17.20794,6.44912,6.90964,-16.20796,-16.18522,78.05034,5.77742,89.40987
LEN,-38.50415,16.99454,32.80624,6.50881,3.38,6.10258,9.25935,1494.775,11.8198,-13.99491,3.86,1624.884,-3.69666,-11.11638,6.4088,7.23859,1.36139,5.01034,5.80345,10.88012,10.1562,49.95734,5.33359,99.82949
LII,7.81184,7.86562,1.19831,1.73766,7.17,7.99823,7.49611,552.1,14.3791,13.09148,8.43,1125.2,3.83699,10.0432,7.96177,9.26518,0.87808,16.68698,31.0858,91.96676,91.96676,95.24713,1.81851,91.96676
LNC,2.37871,0.77219,79.42593,5.31253,9.22,14.75305,0.0,0.0,0.0,83.3002,7.43,4871.0,1.83437,74.41275,14.75305,11.71174,5.31253,0.49826,6.29959,13.07547,13.07547,24.49656,229.19595,32.44429
LNN,-8.38606,6.70704,25.24586,3.18279,2.17,4.47484,10.97042,56.879,10.98082,17.2973,2.17,145.012,10.66855,14.36819,4.47484,4.46832,2.12382,4.99716,6.64901,8.88728,8.88728,30.22394,2.05658,43.31562
LMT,4.88905,6.07534,-2.40493,1.38174,6.64,3.7788,8.78111,6863.0,13.44421,-46.36511,13.29,6371.0,2.60074,-62.24066,3.9218,7.49268,0.90718,7.51111,23.9828,634.9631,634.9631,104.46023,2.07825,634.9631
L,-2.66333,2.01327,57.82805,32.68113,3.45,10.45926,23.65779,2833.0,20.98519,78.75648,3.12,6893.0,4.63426,77.98165,8.62222,7.77943,32.68113,1.5679,3.48636,6.2301,5.8923,31.94825,4.07095,46.947
LPX,30.07361,24.98995,11.07346,5.03369,2.67,14.30557,103.03867,661.5,24.1962,159.2233,2.72,736.0,9.208,160.21362,14.25802,14.36658,4.04554,15.01775,18.93417,27.93372,27.93372,18.98101,0.56825,23.42786
LOW,0.0,1303.6744,7.42956,1.00217,3.47,4.75722,11.19542,7767.0,11.94611,27.10623,3.97,21674.0,5.86251,21.40613,4.75414,5.37336,0.05495,11.94917,18.49255,43.88132,43.90971,70.93029,2.02124,244.00063
LUMN,0.0,733.03174,21.97127,0.8635,2.21,7.86701,-3.5085,6298.0,35.67059,90.51724,1.07,10003.0,19.01974,121.88498,7.86701,3.80468,0.69405,2.40157,3.12288,7.5305,7.5305,61.62667,5.99016,160.59769
LYB,24.52498,10.80834,22.68372,2.45719,12.28,14.19499,8.32789,6634.0,19.23791,34.20765,10.16,6425.0,5.65878,27.18978,14.14859,11.72625,1.50115,13.85,21.07792,65.3064,65.16674,49.058,1.29922,96.30168
MTB,0.0,409.0756,100.07275,1.00295,8.7,23.39792,10.16421,3518.374,58.45506,11.82519,8.72,5464.187,35.10818,7.08623,23.39792,22.0442,1.00175,1.71522,8.18667,9.3036,8.60364,33.85196,2.36374,51.17606
MHO,0.0,37.701622,26.82622,4.89349,2.26,3.67391,26.68187,144.411,7.36051,22.82609,2.84,398.192,-5.7538,27.33134,3.67391,3.73012,0.46198,5.07792,6.08792,10.65256,10.28647,51.94324,5.5933,108.08727
MBI,24.86396,0.11616,15.44532,4.20442,-13.5,-18.555723,0.0,0.0,0.0,-18.555723,-24.12,-240.0,-18.555723,-18.555723,-18.555723,-18.555723,4.20442,-3.15095,-4.37633,-69.18103,-68.82504,77.42753,-18.555723,-18.555723
MDU,15.35709,6.54747,12.43724,1.31634,1.45,6.41376,1.72039,636.198,14.31798,21.84874,1.25,798.207,0.35948,336.427,6.32862,5.49428,0.93698,4.24665,6.4954,12.04942,12.01133,41.38263,2.69547,70.59789
MTG,-9.43569,4.88525,8.5127,95.2605,0.95,33.37176,27.07793,846.996,79.45151,10.46512,1.43,856.496,53.68139,3.86667,33.37176,48.60949,95.2605,9.26539,13.64006,12.47547,12.47547,20.83917,0.98044,26.3251
MGM,-1.39039,26.86515,13.44336,0.7679,3.35,19.4583,16.40697,2486.354,23.07756,74.47917,0.86,4604.357,2.18883,76.31213,18.02432,4.56787,0.67362,3.25486,3.91538,28.07701,19.27746,52.40019,5.19198,110.83893
MSM,20.21388,6.6826,21.72542,1.803,4.05,8.01425,-1.09701,442.581,15.32619,7.42706,4.09,1286.247,7.39051,0.09299,8.01425,8.01516,0.87476,11.40774,13.71526,19.92076,19.92076,30.31522,1.20425,43.50336
MSCI,47.89665,4.64094,4.4505,2.08522,3.31,23.85643,15.75501,659.175,51.7336,22.59259,3.75,1000.491,26.28124,16.52911,23.85643,26.58668,2.00289,11.38655,14.86039,84.59917,84.59917,83.82432,3.15257,96.40937
MAC,-17.77033,8.64573,26.11159,0.5883,1.02,14.98071,0.0,0.0,0.0,-71.02273,1.13,648.841,40.33468,-71.73474,13.54049,14.85543,0.5883,1.95894,2.0681,3.75295,3.85157,56.57819,35.15727,130.29903
M,0.0,585.7661,14.21745,1.35045,1.99,2.37024,-23.45161,2373.0,9.20552,-38.19876,2.01,10898.0,6.11083,-42.25746,2.40127,2.40548,0.32867,4.06597,7.12104,14.44069,14.25073,61.38658,2.89549,158.97733
MAGN,0.0,0.0,0.0,0.0,0.0,0.0,0.0,0.0,0.0,0.0,0.0,0.0,0.0,0.0,0.0,0.0,0.0,0.0,0.0,0.0,0.0,0.0,0.0,0.0
MAN,21.6945,4.29991,41.99495,1.28289,8.04,2.62381,10.39309,907.1,4.31248,28.22967,7.44,3484.6,1.53517,22.92089,2.59291,2.37338,1.25967,6.24856,14.53143,21.23501,20.81071,24.90079,1.04454,33.1572
MPC,29.80371,16.11501,28.87449,1.27897,6.7,5.67982,22.1231,5476.0,8.17631,203.16742,3.81,7964.0,4.49484,192.3339,5.12438,2.88421,0.73583,4.49658,6.3149,24.87858,17.68028,37.22896,2.36413,62.15671
MPX,88.03894,258.1516,2.01331,2.79877,0.55,7.21992,32.09897,31.285,11.70338,25.0,0.6,59.02,8.94686,15.25829,7.21992,7.57575,0.72749,20.16991,27.54463,28.58222,28.58222,0.0,0.0,0.0
MKL,89.54749,1.27295,683.55493,24.52423,25.81,6.62346,-58.34744,399.623,6.6047,-17.46083,3.35,2301.545,-45.69481,-13.25904,6.53274,0.77314,24.52423,0.52672,1.29416,4.40042,4.40177,24.27517,7.75538,32.61805
VAC,-4.67375,12.35772,39.49284,4.47559,8.18,11.61805,4.64484,282.224,14.4586,69.35818,5.98,765.0,3.96031,65.11198,11.61805,8.29565,3.18298,6.15206,8.61001,23.22547,23.22547,51.17261,3.88065,104.80307
MMC,11.17069,3.95655,14.46595,1.30502,2.87,10.76726,7.50475,3395.0,24.2085,-15.08876,3.87,6140.0,12.35115,-15.61086,10.63891,14.15652,1.25246,9.43189,15.17203,21.991,22.02129,42.43948,1.6162,73.73018
MLM,6.09472,8.54723,74.42941,3.79012,11.25,17.98936,6.35504,1003.798,25.31268,69.68326,7.41,974.0,4.53541,67.69287,17.98828,11.7593,2.78531,5.44554,6.53973,16.17633,16.16724,39.36915,3.02895,64.93254
MTZ,38.23289,4.79802,17.27956,1.92189,4.22,5.28054,34.21462,595.168,9.00817,162.1118,2.78,861.671,-0.77402,164.51704,5.25525,3.40413,1.69983,7.01958,10.31927,27.47667,27.50381,48.84399,2.29947,95.48046
MAS,11.34133,7.88855,-0.1933,1.97482,1.66,7.58765,7.39817,1292.0,16.90215,12.92517,1.89,2220.0,6.89757,8.55397,6.97279,7.76374,1.4269,13.8,23.8221,178.45726,178.45726,94.60288,2.38777,178.45726
MA,0.0,0.0,5.18884,1.56909,3.65,31.32752,15.82147,7240.0,57.9339,-1.08401,4.6,12497.0,47.96551,-3.54767,31.32752,39.27503,1.1773,21.26037,38.88,70.38835,69.58763,49.40022,0.75083,98.8903
MTDR,148.94301,5.83086,10.65852,0.91,1.23,25.35607,51.01457,344.606,63.31457,51.01457,1.19,400.255,-96.1692,51.01457,23.12558,22.30753,0.86233,5.74092,6.69255,13.6317,14.16189,31.34238,1.66588,45.65026
MTRN,23.00902,10.13603,24.61857,3.233,0.56,1.00496,18.6373,97.438,8.55134,-55.90551,1.76,212.829,3.31998,-55.51282,1.00496,3.09339,1.30485,4.46095,6.74126,2.31551,2.31551,2.90835,0.15217,2.99547
MATX,2.69129,10.65816,15.95765,0.9291,5.37,11.33421,-6.87898,219.3,10.71376,190.27026,1.79,325.9,-5.69459,188.19876,11.33421,3.75158,0.81104,3.55384,5.51772,40.35835,40.35835,55.82622,3.90835,126.37865
MMS,-10.39477,5.37726,14.43243,2.07813,3.17,8.65709,8.0885,383.164,15.63322,17.84387,3.21,611.905,12.22645,17.41627,8.54465,8.59576,1.94486,14.5948,21.12297,24.79638,24.97863,0.07058,0.00174,0.07063
MKC,19.32502,9.47584,9.77061,0.83038,1.86,9.90877,18.56712,903.6,18.69221,0.81301,2.16,1814.9,12.98768,0.0,9.87568,11.3315,0.38099,6.55385,9.21532,22.80664,22.76075,66.16346,5.56341,195.53853
MCD,34.06146,13.22807,-4.11535,1.84294,6.37,22.75289,4.40891,9617.0,42.14212,17.09559,6.76,10620.8,19.95063,10.7927,22.75289,23.9173,1.53601,16.17656,20.96545,981.61664,981.61664,112.4408,3.07127,981.61664
MCK,0.0,698.52386,52.58294,1.03752,23.28,2.658,-4.70908,4209.0,2.12005,136.58537,11.21,11271.0,1.87469,124.53499,2.55373,1.24786,0.58963,3.65964,10.83084,51.8907,45.85904,40.41145,2.03017,75.80059
MDT,0.5214,5.32772,36.72636,1.74916,2.89,13.54426,4.25345,9510.0,32.00942,16.53226,3.58,20464.0,19.48124,13.84963,13.55773,16.61549,1.35717,4.12892,4.93016,7.87049,7.85332,39.8786,3.5164,66.33013
MRK,-2.06612,5.77669,12.73302,1.3305,0.87,6.02662,-16.87896,12725.0,31.71577,-38.29787,2.3,27406.0,16.47039,-38.92857,5.9668,15.64977,0.82819,5.55801,8.20517,6.43341,6.45859,41.38761,1.91827,70.6124
MCY,13.73263,6.78139,31.83306,13.287,2.62,4.23263,103.27592,205.453,6.00238,98.48485,2.45,449.828,0.17578,98.3421,4.23263,3.95938,13.287,2.26178,5.31949,8.2462,8.2462,17.41132,1.8074,21.08197
MTH,0.0,45.731617,19.54855,6.018,1.705,4.42012,14.69113,244.908,7.55662,-3.94366,2.025,595.254,-6.69808,-4.20353,4.42012,5.03436,0.48856,4.66225,5.29186,9.55569,9.55569,44.87838,5.24199,81.41703
MET,0.0,1059.6232,56.22525,5.88325,4.53,8.02089,182.43309,5804.0,9.29949,619.0476,3.29,17157.0,18.5401,401.25,6.42505,5.63884,5.88325,0.38466,3.64616,7.9311,7.92402,25.76105,3.51964,34.70019
MTUS,63.53712,11.01243,12.62838,1.98356,-0.99,-3.29522,11.628711,47.2,3.55101,11.628711,-1.04,80.3,-1.45482,11.628711,-3.29522,-3.47397,0.84284,-1.55513,-2.37158,-7.56411,-7.56411,22.7686,3.50212,29.48101
MEI,-5.81197,4.79167,14.709,4.26286,2.48,11.37783,4.07547,137.9,16.88916,12.72727,2.54,218.3,15.17453,9.81088,11.37783,11.59814,3.69212,10.44194,12.96567,18.37421,18.37421,4.75268,0.19579,4.98984
MTD,16.18219,5.54096,21.42751,1.45971,14.24,13.79687,12.08521,689.871,25.31588,0.14065,17.76,1575.751,11.3491,-2.18487,13.79687,16.7586,0.98206,16.27007,26.8685,76.55532,76.55532,64.16277,1.42033,179.03943
MTX,12.21799,4.62709,35.38475,2.74903,5.48,11.87563,1.98078,350.1,20.89276,44.59103,4.64,467.2,5.90798,46.25187,11.6429,9.74685,1.92871,5.63955,7.5412,17.27925,17.22944,43.12583,2.77035,75.82675
MC,144.94775,17.14044,9.70681,1.68519,0.78,18.48104,1.50931,172.04,25.12945,-50.63291,1.68,628.808,17.21435,-23.41157,4.29438,7.5083,1.68519,16.22815,35.3569,10.96432,42.47931,0.0,0.0,0.0
MHK,11.03037,6.87721,94.85444,1.53387,12.98,10.26933,0.0,1859.352,19.59009,4.00641,13.7,3045.739,-0.85499,4.43655,10.23715,10.7329,0.61877,7.93056,9.72828,15.13972,15.10722,28.09279,1.49109,39.23098
MOH,-10.57495,21.55339,22.28333,1.35163,-9.07,-2.57506,-17.13062,387.0,1.94639,133.52745,0.99,2372.0,3.96319,133.52745,-2.57506,0.28132,1.2244,1.74309,4.08088,-34.29337,-34.29337,61.86537,5.60465,162.22887
TAP,11.29279,15.91495,61.40251,0.64416,6.52,13.04123,208.70844,2626.8,23.87392,-29.66559,4.85,4766.1,11.53059,-28.42755,12.85309,9.49477,0.38849,3.84827,4.7265,11.46449,11.45322,45.87506,4.33501,84.75772
MCO,29.27654,4.13261,-1.71598,1.25072,5.15,23.96946,21.22449,1989.9,47.33237,278.67648,5.98,2988.0,8.66743,275.31882,23.80058,27.18247,1.1295,16.44579,29.49892,280.0058,280.0058,102.11774,2.78431,280.0058
MOGa,0.0,0.0,0.0,0.0,0.0,0.0,0.0,0.0,0.0,0.0,0.0,4394.0337,0.0,0.0,0.0,0.0,0.0,0.0,0.0,0.0,0.0,0.0,0.0,0.0
MS,0.0,2360.1553,38.51658,1.43005,3.08,14.2867,27.83848,17666.0,40.47936,5.47945,3.82,34061.0,-93.84108,2.20773,14.00257,15.5804,0.78171,1.19346,2.36332,8.92279,8.01193,82.01196,20.25054,2360.1553
MOS,2.40832,13.35749,27.39638,2.27291,-0.31,-1.40632,-0.87778,1185.7,16.00265,98.98682,-1.53,842.8,3.55596,98.98682,-1.44681,-7.24589,1.4503,1.76396,2.21055,-1.11655,-1.08195,35.16359,4.40896,54.23432
MSI,8.01418,4.35049,-10.80645,1.34766,-0.95,-2.36677,8.89033,1678.0,26.30094,261.92352,4.78,3033.0,12.6489,261.92352,-2.42947,12.20473,0.98294,10.0099,26.96752,261.92352,261.92352,162.93732,2.66448,261.92352
MLI,-4.48553,9.04465,4.51575,3.05102,0.745,3.83973,-5.08686,185.876,8.20256,-14.36782,0.76,325.456,0.88241,-14.16768,3.77737,3.81832,1.53255,6.86196,8.77246,12.04931,11.81841,46.4561,2.50206,86.76263
MUR,-31.81947,6.98567,26.77239,1.6442,-1.81,-14.82275,63.36469,1301.93,62.06479,112.24751,0.16,963.95,8.67727,112.24751,-14.86341,1.31591,1.44863,1.48737,1.94101,-6.52071,-6.52071,38.69672,2.24008,63.12341
MUSA,22.74914,53.10072,21.6591,1.15176,6.78,2.25978,1.4418,405.894,3.73977,21.28801,4.37,547.1,-0.24959,10.73267,2.25978,1.44209,0.74116,8.12097,12.01859,34.17175,34.17175,54.39579,2.1699,119.27798
VYX,0.65306,5.30187,5.89344,1.49815,1.01,3.68324,9.65732,1056.0,16.20626,-43.88889,2.31,1866.0,8.17795,-14.07407,3.56047,4.3215,0.95659,5.79044,9.69945,33.52192,15.44402,65.91009,2.83239,195.23499
NNN,-2.8121,14.46503,20.88915,1.97034,1.45,45.3428,0.0,0.0,0.0,5.07246,1.51,561.828,58.0215,10.63591,45.2748,38.47171,1.97034,3.3509,3.41578,8.54078,6.84137,40.18315,40.591255,67.17697
NPKI,60.93807,3.72843,6.13732,3.18808,0.13,1.50034,17.431894,71.483,9.55958,17.431894,0.1,139.864,3.28602,17.431894,-0.82219,1.14235,2.09152,2.33156,2.90581,2.14098,2.14098,22.6674,2.24494,29.31157
NRG,-7.46141,9.46904,-1.09237,1.33102,-4.3,-14.56393,1.98413,2313.0,21.76122,209.13766,-0.09,2188.0,9.20242,209.13766,-20.2559,-0.26842,0.817,2.92745,3.72617,-160.94395,-47.35393,88.91057,7.09209,209.13766
NUS,6.40085,70.78497,13.36994,1.73858,2.36,5.67931,2.78117,340.883,14.95692,-7.45098,3.36,1777.021,10.89522,-9.53902,5.67931,7.78501,1.05381,11.19821,15.63813,18.91433,18.91433,36.14991,1.17026,56.61684
NBR,37.39946,4.24961,462.61893,1.57409,-87.5,-19.38607,-12.24061,542.69,21.1634,84.708855,-58.5,846.216,-5.54717,84.708855,-21.32411,-12.80529,1.15701,-2.26244,-2.68004,-16.34372,-15.54072,56.17216,7.42219,137.0622
NBHC,0.0,13.915399,19.80976,0.81983,0.53,7.1597,22.59592,72.757,35.7307,-32.91139,1.29,172.339,-64.80484,-36.77797,7.1597,17.05991,0.81621,0.79472,5.12973,2.72863,2.72863,32.77562,3.56774,48.75556
NFG,-10.7644,11.01542,19.91671,1.26661,3.3,17.94325,-1.52346,777.04,49.18345,94.0595,3.32,902.968,7.43928,94.0595,17.94325,17.93881,1.06928,5.88649,8.97397,17.54905,17.54905,58.31755,3.06764,139.90913
NNI,-12.33507,0.05198,52.67033,81.02206,4.14,13.28904,-0.71867,754.691,61.97661,-31.22924,4.68,742.316,264.8542,-32.55489,14.22071,15.90205,81.02206,1.74787,1.77858,8.2241,7.63971,90.79419,28.29843,93.58613
NJR,38.28351,13.2658,14.2872,0.72167,1.52,5.82139,3.57995,248.885,10.97078,0.0,1.53,342.674,-6.92826,0.29847,5.82139,5.82166,0.24998,2.72748,4.11164,10.99061,10.99061,53.59859,5.73942,115.5107
NYT,-6.31856,8.76747,5.53162,1.80365,0.03,0.43375,20.96675,249.379,14.88262,-84.21053,0.69,1047.444,5.63701,-85.22086,0.25638,6.66784,1.62727,5.46967,10.46925,0.54175,0.83463,21.80334,1.00333,27.8827
NEU,16.89907,7.62102,51.07377,2.63154,16.08,8.66579,-3.91981,390.614,17.76807,-21.71373,18.74,636.387,1.13226,-21.74326,8.66579,10.07921,1.32416,13.4553,19.1688,35.1201,35.1201,50.05193,1.54347,100.20793
NEM,-2.36221,58.5498,19.90114,3.63154,-0.11,-0.66685,89.66713,2735.0,37.22101,289.41376,1.2,3323.0,21.77123,289.41376,-1.3337,8.70441,2.55125,3.93386,5.08405,-0.56259,-0.41695,25.89997,1.48629,34.95271
NEE,24.43946,8.58891,14.9724,0.6372,2.845,30.93923,22.14538,9007.0,52.38151,82.08,1.9725,9644.0,4.9055,84.68407,31.27653,21.51109,0.41827,4.42578,6.88406,20.46852,19.40579,54.32261,3.89486,118.92671
NI,6.12751,5.58405,12.81868,0.55478,0.39,2.63817,0.0,1502.5,30.82304,-61.38614,1.14,1803.7,-13.46367,-61.2368,2.63611,7.70324,0.2949,3.0146,4.60522,3.06508,3.06508,67.57242,5.99148,208.37944
NIC,0.0,27.95887,37.09289,0.90527,3.33,23.23479,50.48972,73.29,50.93403,40.50633,3.64,131.056,26.48184,79.55801,23.03811,23.88013,0.90286,1.75056,12.10354,10.35735,10.42754,17.62059,1.06489,21.38956
NKE,13.45264,9.93062,7.55143,2.93405,2.51,12.34352,5.90177,5455.0,15.88064,16.2037,2.56,15312.0,6.56004,12.76596,12.34352,12.35507,1.80051,13.29358,19.43953,34.3807,34.3807,23.45611,0.69698,30.64399
NE,-33.70056,4.57196,21.5379,1.752,-2.1,-40.58758,-43.76898,511.411,42.15111,49.81119,-1.48,578.389,29.76444,49.81119,-42.57146,-29.85458,1.65216,-0.20564,-0.21979,-9.33452,-7.93104,40.47192,7.91088,67.98795
JWN,0.0,321.94748,5.11765,1.07032,2.02,2.39886,-1.99035,1625.0,11.01172,-35.87302,3.08,5317.0,4.82229,-41.0,2.39886,3.61494,0.39815,7.87478,16.73497,40.66628,40.66628,76.12514,1.70708,321.94748
NSC,1.0582,11.10632,57.57029,0.8444,18.61,51.21789,9.5122,4490.0,42.55521,231.1388,6.66,4641.0,11.30699,223.98082,51.21789,18.17036,0.64637,6.08154,8.69603,37.56952,37.56952,38.20963,2.25301,61.83752
NOC,20.52137,7.09361,40.48574,2.34731,11.47,7.80917,3.4256,3774.0,14.62621,-5.90648,13.22,5930.0,4.45249,-8.40909,7.80917,8.93527,2.18248,6.81263,11.90356,32.74559,32.74559,68.41445,4.04505,216.60045
NWN,-0.4365,6.00625,25.84827,0.70692,-1.94,-7.11982,1.47133,224.829,28.77841,33.258728,4.02,277.885,0.44404,33.258728,-7.11982,14.75207,0.34898,2.84439,5.43952,-6.98223,-6.98223,52.89534,3.70987,112.29321
NCLH,-30.45796,100.69745,25.1599,0.20817,3.31,14.08168,14.75752,1566.074,29.02193,19.06475,3.43,2332.531,-3.96118,20.02685,14.08168,14.49509,0.08841,4.89056,5.75723,14.77274,14.77274,52.3139,4.02776,109.70473
NOV,-3.26452,3.56467,37.07923,3.06585,-0.63,-3.23111,89.75155,611.0,8.36528,76.35532,-0.91,892.0,13.78526,76.35532,-3.2448,-4.69702,1.46644,-0.26302,-0.31902,-1.6908,-1.67596,16.07397,4.43863,19.15254
NUE,24.32278,11.06621,27.48393,2.41593,4.1,6.81683,23.17732,2631.437,12.99322,65.32258,3.64,2569.407,1.97464,65.60794,6.51127,5.75124,1.14705,7.66292,9.33823,15.86974,15.924,29.46518,1.44221,41.77395
OI,14.31035,11.06999,4.95465,1.0614,1.11,2.97965,-4.94186,981.0,14.25872,-15.90909,1.41,1333.0,0.0,-13.8756,2.61628,3.33516,0.50658,3.57975,5.6823,34.46328,31.78295,85.07246,5.38532,108.819664
OFG,0.0,28.897408,17.50079,0.92475,0.88,12.4044,-23.27569,157.492,37.10811,-14.56311,0.88,302.2,78.83685,-11.04991,12.4044,9.11052,0.91155,1.44822,6.14765,6.95677,5.64412,25.80733,2.0874,34.78421
OGE,9.6691,9.2687,19.28443,0.52288,3.1,27.37606,-3.88667,793.8,35.10681,83.43195,1.92,904.8,-12.43145,83.02779,27.37606,16.95741,0.28564,3.13417,4.78547,16.97076,16.97076,45.13243,3.99068,82.25702
OGS,0.0,55.446938,37.47078,0.87475,3.08,10.58661,9.30284,451.365,29.3164,16.22642,3.1,525.842,-2.74229,16.34605,10.58661,10.57614,0.46512,3.68825,5.55704,8.4706,8.4706,44.16442,3.43507,79.09728
OKE,37.8851,11.73173,14.22128,0.66151,1.29,4.87534,11.07263,1852.276,15.21513,-22.75449,1.92,2635.862,2.25662,10.1699,3.18584,4.69164,0.46494,5.47959,6.52639,13.56891,13.02396,61.64844,4.9339,160.74557
OUT,4.0991,6.71154,8.73084,1.25501,0.92209,8.27359,-3.28321,385.9,25.37981,36.36364,0.93234,685.3,11.46745,38.39384,8.27359,8.28905,0.93258,3.87255,4.28412,10.42254,10.22931,64.46595,5.76652,181.4202
OXY,3.91076,3.07549,26.88781,1.11757,1.7,10.48129,70.47515,4700.0,37.57595,540.55414,0.94,6914.0,7.89595,540.55414,10.48129,5.74987,0.80351,1.02484,1.41373,6.23262,6.23262,32.32895,2.09106,47.77367
OII,-2.62298,3.97559,16.88218,2.72467,1.68,8.65977,-32.05068,224.175,11.66662,572.0,-0.23,194.61,5.41801,576.7998,8.65977,-1.17589,2.08175,0.21644,0.27945,10.4791,10.46146,32.24936,3.53435,47.60009
ODC,7.7799,8.30927,8.63622,2.94401,0.735,4.11426,1.43815,28.002,10.67528,-21.39037,0.74,73.712,3.30062,-20.72284,4.11426,4.00599,1.98522,4.55979,7.07062,8.93422,8.93422,8.85443,0.43725,9.71461
ORI,4.75583,1.32368,17.58029,6.50802,1.92,8.94924,6.48995,815.5,13.02071,18.51852,1.9,3784.4,4.7704,20.04712,8.94924,7.95163,6.39697,2.59343,8.08858,12.1783,12.1783,23.43416,1.77646,30.60655
OLN,8.33621,10.38588,16.47935,1.78057,3.26,8.76619,12.99803,918.9,14.65924,91.980804,0.92,766.4,6.19795,91.980804,8.76619,2.43928,1.01488,2.71816,3.98775,21.86325,21.86325,56.7416,3.93079,131.16898
OMC,7.62901,1.95883,11.36506,0.93428,4.65,7.80563,1.73777,2341.8,15.33234,-2.71967,5.14,2756.6,12.0502,-5.24116,7.12602,7.81755,0.78631,5.35303,15.83966,45.56739,38.48413,60.15914,2.15014,159.73605
OMF,9.7375,0.28974,24.21869,75.37931,1.35,4.83488,0.0,1673.0,44.20079,-15.09434,2.42,1830.0,-14.51453,-14.88372,4.83488,8.64736,74.72906,4.47665,4.75561,5.76923,5.76923,82.1148,8.99582,166.13179
ONIT,0.0,76.99503,62.17943,5.12632,-15.15,-10.54733,-22.63443,429.659,35.27839,76.99503,0.0,1053.08,-63.80754,76.99503,-10.50702,0.0,4.89259,2.73203,3.00333,-21.36331,-21.37109,92.83611,16.4942,76.99503
ONTO,0.57154,3.91871,13.10808,7.61297,1.26834,12.90053,19.32668,52.351,20.52192,-12.06897,1.34295,134.595,11.33844,-10.94122,12.90053,13.33224,5.90593,8.00781,9.25622,10.49915,10.49915,0.0,0.0,0.0
ORCL,-1.57846,7.06186,13.0191,3.08193,2.21,25.05566,0.40501,15618.0,41.39631,6.76329,2.34,30340.0,25.33828,4.87586,24.7429,25.52242,2.98503,6.65885,8.07593,18.45792,18.52876,51.63301,3.70784,106.75257
ORA,36.6342,7.24634,23.93602,1.13517,2.61,21.23361,0.0,328.548,47.42239,39.57219,2.28,268.452,-0.79311,40.97094,19.11254,16.49088,0.77955,5.19936,6.1074,11.56554,11.8785,41.23277,2.78073,70.5103
OSK,28.13994,6.08889,30.76,1.80607,3.77,4.1818,20.96213,626.1,9.16745,29.55327,4.14,1180.8,1.94887,31.97782,4.1818,4.52663,1.04171,6.48621,10.45965,13.33365,13.33365,26.47612,1.3271,36.01023
OVV,12.93375,6.58222,34.56993,1.36972,4.25,18.61355,184.82973,1938.0,43.61918,184.82973,5.95,1641.0,-18.37441,184.82973,18.61355,26.06322,1.2111,4.4619,6.07205,12.86759,12.86759,40.45491,2.35862,67.93995
OMI,24.71229,10.87554,16.5183,1.66592,1.2,0.78119,-21.28258,214.331,2.30012,-31.81818,1.27,1171.866,0.81706,-33.08667,0.78119,0.81776,0.80593,3.17704,5.592,7.36951,7.36951,47.46187,4.28012,90.33796
OC,18.87906,8.60377,37.32735,1.54836,2.55,4.54261,16.10247,1269.0,19.87782,-25.21994,4.47,1594.0,9.79597,-26.4631,4.52694,7.8071,0.82605,6.8558,8.90378,7.21508,7.16492,36.43786,1.89913,57.32636
PBF,53.59407,27.70556,21.13357,1.57216,3.73,2.21893,35.98399,879.675,4.03768,114.36782,4.11,943.1,0.65797,143.26128,1.90721,2.07096,0.63068,5.81878,9.33275,19.05299,17.66399,43.01909,2.49143,75.49737
PCG,-11.4026,4.71974,37.33808,0.88105,3.21,9.68777,8.3716,6136.0,35.80975,15.46763,3.9,5837.0,-3.94806,17.98152,9.68777,11.65334,0.66223,3.00307,5.45335,8.93434,8.81478,49.55571,3.1175,98.2385
PNC,0.0,1095.2014,92.02537,0.87499,10.36,29.87524,8.41922,8731.0,48.41142,41.91781,8.64,15888.0,23.68034,36.76659,29.598,23.04319,0.86528,1.27384,4.61493,12.52317,11.41054,55.39171,6.76761,124.17358
PPG,10.11188,6.04505,22.12411,1.6629,5.31,9.41798,-3.13336,2535.0,17.17596,151.65877,5.93,6539.0,8.38048,81.75599,10.80019,10.28981,1.12914,8.02845,13.54651,26.37003,26.26358,42.22856,1.6355,73.09591
PPL,6.80628,6.28439,15.51923,0.57022,1.64,15.14704,2.4378,4076.0,54.73345,-41.21864,2.11,4201.0,-7.09178,-40.69401,15.14704,19.41529,0.44966,4.80613,6.26798,10.91965,10.91965,66.40966,5.21958,197.70467
PRG,4.29122,34.58693,24.67907,1.20373,4.06,8.64543,9.71172,1806.737,53.39518,112.56545,2.39,1676.143,45.61323,110.02994,8.64543,5.0034,0.97498,6.48865,8.44942,18.2288,18.2288,17.58859,0.20412,21.34243
PVH,-6.26902,12.8858,61.16331,1.84024,6.79,6.68894,-3.44229,1057.5,12.89147,-1.45138,6.68,4370.3,9.62868,-4.08805,6.69259,6.5309,0.87647,4.26674,5.88035,11.73478,11.72586,40.09024,3.04151,66.94557
PKG,20.53105,8.48069,23.13302,2.29987,7.07,10.37409,15.80435,1351.9,20.97628,48.84211,5.92,1470.8,7.08933,48.70996,10.37409,8.5885,1.34154,10.03069,12.97041,33.91843,33.91843,54.84245,1.96072,121.4469
PGRE,34.90088,3.81912,17.37218,2.87018,0.37,14.59637,0.0,0.0,0.0,34.357616,0.39,467.662,33.47688,34.357616,11.76428,12.5548,2.87018,0.97336,1.01241,2.11543,2.16342,41.54034,34.357616,71.05813
PK,-3.84615,22.21961,27.97831,2.56744,12.23,92.86975,0.0,0.0,0.0,1725.3732,1.24,910.0,20.00971,1873.6842,92.65796,9.23544,2.34419,2.80719,3.48236,53.12152,53.77619,33.18391,216.72173,49.66454
PH,21.13224,6.82578,39.50424,1.40751,7.25,8.17872,16.4255,1832.053,15.22991,23.08998,8.03,2946.215,5.73104,21.88439,8.17513,8.90346,0.9158,6.73429,9.89201,19.99434,19.9846,52.70708,3.20425,111.44816
BTU,16.72304,10.82977,28.80608,1.75918,1.84,9.32478,742.3655,1346.1,24.25056,179.64362,5.07,1583.5,18.65722,179.64362,8.40419,9.23429,1.2887,4.06335,14.81387,29.61376,25.92147,28.55021,1.08521,39.95842
PEB,5.48633,27.04776,21.78078,0.33358,1.19,13.03096,0.0,0.0,0.0,85.9375,1.24,252.844,20.99148,35.52589,12.98235,11.21556,0.33358,2.90627,3.14254,6.43528,6.44224,37.05839,26.295734,58.8774
PFSI,89.03451,0.82275,19.94947,1.65696,4.03,29.16919,0.30983,638.125,59.75048,37.07483,2.86,1057.542,-138.88197,52.47961,9.43433,6.21257,0.63238,4.48357,5.88715,24.67315,19.97557,68.96502,5.9885,222.21706
PAG,8.63481,23.32395,27.91999,1.00522,7.14,2.86624,6.30454,706.5,3.30342,78.5,4.35,3222.5,-0.66641,78.85681,2.86764,1.7467,0.2001,3.93909,4.98617,29.59408,29.13844,70.9326,8.38641,244.02802
PNR,9.3266,5.41075,27.94012,1.45806,2.61,9.72349,8.12398,994.2,20.13978,5.66802,3.09,987.5,22.78765,27.63309,13.50147,11.3735,0.88903,5.02826,6.75538,10.33125,10.33125,22.23817,1.44911,28.5978
PFGC,0.0,123.76696,9.181,1.50719,0.93,0.57452,7.47213,356.7,2.12805,36.76471,1.09,2124.8,-0.19442,40.99561,0.57452,0.65182,0.74937,3.97066,6.33628,11.1439,11.1439,62.08987,4.24951,163.78174
PRGO,-3.84354,4.28837,43.82457,1.96351,0.84,2.41802,-1.69628,1101.1,22.26153,149.16841,1.88,1979.5,16.74265,149.16841,2.41802,5.40868,1.27194,3.2173,3.85756,1.9722,1.97226,35.1269,3.03442,54.14709
PFE,-0.04863,6.39013,11.9229,1.35215,3.52,40.63678,5.2747,21116.0,40.18574,200.8547,2.08,41720.0,25.86234,195.32918,40.55114,23.63187,0.92724,5.40422,8.54954,32.57624,32.47703,37.76998,2.05962,60.69415
PM,-8.71678,8.59047,-7.78126,1.35284,3.88,22.05719,7.09465,12378.0,43.05691,-13.39286,4.87,18316.0,20.64752,-13.37735,20.99277,26.29136,0.76519,18.0142,34.01161,1476.5505,1476.5505,142.4323,2.7742,1476.5505
PSX,17.11942,14.99706,49.94326,1.42377,9.85,5.87682,53.03167,3382.0,3.78723,237.32877,4.36,22945.0,0.55333,228.36012,5.71781,2.51489,1.05125,2.40747,3.57488,21.51027,20.51884,26.93271,2.98936,36.86014
PDM,-8.86078,3.14812,13.94128,0.47494,0.92,23.07789,0.0,0.0,0.0,33.33333,0.92,351.732,48.94501,33.92291,23.08049,23.05914,0.47494,1.28183,1.36965,6.54647,6.5398,46.50508,30.319378,86.93363
PNW,16.78798,9.25485,44.80179,0.84843,4.35,14.24704,9.44483,1468.545,41.18999,10.12658,4.45,1634.888,-14.37364,10.50191,13.70029,13.95911,0.35811,3.537,6.03238,9.95801,10.08672,49.1655,3.38234,96.71679
PIPR,-37.56669,3.89438,53.70088,1.30315,-5.07,-6.65244,17.08288,132.587,14.81103,49.532776,4.94,755.044,-4.32725,49.532776,-6.91908,7.06738,0.17629,3.31115,4.18972,-8.52812,-7.64712,52.34438,6.1406,109.83885
PBI,0.2186,2.62774,1.00812,1.28298,1.39,7.3618,-12.66491,645.188,18.17458,172.54903,1.42,1456.151,7.56625,181.60121,7.3618,7.45339,1.17297,4.62266,7.94718,124.46082,124.46082,95.30814,5.93677,124.46082
PII,14.4779,28.94942,14.77065,1.10899,2.69,3.17801,28.36154,591.472,10.89735,-17.737,4.94,1400.957,6.61948,-18.99807,3.17801,5.72631,0.32565,8.08595,12.91808,19.17964,18.96408,49.18218,1.54363,96.78135
POR,4.58015,7.49627,27.11134,1.21759,2.1,9.30811,10.24465,721.0,35.8885,-3.22581,2.29,1108.0,-1.63016,-3.10881,9.30811,10.15123,0.72454,3.0589,4.90247,7.85714,7.85714,50.62334,3.43551,102.52483
PRI,0.31983,0.3992,32.06935,11.65042,7.61,20.73617,10.67998,421.559,24.95758,65.79521,5.53,1069.441,29.07024,59.63202,20.73617,14.92846,11.63566,2.13397,11.02592,26.5297,26.5297,43.88177,2.6323,78.19521
PRIM,-8.92567,6.43273,10.81592,1.54591,1.4,3.229,72.73117,173.068,7.27178,174.5098,1.22,278.434,4.01761,170.75552,3.04009,2.63895,1.09942,5.49986,8.43769,13.73177,14.48971,31.55178,1.49735,46.09584
PRA,15.64209,1.59983,29.83323,5.66021,2.0,14.19718,-21.78062,168.605,19.45556,-29.32862,2.3,161.238,2.1688,-29.00232,12.37734,14.17051,5.66021,2.02245,4.75211,6.32174,7.25122,20.52276,2.44246,25.82219
PG,5.05374,14.51054,21.70801,0.87699,3.69,15.6691,0.37846,17505.0,26.90676,5.73066,4.12,32420.0,23.44908,45.85078,23.55744,16.45328,0.65313,7.41541,10.43259,17.88887,17.92178,36.15887,1.80474,56.63882
PGR,20.36128,3.80626,15.96149,4.26135,2.72,5.95975,39.70158,2527.9,9.42722,54.54546,2.57,2402.5,2.92053,54.43259,5.93774,5.56652,4.26135,3.97172,11.60579,18.46896,17.53331,25.24895,1.30792,35.60981
PLD,-16.52939,21.95485,29.24205,0.84889,3.06,61.13524,0.0,0.0,0.0,34.80176,3.18,2142.037,54.97723,36.56346,57.36379,58.55622,0.73886,2.16254,2.25883,10.84379,9.47672,33.47502,112.88985,50.31948
PB,0.0,68.295044,55.03093,0.55457,3.92,34.27823,-0.34184,504.36,63.52237,-0.50761,3.94,719.171,54.98734,-0.83836,34.27823,34.47999,0.55228,1.35024,6.31311,7.29033,7.29033,17.82253,1.64442,21.68786
PFS,0.0,39.37327,19.51846,1.03117,1.45,24.75319,9.26757,193.656,51.02347,5.07246,1.52,328.299,-8.81228,7.00098,24.75319,25.78501,1.03022,1.17618,3.85291,7.36727,7.36727,57.29739,8.99799,134.17773
PRU,0.0,1178.2402,127.95822,2.13606,17.86,13.35075,8.39941,8066.0,13.50478,83.93409,11.51,18515.0,7.59749,80.01374,13.1649,8.22872,2.13606,0.60679,6.2123,15.7367,15.8794,34.37825,3.52963,52.38849
PEG,15.69317,5.92757,27.4198,0.79463,3.1,17.32717,7.83076,3415.0,37.59357,77.14286,2.78,3415.0,-7.11003,77.45209,17.32717,15.45465,0.46953,3.62984,5.73802,11.6692,11.6692,49.56842,3.98536,98.28844
PSA,0.0,111.14026,28.27106,38.55315,6.73,52.42451,0.0,0.0,0.0,-1.17474,6.79,2036.205,51.74707,-0.78145,52.19837,42.66565,38.55315,9.09116,9.37661,28.96187,15.73903,13.76842,111.14026,15.96679
PHM,0.0,139.84163,14.48648,7.42569,1.44,5.21647,-1.63929,1002.397,11.69215,-17.71429,2.06,2035.324,2.84272,-25.79745,5.21647,7.33075,0.53584,5.9867,7.56137,10.14867,10.14867,45.33311,3.43653,82.92608
QGEN,18.29114,4.67395,11.89294,5.07393,0.18027,2.84578,16.39532,479.707,33.79561,-51.85185,0.89072,1002.249,16.19871,-49.76121,2.84578,13.49706,4.43742,3.52074,4.12507,1.56928,1.56928,40.91628,3.66823,69.25135
QUAD,-1.96948,7.40328,10.04615,1.21799,2.07,2.59476,-4.47823,458.6,11.10035,130.0,2.35,859.9,7.70865,138.75278,2.59476,2.82132,0.82706,5.62718,9.23762,22.24297,22.24297,64.87359,2.10379,184.68607
NX,-5.10628,10.69682,11.67825,1.80171,0.54,2.15601,-13.393,95.518,11.02273,19.500807,0.69,194.067,0.0,0.0,2.15601,2.72559,0.90992,3.55931,11.59275,0.0,19.500807,37.04719,2.50661,58.84915
PWR,32.32832,5.4324,24.64812,1.92344,2.0,3.3616,23.46072,666.82,7.04401,58.73016,1.74,1241.86,0.27377,58.77268,3.3273,2.86966,1.42337,4.76169,6.89611,8.83405,8.91595,15.04041,1.00768,17.70302
DGX,-0.21598,8.33405,36.45185,1.23557,5.5,10.68881,5.36685,1551.0,20.11934,21.95122,5.4,2694.0,11.03905,19.68992,10.01427,9.59658,1.01041,7.77193,9.26113,16.16923,16.86451,42.90736,2.43972,76.36731
REVG,34.21063,10.68497,8.92402,1.77242,0.48,1.38333,29.46326,130.13,5.7382,2.12766,0.76,294.6,-3.56031,3.90157,1.38333,2.14429,0.63666,5.38373,8.75184,7.74246,7.53517,28.64969,1.76635,40.15355
REX,-12.91526,35.49881,17.29589,10.05893,1.63667,8.70826,39.28715,69.17,15.24243,14.18605,1.63,71.039,10.19634,2.85342,7.12496,7.09795,8.95586,7.14437,8.34153,9.92269,10.62265,0.0,0.0,0.0
RLJ,130.65186,31.60286,17.9336,1.04279,0.47,5.57158,0.0,0.0,0.0,-70.80745,0.68,453.296,26.41873,-62.64824,5.50508,7.03405,1.04279,2.12905,2.24297,2.79342,2.60919,44.65343,29.69136,80.67966
RPM,3.34734,5.06344,10.75194,1.94063,1.36,3.72458,-1.10276,651.538,13.14068,-48.28897,2.56,2165.688,2.51173,-48.74255,3.66714,6.74633,1.16184,6.81306,10.25559,12.94853,13.12774,59.22956,3.20792,145.27574
RTX,9.70299,4.97068,37.0528,1.34714,5.7,8.22234,2.14997,9740.0,16.27755,-7.01468,6.55,15636.0,7.02387,-9.95054,7.60733,8.64766,0.88475,5.17613,8.59408,15.91915,16.12665,46.55555,2.82187,87.47335
RDN,21.58967,12.97199,13.90104,3.71788,0.55,9.912,6.36989,707.714,57.9319,-59.85402,1.86,957.601,32.88977,-60.71798,9.912,32.7838,3.71788,7.20961,10.64311,4.12402,4.12402,25.50398,1.45126,34.23537
RL,-12.9207,13.75682,40.7358,2.5472,-1.2,-1.49261,-10.96015,983.0,14.77573,225.47528,4.55,3849.0,14.08636,225.47528,-1.49261,5.65604,1.75584,7.11652,9.48171,-2.81958,-2.81958,20.70747,0.8766,26.11529
RRC,44.31404,8.83619,23.27125,0.56817,1.34,12.76856,128.43771,1187.676,45.52033,128.43771,0.09,1239.052,-11.94039,128.43771,12.76856,0.84543,0.46233,1.5914,1.92079,5.95827,5.95827,41.57415,3.45953,71.15713
RJF,10.5065,0.33947,25.82387,1.25881,2.88667,9.79125,34.60538,1342.445,20.57426,18.63014,3.56667,6002.0,-11.83555,20.19175,9.75092,11.74768,1.13215,2.36606,9.15935,12.1236,11.78366,38.10628,2.61109,61.56729
RYN,34.01568,33.89772,12.35179,2.67735,1.16,19.71447,0.81446,338.664,41.32085,-32.94798,1.17,251.343,-7.09761,-29.78224,18.16041,18.1822,2.04741,4.7594,5.00047,9.9075,10.13132,37.72107,3.02772,60.56795
O,14.29377,10.84941,25.93645,0.2889,1.1,26.26472,0.0,0.0,0.0,-2.65487,1.26,1146.288,57.79484,1.02259,26.22194,28.34152,0.2652,2.63819,2.74637,4.50976,4.50449,45.28443,64.33562,82.76334
RRX,9.54132,6.93918,52.49436,2.21124,4.74,6.49049,2.14346,481.3,14.32313,4.86726,4.97,895.1,2.62179,4.71976,6.33872,6.59649,0.90716,4.91757,6.1574,9.76102,9.84006,32.64203,2.37087,48.46053
RF,0.0,373.28903,13.55474,0.8448,1.0,20.63023,8.56281,2878.0,47.23453,14.94253,1.09,5425.0,7.87379,8.59845,20.72871,21.21681,0.84054,1.43749,7.30442,8.05356,7.65157,34.7728,2.99931,53.31028
RGA,16.38243,1.47972,148.47539,2.14406,27.71,14.55908,10.88984,1379.576,11.0227,156.81186,12.24,2028.0,5.08747,159.77606,14.55908,6.30074,2.14406,1.44953,6.81521,21.87149,21.87149,27.18267,2.58942,37.32995
RNR,118.13477,0.95487,99.72454,4.94288,-6.15,-17.01043,0.0,0.0,0.0,0.61143315,-5.22,-115.269,-74.62852,0.61143315,-10.66603,-9.97774,4.94288,-1.37178,-2.75511,-5.2587,-6.04722,15.22788,0.61143315,23.26679
RNST,0.0,36.462376,30.71679,0.99612,1.96,18.18698,6.76549,239.191,47.18795,-9.67742,2.43,461.487,-64.8491,1.38348,18.18698,22.47159,0.98061,1.61355,8.90547,6.70979,6.70979,16.40749,1.24319,19.62794
RSG,11.16807,9.56015,23.99397,0.54532,3.77,12.73714,4.35585,2769.5,27.58054,111.79775,2.42,3826.9,9.55037,108.6843,12.73117,8.12292,0.49362,4.88431,6.47755,16.33728,16.34004,50.70068,2.95627,102.84257
RMD,17.91325,4.96444,13.7877,4.56508,2.4,16.56157,8.76471,573.959,27.77127,-3.61446,2.61,1201.745,12.32057,-2.87308,16.56157,17.85179,3.53339,8.58059,9.76952,18.72913,18.72913,35.49374,1.87925,55.02371
QSR,12.22869,11.41457,9.12837,1.05716,2.54,26.9946,12.78884,2118.4,46.2927,75.17241,1.56,2248.0,32.92023,5.39311,14.17801,8.07937,0.92405,5.87477,7.36333,33.02706,21.77469,72.66401,5.72267,265.81808
RVTY,29.77434,4.61602,22.68182,1.26191,1.42,6.95132,12.71285,457.728,20.28053,-27.55102,2.68,1073.754,11.12878,24.89725,12.96568,13.04471,0.79339,4.25254,5.7192,6.73816,6.73816,44.48829,4.38275,80.14216
RHI,4.14901,7.33724,8.89471,1.91453,2.33,5.51729,-7.23453,581.21,11.03538,-12.73408,2.68,2163.812,6.53444,-15.3776,5.51729,6.31746,1.3734,17.68371,29.38611,26.51478,26.51478,0.07594,0.00145,0.076
ROK,5.23633,5.69998,20.74455,2.06016,6.35,13.08288,1.80463,1201.6,19.03887,14.20863,6.12,2667.9,8.74265,13.15609,13.08288,12.45081,1.71078,9.05058,15.25424,35.48574,35.48574,40.90607,1.53445,69.22211
ROG,16.77247,6.46323,41.9925,3.99377,4.34,9.79961,39.28742,177.916,21.66951,63.77359,5.48,318.575,9.96571,66.64043,9.79961,12.11677,2.8768,7.66725,9.37269,11.47481,11.47481,15.20276,0.77247,17.92836
RCL,0.0,301.73273,50.16595,0.17599,7.53,18.51403,11.99596,2664.348,30.3531,26.98145,7.48,3881.266,19.49299,26.62835,18.51403,18.28849,0.09159,4.80073,5.82696,16.39585,16.39585,41.33074,2.82976,70.447
R,20.70461,8.29058,53.53632,0.65694,14.87,10.79206,1.2848,1768.39,24.1267,201.01215,4.13,1471.999,-4.41082,201.19135,10.78583,2.96458,0.54349,2.83618,4.04137,32.37028,32.37028,65.61394,3.05908,190.81554
SPGI,17.55793,4.96764,2.80252,1.34536,5.78,27.01633,16.49444,2931.0,48.34241,-27.20403,6.68,4369.0,28.43889,-28.96486,24.67425,28.23823,1.27878,19.00492,31.17069,219.83835,84.02154,62.75717,1.21767,342.41122
SLG,0.0,50.269527,68.6119,2.92428,0.92279,6.58452,0.0,0.0,0.0,-62.82051,0.93339,962.447,33.68734,-59.43352,6.60439,5.65116,2.92428,1.93547,2.04072,1.54702,1.27291,44.50926,50.269527,85.58719
SM,22.07919,9.02516,21.44035,0.98194,-1.44,-12.76123,47.478596,31.761,2.51991,47.478596,-2.01,767.498,-55.48442,47.478596,-12.76123,-17.76972,0.84786,-5.34541,-6.28088,-6.5761,-6.5761,54.8475,91.58307,121.47166
SPXC,6.27731,5.4923,7.37849,1.37202,1.91,5.89143,-27.95478,70.1,4.91654,536.6667,0.27,330.2,-1.76918,51.8745,6.26315,0.80316,0.98525,1.49574,4.84909,33.18191,33.18191,53.13477,5.08987,113.37782
STAG,33.21968,10.23711,12.5142,1.08414,0.23,10.69416,0.0,0.0,0.0,-20.68966,0.24,238.0,55.99666,-9.44407,10.38164,7.1369,1.08414,1.30519,1.35522,2.98262,2.59968,45.42341,21.199121,83.22876
CRM,27.9892,2.94754,10.60149,0.8262,0.26,2.14052,17.56887,708.905,8.44741,321.54303,-0.04,6203.0,26.31097,321.54303,2.14052,-0.32784,0.74944,0.31805,0.59458,2.87342,2.87342,22.90818,3.14386,29.71544
SD,1.01295,5.94231,23.56073,0.98081,1.44,13.1716,14.071858,164.144,45.94024,-97.49522,1.52,240.036,-35.78519,-95.74798,13.1716,13.80128,0.86764,1.83194,2.3779,6.95742,6.95742,4.27402,0.22847,4.46484
SLB,-13.8809,3.48463,26.62123,1.21038,-1.08,-4.97043,5.49099,6263.0,20.5749,479.2817,1.5,4142.0,15.05954,479.2817,-4.94415,6.83969,0.862,2.43676,3.13344,-3.86294,-3.84059,32.81464,2.9058,48.84195
STNG,52.17306,9.99634,51.61592,1.33621,-7.3,-30.86213,-27.51408,136.462,26.61468,24.692266,-5.8,198.022,-33.32233,24.692266,-30.86213,-24.35837,1.20499,0.14707,0.14857,-10.54757,-10.54757,62.14928,20.27812,164.19577
SMG,0.66191,13.40827,11.16695,1.61928,3.29,7.50539,2.22041,501.8,18.99247,-19.5599,3.61,972.6,16.09846,-30.76435,8.26237,8.11604,0.74766,9.48783,12.81545,29.00293,28.40974,67.92224,2.79215,211.74248
SEE,-38.53344,6.14927,0.90334,1.35423,0.33,1.40757,-25.10574,796.8,17.85906,-86.58537,1.69,1412.1,11.70544,67.53701,18.26475,7.07955,0.959,6.67652,10.09518,16.48294,16.48294,95.53412,4.08886,101.88153
SRE,-5.97122,8.31072,25.203,0.50354,0.505,3.13197,30.92397,3840.0,34.2643,-81.50183,2.785,3599.0,-11.08348,-81.25456,2.29321,12.50206,0.29149,2.99013,4.38996,2.00617,2.31066,56.18199,5.05521,128.21664
ST,11.26125,6.2583,13.68821,2.93615,2.37,12.34926,4.96797,848.328,25.65457,54.90196,1.99,1187.535,10.71137,55.6037,12.34926,10.30075,2.08045,5.60797,6.66987,19.04813,19.04813,58.23237,3.85496,139.41988
SXT,0.47813,6.98691,19.73102,3.39065,2.03,6.57728,3.07235,264.395,19.40849,-25.91241,3.44,478.379,8.1481,-29.03308,6.57728,11.05535,1.03911,7.9549,9.25497,10.61585,10.61585,42.2791,2.3612,73.24748
SCI,-5.55023,49.21575,7.55239,0.58059,2.84,17.66855,4.4431,772.857,24.9709,215.55556,1.69,722.779,11.68347,208.78287,17.6626,10.24528,0.52781,2.9719,7.94754,43.69628,43.66595,71.29066,4.52852,248.31873
SFBS,0.0,30.213242,11.45627,0.98232,1.72,33.03454,19.84042,167.622,59.48219,13.1579,1.82,220.478,-62.54937,14.25275,33.03454,34.15673,0.98057,1.53106,10.79328,16.48209,16.46928,37.63258,2.18724,60.34012
SHW,70.96484,8.98432,13.10904,1.12005,6.37,12.1051,24.93588,2522.393,16.83415,59.38282,4.67667,6718.8,8.09046,56.46308,11.82786,8.69949,0.57905,9.50281,14.06736,65.12019,65.12019,74.02217,4.1709,284.94363
SIG,6.16269,3.57392,36.45974,3.85694,7.08,8.47638,-0.69385,701.3,10.94345,20.61329,7.41,2643.3,2.16181,16.09318,8.47638,8.6144,1.7089,4.90067,7.14983,19.5716,17.62835,31.23407,2.00913,45.42084
SLGN,57.75216,11.01149,6.93994,1.34817,2.42,6.59337,24.44236,576.478,14.09532,89.80392,1.76,634.548,2.55487,75.84431,6.59337,4.74886,0.5303,6.45324,9.41218,43.65251,43.65251,76.87948,4.41871,73.99709
SPG,11.74402,8.4402,11.70783,0.66813,6.24,37.79992,0.0,0.0,0.0,6.30324,6.6,4547.256,47.78243,5.93106,32.79999,34.61935,0.66813,6.31816,7.00649,49.25231,47.12758,84.75918,225.13745,225.13745
SSD,20.93433,7.86715,18.92776,4.27824,1.94,9.47949,3.46054,172.507,17.65636,4.30108,1.9,443.381,4.66854,3.21283,9.47949,9.2345,2.23071,8.61259,9.90484,10.58105,10.58105,0.41218,0.02123,0.41389
SPNT,17.35387,1.28741,16.03463,3.36847,2.64,30.21446,1096.1105,307.831,33.00889,915.38464,2.71,373.608,-2.99144,905.23975,29.78843,29.71739,3.36847,4.49129,9.70882,18.09676,17.50435,23.30077,1.74651,32.35813
SITC,-24.87271,6.35135,51.44729,0.40499,-5.92,-25.58506,0.0,0.0,0.0,37.65339,-4.72,652.161,17.52829,37.65339,-25.43279,-22.80818,0.39003,-0.49177,-0.52168,-9.20101,-7.91516,57.05432,37.65339,132.85226
SW,0.0,0.0,0.0,0.0,0.0,0.0,0.0,0.0,0.0,0.0,0.0,3079.9712,0.0,0.0,0.0,0.0,0.0,0.0,0.0,0.0,0.0,0.0,0.0,0.0
SNA,0.0,146.52792,52.10619,1.776,9.52,14.30393,8.54683,1021.1,25.52559,3.47826,10.34,2043.1,10.99636,2.06808,13.94145,14.83679,1.14791,11.63097,14.79414,20.02118,20.40838,28.82423,1.17883,40.49726
SAH,12.05926,21.62989,18.21415,1.03323,2.12,0.9542,2.77343,303.715,3.07802,2.91262,1.76,1457.676,-0.27536,-0.22534,0.94234,0.78477,0.24988,3.59975,4.15673,12.45473,12.45473,76.33662,8.35665,84.64179
SON,15.9639,7.45805,17.17128,1.56368,1.74,3.52312,4.10756,668.483,13.27237,-38.07829,2.8,958.652,2.78099,-38.78345,3.48138,5.57243,1.04476,6.66598,9.77273,10.82569,10.80424,45.55089,2.1651,83.65773
SSB,0.0,50.032665,62.81066,0.9258,2.93,15.22289,24.55856,310.872,54.05088,-29.90431,4.9,537.125,78.21948,-13.55424,15.22289,25.29117,0.91891,1.50943,8.17238,5.08516,5.08516,17.8952,1.61881,21.79556
SO,15.43986,9.59625,23.98465,0.74092,0.84,4.02067,17.69865,8991.0,39.03869,-67.05882,2.99,9915.0,-9.7879,-64.70116,3.82094,12.9825,0.44983,3.38749,4.95129,3.59734,3.51117,66.27047,5.64932,196.4761
SCCO,48.98424,8.68734,7.59728,2.71343,0.90383,11.00609,47.85862,3279.8,49.28695,-6.0,1.88459,3401.7,16.26475,-6.18158,10.94748,22.76775,1.73902,12.11807,13.67909,12.20268,12.18605,49.2058,1.8163,96.87287
SBSI,0.0,36.647457,21.54686,0.64509,1.81,24.14435,13.91208,104.225,46.33314,-0.25538,2.04,176.768,139.10994,10.05694,24.14435,27.06222,0.64442,0.97432,2.9882,8.53684,8.53684,61.11654,11.37297,157.17877
LUV,0.0,547.5877,17.72149,0.69732,5.79,16.47537,-2.48806,4899.0,23.14015,63.09859,3.64,7316.0,5.50458,55.43672,16.47537,10.33319,0.56988,9.5075,17.74763,36.96677,36.96677,26.01788,0.74872,35.16779
SPR,10.45009,10.33523,15.7364,1.63547,3.01,5.08234,21.46027,1149.5,16.46141,-18.64865,5.47,795.9,8.3177,-24.44113,5.08234,9.14931,0.72474,10.95053,19.58361,19.03306,19.02796,38.98391,1.00131,63.8912
JOE,45.35973,9.54505,8.76441,12.2553,0.84,59.95789,6.54259,11.22,11.35674,300.0,0.23,33.558,-16.56266,274.82227,60.30406,16.42378,11.91918,0.14976,0.16747,9.55656,9.26009,28.14995,20.69225,39.17875
SMP,4.03105,8.12665,20.15165,1.73521,1.88,3.909,4.70129,126.988,11.3774,-30.37037,2.92,326.656,7.33915,-37.15704,3.40243,5.94547,0.55048,8.2788,12.73834,9.75319,9.75319,11.98567,0.48649,13.61787
SWK,25.62927,9.41761,48.99505,1.04684,8.04,9.61466,14.28497,2179.3,17.0963,23.5023,9.34,4825.1,10.49485,27.00715,9.6178,10.96347,0.52121,6.18828,9.61935,17.62241,16.70494,31.58446,1.75823,46.16562
STT,0.0,776.85455,52.0087,0.50677,5.24,18.53713,17.65918,6283.0,53.49966,5.4326,5.94,11264.0,-23.53223,1.58656,18.53713,18.95666,0.50485,1.44012,9.05045,11.72195,10.00092,41.15181,2.48385,69.92875
SCS,-4.67927,9.62209,6.53325,1.56515,1.03,4.10896,2.31125,265.6,8.75874,-24.26471,1.09,1011.8,3.67242,-26.835,4.10896,4.2559,1.14081,7.12728,12.22082,16.57576,16.57576,27.95376,1.11973,38.79974
SCL,11.43967,6.91269,32.88,2.46285,3.92,4.75567,7.87368,228.251,11.85715,5.09383,4.78,347.457,4.99073,6.25007,4.75728,5.69774,1.8499,6.66072,9.48024,13.32334,13.29823,28.18604,1.27403,39.24869
STC,0.0,53.685673,28.33942,2.31061,2.06,3.07759,-12.1226,113.107,5.78753,11.35135,2.1,1022.092,3.19813,-12.29136,2.48981,2.51926,2.31061,3.9684,7.06295,7.40956,9.06047,13.86993,0.96645,16.10348
SF,9.45089,0.35624,25.50931,0.69476,1.42667,6.1029,15.08603,478.835,15.98001,114.0,2.75333,2748.807,44.12909,124.32655,6.1029,9.44985,0.61621,1.3397,4.75937,6.90081,6.53113,51.9675,6.46571,108.19237
SYK,0.0,515.5436,26.61859,2.29354,2.68,8.19672,9.24856,3402.0,27.33848,-38.39081,5.92,8259.0,7.53476,-38.06922,8.19672,17.79235,1.43214,8.09251,10.24773,10.45296,10.44547,41.98349,2.12287,72.36473
SHO,-13.01065,32.57322,10.40173,3.00184,0.56,12.18754,0.0,0.0,0.0,1.81818,0.53,565.606,17.0833,8.33029,12.13511,9.81704,2.44695,2.41928,2.5991,5.96898,5.70996,28.10792,32.494923,39.09738
SYF,6.08393,0.22505,18.47298,1.54728,2.42,11.5903,-4.38515,4121.0,24.68404,-10.70111,2.63,7071.0,14.28272,-14.03821,11.5903,12.53326,1.54728,2.59858,6.96747,13.61238,13.61238,59.36974,5.04708,146.12196
SNV,0.0,102.10316,23.8491,0.96843,2.17,19.22595,6.34517,673.166,46.98177,14.81482,2.37,1301.451,71.82765,11.62555,19.22595,20.04112,0.96448,1.37211,8.34995,9.77286,9.35477,38.66989,2.77395,63.05205
SYY,18.67576,14.97861,4.4931,1.31785,2.08,2.06336,13.63353,3017.252,5.44914,26.82927,2.36,10557.507,3.15337,20.31135,2.06336,2.31647,0.8036,8.17164,13.01386,38.9858,37.96102,76.88059,2.71601,603.1746
TEL,11.92571,6.04843,27.72423,1.54042,4.67,12.75833,0.0,2836.0,21.62739,-11.21673,4.84,4183.0,8.75753,-16.22698,12.83459,13.10303,0.91188,7.4336,10.32364,18.34832,18.34832,30.81944,1.53174,44.54928
TJX,8.71963,133.56226,3.48945,1.62912,1.73,6.92578,4.32947,4514.023,13.60312,3.9039,1.79,9617.99,7.53835,0.90338,6.92578,7.07339,0.7844,19.73443,37.21281,52.1279,52.1279,34.76543,0.53253,53.29294
TXNM,-0.52858,9.97159,21.28271,0.35233,1.0,6.60338,16.08885,565.463,39.13231,-31.50685,1.62,828.498,-1.74131,-31.50106,5.56414,8.95662,0.20303,3.17828,4.65695,4.76993,5.40713,60.74029,4.85097,154.71408
SKT,10.89744,9.98774,6.1503,0.37761,0.71,14.58242,0.0,0.0,0.0,-64.67662,1.08,363.982,43.25135,-64.90111,13.79645,20.70755,0.37761,4.08048,4.33464,10.86473,10.90896,74.2292,32.555515,288.03613
TPR,9.29853,17.49143,10.64881,5.2445,2.09,13.16757,3.86953,1025.4,22.84607,26.66667,2.17,3084.0,9.55289,28.33876,13.16757,13.56643,4.50133,9.47148,12.47774,20.79229,20.79229,34.47636,1.54037,52.61668
TRGP,22.68011,11.73599,28.3145,0.78554,-0.31,1.18209,4.8288,1074.6,12.19072,144.78668,-0.72,1908.8,-2.68423,144.78668,0.6126,-1.68996,0.59681,1.19773,1.43066,0.94663,1.61705,42.01904,4.70222,72.47042
TGT,0.0,1246.0758,19.69412,0.9435,4.58,3.84056,-0.92656,7271.0,10.46262,-12.76191,5.07,21126.0,4.87499,-18.61433,3.93841,4.21387,0.25661,8.00104,12.57866,22.32539,22.32539,53.78871,1.7534,116.39733
TMHC,0.0,59.10446,19.37035,11.21252,1.47,4.54664,9.28872,352.443,9.07122,-13.01775,2.45,738.929,7.86639,73.36932,2.34783,3.91347,1.91666,5.09677,5.73826,8.49378,7.83936,38.96528,4.25051,63.84118
TECK,12.99685,7.13744,33.81053,1.80916,3.41286,21.06574,93.31734,4498.118,46.82105,140.44943,3.73979,3653.6743,13.72012,141.25,20.82503,22.48,1.0568,7.03874,9.86969,13.62661,13.67236,24.59643,1.12906,32.61972
TK,-62.88492,6.59,8.72004,0.61008,-1.89,-28.13716,-31.46149,743.83,39.55844,77.852905,0.32,874.523,-26.30946,77.852905,-8.68336,1.46927,0.55743,1.68928,1.87459,-19.47755,-14.65969,61.38742,6.15485,158.98296
TGNA,-31.72398,3.79563,4.62958,1.95764,2.06,23.53946,-48.85302,631.435,33.18058,1.9802,1.11,969.308,9.1358,-37.31489,14.38467,12.57479,1.65389,5.13517,6.51452,27.42799,24.92617,75.14097,4.76327,75.51137
TDY,24.60255,6.0427,54.79178,1.87181,6.26,8.72571,29.78546,465.8,17.88924,16.57356,6.6,988.3,8.46503,19.01519,8.72571,8.92234,1.01554,6.76844,8.6304,12.97655,12.97655,35.52414,2.30335,55.0968
TFX,27.1632,6.94745,53.8121,2.33284,3.33,7.23397,24.76041,614.843,28.64661,-33.13253,7.47,1171.802,15.97229,-35.74356,7.10664,15.66321,1.40415,5.70328,7.31729,6.79778,6.79778,48.0665,3.65874,92.55393
THC,-14.74359,6.03303,-1.45585,1.28647,-7.0,-1.66849,-1.00789,2259.0,11.77851,456.60587,-2.39,6794.0,2.10777,456.60587,-3.67068,-1.25353,0.81764,3.61072,4.81329,456.60587,-10.88435,86.13193,6.61222,456.60587
TNC,39.90461,5.75517,16.58201,1.78902,-0.35,-0.6186,20.75632,104.994,10.46731,36.6398,1.59,407.0,0.47503,36.6398,-0.61761,2.80491,1.13556,5.27155,7.79519,-2.15461,-2.15072,55.80212,3.58915,126.25522
TDC,0.92251,3.9596,5.4799,1.64628,-0.53,-3.10761,-52.75591,240.0,11.13173,64.23629,0.62,1029.0,10.77806,64.23629,-3.10761,3.61763,1.54563,2.56591,4.27136,-8.17572,-8.17572,53.8036,3.24167,116.46707
TEX,13.36743,6.97363,15.23691,2.3013,0.63,1.37507,37.50619,277.9,6.36889,58.658215,1.43,767.3,7.03379,58.658215,2.94954,3.0413,1.26586,3.18799,5.09021,4.43344,4.37366,44.61559,3.54372,80.55624
TRNO,6.48148,5.94857,18.55721,1.86081,0.95,40.02548,0.0,0.0,0.0,265.3846,0.96,96.61,49.97522,251.20386,40.02548,37.16741,1.86081,1.73077,1.81395,5.92149,5.7734,31.00256,39.48635,44.93291
TXT,10.81767,6.84076,21.59704,2.18061,1.14,2.15523,-6.84505,1497.0,10.54374,-63.1068,2.47,2342.0,6.04663,-68.08732,2.16228,4.63416,0.93536,4.34067,7.08287,5.45406,5.45406,40.92478,2.61323,69.27572
TMO,27.24291,6.03912,63.32432,1.33669,5.6,10.65111,15.30755,5294.0,25.30835,9.80392,5.88,9536.0,13.44655,10.05045,10.63677,11.10336,0.80477,3.97996,4.82632,9.49048,9.49048,45.25538,3.96827,82.66635
TKR,19.84018,6.23907,18.56685,2.23329,2.58,6.7348,12.5323,435.5,14.4983,34.375,3.25,812.1,1.25841,33.28965,6.77142,8.41075,0.99256,6.04233,8.45562,14.96909,14.54925,39.48383,2.20964,65.2451
TWI,26.37861,7.23452,5.36671,2.10015,-1.12,-4.36232,65.0885,60.533,4.12091,22.091488,-0.74,159.744,-1.90242,22.091488,-4.08749,-2.98938,1.0508,0.15829,0.22767,-19.53217,-15.66685,51.57562,7.44754,145.38705
TOL,0.0,100.2538,28.82347,6.72422,3.17,8.55194,0.0,715.882,11.43275,45.41284,3.13,1267.549,6.06235,40.14708,8.55194,8.10892,0.80698,4.5432,5.52696,12.22524,12.20878,41.51059,4.49798,70.97113
TR,10.21786,11.49913,9.22952,4.24719,1.01044,15.53162,-19.309,90.407,17.40977,22.07407,0.75783,191.906,5.1324,19.78077,15.57206,11.67979,3.19933,4.82268,6.10874,11.19067,11.16054,1.07045,0.08783,1.08203
BLD,22.12141,6.79436,28.00233,1.45586,4.32,8.29543,37.6043,188.328,9.87942,125.0,2.99,461.109,3.87774,117.79605,8.29543,5.63064,1.03878,6.24606,8.99021,16.06173,16.06173,19.53212,1.28439,24.2732
MODG,-25.9168,9.42311,6.86481,1.48226,0.42,3.97307,77.28215,107.706,10.27008,-78.78788,0.54,480.448,5.82396,-78.51185,3.89097,4.85705,0.57556,6.28341,8.15958,6.53661,6.57221,13.15683,0.92749,15.1501
TTC,11.46237,15.0114,5.77353,1.64794,2.41,10.68188,5.61613,420.762,16.78836,16.99029,2.47,920.837,9.60401,15.89782,10.68188,10.67444,0.94544,15.45337,24.0301,45.87624,45.87624,34.97306,0.78878,53.78242
TT,11.444,6.04102,28.62085,1.26742,5.14,9.42202,6.27906,2080.2,14.65177,-6.88406,5.44,4432.8,6.61335,-11.75992,9.17479,9.76683,0.84567,6.08261,9.80818,19.26858,19.21265,36.05746,1.95366,56.3904
TRU,17.56027,6.39696,9.43614,1.28425,2.32,23.35298,20.02734,702.4,36.32227,256.92307,1.52,1288.1,14.87292,265.8375,22.81518,14.33695,1.13045,5.86381,7.13338,28.54278,27.38962,57.4606,3.50883,135.07619
RIG,-28.33133,4.15804,32.47903,3.3645,-8.0,-104.17087,-32.38636,1428.0,48.03229,116.13672,-7.7,1342.0,21.39674,116.13672,-105.17995,-101.26808,2.97736,1.51119,1.67559,-21.93693,-21.65583,36.67741,5.17927,58.18582
TNL,-26.94954,6.72763,8.788,1.16739,7.89,16.13475,-7.32394,1316.0,25.92593,42.67631,5.53,1946.0,-2.71129,42.55319,17.15918,11.22124,0.38204,6.81807,10.50877,102.76382,102.31106,87.18433,4.56459,161.97049
TRV,3.10939,1.43076,87.4392,5.46769,7.33,7.21277,-28.0303,3515.0,12.33117,-28.6965,7.86,7269.0,21.10902,-31.785,7.21277,7.61045,5.46769,1.65785,5.63292,8.75788,8.75788,21.68504,1.86942,27.68952
TREX,52.31791,9.32511,1.96454,2.38043,0.805,16.83226,35.107,159.61,28.24191,40.61135,0.795,243.373,13.42006,40.20959,16.83226,16.53884,1.69441,32.61165,48.87647,52.0663,52.0663,0.0,0.0,0.0
TPH,0.0,52.502697,12.76584,13.39292,1.21,6.67377,15.99803,348.762,12.41026,0.0,1.43,627.983,-0.97098,-4.08872,6.66096,7.84307,1.55119,5.85585,6.50733,9.95917,9.92639,43.25287,4.21864,76.22035
TRN,-2.37655,9.78835,29.84814,3.10972,4.52,19.48236,-23.38758,772.1,21.0795,100.88889,1.48,622.2,-1.64526,104.45285,19.17932,6.00437,2.2557,3.19187,3.85228,16.68725,15.56532,40.02765,4.19946,66.74352
TSE,18.60381,8.54728,15.54839,2.62719,7.3,7.38068,11.0527,513.3,11.53976,8.95522,8.47,640.3,0.71018,3.1378,7.38068,8.34033,1.78471,9.90063,14.8385,58.6327,58.6327,63.46112,2.28327,173.68109
TROX,-20.44335,4.65844,6.83599,7.58333,-0.89,-5.47703,33.81295,372.0,21.90813,41.87851,-0.27,389.0,14.18581,41.87851,-16.78445,-1.90021,6.07184,2.35633,2.76054,-11.48429,-8.54779,75.61269,8.45968,41.87851
TFC,0.0,738.11285,34.00869,0.8889,2.74,19.86673,7.20161,5865.0,48.24778,-1.08303,3.2,10770.0,11.51592,-1.31904,19.69398,21.03895,0.88188,1.5068,5.95436,8.96243,8.10117,49.04858,4.874,96.26537
TPC,3.34745,2.68393,34.41624,1.94355,2.92,3.24863,-14.0323,231.407,4.86435,52.08333,1.52,454.405,1.08264,54.8517,3.1191,1.5863,1.29742,2.70207,4.7195,9.08564,9.48762,30.16219,3.18174,43.18892
TYL,13.37417,3.93328,30.80542,1.29947,4.18,19.50189,18.29049,214.23,25.48349,48.22695,3.82,399.377,15.22027,49.23491,19.50189,16.93699,1.22296,6.82477,9.61295,15.74412,15.74412,0.0,0.0,0.0
TSN,8.62516,23.78614,28.67464,1.55208,4.79,4.64715,14.3538,4079.0,10.66127,5.73951,5.54,5141.0,1.89068,0.33937,4.6367,5.29963,0.49504,8.25254,11.35279,17.60881,17.61879,49.14266,2.50135,96.62847
UDR,-1.62203,52.42207,10.37853,0.07122,0.44,12.8914,-3.00415,228.465,22.20221,-59.25926,0.47,720.374,49.5121,-58.47266,11.813,12.19621,0.07122,1.80091,1.86752,4.17277,3.4058,49.24992,16.07101,129.4953
UGI,13.41247,10.16306,18.26976,1.00438,2.46,8.55785,3.98021,1449.9,23.68847,18.26923,2.79,3283.4,1.70753,19.71483,7.13317,7.91604,0.71522,5.7603,8.09073,14.51897,14.26723,54.8195,3.13056,121.33444
USB,0.0,1427.0629,26.34682,0.8182,3.51,26.05851,0.3932,12511.0,52.13786,8.33333,3.41,19883.0,62.47656,5.60462,25.91265,23.83135,0.80806,1.6579,7.76787,14.55899,12.81366,49.61654,3.90936,98.47783
USFD,6.16615,19.10631,12.79924,1.40766,1.97,1.83994,4.73634,953.13,3.94717,91.26214,1.24,4218.0,1.62764,111.77631,1.83994,1.14198,0.75775,3.9989,5.60544,16.80064,16.80064,57.72755,3.94205,136.56071
UAA,-2.09014,8.07649,4.56621,2.20458,-0.11,-0.96975,-43.0153,329.469,6.62043,120.1228,0.2,2256.491,-1.05183,120.1228,-0.96975,1.77122,0.86965,2.56462,3.39233,-2.38348,-2.38348,31.23786,2.78341,45.42886
UNF,19.54042,9.25643,71.6953,4.57821,3.44,4.41218,-2.45635,261.813,16.45631,-44.24635,5.3,597.369,4.78238,-43.85488,4.41218,6.71862,3.01902,6.08756,7.60658,4.98202,4.98202,0.0,0.0,0.0
UNP,18.68045,15.44166,31.82921,1.01701,13.36,50.43315,10.11815,10252.0,48.26742,163.51085,5.99,11200.0,16.41949,153.0593,50.43315,22.51608,0.72557,8.97057,13.27063,47.83424,47.83424,40.53589,1.65275,68.16865
UIS,-0.49427,5.43415,-26.82574,1.43012,-1.3,-2.42906,1.54242,237.0,8.64396,52.183655,0.37,647.7,10.08279,52.183655,-2.38165,0.68026,1.27336,3.6755,52.183655,52.183655,52.183655,52.183655,2.72025,52.183655
UCB,0.0,43.50708,16.79987,0.79265,0.92,14.18909,8.5868,267.003,55.86071,-34.28571,1.64,440.445,111.42075,-32.62101,14.18909,25.13182,0.7891,1.47521,8.46328,5.70147,5.70147,34.12614,2.5288,51.80529
UNFI,7.33662,18.26863,33.2251,2.36179,2.56,1.40337,4.68549,317.889,3.42757,2.4,2.58,1428.921,2.37,3.48981,1.40337,1.40677,0.76855,5.07276,6.95251,8.13107,8.13107,18.65047,1.21301,22.92634
UPS,14.0091,8.0,1.16414,1.22348,5.61,7.45385,27.17236,9791.0,14.86368,44.96124,5.33,14666.0,0.71256,43.10697,7.45385,7.04765,1.13433,10.94224,22.4428,1179.9067,1179.9067,95.93191,2.48075,1179.9067
PRKS,4.55808,33.63214,3.33805,0.4686,-2.36,-16.02012,-11.84977,236.463,18.71753,34.023903,0.23,473.099,1.30535,34.023903,-16.02012,1.56227,0.28562,2.04861,2.36103,-54.06468,-54.06468,84.2896,6.52244,34.023903
URI,34.02174,6.16907,36.77306,1.06235,15.73,20.26803,13.39978,3072.0,46.25809,143.87598,9.48,2851.0,5.66745,137.80919,20.26803,12.07647,0.95024,7.81424,9.60358,56.626,56.626,75.24311,3.07292,288.51282
X,10.4968,9.32623,18.9475,1.74752,2.19,3.15918,165.35432,1011.0,8.25306,127.224724,1.84,1392.0,2.18367,127.224724,3.15918,2.62546,1.07975,3.35138,5.62666,13.83625,13.83131,44.87052,2.67359,81.39115
UNH,17.36997,22.70418,49.30444,0.73488,10.72,5.38032,16.47648,17454.0,8.67672,47.86207,9.71,47011.0,7.02945,50.46316,5.24858,4.65325,0.62065,7.25986,12.11888,24.53922,23.47442,37.85747,1.81574,63.59641
UTL,17.87109,3.64142,22.71868,1.00199,2.06,7.13934,4.20018,116.6,28.70507,6.18557,2.06,143.4,-13.31241,7.01107,7.13934,7.14813,0.89669,3.67601,5.77025,9.21366,9.20781,57.36709,3.88679,134.56058
UVV,2.47959,4.77268,50.89966,5.8262,0.88,5.43188,0.56164,218.621,10.55519,-77.55102,1.02,394.679,8.75027,-2.48771,5.13244,1.15404,2.69885,5.24281,6.26804,8.54139,8.09501,24.38756,1.95711,32.25336
UVE,341.39493,5.13201,12.66699,3.47548,2.99,14.22167,4.98909,174.684,23.23185,7.16846,3.2,401.488,-0.39373,7.56966,14.22167,14.82761,3.47548,8.48825,25.44233,26.36536,26.36536,2.84152,0.07366,2.92463
UNM,2.98535,0.92892,43.02417,7.21563,4.37,8.80852,3.12693,1672.1,14.81465,10.63291,4.25,3271.2,5.49934,6.74254,8.80852,8.52847,7.21563,1.55205,7.76342,10.72324,10.72324,25.56362,1.96657,34.34292
VFC,18.13623,9.61046,9.39791,1.59993,1.79,6.10616,-6.7906,1831.452,15.50609,-35.61151,3.07,4550.036,7.22582,-42.75025,5.20628,10.37674,0.72424,9.86346,13.97451,16.65452,16.65452,44.00472,1.59619,78.58647
MTN,27.05403,11.41958,39.19952,0.71634,5.22,12.14953,32.54262,599.477,31.43201,30.17456,5.87,826.376,15.84671,40.59925,11.0398,12.0806,0.52034,7.77978,11.00618,17.21825,17.24461,41.42832,2.12255,70.73096
VLO,19.41645,14.25,50.68242,1.74438,9.16,4.70099,0.64935,4960.0,5.61042,85.4251,5.05,6439.0,4.32163,77.58847,4.59805,2.5248,1.15365,4.74925,7.54614,19.35023,18.99712,27.92396,1.78871,38.74236
VMI,14.64349,5.82378,49.03657,3.65403,5.11,4.4545,4.08971,348.789,12.70186,-33.02752,6.95,681.768,3.8062,-32.89923,4.23312,5.69978,2.50119,6.60375,9.04578,11.30564,11.46178,39.59571,2.16468,65.55116
VTR,67.52273,2.6739,30.50717,0.89352,3.78,38.09119,0.0,0.0,0.0,103.22581,3.74,2081.091,25.81085,108.93488,37.95821,37.18725,0.89352,2.82168,3.00656,12.72203,12.47674,50.41443,118.56074,103.14555
VRE,27.33619,4.3511,16.41897,0.44655,0.06,5.50152,0.0,0.0,0.0,-95.38462,0.06,261.185,34.16228,-95.53504,0.85399,0.88113,0.44655,1.37812,1.4564,0.34853,1.86927,59.89913,17.134846,168.36635
VZ,34.14606,6.1471,10.5641,0.90544,7.36,24.23949,4.65936,43936.0,34.86043,129.2835,3.58,72971.0,8.64757,129.30602,23.88324,11.60062,0.77404,6.78355,11.57143,91.74337,88.91282,72.37826,2.66513,262.0337
VIPS,119.62821,20.85996,3.34844,1.34576,0.49,2.5955,3.99198,503.603,4.49388,0.0,0.51,2504.1638,-2.00155,2.14512,2.67397,2.67493,0.83821,4.38908,9.13848,19.82749,19.24311,28.79268,1.7586,40.43501
VRTS,82.97054,8.38412,66.71983,1.53804,3.96,9.38401,55.07202,102.056,23.97893,-36.12903,8.75,162.226,44.71226,-23.68975,8.69629,14.41794,1.27225,3.16183,3.56042,9.2601,8.24895,73.67773,16.71391,281.83862
V,8.7416,16.89646,11.97625,1.90344,2.8,36.4909,22.65818,12911.0,70.32901,12.90323,3.51,17738.0,66.00392,11.81773,36.4909,44.12834,1.68651,11.69875,15.45596,24.61555,20.40139,35.92427,1.42259,56.06532
VSH,24.08522,8.47978,9.91748,3.88473,-0.14,-0.75129,34.56871,486.007,18.66729,61.84053,1.53,703.109,6.06547,61.84053,-0.7814,8.55835,2.89756,6.17373,9.9174,-1.35913,-1.1706,18.04784,0.76228,22.02241
VPG,36.53049,6.27568,14.53284,3.68516,1.07,5.65913,31.68154,34.386,13.51917,122.91667,1.15,98.283,5.11136,124.00063,5.63987,5.99619,2.33229,5.14677,6.8533,7.87021,7.89013,14.33801,0.94094,16.73788
VNO,-12.5791,2.02627,18.1366,0.88314,0.91,12.95839,0.0,0.0,0.0,-78.83721,1.1,1207.632,38.21421,-74.92428,10.62513,9.74036,0.88314,2.17074,2.29357,5.15411,3.61491,60.72424,60.574345,182.48389
VOYA,-15.95229,0.40793,58.19761,11.12074,-2.24,-2.45997,206.99814,955.0,11.08146,206.99814,1.76,3218.0,59.25331,206.99814,-34.71803,3.75976,11.12074,0.25013,3.11877,-3.58216,-1.69559,28.99138,4.71937,40.82797
VMC,8.93402,9.34519,37.55096,2.66466,4.4,15.25311,1.136,982.608,25.25792,41.4791,3.07,993.513,1.68647,43.31297,15.45345,10.45717,1.65958,4.70509,5.88217,12.43828,12.43828,36.48969,2.9054,57.45475
WRB,-5.23174,1.93727,13.19476,17.16843,1.26222,7.26489,-5.75093,917.165,12.04167,-8.97436,1.25333,3356.999,9.83036,-8.77564,7.20918,6.93336,17.16843,2.27413,6.93362,10.50038,10.50743,31.96924,2.79299,46.99232
WTI,0.36793,7.48486,-4.12326,1.13323,0.56,16.35858,54.97611,261.433,53.67176,54.97611,1.31,321.177,10.40367,54.97611,16.35858,37.01083,1.05348,7.60884,16.94219,54.97611,54.97611,237.02454,3.79467,54.97611
WEC,8.77829,5.90071,29.98146,0.57207,3.79,15.75342,6.1632,2583.8,33.78179,28.04054,3.16,2776.8,-2.01379,28.15358,15.75342,13.03911,0.35914,3.61589,5.62645,13.10301,13.05983,53.75516,4.27018,116.24033
GWW,8.34685,8.18187,30.00465,2.12788,10.02,5.97076,-2.99508,1419.31,13.61467,1.51976,11.36,4098.0,7.57408,-3.3334,5.61859,6.28486,1.09651,12.61364,17.42647,33.58479,33.34366,56.17032,1.65034,128.15591
WNC,-4.4248,11.76265,8.79131,2.03192,1.78,6.30514,-27.17864,175.474,9.92971,-2.1978,1.45,260.875,5.86891,-6.70753,6.30514,4.87047,1.23094,7.80031,9.92962,22.77511,22.77511,52.14426,3.14242,108.96134
WD,0.0,84.66197,26.96615,1.27809,6.56,27.73038,23.44422,426.701,55.85779,79.72603,5.09,702.355,188.6299,85.3666,27.63783,19.9987,0.38081,7.02012,7.88128,29.74391,29.62599,57.47795,2.58173,135.1721
WMT,3.75178,84.15289,8.50809,0.86196,1.46,2.96441,-6.10147,29594.0,6.13787,-4.15755,1.45333,124617.0,3.28865,-7.15258,2.82959,2.80416,0.18979,6.12252,9.37748,17.2321,17.41498,36.32238,1.55227,57.04104
DIS,-5.76761,6.83615,27.23467,0.81087,5.69,16.98678,-2.11003,16655.0,30.20658,-0.69808,5.74,24831.0,15.6127,-4.37653,16.2867,16.32356,0.6469,9.23281,12.45144,21.23433,20.03958,35.52749,1.52699,56.51053
WM,6.17647,8.26534,13.89049,0.80441,4.41,13.4553,7.77515,4103.0,28.32585,66.41509,3.28,5464.0,9.36141,64.89002,13.4553,9.93624,0.73452,7.70416,10.90326,34.4468,34.30734,61.10217,2.31319,157.08376
WAT,9.09082,4.5136,28.15569,7.0446,0.25,0.87962,8.93298,804.201,34.8278,-96.09984,7.5,1362.011,22.41826,-96.1053,0.87962,25.91716,6.47939,8.73936,10.43861,0.8956,0.8956,47.21127,2.48417,89.43436
WTS,9.14141,7.0355,24.30871,2.3934,2.12,5.01819,6.8753,225.4,15.47333,-13.11475,3.02,602.4,11.49259,-13.1829,5.01819,7.13174,1.51588,6.12135,7.9578,9.34006,9.34006,37.66449,2.22227,60.4222
WBS,0.0,88.24925,27.78577,0.78301,2.67,21.77502,11.62117,507.585,43.26932,23.61111,2.62,1014.865,132.78874,23.32482,21.77502,20.53975,0.78181,1.11875,4.98612,10.29746,9.77015,48.51549,5.01619,94.23318
WMK,-13.8224,38.72511,36.91144,1.76172,3.66,2.83875,-6.67148,153.825,4.43708,12.96296,1.82,943.523,1.20942,12.9093,2.83875,1.41209,0.67204,3.32509,4.73154,10.25378,10.25378,3.40406,0.22745,3.52402
WFC,0.0,5779.597,37.46328,0.85292,4.1,23.20823,-1.04835,46439.0,47.98607,2.75689,3.34,85989.0,85.87808,1.11678,22.92201,17.13417,0.83884,1.49538,5.33188,12.32899,10.99428,61.20499,7.06897,157.76508
WELL,0.0,104.652176,36.867,0.36535,1.26,12.76984,0.0,0.0,0.0,-55.16014,1.35,2169.75,28.81842,-51.49633,12.34846,11.7106,0.36535,2.02082,2.08462,3.80133,3.49002,43.39924,104.652176,78.60356
WCC,13.11656,6.96674,45.09124,2.31405,3.38,2.1244,-3.51201,384.907,5.01245,60.95238,3.97,1484.655,1.42303,60.90483,2.12866,2.47376,1.35692,4.34742,5.79055,7.90995,7.90727,39.57929,3.6014,65.50616
WST,26.28429,7.04915,17.31935,2.66011,1.99,9.42405,3.93401,327.6,20.48652,4.18848,2.83,512.9,5.75011,4.94429,9.42405,13.07842,1.74991,8.06328,10.22405,12.57195,12.57195,13.33875,0.60134,15.39183
WAL,0.0,81.42028,21.13718,0.88583,3.1,36.53695,19.86051,570.554,64.04552,24.0,3.22,812.758,106.68521,25.28657,36.53695,37.65547,0.88395,1.85572,12.88814,15.79588,15.79588,26.23294,1.38974,35.56186
WU,0.0,161.06152,-1.07059,0.7912,-1.19,-10.08454,-0.40199,1362.7,24.66738,161.06152,1.8,2207.0,23.18416,161.06152,-10.08454,15.24573,0.13565,7.37092,22.06484,-271.22687,-271.22687,119.32971,2.22617,161.06152
WAB,23.79598,3.68062,29.24868,1.43969,2.72,6.75699,6.72978,610.981,15.73981,-18.56287,3.44,1077.3,5.41119,-13.98092,6.75625,8.45902,0.88995,4.82233,6.63276,10.45939,9.03614,39.80643,3.06152,66.1307
WLK,17.57005,9.12853,37.66091,1.76055,10.0,16.65216,59.16642,1819.0,22.62156,226.7974,5.63,1761.0,10.14781,226.93259,16.21689,9.03818,1.28775,6.86877,9.31912,31.05639,28.91682,41.67934,2.1094,71.46582
WHG,-7.55047,5.86542,17.57258,4.38026,2.38,15.1165,7.99824,39.266,29.69455,-14.07942,3.18,68.83,27.23431,-11.73665,15.1165,19.59469,4.0419,12.20333,15.0224,13.2174,13.2174,0.0,0.0,0.0
WY,1.53846,18.31043,11.78328,1.4721,0.77,8.08783,32.89212,2008.0,27.90439,40.0,1.29,1898.0,11.74437,-43.33009,8.08783,13.50027,1.05923,4.98298,5.86283,6.43841,6.43841,42.22179,3.23855,73.07563
WHR,-1.69679,7.91964,59.42304,0.93239,4.7,1.58305,-3.39138,2108.0,9.90229,-59.13044,13.96,3602.0,4.50723,-60.58559,1.64412,4.80678,0.45961,4.63754,8.84687,7.80292,6.20855,50.43495,2.47533,101.75507
WTM,-86.06834,1.57677,931.3333,3.93798,11.56,4.17895,-22.51816,32.0,8.57219,64.170364,11.56,204.6,135.51099,52.27217,166.05946,13.13003,3.93798,0.1176,0.16199,1.40083,0.43956,0.70319,0.74375,0.70817
WMB,0.0,386.00034,11.69007,0.82351,2.62,31.24144,0.98675,3582.0,44.60217,386.00034,0.49,4155.0,-0.53231,386.00034,27.0701,5.0408,0.70862,2.4762,3.09076,30.40772,16.60435,56.41337,5.8445,129.42813
WSM,11.97796,60.48305,7.14698,1.42229,1.705,6.00705,0.57984,660.2,12.98632,1.18694,1.73,1883.31,5.59934,-1.50967,6.00705,6.02963,0.31471,12.43805,24.88329,24.96577,24.96577,0.0,0.0,0.0
WGO,88.17086,16.22373,13.98012,1.87928,2.32,4.61051,139.14467,163.673,10.57921,38.09524,2.47,222.577,5.33353,56.78301,4.61051,4.893,0.96007,12.72956,16.71958,20.09202,20.09202,38.33522,1.67759,62.16712
WT,20.60788,11.78593,1.42737,2.69113,0.2,11.84161,-13.12939,56.71,24.6898,5.26316,0.2,101.265,19.95989,3.99159,11.84161,11.72136,1.45567,13.69856,17.43883,13.79627,13.79627,0.48994,0.01675,0.49235
WOLF,-10.39726,9.38208,22.75739,5.19109,-1.0,-6.6611,-22.38162,133.804,9.08378,18.004066,0.09,244.0,10.29185,18.004066,-6.6611,0.60175,3.61928,-0.38553,-0.4265,-4.27471,-4.27471,6.12382,1.08368,6.52329
WWW,3.03836,8.79162,9.88549,2.96522,0.0,-0.02979,-19.35357,204.6,8.70638,52.155846,1.01,923.4,9.10904,-99.65793,0.01277,4.02711,2.07646,4.33167,5.9234,0.03131,-0.07257,45.03395,3.82502,81.93049
WKC,15.43089,13.34555,25.43427,1.44942,-2.5,-0.50541,3.50754,295.1,0.87579,62.092773,1.86,932.2,0.70647,62.092773,-0.50511,0.37591,1.1322,2.37605,4.52644,-9.33396,-9.26047,34.37052,3.08438,52.37054
WOR,10.69895,6.50702,15.15294,2.28688,3.15,7.23056,25.65118,306.325,10.16304,41.89189,3.34,535.905,5.21312,42.30595,6.78526,6.91945,1.48234,6.25219,8.69536,23.44003,21.86175,35.0134,1.88888,53.87786
XYL,13.40451,5.23291,13.91623,1.88273,1.83,7.01084,30.5136,864.0,18.35564,26.2069,2.37,1847.0,8.99724,27.30769,7.03208,9.04442,1.24546,5.90596,8.47321,14.10612,13.9653,46.62005,2.5463,87.33625
YUMC,-42.85714,123.75456,7.23123,1.77188,1.01,6.00504,13.63174,1117.0,15.6355,-22.90076,1.46,1686.0,5.6271,-19.72112,5.6411,7.89949,1.35988,11.13892,16.589,15.62318,16.16733,1.00242,0.02596,1.01434
YUM,8.10811,15.26753,-19.07831,1.65807,3.77,22.79687,47.41627,3081.0,52.41579,52.01613,5.33,2717.0,18.918,-17.23286,22.79687,31.46495,1.42659,32.82278,51.01931,305.45874,305.45874,282.536,3.18208,305.45874
ZBH,-6.84368,5.04944,57.92596,1.49503,8.9,23.17711,-1.72824,2888.6,36.91926,493.33334,5.42,5741.2,20.33125,492.93887,23.18222,13.98625,0.6685,4.34625,5.34772,16.94768,16.94339,46.35936,3.51122,86.4258
ZTS,9.30997,5.56672,3.641,3.85466,1.75,16.20605,15.89983,1990.0,37.41305,6.06061,2.24,3546.0,19.38099,5.23752,16.24366,20.63201,2.34187,13.47398,17.21628,53.05496,52.48097,73.49755,2.48895,277.32364
ZWS,1.66877,5.9897,10.33388,2.94304,0.64,3.863,-1.20148,320.7,16.7188,-4.47761,1.06,636.0,8.07658,9.13108,3.863,5.67815,2.05821,4.07776,5.4048,8.93202,8.93525,60.24951,5.05987,151.56921
