,IQ_ACCT_RECV_1YR_ANN_GROWTH_CS,IQ_AR_TURNS_CS,IQ_BV_SHARE_CS,IQ_CURRENT_RATIO_CS,IQ_DILUT_EPS_EXCL_CS,IQ_EARNING_CO_MARGIN_CS,IQ_EBITDA_1YR_ANN_GROWTH_CS,IQ_EBITDA_CS,IQ_EBITDA_MARGIN_CS,IQ_EPS_1YR_ANN_GROWTH_CS,IQ_EPS_NORM_CS,IQ_GP,IQ_LFCF_MARGIN_CS,IQ_NI_1YR_ANN_GROWTH_CS,IQ_NI_MARGIN_CS,IQ_NI_NORM_MARGIN_CS,IQ_QUICK_RATIO_CS,IQ_RETURN_ASSETS_CS,IQ_RETURN_CAPITAL_CS,IQ_RETURN_COMMON_EQUITY_CS,IQ_RETURN_EQUITY_CS,IQ_TOTAL_DEBT_CAPITAL_CS,IQ_TOTAL_DEBT_EBITDA_CS,IQ_TOTAL_DEBT_EQUITY_CS
MMM,4.81024,6.76406,8.69918,1.07073,-12.63,-22.23178,-26.04571,6471.0,20.61353,769.2003,9.86,9716.0,25.71913,769.2003,-22.28275,17.3976,0.70184,5.77627,10.50452,-71.63705,-71.07648,77.58954,2.60454,769.2003
AOS,2.54646,6.5457,12.53032,1.58712,3.69,14.44664,14.73092,835.7,21.69072,144.37086,3.83,1484.8,13.17159,136.14764,14.44664,14.90656,1.01492,14.46259,22.89213,30.99023,30.99023,8.29356,0.19959,9.04359
ATEN,1.89091,3.41902,2.79557,2.44734,0.53,15.88002,-7.21777,51.753,20.56138,-11.66667,0.63,203.738,11.16195,-14.79065,15.88002,18.57461,2.10326,7.76653,13.7924,20.55605,20.55605,7.48567,0.32501,8.09136
AIR,14.11683,6.46509,31.47841,3.12347,2.52,4.5112,20.09377,179.3,9.00733,16.66667,2.87,370.1,1.66784,14.61245,4.5313,5.00296,1.18578,5.55474,7.19254,8.4177,8.4177,23.10222,1.84161,30.04276
ABM,11.05205,5.66439,28.63939,1.40471,3.79,3.10385,-0.50552,531.4,6.56341,11.1437,3.89,1129.4,2.01262,9.07118,3.10385,3.17104,1.29214,5.23713,8.03932,14.29018,14.29018,44.7324,2.74144,80.93783
ACCO,12.13226,4.49877,8.29067,1.57823,-0.23,-1.18944,11.13711,237.5,12.95832,49.596424,0.75,598.3,8.31787,49.596424,-1.18944,3.89977,0.91716,3.70898,5.44358,-2.72995,-2.72995,56.35537,4.27874,129.12325
ACM,9.30386,3.69028,16.24195,1.05457,0.81,1.09433,11.10419,962.79,6.69606,-70.32967,3.64,945.465,4.616,-82.18608,0.38483,3.5091,0.91349,4.42442,9.14274,4.86613,6.30768,54.81275,3.00322,121.30137
AES,-21.06726,7.87077,2.46382,0.68328,0.34,-1.49195,-0.53035,3376.0,26.64983,284.07556,0.42,2504.0,-41.52688,284.07556,1.96558,2.21803,0.38496,3.38045,4.25238,14.89689,-2.84767,79.14906,8.37559,284.07556
AGCO,31.44191,10.19769,62.49094,1.4598,15.63,8.12703,27.98557,2022.3,14.03167,31.6765,15.54,3777.4,3.42934,31.67716,8.12772,8.06522,0.50668,10.06044,18.42696,27.43615,27.43284,25.30836,0.78025,33.88378
ALE,-4.23163,14.25711,48.81083,1.23967,4.3,9.51697,14.13875,432.7,23.01841,27.21894,3.51,489.9,8.80213,30.53355,13.14502,10.69917,0.54555,1.67475,2.15507,8.98301,5.2965,34.61841,4.16917,52.95603
AME,11.03692,6.01683,37.80449,0.97991,5.67,19.90599,12.36051,2045.095,31.00061,13.17365,5.7,2384.465,17.33043,13.25058,19.90599,19.91766,0.54242,7.774,9.56061,16.20549,16.20549,28.94791,1.7392,40.74181
AMN,-21.51527,4.49612,21.98508,1.28282,5.36,5.55991,-30.79189,561.846,14.82735,-45.85859,6.64,1249.581,8.69093,-52.55512,5.55991,6.86438,1.22162,8.62155,12.26463,22.47375,22.47375,61.89591,2.4033,162.43901
ASGN,-13.13262,5.58034,40.51606,2.46968,4.5,4.92743,-7.3711,472.5,10.61655,-13.62764,4.71,1280.0,8.12025,-18.20216,4.92743,5.11151,2.32784,6.53724,7.736,11.56219,11.56219,36.97832,2.34963,58.67555
T,-3.94947,8.669,14.447,0.71309,1.97,12.76097,4.97769,43529.0,35.55478,5280.5737,2.04,72305.0,4.04136,5280.5737,11.76202,11.9656,0.42909,3.82016,5.70301,14.34284,13.8335,57.01992,3.63948,134.89467
ATI,6.3423,6.28853,10.82133,2.80186,2.81,10.14448,10.90557,629.5,15.08254,192.70833,2.54,826.3,2.91498,213.82735,9.84259,7.79582,1.46198,6.36485,9.14277,33.96585,32.10373,59.55029,3.46243,147.22054
AXS,8.59269,0.55509,55.26342,6.59269,4.02,6.66784,196.26997,564.895,10.00986,78.66667,4.34,1249.341,-2.41213,68.67803,6.66784,6.54777,6.59269,1.19709,5.35887,8.54907,7.59947,22.4381,2.69538,28.92929
AZZ,-2.4536,5.54569,34.24936,2.22931,2.33,5.01183,67.05417,263.548,19.91072,-30.44776,2.83,295.943,7.09059,38.93573,-4.00212,5.3083,1.41799,7.0412,8.21424,8.72546,8.72408,55.97742,4.11776,127.15616
ABBV,0.0,2904.3455,5.86656,0.87212,2.72,8.97124,-16.59105,26107.0,48.06326,-58.97436,7.84,37592.0,41.35646,-58.91348,8.95283,25.51847,0.63347,7.95612,14.30146,35.22127,35.20445,85.29066,2.30919,2904.3455
ABT,5.58057,6.27537,22.26142,1.63789,3.26,14.26862,-18.49265,10036.0,25.02182,-16.62404,3.4,22190.0,11.72679,-17.45276,14.26862,14.74981,1.00022,5.75085,7.75096,15.20275,15.11382,29.01828,1.58161,40.88135
ANF,0.0,102.03091,14.17985,1.36114,0.05,0.28085,-51.19242,222.217,6.00952,-98.80952,0.06,2104.538,-2.59661,-98.92932,0.07615,0.08163,0.68955,1.98966,2.8175,0.3703,1.3453,63.40464,5.50899,173.25867
AKR,0.36215,1.98574,17.1653,0.59559,0.2,-0.49828,0.0,0.0,0.0,20.687977,0.2,223.528,35.89865,20.687977,5.66169,5.42916,0.55879,0.89298,0.94134,1.19402,-0.07982,47.55291,20.687977,92.85927
AAMI,17.06122,3.20873,0.97167,2.29891,1.55,15.72902,-29.28648,132.8,31.12986,-33.4764,1.77,213.2,13.41714,-34.59245,15.42429,17.2158,1.99525,12.77542,19.84536,23.490189,23.490189,87.61881,2.6378,23.490189
ACN,3.82457,5.34176,40.89482,1.29834,10.77,10.92394,5.16286,10934.651,17.05561,0.56022,11.8,20731.607,13.59877,-0.0816,10.71809,11.60657,1.18145,12.52813,22.16449,28.75199,28.46635,10.63589,0.28799,11.90174
AYI,-16.6091,6.47265,64.9103,2.3433,10.76,8.75462,0.43054,606.5,15.34588,-2.88809,12.15,1713.2,12.47849,-9.89583,8.75462,9.77792,1.60094,9.31417,12.5462,17.6207,17.6207,22.66902,0.97411,29.31428
ADNT,1.18791,8.26355,23.77852,1.15463,2.15,1.91621,46.40288,814.0,5.28743,95.8466,1.55,1003.0,2.74765,95.8466,1.3316,0.95145,0.86651,3.18857,5.56704,9.53267,11.74597,51.59911,3.40909,108.9945
ATGE,25.86391,15.73701,34.44425,1.10978,2.23,7.01338,7.09719,329.145,22.68673,57.903038,3.23,802.34,7.44911,-70.61488,6.43482,9.96968,1.00944,4.84465,5.74406,6.86956,6.86956,38.07864,2.72279,61.49515
ASIX,-9.86114,9.41543,27.63503,1.16964,1.95,3.56175,-52.27618,140.078,9.13394,-67.06081,1.87,165.088,0.12847,-68.22138,3.56175,3.32908,0.54774,2.9063,4.39649,7.39439,7.39439,26.62281,1.91473,36.28214
AAP,14.71507,15.28258,42.33983,1.20153,0.5,0.26343,-57.77998,438.077,3.88104,-93.95405,1.28,3860.109,1.1736,-94.07518,0.26343,0.67395,0.24562,0.6775,1.20044,1.14409,1.14409,63.83295,10.15161,176.49477
WMS,-10.19215,9.52937,11.85516,2.68607,6.08,16.65037,48.05991,868.783,28.28879,93.01587,6.2,1118.408,14.72812,86.88834,16.51143,16.61781,1.3835,16.38501,20.31926,59.06011,48.70249,58.04389,1.58421,138.34428
AER,-10.76119,4.89572,81.92298,0.51184,13.78,45.65975,6.13441,5673.569,82.29559,486.09818,8.98,4343.402,-38.51649,486.09818,45.48926,29.20553,0.50316,2.83064,3.16694,19.17727,19.20349,73.73698,8.20929,280.7635
AMG,16.58228,6.01344,108.06928,1.91838,17.42,44.03246,-9.2253,792.1,38.49257,-31.28205,16.03,1150.3,14.14982,-41.2776,32.69997,27.34245,1.91838,5.0918,6.06618,19.73835,18.86824,35.40222,3.43416,59.52167
AFL,-9.41262,1.22375,38.00484,9.74808,7.78,26.27898,30.06384,4482.0,25.28061,18.05766,7.76,8622.0,2.77793,10.90217,26.27898,26.09455,9.74808,2.15672,9.38851,21.01015,21.01015,25.15235,1.64837,33.60473
A,-8.11388,5.06899,20.0087,2.61135,4.19,18.14723,-13.01474,1711.0,25.04025,0.23923,4.35,3465.0,12.27133,-1.11643,18.14723,18.71652,1.79726,8.4703,10.62905,22.24215,22.24215,33.15416,1.69433,49.59795
ADC,25.9914,7.22464,49.9827,1.0884,1.7,31.72997,0.0,0.0,0.0,-7.10383,1.7,470.778,21.35364,11.49459,31.62057,30.1072,1.0884,2.17885,2.21867,3.58631,3.46974,31.88224,33.430267,46.80458
AL,0.0,208.94876,64.48821,0.14477,5.14,24.80708,10.52506,2256.977,91.09504,208.94876,4.68,1616.205,-104.49748,208.94876,24.80708,20.96795,0.14477,2.52385,2.87672,8.90357,8.90344,72.81965,8.49927,267.91278
APD,-1.9627,6.55516,64.41449,1.3349,10.3,18.50159,9.95724,4062.7,32.24365,2.18254,11.23,3767.0,-14.76597,1.9547,18.25556,19.81293,1.05547,5.71078,6.93846,16.70108,15.87865,41.32939,2.71534,70.4431
ALG,13.98887,4.97258,78.50219,3.75811,11.36,8.05853,25.94159,245.94,14.55567,33.02108,11.42,453.644,4.54196,33.58547,8.05853,8.05648,1.93516,9.1048,10.80848,15.84997,15.84997,21.26204,1.02415,27.00354
ALK,0.0,199.75029,32.61956,0.60664,1.83,2.25398,16.14067,1288.0,12.35373,306.66666,2.27,2463.0,-8.33014,305.17242,2.25398,2.77327,0.48755,3.63294,6.73826,5.92761,5.92761,48.14021,2.96429,92.82762
AIN,0.0,40.918846,30.81802,3.53051,3.55,9.7229,2.81041,257.208,22.40665,16.77632,4.04,423.718,-1.45116,16.03768,9.68021,10.97046,2.5876,6.48767,7.92993,12.18143,12.16549,34.73654,2.00172,53.2251
ALB,1.86319,8.00057,80.20195,1.46524,13.36,17.37036,-69.14655,864.977,8.99406,-41.50613,15.03,1196.909,-20.43132,-41.50247,16.36106,18.33459,0.76538,1.61232,2.13094,18.09133,18.71134,30.84565,4.98398,44.60407
AA,-15.68123,14.71548,23.81886,1.4538,-3.65,-7.32632,-75.58662,489.0,4.63463,58.650906,-2.9,834.0,2.57085,58.650906,-6.17003,-4.90098,0.58878,-0.61828,-1.09448,-13.95947,-12.43365,25.51294,4.09407,34.2515
ALEX,-26.22951,39.86793,13.84441,0.2351,0.56,19.30904,0.0,0.0,0.0,12.0,0.56,104.183,26.11808,14.326547,14.10317,19.24089,0.2351,2.38095,2.73512,4.00255,3.98691,31.6804,14.326547,46.37089
ALX,-0.95309,1.7098,46.53554,1.23955,19.97,45.52458,6.35248,84.513,37.56768,77.66904,19.97,123.752,24.74418,77.70162,45.52458,45.53041,1.23955,3.77094,3.91514,43.19802,43.19802,82.40438,13.16961,36.880306
ARE,11.39372,2.67951,107.44615,1.21584,0.54,10.4409,0.0,0.0,0.0,-83.01887,0.66,2027.499,36.65076,-80.13285,3.85092,4.19131,1.19452,0.17023,0.18213,0.55357,1.24042,34.0851,92.72134,51.74847
BABA,-9.61643,25.66779,56.15042,1.81125,4.0,7.54852,-1.68774,21787.873,17.22934,11.42061,4.28,46602.953,5.37206,8.00857,8.34697,8.87591,1.53893,3.68631,4.93385,7.18859,5.71323,14.8328,1.30668,17.57034
ALLE,4.34783,9.03216,15.06543,1.26044,6.12,14.80771,18.55381,846.0,23.173,17.91908,6.52,1581.5,12.71605,17.99127,14.80224,15.69815,0.82412,11.09579,13.9065,47.82089,47.78151,62.16457,2.56028,164.3025
ALSN,-1.92838,8.44228,14.06763,2.49501,7.4,22.17463,13.90658,1073.0,35.3542,33.81555,7.48,1470.0,17.21582,26.742,22.17463,22.18122,1.81836,11.84767,16.06194,63.8823,63.8823,67.15504,2.34949,204.46066
ALL,-1.57825,2.82945,60.07307,8.47524,-1.2,-0.37307,419.5524,973.0,1.70421,419.5524,-0.42,7675.0,-0.10509,419.5524,-0.32928,-0.1931,8.47524,0.18565,0.72581,-1.20228,-1.21784,31.76452,8.43474,46.55133
ALLY,2.91949,0.119,37.82992,0.88835,2.99,6.4007,-16.49988,3588.0,22.47135,-40.6746,3.6,7106.0,-10.21404,-40.49008,6.38818,6.84852,0.88447,0.80721,4.61504,9.30063,7.677,60.38105,5.84727,152.40448
MO,47.91667,1334.6619,-2.00742,0.49342,4.57,39.65467,-2.28299,11899.0,58.03824,43.26019,4.72,14255.0,54.1496,41.04788,39.65467,40.91035,0.37618,19.24388,31.94231,1334.6619,1334.6619,115.34538,2.20464,1334.6619
AMBC,4.62298,0.12547,30.13608,3.15057,0.18,1.74825,-75.73386,124.0,43.35664,-98.40849,0.18,49.476,0.0,-99.23225,1.3986,2.87226,3.15057,0.7088,4.21654,0.30604,0.36271,70.94745,28.20161,247.13782
AMCR,-3.10078,7.71339,2.78231,1.18588,0.71,7.20022,-3.51834,1947.0,13.25031,33.96226,0.73,2725.0,0.66013,30.18634,7.13216,7.29305,0.57283,5.00305,7.61326,25.85101,25.70769,64.12281,3.75449,178.7286
AEE,-22.27534,8.06885,42.61735,0.65202,4.38,15.42667,5.02853,2945.0,39.26667,5.7971,4.39,3467.0,-18.30667,7.26257,15.36,15.38256,0.2861,2.47352,3.62555,10.54125,10.46349,58.98371,5.60475,143.80554
AAT,1.88763,4.62115,19.67055,1.11413,0.84,14.59154,0.0,0.0,0.0,16.66667,0.75,280.692,34.73998,15.81963,11.53497,10.17714,1.11413,2.59357,2.70532,4.2279,5.53095,59.75397,27.717518,148.47171
AXL,-0.20727,7.41991,5.16567,1.66994,-0.29,-0.55268,-10.75285,603.4,9.92516,63.237194,-0.11,624.3,5.55329,63.237194,-0.55268,-0.21097,1.13049,1.98371,2.92109,-5.45366,-5.45366,83.14901,4.94664,63.237194
AEO,-9.84666,29.5756,8.19815,1.43084,0.64,2.50782,-36.90641,486.432,9.74846,-68.47291,0.97,1745.248,1.65141,-70.17937,2.50782,3.53368,0.53657,4.66966,5.43145,8.27938,8.27938,46.09318,2.81102,85.50529
AXP,12.64749,0.37948,38.80636,1.4631,11.21,12.43097,19.05261,14778.0,21.93753,13.80711,11.42,36257.0,7.82688,11.4453,12.43097,12.46022,1.4631,3.35241,10.40874,31.73893,31.73893,68.13117,4.05887,213.78622
AFG,9.99666,1.22896,50.91109,8.06492,10.05,11.01914,8.0,1134.0,14.66632,-4.55841,10.11,1484.0,-1.24806,-5.12249,11.01914,11.07497,8.06492,2.25187,11.38422,20.50542,20.50542,28.20772,1.47531,39.29075
AMH,0.0,70.88249,19.09241,0.19042,1.01,26.6162,15.26074,370.108,22.79545,42.25352,1.01,883.873,40.10993,39.18532,23.41506,22.52058,0.19042,1.77324,1.84902,5.64746,5.82891,36.92411,12.1044,58.53918
AIG,0.0,787.3639,65.13269,55.9607,4.98,8.30727,-56.63198,9253.0,19.82134,-61.72175,6.0,8673.0,24.50918,-64.54846,7.80386,9.24775,55.9607,0.59091,4.17767,8.63444,8.292,33.55395,2.79974,50.49804
AWR,20.37541,9.60952,20.9867,1.23619,3.36,20.97049,42.3926,239.043,40.12815,59.24171,3.37,363.48,-18.25406,59.34614,20.97049,20.91814,0.82517,5.74233,7.83309,16.81693,16.81693,54.18461,3.83982,118.26728
AMT,-4.72124,10.95253,9.00329,0.51177,3.18,12.26737,5.77052,6648.1,59.65525,-16.75393,4.09,7450.7,27.00441,-15.99841,13.31006,17.10484,0.43675,3.34179,3.78959,30.36252,11.74792,81.27307,7.09297,624.4444
AVD,15.14787,3.39605,12.86454,1.87432,0.26,1.29779,-28.55149,46.573,8.03855,-71.73913,0.31,179.164,-11.08342,-72.5624,1.29779,1.50503,0.89464,2.07457,3.16777,2.03219,2.03219,30.46284,3.48043,43.80801
AWK,0.0,223.32043,50.31069,0.64575,4.9,22.2957,14.88033,2208.0,52.14927,8.64745,4.9,2514.0,-22.63817,15.12195,22.2957,22.33585,0.46723,3.41632,4.43501,10.79474,10.79474,55.9527,5.63632,127.02868
COLD,-0.92875,6.24776,12.74636,0.98125,-1.18,-12.18313,0.0,0.0,0.0,41.990032,-0.38,747.158,14.64165,41.990032,-12.57198,-3.91852,0.85526,1.34168,1.47828,-8.81683,-8.77919,49.00421,41.990032,96.09463
AMP,-3.16122,0.88985,47.20833,0.7776,23.71,15.87972,7.07769,3873.0,24.06188,5.33096,25.02,9422.0,59.39519,-0.11723,15.87972,16.43026,0.7776,1.37491,22.79616,61.28027,61.28027,56.24942,1.56984,128.5684
ABCB,0.0,76.01776,49.62488,1.02629,3.89,17.67199,-12.36318,563.17,36.98309,-22.04409,3.87,937.119,92.48273,-22.34518,17.67199,17.52988,1.01251,1.30781,6.99838,8.12497,8.12497,16.93075,1.24016,20.38149
APH,-0.49025,4.78302,6.96819,2.16808,1.555,15.49619,-0.03018,2981.5,23.74808,1.63399,1.63,4084.1,13.12606,1.351,15.3568,15.48894,1.35712,10.13183,12.89198,25.10074,25.06991,35.51559,1.5566,55.27764
AMPY,-51.40638,4.8464,9.98891,1.01817,9.63,135.57315,-59.14584,75.188,25.9541,568.75,7.76,130.527,0.46713,578.61774,135.57315,104.36366,0.62057,4.09649,6.94374,203.2494,203.2494,23.7543,1.6203,31.15493
AU,25.0,203.64444,8.8414,1.80415,-0.56,-4.84505,-10.0,1053.0,22.98123,110.81807,0.04,1045.0,-4.41401,110.81807,-5.12877,0.36762,1.07718,2.86207,3.73075,-6.01716,-5.63881,39.27586,2.29725,64.67914
NLY,371.2687,0.75869,19.64218,0.07809,-3.61,-131.46992,0.0,0.0,0.0,-78.27379,-3.61,-1436.47,-164.48122,-78.27379,-131.84818,-143.25204,0.07809,0.74701,0.7758,-16.89367,-14.42652,87.23709,-78.27379,-78.27379
AM,2.8531,11.92217,4.48546,0.94515,0.77,35.68788,11.79624,757.538,72.71637,13.23529,0.79,899.278,29.31447,13.96019,35.68788,36.35239,0.92959,6.73633,7.11292,17.11703,17.11703,59.89278,4.24166,149.33168
AR,-40.33368,7.89143,22.99964,0.32759,0.78,7.30128,-63.60969,1249.801,26.6939,-86.50519,0.81,2903.829,0.0,-87.20651,5.18839,5.18654,0.30537,2.27711,2.70297,3.53698,4.80413,38.44732,3.60546,62.46247
HOUS,-47.76119,36.8366,15.19622,0.48053,-0.88,-1.73882,-61.34454,184.0,3.26473,107.0564,-1.18,1972.0,3.85247,107.0564,-1.72108,-2.30933,0.29992,-0.12273,-0.14849,-5.63462,-5.68446,65.01561,16.97826,185.84177
AON,7.21582,4.25378,-4.15911,1.00245,12.51,19.64713,5.06139,4193.0,31.34719,3.04778,13.37,6376.0,20.29101,-0.96562,19.16866,20.34087,0.20489,7.38228,21.83535,517.1427,517.1427,106.57219,2.86954,517.1427
AIV,44.70564,0.79254,2.48728,2.00393,-1.16,-0.49523476,0.0,0.0,0.0,-0.49523476,-1.16,113.283,-172.24556,-0.49523476,-0.49523476,-0.49523476,2.00393,-3.91107,-4.31781,-37.03516,-22.73734,68.87163,-0.49523476,-0.49523476
ARI,-3.69584,0.09564,15.62451,9.07342,0.29,7.12937,28.37598,607.384,74.49667,-82.7381,0.29,212.404,55.17136,-78.08447,7.12937,5.02522,9.07342,4.02453,4.10654,2.5477,2.54762,75.89656,11.45046,42.070343
APO,5.90987,0.41429,22.27338,8.56071,8.28,19.93935,731.2355,6127.0,18.76915,731.2355,5.1,8886.0,7.89579,731.2355,15.46073,9.08295,8.56071,1.22377,12.58889,77.39017,40.08746,32.11885,1.94957,47.3388
APLE,0.0,37.391666,13.76299,0.34494,0.77,13.20799,0.0,0.0,0.0,22.22222,0.77,601.306,27.61102,22.57104,13.20799,13.1406,0.34494,3.1859,3.26068,5.4592,5.4592,31.02077,37.391666,44.97117
AIT,7.68401,6.30046,37.72763,3.0477,8.84,7.85758,27.90602,526.222,11.92492,34.34651,8.91,1286.965,5.57759,34.70091,7.85758,7.79222,1.98085,11.38275,14.30666,26.59254,26.59254,33.23428,1.3796,49.77747
ATR,0.30733,5.01944,35.00279,1.23813,4.25,8.14853,14.2156,698.096,20.01738,18.3844,4.77,1263.399,5.6568,18.88895,8.15745,8.9747,0.73523,6.49169,8.2344,13.04759,12.94798,34.05458,1.71714,51.64055
APTV,4.16546,5.68178,41.38579,1.71527,10.39,14.79228,26.16015,2773.0,13.82973,430.10205,4.01,3457.0,3.52102,394.6128,14.65264,5.53812,1.14601,5.02311,6.7066,28.86476,28.33126,36.42853,2.44753,57.78629
ARMK,10.04401,8.35785,14.20049,1.03779,2.57,3.57237,20.98654,1291.126,6.84807,242.66667,1.23,2397.663,1.75171,246.6136,3.57544,1.70007,0.88425,3.14489,4.33683,19.99621,19.92863,69.8651,6.68151,232.3547
ADM,-14.43899,15.51875,47.04094,1.59506,6.43,3.68979,-2.25251,5164.0,5.49742,-16.60182,6.74,7513.0,1.92926,-19.74654,3.70788,3.88177,0.80233,4.48516,7.44037,14.38781,14.12359,28.17298,1.85825,39.74322
AROC,6.9373,8.54892,5.58476,1.40103,0.67,10.60225,37.48106,424.679,42.88227,139.2857,0.68,541.318,2.85436,137.0372,10.60225,10.58283,0.82427,6.14778,6.59489,12.12648,12.12648,64.75484,3.76826,183.72691
ARCO,19.41622,31.91752,2.44609,0.71914,0.86,4.21099,23.66376,461.413,10.65157,28.35821,0.86,597.145,1.07247,29.16497,4.18465,4.18166,0.51501,6.8987,9.53089,43.21686,43.36678,76.5906,3.6648,61.0456
ASC,-29.56928,5.81991,13.01056,3.74651,2.71,29.49861,-17.31652,159.489,40.27724,-23.01136,2.76,181.188,25.25001,-15.63407,29.49861,28.66796,3.04498,11.32043,11.78103,23.20381,21.61338,14.06071,0.5893,16.36121
ACRE,-8.75412,0.09091,11.55791,105.68623,-0.72,-20.34027,0.0,0.0,0.0,29.478548,-0.72,1.101,143.40015,29.478548,-20.34027,-20.45333,105.68623,1.84128,1.87082,-5.66001,-5.66001,72.09567,29.478548,258.36728
AGX,134.96017,8.52199,20.89697,2.1664,2.33,7.62658,-19.8842,45.384,9.97363,-2.91667,2.35,83.961,-8.09553,-13.45571,7.27365,7.273,1.9771,4.99354,8.47027,10.90025,11.44417,1.67391,0.10537,1.7024
ARGO,0.0,0.0,0.0,0.0,0.0,0.0,0.0,0.0,0.0,0.0,0.0,-0.01069,0.0,0.0,0.0,0.0,0.0,0.0,0.0,0.0,0.0,0.0,0.0,0.0
ANET,9.67916,5.98367,5.77996,4.3937,1.645,35.61879,46.97152,2338.386,39.90305,54.09836,1.6975,3630.281,24.61878,54.33674,35.61879,35.84392,3.15905,16.99273,23.2263,34.48727,34.48727,0.89942,0.02802,0.90758
AHH,8.16795,2.60511,6.01166,1.18818,-0.05,1.1486,0.0,0.0,0.0,18.15916,-0.05,188.5,18.04162,-88.91327,1.24214,-0.50732,1.18777,1.88012,2.06454,1.88791,0.89668,65.37673,18.15916,188.82309
AWI,-4.79846,12.7355,13.48002,1.60925,4.99,17.27919,10.44625,326.7,25.2239,16.04651,5.06,497.0,11.30906,10.30064,17.27919,17.4631,0.93882,8.83662,12.09661,39.72311,39.72311,51.97208,1.96021,108.21223
ARW,-0.68689,2.69593,107.88619,1.38972,15.84,2.74673,-26.24324,1673.996,5.0563,-27.33945,15.98,4149.018,1.83932,-36.67986,2.72904,2.72031,0.94451,4.29094,9.49676,15.91824,15.83062,41.04509,2.44436,69.62116
AJG,-76.9235,0.99744,49.72772,1.03385,4.42,9.59104,16.49362,2928.3,29.07396,-14.83622,7.11,4153.4,-26.36419,-12.9869,9.62579,15.17272,0.15317,3.08663,8.00508,9.73447,9.65734,43.71927,2.86904,77.68069
APAM,0.0,19.77272,4.72674,2.70246,3.19,31.9756,-11.42547,312.94,32.0921,8.5034,3.19,446.129,25.07931,7.51324,22.79581,20.7574,2.57474,14.37208,22.98617,75.84817,61.23445,34.11751,0.9991,88.98737
AORT,16.13717,5.29883,6.85897,4.85065,-0.75,-8.66939,46.5533,40.075,11.32049,23.546959,-0.44,229.176,5.17607,23.546959,-8.66939,-5.06404,2.29992,1.36631,1.65711,-10.84244,-10.84244,56.04886,8.96671,127.52537
ABG,33.61678,35.92017,159.54852,1.06308,28.74,4.0702,-14.47123,1146.0,7.74183,-35.57498,33.32,2755.8,-5.55321,-39.58689,4.0702,4.70447,0.21929,7.41373,8.80067,19.60115,19.60115,62.81109,4.78115,168.89738
AHT,-3.29408,24.91332,-92.44909,0.12471,-56.1,-13.14069,0.0,0.0,0.0,11.058872,-67.5,332.909,-7.87839,11.058872,-12.97746,-16.94301,0.11962,2.14778,2.25232,11.058872,11.058872,106.87569,11.058872,11.058872
ASH,-15.9204,5.92162,60.72549,3.30263,3.13,7.66773,-23.92523,407.0,18.57599,-2.1875,3.23,668.0,4.46143,-80.79827,8.12414,7.81333,1.82456,1.67668,2.22483,5.31898,5.31898,32.00878,3.58231,47.07782
ASPN,22.04882,3.74915,6.37955,3.41035,-0.66,-19.19043,-4.345996,-33.885,-14.19457,-4.345996,-0.69,56.921,-95.50018,-4.345996,-19.19043,-20.07093,2.6886,-4.5678,-5.15251,-9.79401,-9.79401,22.1388,-4.345996,28.43368
ASB,0.0,82.91644,26.35024,0.86684,1.13,8.48011,-9.27186,610.751,28.30863,-51.7094,1.85,1019.737,171.08588,-50.02868,8.48011,12.85953,0.86297,0.86257,4.27484,4.69043,4.46808,40.45286,4.64273,67.93417
AC,107.41279,0.63123,42.11046,29.97851,1.72,297.46906,49.516026,-16.587,-130.78136,49.516026,1.72,-4.563,49.516026,49.516026,295.28503,295.24655,13.8316,-1.13192,-1.1625,4.16777,4.16087,0.64396,49.516026,0.6525
AIZ,-4.50652,1.18662,92.56871,2.04599,11.95,5.77186,27.34557,1366.8,12.27856,136.63367,12.99,1164.9,6.05326,132.2849,5.77186,6.23792,2.04599,1.83533,9.19602,14.21743,14.21743,30.55275,1.54807,43.99418
AGO,12.31746,0.63278,101.62406,124.622314,12.3,71.92817,16.8798,457.0,43.19471,540.625,5.99,775.0,13.33885,495.96774,69.84877,33.06389,124.622314,1.93571,3.8759,13.71439,13.76504,23.70302,3.91904,31.06678
ATKR,5.85172,6.46381,39.34077,2.7249,17.27,19.60631,-23.58137,1009.983,28.7028,-14.92611,16.66,1339.501,12.82187,-24.47194,19.60631,18.36891,1.74894,20.2037,25.21227,50.76695,50.76695,37.59465,0.87569,60.24266
AUB,0.0,54.087337,34.07161,0.89564,2.53,19.8689,-9.95661,364.583,35.89306,-14.81482,2.48,670.272,-3.10494,-13.94056,19.8689,18.30211,0.89526,0.97179,4.99995,8.18947,8.1889,35.33656,3.83165,54.64688
ATO,-16.16266,13.87403,73.20254,0.65487,6.1,20.72019,14.74884,1671.474,39.09554,8.92857,6.1,2058.278,9.64634,14.39363,20.72019,20.7056,0.2675,2.98353,3.72794,8.73237,8.73237,39.58716,4.26145,65.52773
AN,23.85666,30.16781,53.10121,0.7715,22.72,3.78568,-15.68174,1894.8,7.03109,-6.50206,23.15,5131.5,-1.54607,-25.86758,3.78902,3.83129,0.20396,9.49593,11.15992,47.90571,47.90571,78.50276,4.26193,319.49316
ALV,15.25957,5.10353,30.95642,0.98488,5.72,4.66826,37.24435,1275.0,12.17184,17.93814,8.21,1821.0,5.07399,15.36643,4.65871,6.66205,0.68302,6.98642,12.24741,18.87814,18.82217,44.20321,1.59686,79.22179
AZO,3.0698,34.05384,-243.59601,0.79647,132.36,14.48356,6.96511,3971.563,22.75028,12.94479,136.6,9070.422,8.82796,4.06741,14.48356,14.48379,0.09834,13.89109,34.04416,639.0126,639.0126,164.15228,2.80254,639.0126
AVB,0.0,96.82815,82.96596,0.76587,6.56,33.38068,0.0,0.0,0.0,-19.21182,6.62,1793.231,45.03625,-18.29298,33.3946,33.63288,0.76587,2.63607,2.73453,8.06387,8.059,40.83894,96.82815,69.03874
AVNS,-17.34104,4.73488,28.66384,2.07587,-0.21,-1.47037,-26.26189,100.8,14.97104,24.195288,0.66,379.7,13.2816,24.195288,-9.17867,4.56795,0.98252,2.0586,2.37436,-0.78338,-0.78338,14.46658,2.07441,16.91337
AVY,2.94674,5.99742,26.43485,1.03575,6.2,6.01365,-7.4297,1260.9,15.07478,-32.68187,7.98,2277.5,5.88468,-33.56228,6.01365,7.69922,0.61874,7.455,11.09326,24.18211,24.18211,61.79644,2.7298,161.75572
AVNT,-9.2374,7.47841,25.42983,1.81955,0.83,2.42777,-0.35757,501.6,15.96029,-7.77778,1.77,972.3,4.46099,-89.2334,2.40868,5.13068,1.22247,3.24387,4.31215,3.25762,3.25318,47.78686,4.26595,91.52267
AVA,-15.25029,7.41414,31.83251,0.85376,2.24,9.77304,16.92394,523.099,29.86485,5.66038,2.24,1050.0,-8.33298,10.31345,9.77304,9.77001,0.32475,2.1304,2.98671,7.10292,7.10292,55.0312,5.81429,122.37641
AXTA,13.93831,5.10196,7.8478,1.97639,1.21,5.1793,11.54221,802.1,15.47231,40.69767,1.29,1618.0,7.11527,39.56159,5.15808,5.49932,1.40259,5.22981,7.01005,16.81338,16.41048,67.07097,4.50181,203.68344
AX,0.0,86.443054,32.52564,1.09978,5.07,24.04186,26.50388,658.941,51.57542,27.70781,5.47,879.359,94.77439,27.60473,24.04186,25.5564,1.09798,2.1045,16.83439,17.25582,17.25582,21.38177,0.79128,27.19696
BGS,-4.66874,14.07559,10.62606,3.05933,-0.89,-3.20989,7.82466,314.214,15.236,52.716557,0.99,458.442,17.56129,52.716557,-3.20989,3.56514,0.73203,4.18545,4.86897,-7.77141,-7.77141,71.70809,6.73919,253.4579
BJ,37.82387,93.37832,7.81788,0.66916,3.77,2.66248,16.318,952.741,4.93261,22.00647,4.02,3431.488,1.0108,20.27999,2.65686,2.78925,0.10751,7.80347,12.05955,60.68185,60.68185,74.85476,3.27091,297.6896
BWXT,14.64407,21.27152,10.19744,2.18054,2.68,9.86741,8.23499,417.221,16.71352,3.07692,2.77,620.593,4.15867,3.21507,9.8485,10.1664,0.58746,7.76383,9.86557,29.23883,29.29505,56.85568,2.94785,131.78021
BXP,0.0,101.705086,37.44526,1.20022,1.21,9.37119,0.0,0.0,0.0,-77.59259,1.21,2015.714,31.45456,-77.59401,6.11666,6.10345,1.20022,2.16627,2.27046,3.16771,3.51902,67.05092,101.705086,203.49864
BW,-11.35349,6.52156,-2.24752,1.4209,-1.05,-7.86838,37.85989,45.968,4.59977,22.363173,-1.01,176.702,2.32902,22.363173,-19.73355,-8.99592,0.71741,1.81657,4.83409,22.363173,22.363173,184.89767,9.49226,22.363173
BMI,8.94444,8.78622,17.59914,3.35115,3.14,13.16075,27.17065,140.886,20.02382,38.93805,3.16,276.438,10.81545,39.25349,13.16075,13.15215,2.08635,11.17917,15.38853,19.3133,19.3133,0.0,0.0,0.0
BALL,-7.6412,6.92277,11.93893,0.78949,2.23,5.06807,7.92029,2112.0,15.05453,-0.88889,2.63,2308.0,3.84026,-1.66899,5.03956,5.90105,0.49216,4.5458,6.91696,19.5574,19.31016,70.15169,4.26989,235.02737
BANC,0.0,-11.645068,17.20573,1.01176,-22.71,-126.55615,-11.645068,-169.265,-11.27961,-11.645068,-8.85,246.843,-30.12488,-11.645068,-126.55615,-50.36138,1.00605,-0.36573,-2.06453,-59.86942,-51.73847,54.17881,-11.645068,118.23966
BAC,0.0,6370.6387,33.34183,0.73618,3.08,15.28136,2.87181,50293.0,28.98532,-3.44828,3.25,95787.0,12.79537,-3.67989,15.28136,15.03812,0.73346,0.96758,3.54318,10.43797,9.38845,68.28615,12.48625,215.3196
BOH,0.0,53.531696,31.04777,0.70495,4.14,17.60823,-14.5448,335.68,34.52489,-24.45256,3.87,664.634,36.58309,-24.18115,17.60823,15.6323,0.70383,0.83005,8.2328,14.43989,12.53659,36.28436,2.39923,56.94733
NTB,0.0,51.01571,21.3941,0.63528,4.58,29.60304,5.00987,369.284,48.48035,6.75991,4.62,578.597,-54.50501,5.36025,29.60304,29.60074,0.63524,1.50411,18.88018,24.13729,24.13729,11.58523,0.35611,13.10327
BK,0.0,1205.8693,48.10863,0.74664,3.87,9.72637,8.00089,9746.0,28.83006,33.44828,4.01,17578.0,27.78805,27.71084,9.72046,9.30075,0.73821,1.22558,5.74622,9.07396,8.03333,53.71863,4.88395,116.31072
BKU,0.0,76.223526,34.66206,0.81341,2.38,9.18892,-9.18917,548.946,28.23188,-32.76836,2.39,873.035,-13.80465,-37.30204,9.18892,9.01293,0.81341,0.81553,3.42688,7.12702,7.12702,69.57949,10.74125,228.72556
BBWI,-5.83333,32.44635,-9.63319,1.64322,3.4,10.50265,-29.46469,1568.0,20.74074,-13.70558,3.32,3255.0,8.37798,-39.985,10.58201,10.18836,1.05729,14.61589,20.17917,239.17117,239.17117,157.3025,3.86033,239.17117
BAX,0.0,357.53986,16.55133,1.47624,-0.15,-0.46581,-7.94927,2976.0,20.09046,357.53986,2.01,4219.0,12.28144,357.53986,17.9302,6.866,0.91358,3.7856,4.66097,-1.06779,-0.9608,62.9117,4.82661,169.62683
BZH,27.04932,54.16221,35.17652,8.74005,5.16,7.19091,-33.72386,189.451,8.58493,-28.03347,5.24,443.336,2.20334,-28.13406,7.18742,7.20731,1.72512,4.75159,5.49281,15.54161,15.54161,47.48021,5.26256,90.40441
BDX,15.65495,8.19979,88.83165,1.30643,5.1,7.898,6.73415,5167.0,26.67252,-5.20446,7.48,8823.0,14.94619,-16.58235,7.66054,11.05404,0.60578,3.5544,4.47023,5.99107,5.99084,38.88073,3.17592,63.61451
BDC,-5.97498,5.88374,28.35745,2.29987,5.66,9.65557,-0.48544,436.237,17.36554,-5.82363,6.11,956.633,6.89813,-4.67441,9.66365,10.27307,1.59565,6.57603,8.66656,21.02476,20.99823,52.79053,2.98962,111.8219
BHE,-7.57686,4.36781,30.25698,2.29242,1.79,2.26543,14.87528,162.977,5.7407,-6.28272,1.89,271.07,3.31839,-5.73656,2.26543,2.36775,1.27321,3.27809,4.92108,6.10924,6.10924,30.33276,2.88279,43.53948
BRKa,5.77018,6.36779,259.5812,4.58177,44.27,22.26421,12293.221,134382.0,30.79776,12293.221,43.78,123196.0,14.48952,12293.221,22.05245,21.80607,4.13593,7.54894,11.60656,18.61841,18.47978,18.96385,0.99396,23.53619
BHLB,0.0,29.292461,23.26891,0.92927,1.6,11.24215,-12.87926,184.831,29.85571,-20.79208,1.72,379.83,-43.38806,-24.78575,11.24215,12.02676,0.92806,0.8901,7.87541,7.07914,7.07914,35.95621,3.07466,56.14317
BERY,0.0,0.0,0.0,0.0,0.0,0.0,0.0,0.0,0.0,0.0,0.0,0.0,0.0,0.0,0.0,0.0,0.0,0.0,0.0,0.0,0.0,0.0,0.0,0.0
BBY,9.50096,42.41686,12.81522,0.98029,6.29,3.06493,-26.26966,2860.0,6.17737,-36.07724,6.81,9912.0,0.8961,-42.17604,3.06493,3.3066,0.37799,7.28826,17.67898,48.80482,48.80482,58.73321,1.39091,142.32558
BIO,-1.13779,5.43126,306.50208,5.83079,-21.82,-23.85854,-21.24819,501.134,18.7602,98.132614,-21.42,1426.9,4.41519,98.132614,-23.85854,-23.42177,4.04318,1.72081,2.09921,-6.94389,-6.94389,13.85099,2.80443,16.07795
BKH,-31.06936,5.43115,47.14724,0.69749,3.91,11.83889,4.83536,729.5,31.29155,-1.51134,3.91,796.4,8.04789,1.47569,11.24694,11.23708,0.37406,3.0713,3.82077,8.44416,8.63081,57.10653,6.03317,133.1357
BLK,19.97549,4.97465,264.96295,3.23656,36.51,31.7823,-1.6422,6768.0,37.89686,7.47719,37.21,8582.0,20.55966,6.25724,30.808,31.11314,2.83272,3.29785,8.05111,14.27404,14.18557,19.34601,1.46158,25.04304
BXMT,-5.64507,0.08468,25.21628,100.19541,1.43,12.26416,67.63309,1617.599,79.38665,-2.0548,1.41,420.875,76.97034,-0.83936,12.10014,11.94862,100.19114,4.09393,4.16043,5.54898,5.59573,81.46672,11.9227,114.41538
XYZ,28.22787,9.54682,30.35826,1.90062,0.02,-0.09639,18662.42,443.356,2.02301,1219.5626,0.34,7577.715,1.80171,1219.5626,0.04459,0.94458,0.98886,0.06647,0.08993,0.05441,-0.11754,24.51716,13.69445,32.48045
BXC,-9.20077,13.06921,73.32786,5.12623,5.39,1.54752,-63.58706,170.749,5.44414,-82.89432,10.01,527.017,8.73695,-83.61245,1.54752,2.86827,3.43222,5.72665,7.06177,7.92868,7.92868,49.34862,3.61918,97.42797
BA,-2.30089,6.96455,-28.2733,1.14034,-3.67,-2.88197,648.12415,2269.0,2.91668,648.12415,-1.68,9251.0,5.92109,648.12415,-2.85626,-1.30826,0.28234,0.32195,1.10829,648.12415,648.12415,146.6972,23.85236,648.12415
BCC,18.73974,21.03373,55.5302,3.46197,12.12,7.07281,-39.63009,760.097,11.11538,-43.78479,12.3,1428.934,2.66957,-43.60736,7.07281,7.13169,2.2273,11.71098,14.71786,22.74081,22.74081,19.78287,0.71239,24.66165
BOOT,36.04844,145.3602,25.98561,1.78521,5.62,10.28906,-6.28583,267.732,16.15164,-11.21643,5.72,610.572,-4.53104,-11.37802,10.28906,10.28493,0.0836,10.66281,13.60192,24.78741,24.78741,36.5733,1.67227,57.66231
BAH,9.35564,5.44991,7.53583,1.20611,2.03,2.92923,9.16359,1013.489,10.94609,-40.98837,4.17,2145.0,9.57961,-41.76822,2.93545,5.95227,1.16145,8.42865,12.92734,26.67138,26.60636,75.52745,3.02078,143.53606
BWA,-10.49273,5.31164,25.36295,1.65039,2.7,4.94436,-17.08861,1834.0,12.91731,-32.33083,3.12,2568.0,4.61509,-33.79237,4.40203,5.11576,1.23732,4.97663,7.13342,9.68434,10.3433,39.30966,2.14231,64.77085
SAM,18.21887,32.48389,89.07768,2.25498,6.21,3.79613,3.40199,214.464,10.67716,14.15441,7.48,852.369,8.76384,13.36099,3.79613,4.55922,1.64451,5.53899,7.01776,7.10466,7.10466,4.26162,0.22373,4.45131
BSX,13.09645,6.78418,13.1554,1.3205,1.07,11.17978,14.7289,4105.0,28.82725,137.77779,1.45,9849.0,14.97806,128.2235,11.1868,14.7953,0.65336,5.38052,6.49391,8.64469,8.58152,32.88199,2.33082,48.9913
BOX,3.2004,3.805,-3.71018,1.12704,0.06,2.70297,67.9683,93.901,9.47658,58.07923,0.06,738.318,31.39482,58.07923,2.70297,0.86949,1.01468,1.77427,3.63548,58.07923,90.89459,106.34841,6.04082,58.07923
BYD,26.44494,30.27793,18.01163,0.88763,6.12,16.58484,0.17021,1262.941,33.7821,4.25894,6.97,2385.758,10.82432,-3.02701,16.58484,18.89091,0.75468,9.99425,11.47841,37.18583,37.18583,68.11429,2.95006,213.62009
BRC,0.64781,7.24522,20.41112,2.0339,3.51,13.12875,10.81843,253.813,19.05699,21.03448,3.48,657.275,12.81603,16.58766,13.12875,12.95754,1.30196,10.04153,13.1061,18.38455,18.38455,7.52712,0.31779,8.13982
BDN,4.14679,2.25136,7.70833,0.54348,-1.15,-45.02734,0.0,0.0,0.0,15.710258,-1.15,247.891,9.19981,15.710258,-44.88729,-45.10714,0.54348,-1.75451,-1.8777,-13.37329,-13.34936,62.0189,15.710258,163.28886
BFH,-10.03122,0.2882,59.18864,1.42725,14.74,14.2443,99.16318,1428.0,27.59954,229.75392,14.89,3060.0,49.33804,221.97308,13.87708,14.3317,1.42725,3.3781,8.74387,28.43913,28.43913,65.08734,3.80952,186.42906
BFAM,29.71865,9.68793,20.97402,0.55902,1.28,3.07144,40.27603,274.927,11.37681,-6.56934,1.19,522.227,6.61851,-7.95873,3.07144,2.84219,0.48915,2.66806,3.35522,6.47351,6.47351,60.53165,6.76489,153.36758
BRSP,-17.37773,0.13014,9.82679,12.03728,-0.12,-3.76288,0.0,0.0,0.0,34.82652,-0.12,280.292,160.5498,34.82652,-3.74602,-3.67331,12.03728,2.57089,2.67636,-1.16686,-1.17106,68.17324,34.82652,214.201
BV,10.98901,5.05747,13.28312,1.5901,-0.12,-0.27344,-7.61589,251.1,8.9169,48.603703,0.16,678.9,2.69886,48.603703,-0.27344,0.53075,1.41011,1.90381,2.32394,-0.62599,-0.52057,37.01172,4.07527,58.75969
EAT,-8.28313,64.93637,-3.23543,0.34204,2.28,2.48234,-4.16913,324.1,7.84138,-11.62791,2.33,500.1,1.66306,-12.7551,2.48234,2.48604,0.14182,3.91238,4.83662,47.31842,47.31842,107.15667,6.66646,47.31842
BCO,-8.933,7.03406,8.93034,1.43424,1.83,1.9817,16.2228,763.7,15.66693,-49.58678,6.44,1167.5,8.73687,-48.5932,1.79912,6.10364,1.01811,4.76661,7.10946,20.36708,17.71827,88.16867,5.07608,88.890915
BMY,7.42923,5.01376,14.5621,1.4271,3.86,17.86429,-8.26492,18325.0,40.71679,30.84746,4.13,34488.0,30.25319,26.83736,17.83096,18.98629,1.23974,5.57092,7.49034,26.53287,26.53334,58.44198,2.2627,140.62744
BRX,5.17101,4.71304,9.48217,0.47378,1.01,24.49117,0.0,0.0,0.0,-13.67521,1.0,925.046,43.74083,-13.86419,24.49117,24.16124,0.44084,3.19399,3.39833,10.67613,10.67613,63.55082,56.63182,174.35457
BR,2.86197,6.31048,18.97206,0.58074,5.3,10.4044,14.92906,1255.6,20.7164,16.48352,5.67,1785.4,13.89047,16.97273,10.4044,11.01089,0.51172,7.29179,10.0687,30.32022,30.32022,61.97991,2.90905,163.01883
BKD,-13.21354,57.73674,2.14426,0.79713,-0.84,-6.28817,81.3189,360.219,11.98032,59.782738,-0.83,744.709,0.47685,59.782738,-6.28621,-6.21678,0.66231,0.19012,0.2063,-38.32849,-38.22275,92.10355,13.11888,59.782738
BN,-7.73311,9.08124,27.85613,0.93405,1.5,3.45052,7.26078,4914.366,16.09762,-6.25,3.1,14462.253,5.85452,-4.98711,3.18983,6.50931,0.7095,5.11513,7.17006,5.25884,5.65994,49.02269,3.50877,96.1657
BIP,53.91037,6.20557,11.59439,0.68167,0.94,8.0754,20.29422,6787.0,37.85065,5.61798,1.22,4461.0,17.78972,6.14251,2.40924,3.12569,0.53157,2.91218,3.53817,8.03871,4.85825,59.29195,7.30426,145.65166
BRO,-37.92659,3.56422,19.60225,1.0349,3.05,20.44819,24.83647,1278.7,30.03688,28.69198,2.84,2018.0,23.93736,29.57726,20.44819,18.6527,0.61288,5.3657,8.42057,17.09309,17.09309,41.87781,3.14351,72.05134
BFb,-10.63445,6.32695,43.68885,1.98299,0.28,0.5427,-25.65653,7866.741,10.19102,1187.5249,0.84,18123.135,3.87956,1187.5249,0.32218,0.97136,0.94751,1.70915,2.32463,0.61192,0.99457,36.33647,2.93888,57.07581
BC,-9.17127,12.35553,30.59493,1.4324,6.13,6.7579,-11.54828,1074.6,16.78695,-32.33996,8.21,1832.5,5.98814,-37.90251,6.56731,9.00337,0.55528,7.98392,10.71001,20.95067,20.95067,55.39744,2.41262,124.20236
BKE,4.64135,108.7679,7.51231,1.87281,5.13,18.92867,-2.0331,346.987,25.7947,-0.5814,5.17,799.663,11.58601,-0.07613,18.92867,18.93571,1.26402,25.34287,32.01006,73.88623,73.88623,44.66776,0.87549,80.72647
BLDR,-1.79215,10.57207,38.83528,1.77131,11.94,9.0105,-36.33976,2765.494,16.17501,-29.01308,12.25,6012.334,9.37901,-43.96696,9.0105,9.15505,1.05132,13.07928,16.32781,31.78067,31.78067,43.96739,1.34275,78.46751
BG,-8.37752,21.96643,74.66969,2.12697,14.87,3.92509,26.86876,3683.0,6.18576,41.4843,15.91,4853.0,2.69105,39.31677,3.76722,3.97627,0.82867,8.08776,12.18556,22.3462,21.46498,32.75852,1.56286,48.72186
BURL,31.43338,139.04144,12.22555,1.19448,3.49,2.6443,-34.5212,661.222,7.59798,-41.83333,0.25,3521.445,0.7461,-43.71305,2.6443,0.18856,0.49703,3.40223,4.56097,29.59169,29.59169,85.53933,7.11124,192.36305
CACI,-3.36859,7.36103,141.43085,1.21738,16.43,5.74013,12.36969,709.064,10.57903,6.06843,16.59,2299.818,5.89125,4.8913,5.74013,5.74143,1.01685,5.36177,6.77836,12.25738,12.25685,39.12224,2.92227,64.2636
CBZ,13.64851,4.45307,15.89148,1.19684,2.39,7.60234,1.81973,204.901,12.87719,18.90547,2.48,225.104,4.95943,14.82051,7.60234,7.79118,0.81771,5.37357,8.32981,16.07473,16.07473,41.03984,2.68917,69.60605
CBL,6.93255,13.33278,10.61174,0.59026,0.17,0.57179,0.0,0.0,0.0,24.283329,-1.18,348.147,17.31902,24.283329,1.1682,-6.59187,0.59026,2.91148,3.22721,1.8443,0.91839,85.10345,24.283329,24.283329
CBRE,19.14103,5.09902,27.11479,1.17263,3.15,3.2145,-13.74878,1946.0,6.09096,-26.57343,3.71,6299.0,1.15695,-29.94024,3.08617,3.58157,1.09402,3.84335,6.304,12.23304,11.62243,35.41563,2.55499,54.83622
CF,-15.31365,13.24875,30.3792,3.8125,7.87,27.71829,-50.74977,3153.0,47.54939,-51.9536,8.25,2545.0,28.24423,-54.42319,22.99804,24.04954,3.17125,10.3245,12.60305,28.32467,22.655,27.85007,1.02506,38.60026
CMS,0.0,0.0,0.0,0.0,0.0,0.0,0.0,0.0,0.0,0.0,0.0,0.0,0.0,0.0,0.0,0.0,0.0,0.0,0.0,0.0,0.0,0.0,0.0,0.0
CNA,2.86041,1.34595,36.52157,25.37636,4.43,9.18095,24.84076,1568.0,11.94667,35.06098,4.51,4587.0,4.22095,34.78747,9.18095,9.32239,25.37636,1.48741,7.48548,12.87531,12.87531,24.70508,2.07015,32.81108
CNH,25.47345,1.0079,6.28535,2.2386,1.76,10.79257,7.43965,2715.0,12.2962,18.12081,1.82,5767.0,-25.75747,16.85559,10.73823,10.97935,1.88748,3.13623,4.05372,31.52716,31.33465,77.13159,10.2291,380.05872
CNO,2.17575,0.59861,20.26006,137.81644,2.4,6.66779,-13.91874,841.1,20.28311,-28.78338,2.29,1643.7,9.753,-30.31754,6.66779,6.25542,137.81644,1.04779,6.08238,15.29145,15.29145,65.68632,5.04256,191.42896
CNX,-66.67633,14.77476,28.24804,0.5125,8.99,50.13733,560.00525,2675.483,77.95683,209.53653,10.6,913.532,11.76154,209.53653,50.13733,50.18622,0.16335,16.34757,23.22793,47.0689,47.0689,35.16253,0.88397,54.2318
CDP,6.68092,2.40046,13.18388,2.39511,-0.67,-10.662,0.0,0.0,0.0,28.312815,-0.66,379.92,9.3444,28.312815,-10.53609,-10.61762,2.39511,-0.76446,-0.812,-4.64154,-4.5126,61.29696,28.312815,160.82855
CRH,5.74566,8.67544,30.13004,1.68631,4.33,8.78995,8.45419,6132.0,17.54557,24.42529,4.72,11963.0,4.44183,-17.39017,9.09325,9.77655,1.08339,6.05324,8.24186,14.94018,13.97698,37.79919,2.14269,61.72022
CTO,69.50495,26.7252,20.20474,3.7295,0.03,5.06786,0.0,0.0,0.0,22.550934,0.03,78.941,42.35468,75.11083,5.06786,0.61942,3.62185,1.19945,1.24512,1.14941,1.14934,52.00674,22.550934,108.36259
CTS,-13.59872,6.4945,17.09129,3.29094,1.92,10.99738,-13.67599,111.806,20.31278,3.78378,2.16,190.859,12.01083,1.60638,10.99738,12.30609,2.53455,6.97276,8.38158,11.71913,11.71913,15.53022,0.86631,18.38553
CVI,-20.11173,28.71739,8.42526,1.29548,7.65,9.49497,12.75753,1423.0,15.38878,66.30435,7.65,1564.0,-1.10441,66.09071,8.31621,8.31432,0.51962,15.93304,24.69705,111.61103,96.00875,68.27628,1.56992,215.22157
CVS,33.99091,26.22895,59.36413,0.85691,6.47,2.33889,-2.36843,19498.0,5.44978,106.05096,7.35,53278.0,3.19117,101.1087,2.33219,2.63985,0.59064,3.95709,6.34587,11.31574,11.31185,50.88097,4.07144,103.58709
CABO,48.50657,29.50887,322.1061,1.68795,38.08,13.38565,-0.63609,883.833,52.66927,0.05255,41.83,1237.165,12.43199,-4.05607,13.38565,14.08142,1.40143,4.9452,6.12339,12.59359,12.59359,66.89581,4.13665,202.07652
CBT,-15.85956,5.16897,22.88031,1.9781,7.73,12.31239,-6.58263,667.0,16.96769,113.53591,5.18,834.0,7.65391,112.91866,11.32028,7.39247,1.13504,9.17029,12.2105,41.16559,39.6884,49.42487,2.06147,97.72566
CADE,0.0,75.31194,27.34618,0.85877,-0.03,0.16742,-57.23331,416.019,18.90545,75.31194,0.07,1155.013,-97.52546,17.06837,24.64431,0.58089,0.85424,0.53288,2.77267,0.08057,0.07773,46.99301,11.01276,88.65438
CAL,8.64394,23.27605,11.77856,0.91249,4.92,6.05413,-1.69598,264.948,8.9264,38.20225,4.54,1284.873,0.21635,32.64,6.1231,5.34282,0.21062,7.33402,10.76014,49.16909,47.95063,67.56484,3.35019,208.30742
CWT,9.21457,8.61077,24.71646,0.68849,0.91,6.46538,-25.39298,183.158,23.04941,-48.58757,0.91,380.687,-28.29994,-45.93224,6.53271,6.52205,0.60879,0.91676,1.5061,3.78316,3.73276,46.59354,6.81298,87.24327
CALX,34.35141,9.45811,11.05242,3.18669,0.42,2.82082,10.78222,74.141,7.13173,-30.0,0.83,518.316,4.57513,-28.49305,2.82082,5.26777,1.84593,3.93538,5.05359,4.19363,4.19363,1.58279,0.15596,1.60825
CPT,0.0,54.417923,43.07123,0.28976,3.7,26.54969,0.0,0.0,0.0,-38.74172,3.73,962.014,45.72488,-38.29544,26.08124,26.20842,0.28976,2.0662,2.20681,8.09258,8.12277,42.41819,54.417923,73.66597
CCJ,146.76305,8.90059,14.03649,1.54897,0.62849,13.94319,159.9174,382.6757,19.52938,277.27274,0.62849,592.13403,4.35166,303.7133,13.94439,13.90037,0.83266,1.65234,2.08535,6.04922,6.0487,22.64616,3.53041,29.27607
CWH,15.6912,35.47294,2.76722,1.20601,0.55,0.81267,-47.42474,349.166,5.6077,-82.91926,1.07,1878.649,-0.0649,-77.33138,0.49858,0.76688,0.11703,3.63529,4.32957,22.79245,21.91027,94.73674,11.04244,97.52529
CNNE,7.04225,77.55102,33.03395,1.6493,-4.27,-56.85965,-7.556207,-99.9,-17.52632,-7.556207,-4.17,43.0,-15.38597,-7.556207,-54.98246,-53.6979,1.44558,-2.55712,-2.65482,-12.42837,-12.90181,10.61392,-7.556207,11.87424
COF,2.0345,0.16378,139.97214,0.99443,11.95,9.87592,-8.72721,10563.0,21.34629,-33.2775,12.55,26361.0,30.65587,-33.60054,9.87592,9.69833,0.99203,1.27743,5.62586,9.67905,8.83158,46.8327,4.84408,88.08552
CPRI,-14.97696,13.99502,15.74817,1.28966,4.6,11.0162,-11.9171,1020.0,18.1527,-14.65677,5.7,3715.0,9.1809,-25.06083,10.96281,13.44425,0.44483,7.11506,9.51185,27.95553,28.09167,66.09206,3.53333,194.91617
CAH,7.37728,18.70036,-11.36255,1.00377,1.0,0.1278,13.92887,2691.0,1.31261,519.2043,4.7,6874.0,1.39187,519.2043,0.12731,0.59836,0.45677,2.81946,33.15261,519.2043,519.2043,222.62366,1.92345,519.2043
CTRE,0.0,22.107244,10.8992,4.18081,0.5,24.66915,0.0,0.0,0.0,22.107244,0.5,208.177,52.22167,22.107244,24.67512,24.3275,4.18081,3.33521,3.44917,4.74232,4.7372,29.56827,22.107244,41.98145
CSL,-33.10502,5.97603,59.30818,2.87288,14.22,15.6729,-27.13338,1131.4,24.6659,-19.11263,14.54,1634.2,-6.93142,-16.94805,16.73025,15.81779,1.00506,8.85259,11.28858,24.5635,24.5635,45.3122,2.07177,82.85613
KMX,-46.73948,72.40654,35.50805,2.60091,3.03,1.5574,-42.88213,1007.601,3.23713,-56.52798,3.05,3463.607,5.74477,-57.89427,1.5574,1.55604,0.55947,1.77977,1.89242,8.93693,8.93693,77.30139,18.97144,196.33871
CCL,0.0,803.15393,5.44462,0.45867,-0.06,-0.3427,803.15393,4327.0,20.0389,803.15393,0.04,10818.0,-3.72343,803.15393,-0.3427,0.23378,0.25965,2.42628,2.99353,-1.06116,-1.06116,82.25008,7.37,803.15393
CRS,38.97463,5.58297,28.70507,2.79038,1.14,2.21151,171.1499,264.1,10.35564,44.194252,1.15,337.3,-2.90407,44.194252,2.21151,2.20053,1.25337,2.77931,3.94562,4.13702,4.13702,34.81651,2.82355,53.41308
CARS,16.1614,5.90805,7.46421,1.22429,1.74,17.18586,0.66227,163.851,23.77467,596.0,0.4,467.394,20.12328,588.37616,17.18586,3.87369,1.12915,3.57544,4.16058,27.02496,27.02496,50.93326,3.11764,103.80404
CRI,-11.01752,17.06361,23.12522,2.15145,6.24,7.83619,-13.56344,391.944,13.21009,-1.57729,6.19,1395.935,14.35424,-7.01413,7.83619,7.6337,1.04518,8.50412,10.49584,28.32501,28.32501,56.13154,2.75941,127.95422
CAT,5.16329,3.88866,39.03664,1.35191,20.12,15.4071,40.77859,17358.0,25.88428,59.17722,21.47,21275.0,8.67395,54.1387,15.41157,16.34742,0.77767,11.22292,17.06524,58.45092,58.38278,66.34803,2.21523,197.15941
CE,-9.86222,8.34478,65.1112,1.52701,18.0,18.03474,12.68817,2096.0,19.15905,3.38886,16.7,2603.0,11.14145,3.48469,17.91591,16.61589,0.88139,3.29115,4.05774,30.93966,28.89361,65.11778,6.72615,186.67903
COR,13.32276,13.32055,2.59942,0.87647,8.53,0.66085,0.46486,3505.873,1.33723,6.09453,9.31,8807.368,1.43565,2.73561,0.6657,0.71913,0.48489,2.65855,23.70924,594.9378,594.9378,89.84389,1.68123,594.9378
CNC,17.02833,10.69289,48.34569,1.11003,4.95,1.75261,-7.22117,4908.0,3.18703,139.13045,5.71,22499.0,3.4885,124.79201,1.75456,2.01453,0.96244,2.7978,4.99845,10.83031,10.75449,42.10515,3.84617,72.7802
CNP,-25.83182,6.04099,15.31464,0.78339,1.37,10.54508,10.75683,3161.0,36.35005,-13.83648,1.26,3723.0,-9.86804,-13.24503,10.54508,9.14206,0.48551,2.81111,3.98421,9.69396,9.30398,65.83858,5.89402,192.72784
CSR,15.18664,36.72323,41.1884,0.37421,2.32,18.75352,0.0,0.0,0.0,23.66271,2.96,149.344,37.70942,23.66271,15.98569,16.90649,0.26176,0.75609,0.78004,6.70202,5.14312,49.15317,23.66271,96.66911
CPF,0.0,27.53703,18.62877,0.86151,2.17,18.09699,-14.94382,131.644,40.6068,-19.02985,2.09,240.953,93.43583,-20.64035,18.09699,17.4244,0.86125,1.02812,12.01353,12.26505,12.26505,27.04159,1.41849,37.0644
CCS,33.01638,40.50092,75.11994,5.90283,8.05,7.02088,-47.80523,369.528,10.00838,-49.43467,8.12,802.965,-1.90431,-50.63585,7.02088,7.01975,0.67725,5.58809,6.24011,11.42673,11.42673,35.57691,3.56714,55.22385
SKY,-25.66935,33.02955,21.59069,4.19202,7.0,15.41503,54.02709,545.011,20.90921,61.66282,7.06,818.681,11.26694,61.9882,15.41503,15.43522,3.27318,23.1597,29.9948,39.04565,39.04565,3.3487,0.07838,3.46472
CRL,3.71948,5.38818,70.06276,1.52468,9.22,11.6329,1.02337,973.446,23.57349,-2.74262,10.1,1529.184,5.31332,-2.38613,11.49375,12.52946,1.00752,5.21689,6.36075,14.44124,14.37695,46.07906,3.21216,86.80232
SCHW,2.47802,0.22807,17.42079,1.1037,2.54,19.85424,0.80232,11810.0,46.27562,-27.42857,3.01,18305.0,-127.81337,-29.45844,19.85424,21.51264,0.45824,1.25269,7.42017,17.27318,13.065,59.4198,5.07815,146.42561
GTLS,195.82747,3.97075,66.3563,1.18658,0.44,1.71514,180.25192,689.7,20.57271,-77.08333,2.41,1040.4,1.59582,97.08333,1.41089,3.01708,0.784,3.82057,4.83254,1.75394,2.04506,57.15931,5.68552,133.42293
CLDT,-15.50792,65.45441,15.88238,0.27156,-0.11,0.7958,0.0,0.0,0.0,12.317435,-0.1,150.163,22.58447,-73.03417,0.84569,-1.56239,0.27156,1.50828,1.54768,0.33663,0.30671,38.56259,12.317435,62.76729
CHGG,33.5488,26.08551,9.18675,0.80013,-0.34,2.53806,-22.60102,82.344,11.49582,29.83884,-0.06,490.366,27.60985,-93.18177,2.53806,-0.97589,0.6971,-0.39292,-0.4229,1.76402,1.76402,39.80798,7.58675,66.13499
CC,0.0,11.84086,4.96006,1.54264,-1.6,-3.93231,-25.20853,807.0,13.38975,103.92567,2.6,1306.0,13.09316,103.92567,-3.9489,6.42395,0.93162,3.93304,6.24563,-25.81345,-25.67714,85.33148,5.32714,103.92567
LNG,-46.81769,14.36197,21.35021,1.62834,40.72,59.13014,193.79955,16679.0,81.78386,621.98584,40.95,16590.0,34.41208,591.9468,48.45053,48.39144,1.45448,22.95565,30.41783,1553.144,272.55057,74.8361,1.60831,297.39468
CPK,13.35259,6.82653,56.04246,0.48061,4.73,13.00499,5.69268,226.659,33.79923,-6.15079,5.33,258.3,3.92913,-2.87763,13.00499,14.60138,0.28285,3.64958,4.69103,8.39019,8.39019,52.88014,6.16978,112.22474
CVX,-2.61537,9.75372,86.27405,1.27497,11.36,10.87333,-22.59504,43555.0,22.11891,-37.85558,11.06,76531.0,8.20946,-39.74623,10.852,10.51859,0.88099,6.31305,8.72878,13.34566,13.2917,13.8671,0.59855,16.11617
CIM,0.33286,0.0683,31.8015,2.86581,0.69,16.2268,57.620605,662.073,85.19419,57.620605,0.63,193.397,22.76901,57.620605,16.2268,6.21669,2.86581,3.14303,3.18933,4.82697,4.82628,79.80002,15.26872,57.620605
CMG,8.09787,88.76784,2.23307,1.57255,0.8868,12.44713,28.59376,1919.609,19.44568,38.38951,0.8998,4014.839,9.47319,36.66284,12.44713,12.55818,1.42044,13.41352,15.19877,45.25543,45.25543,56.95418,2.11065,132.31062
CHH,-9.56448,7.48668,0.71877,0.31456,5.07,16.74089,-4.57736,503.489,32.60591,-15.35893,5.97,688.531,19.75625,-22.17208,16.74089,19.46267,0.27337,12.23292,17.42414,271.74362,271.74362,97.92714,3.34017,84.34343
CB,7.75081,1.46482,146.83298,2.28167,21.8,17.95209,0.0,0.0,0.0,73.70518,19.07,13708.0,-7.45838,69.92283,17.97798,15.60192,2.28167,2.87587,8.24435,16.40754,15.78381,22.47837,617.0421,28.99625
CHD,24.85782,12.36779,15.85586,1.07574,3.05,12.87684,6.60189,1283.7,21.87665,81.54762,3.2,2588.5,12.28911,82.55617,12.87684,13.35537,0.6128,8.02995,10.61282,20.5737,20.5737,40.32812,2.02976,67.58313
CIEN,7.18576,3.93236,19.66693,3.83659,1.71,5.80928,35.787,527.819,12.03267,71.0,1.8,1878.851,0.53148,66.66035,5.80928,6.11296,2.47094,4.61061,5.85392,9.16443,9.16443,36.78072,3.13965,58.1796
CI,3.597,10.98543,158.02519,0.76671,17.39,2.75143,8.43308,12048.0,6.17074,-18.35681,20.15,25177.0,4.50315,-22.55549,2.6449,3.03309,0.54709,3.79728,7.30484,11.33762,11.76754,40.36616,2.60417,67.84664
CNK,15.51724,40.88933,2.54778,1.45146,1.34,6.2445,84.44938,581.2,18.95197,122.73606,1.58,1516.5,7.48525,122.73606,6.13689,6.13617,1.3504,4.81382,5.98288,89.61905,87.38307,91.76547,6.1127,122.73606
C,4.54538,0.19777,98.70822,1.10411,4.04,6.03492,56.69967,59350.0,38.17653,-43.17862,4.06,70700.0,-111.78777,-37.83766,5.93586,5.04059,0.88785,1.4184,3.97933,4.98802,4.59802,77.15726,11.73827,5660.2827
CFG,0.0,540.0019,47.87122,0.8787,3.13,13.19439,-2.55156,4583.0,37.60565,-23.65854,3.54,7537.0,89.42623,-22.43126,13.19439,13.80007,0.87425,1.27675,7.16658,7.30843,6.69554,38.04688,3.26184,61.41237
CIA,-4.78411,2.58981,3.40924,2.68115,0.48,10.15332,11.686846,27.293,11.33995,11.686846,0.49,73.305,9.36212,11.686846,10.15332,10.1176,2.68115,1.01014,17.00839,29.30026,28.22281,5.00712,0.33243,5.27105
CIO,20.31331,3.65939,16.5314,0.70822,-0.25,-1.13626,0.0,0.0,0.0,14.683161,-0.25,109.099,29.34174,14.683161,-1.49752,-5.57271,0.70822,1.26672,1.32245,-0.39702,-0.25828,46.7973,14.683161,87.96039
CIVI,0.0,229.49008,65.91651,1.15796,9.02,22.54193,-16.29331,2395.0,68.83687,-38.13443,9.87,2565.692,15.51654,-37.16044,22.54193,24.46479,1.01409,6.9318,9.07622,13.57459,13.57459,44.12411,2.03811,78.96807
CLH,1.80634,5.00249,41.6745,1.97797,6.95,6.98549,-0.04202,991.867,18.33683,-8.06878,6.91,1663.028,4.90494,-8.23036,6.98549,6.90738,1.58237,6.11824,8.07289,18.12334,18.12334,53.82966,2.64184,116.58928
CCO,-19.36308,3.79969,-7.16901,1.08337,-0.33,-7.38583,-5.26895,514.886,24.20555,78.78569,-0.28,799.023,-0.74664,78.78569,-14.6169,-6.34108,0.85379,3.47987,4.49868,78.78569,78.78569,192.66524,13.93439,78.78569
CLW,0.6275,11.84419,40.56415,1.97238,6.3,5.17092,24.14558,279.7,13.42904,135.07463,6.62,200.7,5.38878,134.13045,5.17092,5.35976,0.79126,6.70681,9.50517,17.36117,17.36117,44.08395,1.88488,78.83954
CWENa,0.0,0.0,0.0,0.0,0.0,0.0,0.0,0.0,0.0,0.0,0.0,0.0,0.0,0.0,0.0,0.0,0.0,0.0,0.0,0.0,0.0,0.0,0.0,0.0
CLF,-6.12245,11.57684,15.62132,1.89168,0.78,2.04128,-43.87723,1792.0,8.14694,-69.41177,0.9,1391.0,7.50875,-70.11236,1.81397,2.08674,0.58096,2.80365,4.16053,5.07718,5.55556,30.65232,2.00335,44.20094
CLPR,3.51648,27.13627,0.17083,1.80128,-0.45,-11.26226,0.0,0.0,0.0,3.808083,-0.21,75.635,22.10729,3.808083,-4.26902,-2.44074,1.80128,1.67258,1.71928,-70.07958,-70.09051,99.40348,3.808083,3.808083
CLX,2.27618,11.08627,1.77677,0.95357,1.2,2.17892,13.14952,1067.0,14.44038,-67.82842,4.5,2905.0,12.62857,-67.74892,2.01651,7.52674,0.55034,8.58258,14.44112,38.40206,28.82722,88.39019,2.76851,177.91818
KO,-2.2082,13.2678,6.02159,1.13411,2.47,23.39249,7.71932,14415.0,31.50544,12.78539,2.82,27234.0,10.60946,12.28254,23.41653,26.64436,0.72432,8.72137,12.09542,42.81661,40.15683,61.24447,3.01256,158.02766
CDE,-38.78134,161.65472,2.65066,0.9228,-0.3,-12.61705,3.18792,90.502,11.02062,16.922182,-0.31,133.674,-26.99757,16.922182,-12.61705,-12.95026,0.31997,-0.81885,-1.06584,-10.83287,-10.83287,35.42195,6.20566,54.85139
CNS,1.78905,6.71476,7.75547,4.14218,2.6,27.90006,-23.48346,168.582,34.43,-25.07205,2.62,235.286,6.73767,-24.55128,26.35606,26.38423,3.18917,14.58199,17.15007,35.90769,29.71085,22.17943,0.83288,36.3578
COHR,28.72927,6.44263,32.54121,3.0146,-2.93,-5.02816,44.20305,1084.368,21.01448,140.42343,-0.21,1784.283,-1.5288,140.42343,-5.02816,-0.5599,1.60822,2.33509,2.71505,-6.72747,-4.4687,38.30773,4.13957,62.09487
CL,5.45213,12.59353,0.74141,1.11348,2.77,12.61757,12.52107,4673.0,24.01706,30.04695,3.24,11327.0,14.5828,28.85154,11.82094,13.77795,0.57604,15.97715,25.53737,753.9604,278.50256,90.45006,1.93965,753.9604
CBAN,0.0,18.032812,14.51463,0.75602,1.24,13.57584,2.67439,54.401,33.96051,8.77193,1.23,110.278,-38.69921,11.28339,13.57584,13.49714,0.74515,1.05386,6.78249,8.96408,8.96408,48.51972,4.41672,94.24912
CMA,0.0,252.27568,45.58068,0.86634,6.44,16.77137,-3.18471,1976.0,37.6166,-23.96694,6.47,3503.0,-39.96526,-23.45786,16.77137,16.25814,0.86634,1.37891,8.31807,16.31633,15.2067,61.3281,5.14119,158.5857
FIX,25.83134,4.08677,35.80958,1.11033,9.01,6.21112,46.98316,490.352,9.4176,32.11144,9.36,983.909,6.62957,31.49093,6.21112,6.43599,1.0407,8.65624,17.47746,28.39624,28.39624,16.73228,0.52365,20.09455
CMC,-8.73423,6.77115,35.36775,3.72657,7.25,9.77052,-7.4714,1391.41,15.81232,-27.13568,7.37,1811.915,4.73259,-29.36936,9.77052,9.8058,2.172,11.38328,14.13214,23.21458,23.2131,24.2464,0.94799,32.00693
CBU,0.0,44.44365,31.8401,0.7204,2.45,17.45073,-13.29633,316.321,41.84251,-29.19075,2.61,640.674,-102.5716,-29.85788,17.45073,18.5056,0.72031,1.14669,6.88908,8.11929,8.11929,32.20574,2.54996,47.50512
CYH,10.48198,5.55358,-10.1773,1.49767,-1.02,0.1281,9.73663,1375.0,11.00881,347.65518,-1.07,5082.0,-1.20396,347.65518,-1.06485,-1.11751,1.11998,3.73403,4.72744,347.65518,347.65518,107.25991,8.85382,347.65518
CHCT,5.72166,2.03927,18.58748,5.21651,0.2,6.82945,0.0,0.0,0.0,-75.30864,0.54,92.132,50.98272,-64.96662,6.82945,12.04855,5.11652,2.5394,2.60723,1.52742,1.52742,44.24548,8.598825,79.35767
CMP,-22.66746,8.12614,12.65792,2.18827,0.25,0.87159,-1.29578,175.2,14.54304,30.343683,0.13,232.0,-2.45601,30.343683,0.87159,0.44013,0.6118,2.76702,3.6026,2.70131,2.70131,62.52338,4.96119,166.83301
CRK,-54.63287,4.22114,8.47043,0.67718,0.76,13.53861,-69.8844,834.38,53.3113,-81.50852,0.76,876.332,-43.31502,-81.49528,13.48897,13.4414,0.38468,2.36938,2.94371,9.10629,9.09123,53.22572,3.2502,113.79273
CAG,11.29813,13.39699,18.31526,0.76227,1.42,5.56488,12.81596,2222.7,18.10459,-22.82609,2.68,3264.8,2.43168,-23.03535,5.56814,10.45412,0.23854,5.20593,6.37008,7.80165,7.7331,51.80658,4.2595,107.49719
CNMD,26.61893,5.74112,27.11594,1.98131,2.04,5.1785,32.69956,178.53,14.34271,55.06228,2.36,684.845,14.87393,55.06228,5.1785,5.81457,0.8579,3.62313,4.57063,8.16057,8.16057,54.30113,5.55231,118.82377
COP,-22.81272,8.95677,41.82915,1.43228,9.06,19.51693,-29.42297,23349.0,41.58993,-37.81743,8.77,28193.0,8.34061,-41.34368,19.51693,18.78873,1.2074,9.70275,13.72908,22.52626,22.52626,28.491,0.84089,39.84253
ED,8.50035,4.86013,61.25368,1.01161,7.21,17.15884,-6.79487,4362.0,29.74835,54.72103,5.28,7405.0,7.65873,51.74699,17.1793,12.52033,0.77035,2.15202,3.1853,12.03967,11.96756,54.17271,5.73384,118.21061
STZ,0.28921,10.49939,45.92602,1.17781,-0.37,-0.4073,0.0,3307.2,34.9872,382.0221,0.16,4774.7,3.97695,382.0221,-0.75112,0.32591,0.40741,7.22563,8.16684,-0.70487,-0.37052,59.74048,3.91875,148.38846
CPS,1.34649,6.15189,-4.72757,1.37864,-11.64,-7.22034,286.4937,178.162,6.32705,44.83182,-7.0,290.776,1.45913,44.83182,-7.17307,-4.31428,1.0773,2.22348,3.6502,44.83182,44.83182,108.15181,6.68216,44.83182
CPA,0.0,135.4316,50.47926,0.99178,12.78,14.87117,55.04256,1113.342,32.2054,62.18274,13.99,1471.169,-2.26994,47.7061,14.87117,16.2797,0.85451,10.20547,14.32621,28.44827,28.44827,45.14282,1.56856,82.29153
CLB,2.28129,4.71449,4.7979,2.53284,0.77,7.26279,16.64165,67.609,13.26213,83.33333,0.42,109.833,3.51456,88.53133,7.19414,3.84607,1.56859,5.56182,7.56317,17.93079,17.68312,48.38025,3.18575,93.7243
CNR,-6.64972,16.57603,44.91615,1.35446,19.79,25.88398,-2.63122,1017.754,40.16442,51.41546,19.98,1113.652,22.67855,40.45428,25.88398,25.97432,1.09432,18.04197,31.04982,52.27756,52.27756,13.64772,0.20862,15.8047
CXW,-0.08354,6.07303,13.10677,1.5966,0.59,3.56368,-1.34716,295.411,15.57553,-42.71845,0.61,434.205,7.3054,-44.7433,3.56368,3.66,1.48302,3.30887,3.81733,4.6454,4.6454,44.9676,4.08697,81.71114
GLW,-8.65776,7.64531,14.08659,1.66983,0.68,5.14776,-18.02326,2679.0,21.28217,-55.84416,1.13,4214.0,1.43887,-55.85106,4.61551,7.61233,0.77587,2.82333,4.04881,4.9323,5.36802,41.68632,3.16685,71.48635
CPAY,0.0,243.88977,45.76885,1.03787,13.2,26.12995,14.58191,2023.669,53.85365,6.28019,13.68,2937.811,52.86314,2.88821,26.12995,26.63212,0.96841,7.1379,10.66254,33.71961,33.71961,67.51599,3.37119,207.84372
CMRE,119.56223,25.00589,20.12715,1.68635,2.95,25.20957,-25.42865,522.291,34.55663,-30.75117,2.96,602.761,8.91145,-30.49004,25.52253,23.55985,1.38875,4.36932,4.52528,16.99529,16.56667,52.04874,5.06966,108.57309
CTRA,-28.474,5.87873,17.36218,1.21386,2.13,27.47717,-45.11137,3795.0,64.16977,-58.07087,2.16,4147.0,21.46813,-60.0246,27.47717,27.61177,1.11988,6.63684,8.72998,12.6469,12.63756,16.22038,0.66561,19.36077
COTY,-1.01481,15.3111,4.46893,0.74967,0.57,9.42007,1.79988,859.7,15.47866,714.2857,0.46,3548.2,4.2786,95.83815,9.15,7.03156,0.29008,2.18442,3.16103,14.59171,13.43037,51.79846,5.29161,109.88937
CUZ,14.41805,3.89749,29.80356,0.3108,0.55,10.40969,0.0,0.0,0.0,-50.45045,0.55,538.739,46.26045,-50.2599,10.30375,10.36333,0.3108,1.55534,1.67427,1.81344,1.82303,35.56981,28.819527,55.20673
CXT,3.50359,5.77183,16.9429,1.92703,3.31,13.53411,-0.51854,383.7,27.57852,-9.06593,3.63,654.1,13.76411,-8.10151,13.53411,14.75769,1.41268,9.04598,11.591,21.54709,21.54709,41.8822,1.81053,72.06432
CRDb,0.0,0.0,0.0,0.0,0.0,0.0,0.0,0.0,0.0,0.0,0.0,492.85315,0.0,0.0,0.0,0.0,0.0,0.0,0.0,0.0,0.0,0.0,0.0,0.0
BAP,0.0,350.4121,109.90595,1.03176,16.45,19.32514,7.00832,3209.233,46.43251,7.79817,16.66,4315.45,48.18132,7.72454,18.95759,19.15768,1.03176,3.03363,10.32449,16.02627,16.01424,53.14698,3.15131,113.43341
CCI,-17.08333,10.60137,14.70277,0.39923,3.46,21.51554,1.77543,4242.0,60.76493,-10.36269,3.62,5001.0,21.85038,-10.32836,21.51554,22.50509,0.33772,4.0156,4.40485,21.7209,21.7209,81.86958,6.79255,414.2955
CCK,-2.30822,8.24863,19.97613,1.15044,3.76,4.88759,7.91284,1882.0,15.67028,-37.22872,4.33,2464.0,4.75021,-38.10179,3.74688,4.30509,0.74435,5.89313,8.61661,21.13172,22.79169,72.88906,4.09139,268.85474
CUBE,7.58351,72.34012,12.44361,0.18196,1.82,39.04085,0.0,0.0,0.0,41.08527,1.82,784.662,42.9319,41.02615,38.88202,38.83608,0.13835,5.01321,5.27498,14.60461,14.27455,51.3346,57.436207,107.73904
CFR,0.0,142.32538,55.63597,0.59195,9.1,22.59693,15.83359,1018.329,38.48185,3.29171,9.11,1941.035,-119.15749,3.25011,22.59693,22.10285,0.59193,1.13494,7.01196,18.22319,17.4497,55.73996,4.59616,125.93743
CULP,11.48205,9.99634,7.22641,2.16983,-2.57,-13.41653,-4.663479,-19.763,-8.41215,-4.663479,-2.47,10.896,8.92847,-4.663479,-13.41653,-12.91384,1.07599,-10.22909,-14.98352,-30.22327,-30.22327,6.55813,-4.663479,7.01841
CMI,0.0,557.164,62.41185,1.17787,5.15,2.46587,20.65844,4398.0,12.91061,-65.93915,19.83,8249.0,12.1092,-65.82985,2.15764,8.24868,0.6514,6.78729,11.84789,8.24684,8.34617,42.12249,1.63893,72.77868
CW,0.0,87.35618,60.94843,2.12894,9.2,12.45914,10.23437,600.774,21.11407,20.73491,9.26,1067.178,12.15987,20.43873,12.45914,12.45884,1.41287,6.67822,8.71127,16.41043,16.41043,34.15006,2.00995,51.86043
CWK,0.0,112.12103,7.38026,1.16936,-0.16,-0.37288,-38.29787,426.3,4.49035,112.12103,0.31,1652.1,2.41147,112.12103,-0.37288,0.7409,1.12515,2.23156,3.27269,-2.12059,-2.1197,68.66773,8.62655,219.15971
CUBI,0.0,78.245415,47.72749,0.9438,7.32,17.33538,17.52854,545.095,37.77612,12.4424,7.71,683.403,186.0142,9.69548,17.33538,16.79681,0.92481,1.51994,11.26951,18.08851,16.44944,48.24575,2.80194,93.22086
DHT,27.55066,8.28532,6.37984,3.54206,0.99,28.79231,71.18145,302.012,53.87722,167.56757,0.99,319.46,11.02256,162.27731,28.78446,28.64232,2.6603,8.04438,8.20946,15.39898,15.33353,29.63867,1.43893,42.12352
DKS,4.42846,177.25957,30.74384,1.87897,10.78,8.43403,-24.11175,1797.719,14.53501,-22.2783,13.43,4284.558,1.60175,-31.36668,8.43403,8.43401,0.75862,10.14077,13.70737,45.09688,45.09688,62.48568,2.33915,166.56487
DNOW,-3.51759,5.93606,9.97572,2.55502,2.24,10.68505,5.45455,174.0,7.49677,98.23009,2.34,535.0,5.62258,92.96875,10.64197,10.82752,1.63397,6.49351,9.16295,25.97266,26.00944,5.59503,0.36207,5.92662
DHI,0.0,669.5913,67.7804,6.05485,13.82,13.4935,-18.53336,6261.2,17.61877,-16.29316,13.93,8912.5,7.81198,-18.98079,13.35421,13.35492,0.84046,12.27149,14.25387,22.54891,22.34301,18.18426,0.82134,22.22587
DTE,-19.92149,6.9455,53.54798,0.60156,6.76,10.96116,19.68284,3849.0,30.20008,22.46377,6.77,4327.0,-8.7093,28.99354,10.96116,10.94249,0.31243,3.20656,4.54667,13.02746,13.022,65.48009,5.44817,189.68793
DXC,-14.02936,5.06316,16.28595,1.18064,-2.48,-3.92238,-13.66616,1712.0,11.86417,230.71198,-1.41,3184.0,5.76663,230.71198,-3.93624,-2.23753,1.02159,1.37909,2.39411,-13.2881,-12.31104,58.41045,3.13376,140.44502
DVA,-6.81094,5.89481,11.88977,1.18761,7.42,7.88276,13.29947,2374.946,19.56275,29.94746,7.95,3820.43,10.39496,23.40025,5.69627,5.9454,1.0946,6.02238,7.29879,78.20923,38.52452,80.20638,4.68071,285.00317
DAN,-0.21834,7.69035,10.90826,1.57686,0.26,0.45476,17.44548,754.0,7.14353,89.21374,0.67,900.0,0.2558,89.21374,0.36002,0.91661,0.84666,2.74102,4.52937,2.43122,2.64755,61.98794,3.95358,182.10141
DHR,-20.60703,5.31834,72.3566,1.68443,5.65,17.66848,-31.59487,7463.0,31.23901,-41.51139,5.83,14129.0,20.24226,-33.91594,19.9414,17.97319,1.27568,3.92166,4.60273,8.28459,8.15022,26.75212,2.61771,36.52272
DRI,3.57143,262.85214,18.18355,0.51497,8.0,9.37756,3.601,1576.6,15.03271,8.10811,8.07,2083.4,7.59394,3.05416,9.36231,9.37978,0.25622,7.29243,9.17363,44.70759,44.70759,72.89661,3.75561,268.95752
DAR,17.99037,9.20503,28.86802,1.85913,3.99,9.72866,0.86909,1102.486,16.2415,-11.13586,4.09,1645.02,-1.26951,-12.19537,9.54211,9.63205,0.95046,3.70415,4.46693,15.39556,15.37544,49.69784,4.20622,98.7986
DAY,22.19731,10.18298,15.34357,1.11627,0.35,3.62027,209.23422,274.6,18.14098,62.836178,0.4,713.3,7.05639,62.836178,3.62027,4.10385,0.14994,1.04929,2.53529,2.43145,2.43145,34.14795,4.52877,51.85556
DECK,-0.38885,12.00693,11.2427,3.84063,3.22833,14.24817,15.31045,700.609,19.31496,19.12669,3.25167,1825.37,9.29098,14.35405,14.24817,14.25565,2.58975,16.69114,21.62506,31.27934,31.27934,12.24955,0.35182,13.95953
DE,19.94079,1.13715,77.3659,1.98603,34.63,16.57932,47.13451,17381.0,28.37668,48.7543,34.32,18755.0,-4.24075,42.56065,16.59728,16.37247,1.7742,9.90189,12.15489,48.35541,48.07897,74.42567,3.66446,292.31265
DK,-36.51167,16.76567,13.21837,0.99289,0.3,0.27605,-11.93872,666.8,3.9415,-91.64345,0.75,872.5,3.81789,-92.29872,0.11704,0.28997,0.60385,2.55213,4.61172,2.2134,4.6028,75.70134,4.48395,62.702
DELL,-1.32215,5.72089,-4.36034,0.8199,3.24,2.36752,11.75846,9476.0,9.26286,-48.24281,5.06,22794.0,0.52028,-56.10282,2.38707,3.6305,0.5231,4.33242,14.67474,1539.9288,1539.9288,111.01883,3.21634,1539.9288
DAL,-1.44836,18.4104,17.25861,0.38871,7.17,7.93998,54.60666,8726.0,15.03239,248.05824,8.36,13004.0,1.05667,249.6965,7.93998,9.2028,0.27243,5.46916,10.56028,52.11737,52.11737,71.07018,3.1264,245.66412
DLX,-11.51937,9.48025,13.81007,0.92909,0.59,1.19635,0.67758,388.548,17.72363,-60.66667,2.24,1174.913,10.16569,-60.05811,1.19147,4.45014,0.35414,4.44291,5.90109,4.32485,4.3392,73.67972,4.35605,279.9352
DBI,-17.22598,122.72999,6.80085,1.24178,2.26,4.90634,-1.09257,280.0,8.44537,13.0,1.97,1454.697,5.05296,5.30486,4.90664,4.01692,0.21463,6.17149,8.35604,38.48967,38.34418,71.65871,3.93762,254.68478
DVN,-10.55363,9.2895,18.97279,1.07053,5.84,24.787,-26.34578,7498.0,49.14143,-35.96491,5.86,7888.0,8.50783,-37.70574,24.55761,24.54149,0.83011,12.7305,16.71706,32.26279,32.16944,34.66845,0.86463,53.0654
DRH,0.0,26.582775,7.83309,2.43132,0.36,8.04091,-5.3179,151.569,14.06767,-23.40426,0.36,293.107,18.38625,-21.02664,8.01353,7.06746,2.43132,2.93538,3.2447,5.34305,5.33933,43.89027,8.51012,78.22221
DBD,17.90265,5.62519,28.31741,1.51576,36.6,36.68977,62.31427,360.5,9.60821,83.88964,5.87,876.2,-4.16211,83.88964,36.67644,5.88252,0.9342,3.87782,7.35931,83.88964,83.88964,55.84107,3.78558,126.45478
DLR,17.13458,3.93849,59.00312,1.09814,3.0,17.22922,0.0,0.0,0.0,170.27026,3.04,2849.199,32.82143,151.22536,17.20249,16.45762,1.09814,0.8223,0.89901,5.38539,4.67921,47.87343,152.20667,98.376
DBRG,-67.56629,4.24686,6.22118,0.82174,1.1,44.5131,35.79375,341.524,41.57914,61.912014,0.81,810.983,26.09434,61.912014,22.55708,15.76525,0.81633,2.61182,2.89732,25.71273,10.32946,15.47263,1.34485,18.43611
DDS,35.48705,139.40292,93.29664,2.41204,50.81,12.74456,-0.17633,1315.131,18.79775,21.32283,50.03,3012.617,8.87176,3.38144,12.74456,12.54931,1.00934,21.42094,33.42262,58.47076,58.47076,25.77793,0.42218,34.73082
DIN,0.0,43.614723,-16.35543,0.77702,6.22,11.69291,1.27667,219.74,26.44068,25.40323,6.23,399.343,7.27298,19.80619,11.69291,11.41923,0.67114,6.35427,8.29015,43.614723,43.614723,118.80323,7.21632,43.614723
DFS,0.0,0.0,0.0,0.0,0.0,0.0,0.0,0.0,0.0,0.0,0.0,752.60205,0.0,0.0,0.0,0.0,0.0,0.0,0.0,0.0,0.0,0.0,0.0,0.0
DLB,-5.05615,4.08046,24.59403,3.52372,2.05,15.51413,1.55342,345.372,26.57231,13.25967,2.48,1147.178,34.99741,9.00064,15.43812,18.27376,3.31929,5.79466,6.95305,8.72174,8.72313,2.09045,0.14665,2.13508
DG,0.0,733.3377,25.29277,1.28759,10.68,6.38393,4.91439,4046.102,10.69129,5.01475,10.73,11820.098,-0.67443,0.69843,6.38393,6.38353,0.06481,7.50825,9.51788,40.93593,40.93593,76.11601,4.36497,733.3377
D,-23.74661,5.53258,30.72315,1.03722,2.48,14.98645,32.30059,6021.0,41.83284,129.62962,2.51,6958.0,-103.11957,100.60362,13.85396,14.58601,0.11346,2.01676,2.93549,8.32112,7.7856,61.98387,7.45474,163.04623
DCI,-3.35803,5.50116,10.9046,1.70016,2.9,10.4582,9.81153,594.3,17.32249,9.02256,3.08,1163.5,11.08051,7.8125,10.4582,10.93459,1.05777,11.68355,16.24553,29.24325,29.24325,35.15172,1.20461,54.2061
DFIN,-7.15596,5.05677,13.82131,1.03423,2.69,10.31109,-6.73705,185.5,23.26894,-15.14196,3.33,463.9,11.22836,-19.80488,10.31109,12.23896,0.86756,9.84589,14.49797,22.46823,22.46823,28.17857,0.85067,39.23421
LPG,30.21523,5.81012,21.63896,2.49795,4.29,43.97388,73.28566,262.656,66.97828,141.01125,4.42,288.94995,27.72182,139.72197,43.97388,45.11398,2.3801,7.51068,7.59285,19.22456,19.22456,48.27483,3.10504,93.32949
PLOW,-3.46338,6.66387,10.07505,2.21266,0.98,4.17528,-16.23664,67.169,11.82182,-39.8773,1.03,134.27,-0.09399,-38.55578,4.17528,4.16276,0.9512,4.77891,5.97578,10.12361,10.12361,52.5743,3.82176,110.85613
DEI,-0.36271,8.25546,13.27621,1.29643,-0.26,-7.55245,0.0,0.0,0.0,41.56085,-0.27,622.912,41.42903,41.56085,-4.25283,-4.56007,1.25629,0.85965,0.88304,-1.78601,-1.86771,59.08893,41.56085,144.4326
DOV,-4.99652,5.66404,36.50287,1.40454,7.52,12.52443,0.98367,1734.241,20.55242,1.34771,7.92,2886.896,10.80818,-0.80235,12.52443,13.12608,0.7665,7.96121,10.43027,22.50253,22.50253,41.95316,2.12818,72.27465
DCO,-4.35905,2.62105,43.5651,2.99162,1.14,2.10412,9.45091,82.503,10.89879,-51.07296,2.23,163.5,0.41054,-44.67331,2.10412,4.04085,1.77047,2.95244,3.63425,2.74135,2.74135,31.72672,3.58283,46.47018
DUK,0.0,1167.2943,61.15435,0.73882,5.35,14.89677,8.0844,12447.0,42.83207,12.8692,5.48,13976.0,-14.87655,11.41177,9.77633,14.53916,0.25806,2.53325,3.47326,8.95567,8.48491,61.64012,6.47907,160.68903
DD,-3.44608,7.83636,56.44835,2.42544,1.09,4.41664,-9.28096,2864.0,23.73218,-46.0396,2.42,4233.0,22.15467,-92.79141,3.50514,9.02186,1.66979,2.68594,3.13202,1.94305,2.06022,25.10299,2.89351,33.51668
DY,20.69756,3.74963,29.59983,3.17895,4.74,3.73413,51.45382,354.72,9.314,201.91083,4.81,648.198,-1.86265,192.77597,3.73413,3.7321,2.85471,5.93874,7.69237,17.47841,17.47841,50.6607,2.51472,102.6782
CTA,0.0,0.0,0.0,0.0,0.0,0.0,0.0,0.0,0.0,0.0,0.0,30.856,0.0,0.0,0.0,0.0,0.0,0.0,0.0,0.0,0.0,0.0,0.0,0.0
EME,24.77706,4.36083,52.49597,1.26394,13.31,5.03326,48.04585,997.071,7.92403,64.32099,13.4,2089.339,5.64997,55.86302,5.0306,5.04334,1.13836,9.04568,20.63122,28.49164,28.49556,12.09517,0.34097,13.75939
EOG,-2.09084,8.74317,48.35925,2.43864,13.0,31.64167,-3.58592,13067.0,54.44583,-1.66415,13.12,14490.0,12.62552,-2.12656,31.64167,31.76133,1.9622,13.85988,18.56523,28.72761,28.72761,14.5941,0.36734,17.08793
EPR,0.0,44.71936,32.57546,6.057,1.97,24.554,0.0,0.0,0.0,-2.95567,1.98,640.542,29.24446,-1.80617,24.554,21.14414,5.90397,3.36216,3.47595,6.9363,6.93589,55.35636,44.71936,123.99608
EQT,-48.77802,5.68219,35.183,0.98828,4.22,25.10585,-13.07988,4046.553,58.56995,-3.65297,4.5,2673.721,1.36376,-2.01771,25.11581,24.80935,0.44416,6.03277,7.69934,13.37589,13.34565,28.36845,1.44659,39.60329
ESE,20.59704,5.26447,43.86652,1.84679,3.58,9.68011,13.04943,180.116,18.83994,13.29114,3.71,375.656,4.67505,12.42104,9.68011,10.01277,0.76409,4.85342,6.35999,8.4931,8.4931,12.63107,0.90792,14.45716
EXP,10.65148,11.56966,33.14958,2.44965,12.46,21.48627,20.37253,724.19,33.71354,36.32385,12.54,639.266,14.09827,23.32497,21.48627,21.48194,1.06422,13.65589,16.58527,39.8008,39.8008,48.57497,1.54653,94.45785
DEA,12.64383,4.67952,32.7365,0.36526,0.475,7.19447,0.0,0.0,0.0,-44.11765,0.475,188.639,40.71244,-40.25545,6.42378,6.11843,0.36526,1.53765,1.63379,1.46501,1.49335,47.93745,15.765187,92.07664
EGP,15.35358,7.38035,54.68191,0.39209,4.42,35.35237,0.0,0.0,0.0,1.37615,4.34,412.374,48.89713,7.68549,35.34233,34.59863,0.39209,3.28514,3.45165,8.79091,8.79197,39.40597,34.40629,65.03277
EMN,-13.71429,9.41718,46.53304,1.35132,7.49,9.72856,-5.79105,1578.0,17.13355,17.95276,6.03,2076.0,5.78583,12.73644,9.70684,7.76502,0.66071,4.7355,6.56432,16.85044,16.64499,47.573,3.17998,90.74141
KODK,10.11236,5.97326,11.69598,2.5159,0.67,6.71441,600.0,35.0,3.13339,318.75,0.93,213.0,-1.82408,188.46153,6.71441,6.61074,1.65018,0.1347,0.19272,7.60649,6.28931,30.25672,14.14286,43.383
ETN,10.5825,5.11263,47.66149,1.50704,8.02,13.89464,22.59393,4764.0,20.53802,30.61889,8.28,8434.0,10.40158,30.70674,13.87308,14.2462,0.95185,6.612,8.77815,17.8411,17.83422,34.25843,2.08585,52.11076
ECL,5.04429,5.53846,28.18262,1.29875,4.79,9.09257,12.47234,3049.8,19.90705,25.72179,5.2,6187.8,9.90857,25.70303,8.95746,9.6735,0.90676,6.13645,8.03171,17.9611,18.17257,51.9672,2.8636,108.19108
EPC,-22.42513,18.52406,30.73685,1.83875,2.21,5.09416,5.34041,337.3,14.98046,20.1087,2.63,937.9,6.71634,16.3286,5.09416,5.98046,0.73596,4.12374,5.20181,7.64616,7.64616,48.45413,4.29321,94.00195
EIX,18.06507,6.41461,36.01745,0.79216,3.11,8.61183,4.90439,5925.0,36.26515,94.375,4.77,9550.0,-15.08447,70.75243,8.61183,11.18197,0.36497,2.57355,3.95916,10.24353,7.93436,66.30551,5.95966,196.78444
EW,20.54432,8.4688,11.06305,3.37603,2.3,23.30469,-3.57777,1846.1,30.74374,-5.73771,2.52,4031.6,12.47648,-7.85203,23.35465,25.46103,2.07855,12.04356,15.28414,22.5164,22.34375,9.37243,0.37642,10.3417
ESI,1.31637,5.08544,9.64047,3.24174,0.48,4.976,-7.82729,467.5,20.03686,-36.0,0.86,918.5,13.77454,-36.91239,5.06172,8.89782,2.0333,3.80652,4.32104,4.97747,4.94737,46.35346,4.33283,86.40532
ELV,6.07867,14.15682,168.64389,1.43641,25.22,3.49656,12.31146,11467.0,6.69254,1.65256,28.58,47010.0,3.40318,-0.63071,3.49422,3.93488,1.36774,5.73335,9.5711,15.8359,15.8076,39.72374,2.26467,65.9028
LLY,31.8228,4.26912,11.97704,0.94262,5.8,15.35689,21.24898,11732.9,34.38303,-15.94203,9.98,27041.9,7.71563,-16.08378,15.35689,26.32687,0.52262,11.37198,20.45347,48.92609,48.43455,69.89748,2.14996,232.19804
ELME,0.0,10.218976,13.13417,0.47722,-0.61,-23.18671,0.0,0.0,0.0,10.218976,-0.53,139.973,32.13717,10.218976,-23.18671,-20.35169,0.47722,-0.53527,-0.55328,-4.38271,-4.38164,37.04787,10.218976,58.85087
EBS,19.97487,5.99258,12.4387,1.0433,-14.85,-72.47689,9.21904,-38.3,-3.65005,9.21904,-7.06,360.0,-6.75331,9.21904,-72.47689,-34.44887,0.46476,-4.0936,-4.70525,-74.66863,-74.66863,57.47315,9.21904,135.14554
EMR,-14.24981,4.10364,36.16958,2.74622,3.72,14.02572,-18.50032,3815.0,25.15661,-31.23845,4.1,7427.0,14.89862,309.1303,87.16782,15.52404,2.27802,4.40588,5.52933,13.86018,9.91285,24.65796,2.28178,32.72803
ESRT,0.0,33.90772,6.04442,3.77225,0.3,11.18406,0.0,0.0,0.0,36.36364,0.3,400.556,33.43661,34.58098,6.49841,6.40468,3.77225,2.41327,2.54215,5.05636,4.94456,56.7242,33.90772,131.07603
EIG,4.75436,1.09765,39.96453,11.85233,4.45,13.87942,163.1579,170.0,19.97885,154.2857,4.81,165.2,11.36738,144.00826,13.87942,14.90597,11.85233,2.84157,9.55709,12.06271,12.06271,0.59804,0.03588,0.60164
ENS,-11.92328,5.06017,39.12567,2.63933,4.25,4.74063,18.15224,387.114,10.43834,26.4881,4.76,840.819,5.93208,22.16578,4.74063,5.23788,1.44793,5.03108,6.57176,11.38057,11.353,41.98592,2.9985,72.37195
ENR,21.31847,6.34244,2.94685,2.12013,1.94,4.7471,4.67972,588.3,19.87702,100.6443,3.13,1153.9,11.98094,100.6443,4.7471,7.56141,1.07096,6.33004,7.74963,82.33226,82.33226,94.25149,5.87217,100.6443
EPAC,-6.87715,5.67604,5.93984,2.40103,0.94,8.96835,63.29221,138.978,23.23254,184.8485,1.46,295.963,16.75808,196.83157,7.78347,13.83354,1.72869,10.08819,13.37345,16.62939,16.62939,43.66076,1.82128,77.49617
ENVA,20.2297,0.37003,42.63409,15.81387,5.49,14.23838,13.16094,476.248,38.72181,-11.30856,6.23,840.238,-30.25062,-15.57342,14.23838,15.53698,15.53824,6.54537,7.12164,14.43506,14.43506,70.54918,6.23803,239.54909
ENOV,9.01451,6.10954,62.61135,2.4256,-1.0,-3.15365,15.97344,237.139,13.89055,61.708263,0.35,993.542,-8.35643,61.708263,-1.94828,1.11723,0.90993,0.28521,0.32356,-1.58361,-1.56725,13.55573,2.26203,15.68146
NPO,-14.87965,8.34752,67.42073,3.3111,0.51,0.65137,-8.55698,235.1,22.1939,59.375,3.05,426.8,18.0768,-89.17601,2.09572,6.01765,2.47709,3.43141,4.03622,0.77011,0.48581,32.81882,2.9664,49.47152
ETR,-6.81534,10.03224,34.34981,0.57232,5.55,19.44702,3.9412,4767.652,39.24829,106.70391,3.195,5329.436,-8.70942,111.75985,19.5503,11.12939,0.23857,2.86983,4.14985,17.21556,16.7262,63.94999,5.56718,177.39243
EPD,11.48833,6.73463,12.76286,0.93276,2.52,11.37886,1.44945,8539.0,17.1759,0.8,2.52,6716.0,4.40612,0.76503,11.12743,11.00964,0.61709,5.81188,7.06615,20.37719,20.00389,50.29161,3.41328,101.17329
NVRI,6.18089,7.5907,6.5529,1.26269,-0.57,-2.29535,27.07227,289.463,13.98896,51.410183,-0.49,449.889,3.99047,51.410183,-4.16199,-1.8896,0.67036,2.69896,3.64073,-8.33229,-7.92624,72.6587,5.28264,265.7471
EPAM,-3.81654,5.12723,60.06353,4.79331,7.06,8.892,-13.48013,685.58,14.61623,-0.42313,8.51,1454.726,11.85807,-0.55625,8.892,10.49186,4.65057,8.88988,10.86794,12.888,12.88391,4.71934,0.2508,4.95309
EFX,5.88784,5.96319,36.77291,0.67177,4.4,10.47823,-1.07048,1598.8,30.36542,-22.12389,5.24,2970.8,9.83486,-21.67481,10.35668,12.23118,0.59455,5.183,6.12621,12.84479,12.74016,54.92225,3.57218,125.45471
EQBK,0.0,6.6623535,29.32271,0.82885,0.5,3.43655,-50.34705,61.307,26.9383,-85.75499,0.52,138.119,-38.50897,-86.44259,3.43655,3.54979,0.82828,0.66249,4.32639,1.81269,1.81269,45.87352,6.26046,84.75246
EQC,-1.69904,11.03704,21.20606,71.16186,0.75,52.19732,0.0,0.0,0.0,188.46153,0.81,33.062,57.17845,144.65019,52.03692,50.32291,71.16186,2.35013,2.37991,3.6737,3.50778,0.0,33.228203,0.0
ELS,10.1001,31.3168,7.66374,0.27503,1.69,22.0943,0.0,0.0,0.0,10.45752,1.64,760.393,27.75383,10.39255,21.05753,20.44988,0.27503,5.08787,5.66404,21.86453,21.8611,70.28296,55.949,236.50723
EQR,19.69409,113.67172,29.12948,0.12775,2.2,30.05278,0.0,0.0,0.0,7.31707,2.23,1827.471,46.22894,7.5333,28.90913,29.22838,0.12775,2.77607,2.88628,7.53166,7.46145,39.94763,98.815216,68.22573
ESNT,12.16362,22.6299,47.86767,16.22499,6.5,62.7511,-14.36783,862.161,77.68903,-15.80311,6.59,994.702,43.89691,-16.23462,62.7511,63.07703,11.56909,8.82307,10.24843,14.56134,14.56134,8.26801,0.53343,9.01322
WTRG,-35.26034,6.70225,21.57435,0.61657,1.86,24.25846,5.43872,1035.792,50.43236,5.08475,1.86,1126.0,-21.20745,7.0908,24.25846,24.19575,0.31375,2.65696,3.42528,8.83883,8.83883,54.66201,6.86312,120.56556
ESS,85.53736,15.59118,84.4625,0.76167,6.32,25.09377,0.0,0.0,0.0,0.79745,6.17,1148.01,42.74633,-0.60982,23.64405,23.09696,0.76167,2.89343,3.0012,7.28648,7.45915,52.70927,71.64488,112.09958
EL,-10.86556,10.34534,15.61714,1.46458,2.79,6.33745,-39.1863,2556.0,16.03815,-57.40458,3.49,11349.0,5.79155,-57.90795,6.31236,7.83755,0.87837,5.141,7.4316,18.00447,15.72107,61.31074,3.97848,182.077
ETD,-31.97603,55.34914,18.57659,2.20392,4.13,13.3699,-0.45802,149.09,18.8392,1.97531,4.04,480.37,9.15644,2.44675,13.3699,13.00395,1.1299,11.38603,14.823,24.09148,24.09279,21.75122,0.87818,27.79752
EVR,-7.78694,5.12839,41.74655,2.86269,6.37,11.67671,-44.38675,418.859,17.14762,-45.13351,7.09,2277.544,25.14602,-46.38651,10.45902,11.05907,2.76522,6.73299,9.78233,16.40976,16.25708,32.14424,2.01593,47.37143
EG,19.96587,2.2481,304.19354,6.77988,60.19,17.3718,0.0,0.0,0.0,296.24753,46.38,2384.0,3.14031,321.60803,17.3718,13.22033,6.77988,3.06328,9.63807,23.25925,23.25925,21.09258,156.8061,26.7308
EVRI,44.82538,1.75263,2.70059,1.05318,0.91,10.39797,-3.95592,327.931,40.59451,-26.6129,1.11,646.581,11.9578,-30.28658,10.39797,11.97857,0.92956,5.85084,9.64707,37.85499,37.85499,81.68321,3.07526,53.401352
ES,-5.65171,6.97969,40.55013,0.66988,-1.26,-3.64983,9.21987,3705.175,31.10794,403.45227,4.31,4846.761,-28.16558,403.45227,-3.71296,12.64992,0.26977,2.7555,3.75395,-2.98337,-2.90219,65.22823,7.25487,187.58958
EVTC,16.17033,5.51138,9.07997,1.88176,1.21,11.49776,-4.30497,229.781,33.07586,-64.92754,1.47,357.953,29.72351,-66.64477,11.4756,13.73957,1.5295,5.33207,6.67213,14.95997,14.39046,61.00045,4.32504,166.07599
EVH,75.41306,5.59967,9.37509,1.01399,-1.28,-5.75591,158.82751,152.672,7.77394,42.33784,-0.92,460.47,8.69702,42.33784,-5.75591,-5.21163,0.969,0.81313,1.13348,-11.73151,-10.73736,34.09952,4.22341,51.74396
EXPD,-25.95073,4.51835,16.61511,2.01547,5.01,8.08355,-48.23607,1007.693,10.83528,-39.34625,5.05,1313.236,9.45263,-44.53488,8.09542,8.09842,1.9152,11.61645,17.93452,27.37572,27.31285,18.07834,0.5237,22.06783
XPRO,11.89828,3.40576,11.77745,1.74204,-0.21,-1.54419,26.6015,207.215,13.69777,25.789532,-0.05,271.469,5.91417,25.789532,-1.54419,-0.3608,1.32937,1.10613,1.56756,-1.80961,-1.80961,7.88224,0.53512,8.5567
EXR,20.90921,4.96949,68.11335,0.80142,4.74,31.49901,0.0,0.0,0.0,-26.05304,5.05,2021.081,44.20168,-6.67954,29.74878,31.6506,0.80142,4.34262,4.45835,9.10113,8.72608,42.50847,103.213425,73.93865
XOM,-7.75789,10.60174,51.57442,1.4791,8.89,11.16054,-25.25996,64402.0,19.24188,-32.95626,8.81,109438.0,6.42985,-35.39648,10.75899,10.6658,1.06533,7.45606,10.90504,18.01171,18.00145,18.3322,0.7408,22.44728
FBK,0.0,38.255383,31.05283,0.94132,2.57,16.05441,-10.71401,243.632,32.52968,-2.65152,2.6,475.221,-24.5817,-3.47718,16.05228,16.24008,0.93347,1.12364,7.67877,8.64853,8.6491,23.96699,1.88238,31.52183
FMC,-5.85777,1.60973,35.3548,1.51542,11.31,31.63725,-31.9626,931.5,20.7609,71.8845,3.93,1831.0,-7.85415,79.42974,29.45306,10.95404,0.95994,4.29538,6.45742,36.46261,36.23808,48.07814,4.40709,92.5971
FNB,0.0,112.52643,16.56221,0.90535,1.31,21.77165,8.33024,875.785,39.32608,7.37705,1.33,1499.2,-88.82014,10.417,21.77165,21.54431,0.89227,1.10809,5.22515,8.44027,8.28593,43.85151,5.39516,78.09917
FCN,22.98592,3.49222,55.78165,1.74228,7.71,7.87827,18.80562,424.799,12.17454,17.17325,8.1,1135.026,5.05711,16.72003,7.87827,7.87519,1.65427,7.1864,10.51239,15.00854,15.00854,11.50654,0.60649,13.0027
FN,17.44127,5.37343,40.5886,3.42932,6.73,9.37205,24.25768,302.432,11.43308,25.5597,6.98,336.273,2.29042,23.72143,9.37205,9.63523,2.24584,8.47249,11.68232,18.21323,18.21323,0.90569,0.04438,0.91396
FDS,16.44423,9.44167,42.60171,1.59036,12.04,22.44887,21.40678,760.537,36.46771,17.46342,14.0,1112.283,27.55613,17.95237,22.44887,25.6396,1.43587,10.26599,11.67999,31.72615,31.72615,53.1792,2.41924,113.58028
FICO,20.32722,4.2614,-27.77513,1.51337,16.93,28.36861,16.50441,652.095,43.08361,19.39351,16.77,1202.504,28.15833,14.94722,28.36861,27.68414,1.42709,26.55047,34.46841,110.246315,110.246315,156.67567,2.9166,110.246315
FDX,-14.53945,7.6409,103.42654,1.36979,15.48,4.40575,-11.86894,9549.0,10.59176,8.02512,17.21,24396.0,2.32405,3.816,4.40575,4.84869,1.30502,3.87915,5.30707,15.56823,15.56823,59.50326,4.01424,146.93346
AGM,5.68599,29.20258,85.53145,1.83702,15.81,14.12374,96.22804,1317.842,93.06288,13.98702,15.97,346.283,-44.03905,12.27041,14.12374,12.21255,0.51426,2.89725,3.07968,23.32724,14.90435,94.91191,19.9846,95.20655
FRT,1.8469,5.45751,33.87118,0.32008,2.8,21.6722,0.0,0.0,0.0,-40.55202,2.8,780.906,39.72973,-38.52386,20.77522,19.95918,0.32008,3.03789,3.24627,8.46696,7.68004,59.23892,47.26713,154.09178
FSS,7.13464,9.57056,16.42459,2.91216,2.56,9.13682,33.02326,286.0,16.60185,29.94924,2.62,450.2,9.21736,30.7309,9.13682,9.23167,1.26251,8.96718,10.96466,16.89929,16.89929,24.24769,1.12133,32.00918
FHI,15.43044,15.75491,13.29702,2.50825,3.4,19.10405,6.42921,421.349,26.41067,28.30189,3.48,1046.186,18.33816,24.83716,18.74043,18.292,2.3964,11.96076,15.54253,27.50577,26.95257,28.40763,1.08685,40.58863
FERG,-0.36011,8.25142,24.65757,1.67195,9.12,6.353,-0.35245,3110.0,10.45941,-4.90094,9.62,9025.0,5.75814,-10.98021,6.353,6.67777,0.78578,11.01327,17.31266,38.94043,38.94043,51.154,1.69614,104.72504
FNF,39.06763,0.9222,25.28079,10.6372,1.91,4.40776,-39.13466,1252.0,10.65351,-53.41463,1.99,6020.0,0.0,-54.48944,4.39925,4.57199,10.6372,0.74896,8.14793,8.25417,7.70891,36.46197,3.41933,57.38606
FIS,-47.09381,3.47277,32.74957,0.7527,0.85,5.15223,-46.97139,2854.0,29.06018,299.81897,1.48,3656.0,-1.58462,299.81897,-67.75278,8.90622,0.15493,1.74434,2.39013,2.17227,2.17611,50.31478,6.7768,101.26708
FAF,0.0,194.3348,47.02328,0.60092,2.07,3.5928,2.6087,590.0,9.83645,-15.5102,2.08,3715.0,27.98261,-17.56654,3.61448,3.61688,0.60092,1.58032,3.57828,4.55793,4.51271,31.08863,3.71831,45.11393
FBMS,0.0,29.447517,30.52636,0.80001,2.39,19.46584,41.94389,166.75,43.01694,-15.84507,2.62,281.53,-79.16952,19.92721,19.46584,21.20532,0.79837,1.33679,8.04727,9.45756,9.45756,35.47099,3.12849,54.96905
FCF,0.0,47.898827,12.87053,0.92211,1.54,25.06563,25.15456,288.072,45.97331,12.40876,1.62,467.268,3.27877,22.5322,25.06563,26.25581,0.91902,1.66921,9.34269,13.27472,13.27472,38.81956,2.89483,63.45092
FFWM,0.0,32.604813,16.38703,1.05229,-3.53,-31.95033,-40.20517,131.032,21.03101,32.604813,0.29,252.138,151.90736,32.604813,-31.95033,2.62639,1.05153,0.58289,3.02677,-19.32922,-19.32922,63.51234,12.29243,174.06529
FHN,0.0,215.92426,15.16716,0.93782,1.54,19.10323,-2.38359,1761.0,36.72576,0.6536,1.33,2982.0,8.6731,-0.33333,18.70699,15.21137,0.93047,1.29114,7.86823,11.41657,10.27021,30.32621,2.29642,43.52599
FR,19.20217,4.50799,19.37406,1.05802,2.07,44.48361,-14.97912,284.428,44.26433,-23.89706,2.08,448.878,11.65201,-23.47815,42.76846,42.81408,1.05802,3.41606,3.64253,10.94411,11.06736,46.01745,7.89759,85.24503
FE,0.0,9.7648,18.17232,0.47679,1.96,9.3007,16.23072,3466.0,26.93085,176.05634,2.22,8485.0,-12.46504,171.42857,8.56255,9.88392,0.32733,2.98551,4.12636,10.90133,11.10441,69.72151,7.25216,230.2675
FI,-0.08368,5.32803,50.26431,1.03752,4.98,16.38821,16.73152,7800.0,40.85267,27.36573,5.29,11423.0,22.95475,21.26482,16.06872,16.94806,0.15856,3.48623,5.61894,10.11123,10.03576,43.79879,3.06423,78.34339
FLG,0.0,0.0,0.0,0.0,0.0,0.0,0.0,0.0,0.0,0.0,0.0,0.0,0.0,0.0,0.0,0.0,0.0,0.0,0.0,0.0,0.0,0.0,0.0,0.0
FND,0.0,112.80463,18.09093,1.1429,2.28,5.57287,-5.02764,524.237,11.877,-17.98561,2.34,1883.693,3.71485,-17.51035,5.57287,5.63354,0.14042,4.50611,5.84062,13.71063,13.71063,45.70096,3.10017,84.16533
FTK,15.39253,4.17559,3.43716,1.59991,-0.1,13.14116,10.223781,-3.28,-1.74414,10.223781,0.94,24.263,-3.40394,10.223781,13.14116,12.41117,1.13451,-1.55667,-2.07319,47.27228,47.27228,14.91847,10.223781,17.53433
FLO,-1.40029,15.87197,6.42421,1.04333,0.58,2.42428,2.42204,480.217,9.43298,-45.79439,1.13,2458.694,5.86571,-45.96355,2.42428,4.6975,0.56811,6.09256,7.69187,8.83097,8.83097,49.9823,2.81295,99.92921
FLS,5.70688,3.86785,14.78978,1.87948,1.42,4.74909,62.19355,478.385,11.07225,-1.38889,1.8,1297.84,6.59499,-1.03133,4.32218,5.46248,1.18713,4.97019,7.34411,9.93025,10.70455,41.56045,2.93612,71.117
FLR,7.79643,8.06358,11.38458,1.6007,0.54,0.51053,36.51452,329.0,2.12615,-26.0274,0.92,477.0,1.34985,-4.13793,0.89828,0.89182,1.44768,2.30978,4.79468,7.46108,3.90316,38.76455,3.94833,63.30409
FLUT,-22.41379,114.46602,56.74304,0.87848,-6.9,-10.27142,55.61122,1553.0,13.17218,338.04492,-2.22,5588.0,11.70271,338.04492,-10.36472,-3.33282,0.83319,0.67144,0.87547,-11.59448,-10.31165,39.85503,4.85061,73.73728
FL,19.40299,59.58503,35.25885,1.56584,3.62,3.92739,-26.68837,901.0,10.28656,-57.95587,4.0,2804.0,-1.66543,-61.70213,3.90456,4.30643,0.44037,5.39989,6.58545,10.56338,10.52632,49.48612,3.58047,97.96538
F,13.91577,3.02539,10.76421,1.19649,1.08,2.45699,12.58389,19459.0,11.04426,1706.0674,1.55,16192.0,-0.74323,1706.0674,2.46721,3.51715,1.00946,2.77994,3.89655,10.10754,10.07154,77.92837,7.7654,1706.0674
BLX,0.0,48.02196,32.94538,1.43862,4.55,23.33038,69.50377,191.424,26.87799,79.13386,4.55,233.922,123.797,80.52803,23.33038,23.30658,1.43821,1.17543,2.01452,14.61905,14.61905,79.53626,24.44256,48.02196
FTV,0.23996,6.32033,29.42372,2.04969,2.43,14.27464,10.38051,1653.5,27.26164,15.71429,2.54,3594.1,19.50027,14.64513,14.27464,14.76184,1.5908,4.56026,5.49052,8.657,8.65199,26.95431,2.30426,36.90062
FBIN,2.37639,8.76174,18.16022,1.70418,3.17,8.76529,-5.35657,890.5,19.24906,-22.87105,3.93,1933.1,16.24957,-41.09509,8.74368,10.78027,0.77266,7.27185,9.19722,18.51471,18.51471,55.41515,3.20101,124.29145
FET,-4.10814,4.8696,40.482,2.59179,-1.85,-2.55473,27.06537,58.492,7.91648,18.741728,-1.16,204.153,0.86442,18.741728,-2.55473,-1.60326,0.95289,1.79398,2.40647,-5.24575,-5.24575,32.79987,3.44326,48.80923
FCPT,14.77591,82.01011,13.72726,0.32115,1.07,37.95329,0.0,0.0,0.0,-10.83333,1.08,210.349,50.05661,-2.48742,37.90478,38.01136,0.29222,3.70566,3.81569,7.96591,7.96123,47.0021,27.537752,88.68671
BEN,6.60974,5.87762,24.02901,1.72092,1.72,14.36775,-24.36555,1829.9,23.82775,-32.01581,2.19,3140.1,15.48059,-31.66654,11.49524,13.9732,1.72092,2.96613,3.55726,7.54804,8.05443,46.40394,6.42243,93.66104
FCX,-9.50599,17.96071,11.63275,2.41875,1.28,16.41216,-9.07943,8642.0,37.8123,-46.44352,1.39,9295.0,0.35824,-46.7128,8.08576,8.72133,1.31212,7.57609,10.75378,11.46118,14.37688,26.51293,1.14013,36.07836
FDP,3.61446,11.36279,39.81398,2.11672,-0.24,-0.03703,2.03335,250.9,5.80693,33.683704,1.72,353.6,3.84805,33.683704,-0.26385,1.90997,0.95431,3.12547,3.97505,-0.59984,-0.08231,23.82413,2.38422,31.27516
FRO,-4.64255,7.89671,10.23173,1.77954,2.95,36.42325,55.74771,953.528,52.90958,32.88288,2.95,1007.056,-57.36724,38.03637,36.42325,36.44122,1.39286,8.48009,8.69333,28.92846,28.93448,60.29969,3.62758,151.8872
FF,8.40711,13.48629,7.08087,7.02753,0.85,10.15126,34.67109,37.751,10.25146,142.85715,0.85,40.979,-1.22261,145.75636,10.15126,10.10144,6.05979,4.73135,5.75596,12.61031,12.61031,0.12763,0.01049,0.12779
GATX,34.81482,7.41798,64.09136,0.99318,7.12,18.37125,9.54565,764.3,54.1711,63.67816,7.04,1023.6,-86.49975,66.26042,18.37125,17.81331,0.86148,2.26657,2.6026,12.04853,12.04853,77.03785,9.97763,95.12747
GMS,5.00587,7.80206,31.11364,2.19392,7.82,6.24836,16.73974,638.25,11.97635,25.52167,8.06,1727.068,5.86556,21.77756,6.24836,6.33759,1.35495,10.03199,12.88105,28.46983,28.46983,50.26117,2.01824,101.05016
GME,0.0,61.70509,4.3411,1.73527,-1.03,-5.28243,61.70509,-212.3,-3.58179,61.70509,-1.03,1372.1,4.56961,61.70509,-5.28243,-5.28624,1.18423,-5.17943,-8.17344,-21.41001,-21.41001,31.80154,61.70509,46.63087
GCI,-8.05729,9.58955,2.13366,0.83266,-0.2,-1.04725,1.5994,236.18,8.86711,61.785954,-0.04,971.519,3.86549,61.785954,-1.04338,-0.2097,0.68723,2.19294,3.01022,-9.05942,-9.10548,80.31033,5.47996,61.785954
GAP,-14.78697,42.26252,6.10109,1.418,-0.55,-1.29355,-65.33139,476.0,3.04816,279.14212,-0.53,5359.0,-0.23934,279.14212,-1.29355,-1.24558,0.48741,-0.3313,-0.46441,-8.15338,-8.15338,72.94317,12.64706,269.59247
GRMN,24.1146,7.10317,36.56361,3.40595,6.71,24.66668,6.61522,1255.02,24.00458,33.13492,5.8,3004.955,16.66129,32.4626,24.66668,21.23277,2.13249,8.35765,10.11492,19.51569,19.51569,1.96859,0.1122,2.00813
IT,3.29854,3.68266,8.68843,0.9074,11.08,14.93944,-2.4027,1322.542,22.38957,11.24498,9.87,4003.716,16.99333,9.24327,14.93944,13.20087,0.78079,9.34415,19.81638,194.28334,194.28334,81.85377,2.32144,259.43552
GTES,-4.99629,4.52841,12.18573,3.08136,0.84,7.19848,14.86355,707.1,19.80561,9.09091,1.02,1359.4,12.1982,5.48007,6.52344,7.76757,1.95381,4.23644,5.02376,7.37733,7.35599,42.17628,3.65564,72.93942
GNK,-29.67671,17.79109,21.46464,4.45707,-0.3,-3.21918,-59.43278,89.084,23.20954,10.064194,-0.3,134.626,-13.6475,10.064194,-3.35309,-3.34262,1.8636,1.93629,1.99436,-1.36865,-1.31241,17.51854,2.1807,21.23937
GNRC,2.84387,7.59156,38.9147,2.26812,3.27,5.39741,-29.13986,559.061,13.89777,-39.6679,3.53,1365.431,8.39809,-46.28162,5.33492,5.37617,0.83825,4.78013,6.20714,9.3355,9.20128,41.2446,2.95024,70.39333
GD,-6.79488,3.70742,77.84722,1.43714,12.02,7.84207,0.25515,5108.0,12.08365,-1.39459,12.14,6672.0,5.82596,-2.21239,7.84207,7.84433,0.78591,4.98731,8.41407,16.6303,16.6303,34.2258,2.16973,52.03531
GE,-22.99796,4.47847,25.15399,1.17539,7.98,13.28693,-13.1658,6358.0,9.35633,1405.6604,9.46,9533.0,5.13528,4113.778,13.95209,15.16017,0.77913,1.52459,4.31441,28.45085,27.23927,44.52317,3.60758,80.25542
GIS,-0.52597,11.90662,17.81384,0.68692,4.31,12.98683,-7.08355,3625.6,18.04302,-2.48869,3.86,6553.0,8.48584,-4.18868,12.9087,11.42582,0.36051,6.15388,8.45355,24.71322,24.28891,52.99761,3.32767,112.75514
GM,9.57685,3.49233,53.57167,1.07595,7.32,5.72619,6.08077,27581.0,16.05021,19.41272,7.71,19276.0,-5.16492,1.94282,5.8932,6.11983,0.85259,3.68832,5.2212,15.33488,13.99805,64.27776,4.45633,180.24901
GCO,3.31317,59.37949,48.10722,1.5873,5.69,3.02916,-21.60932,135.347,5.67519,-28.15657,5.76,1136.19,-5.99617,-37.38354,3.01545,3.00862,0.24615,3.83171,4.77444,11.96266,11.94642,48.88255,4.28845,95.62793
GNE,12.28824,7.32565,7.19457,2.33922,0.49,3.23507,-30.72751,55.56,12.95987,-78.50877,1.76,146.206,9.04246,-77.74842,4.55741,10.49042,1.83565,11.32434,19.0062,6.98302,7.74476,1.21059,0.0407,1.22542
G,12.65531,4.18382,12.52628,1.43521,3.41,14.10031,4.32824,719.049,16.06136,81.38298,2.51,1570.665,6.04066,78.62135,14.10031,10.22336,1.3031,8.33119,10.75742,30.98526,30.98526,40.06514,2.09026,66.84782
GPC,1.57904,10.46648,31.53358,1.22725,9.33,5.70156,7.04429,2097.582,9.08413,12.27437,9.38,8290.672,2.71633,11.31503,5.70156,5.70207,0.54349,6.33655,12.22908,32.14401,32.02664,53.99724,2.47169,117.37828
GNW,9.69253,0.27415,16.74041,50.3635,0.16,2.65759,-59.15996,457.0,6.1031,-86.55462,0.17,438.0,-181.72243,-87.52053,1.01496,1.06432,50.3635,0.29829,2.36387,0.87036,2.08661,16.37403,3.57112,19.58008
GEO,-6.33431,5.98487,10.24505,1.20811,0.72,4.44159,-7.33566,478.173,19.81516,-38.46154,0.85,668.939,7.29849,-37.53383,4.44748,4.29402,1.10636,5.90718,6.86156,8.73212,8.73038,59.41134,3.9498,146.37422
GTY,92.73982,1.43183,17.71082,2.46692,1.15,32.26639,0.0,0.0,0.0,-38.82979,1.17,162.057,10.08321,-33.19747,32.26639,31.39331,2.46692,3.24987,3.434,7.01305,7.01305,44.71132,20.063719,80.86886
GBCI,0.0,61.247887,27.23698,0.71936,2.01,19.62845,-15.99821,442.34,38.9475,-26.64234,2.02,787.473,-120.98157,-26.47575,19.62845,19.71829,0.71865,0.93144,3.79342,7.60378,7.60378,59.76225,10.14108,148.52284
GKOS,10.47044,8.29027,9.40077,5.34306,-2.78,-42.78878,3.7755272,-89.067,-28.3012,3.7755272,-2.67,239.136,-10.23642,3.7755272,-42.78878,-41.09043,4.52997,-7.95889,-8.78228,-27.15566,-27.15566,45.5295,3.7755272,83.58563
GBLI,-26.72637,2.39195,47.53063,87.93716,1.83,4.82223,16.967062,40.372,7.65594,16.967062,1.96,56.859,17.3922,16.967062,4.82223,5.03744,87.73065,1.20997,3.27725,4.01411,3.98892,1.92491,0.31539,1.96269
GIC,21.01852,10.677,6.70274,1.89323,1.84,5.54814,-3.29973,105.5,8.27906,-9.80392,1.9,435.8,7.00286,-10.27919,5.54814,5.68077,0.94776,12.78908,18.67838,30.36942,30.36942,27.23125,0.90521,37.42163
GPN,12.19494,9.11478,88.32839,0.9936,3.77,10.6565,13.27922,4123.222,42.70813,842.5,5.73,5946.898,25.0201,784.56946,10.21535,15.49811,0.41549,3.07526,3.72039,4.35397,4.4415,42.78349,4.31387,76.40633
GLOB,18.46244,4.3548,40.14446,1.36347,3.64,7.56263,7.97705,339.739,16.20939,4.89914,3.62,761.08,13.31294,6.47924,7.56406,7.35783,1.28455,5.06296,6.6454,9.79471,9.4829,13.45839,0.81781,15.55136
GL,19.2711,3.95549,47.83831,1.466,10.07,17.82009,29.23735,1318.482,24.20329,34.80589,10.22,1663.615,11.82091,31.2356,17.82009,17.84113,1.466,3.02649,11.947,20.69252,20.69252,32.04362,1.60463,47.15322
GDDY,0.0,218.12985,0.43787,0.46808,9.08,32.33586,10.38259,816.5,19.19325,314.61188,2.95,2680.5,23.4941,290.3464,32.31706,10.28357,0.21445,5.59123,10.62651,218.12985,218.12985,98.44418,4.82021,218.12985
GS,1.81598,0.21524,313.56274,1.19358,22.87,7.85478,94.75591,61278.0,56.52014,-23.91883,26.89,37609.0,-130.7781,-24.37617,7.85478,8.45257,0.83412,2.39225,4.81171,8.02684,7.24439,86.10575,11.85966,4320.4863
GRC,-3.69013,7.22024,13.34119,2.34526,1.34,5.29953,65.44283,115.537,17.51859,211.62791,1.34,196.253,10.13781,212.20187,5.29953,5.31806,1.19336,6.17071,7.04241,10.26984,10.26984,54.89356,3.68093,121.69782
GGG,2.82297,6.48198,13.24369,3.45599,2.94,23.0693,12.1828,718.643,32.73096,10.52632,2.97,1161.021,15.77731,9.95691,23.0693,22.78518,2.25807,15.64752,18.95432,24.8054,24.8054,2.20126,0.06966,2.25081
EAF,-30.35364,5.02509,0.30466,3.54142,-0.99,-41.13618,-97.43863,13.569,2.18679,-11.679808,-0.48,36.212,12.53721,-11.679808,-41.13618,-19.88407,1.61063,-1.87172,-2.38041,-122.72756,-122.72756,92.24736,68.61582,-11.679808
GHC,-7.01808,8.57429,887.6394,1.50389,43.82,4.79524,-12.19038,297.607,6.741,217.7665,59.46,1311.943,4.24329,206.03915,4.64991,6.24785,1.1636,1.46609,1.90958,5.32723,5.37856,25.95424,4.78982,35.62049
GVA,33.25472,7.67177,22.23962,1.59577,0.97,0.84314,8.49028,194.995,5.55678,-42.94118,3.08,396.399,0.97398,-47.66152,1.24244,3.8513,1.0217,2.5578,4.1283,4.5173,2.94089,41.71764,3.76977,71.57851
GPK,-10.94527,12.40526,9.08648,1.09888,2.34,7.66865,20.44748,1938.0,20.55579,38.46154,2.7,2159.0,4.15783,38.50575,7.66865,8.82626,0.38509,7.99307,10.70272,29.33063,29.31874,66.90459,2.90196,202.15672
GTN,-47.38462,6.61492,20.66276,1.18481,-1.39,-2.31637,-37.99094,821.0,25.02286,91.24976,-0.7,898.0,12.45809,91.24976,-2.31637,-1.96282,0.97215,2.76478,3.31773,-3.71911,-2.82161,70.42095,7.60049,238.07707
GRBK,101.059,223.3304,27.8436,8.66204,6.14,17.25113,-0.74672,358.75,20.18046,1.99336,6.2,548.182,6.02813,-2.49195,16.01082,15.8499,1.04388,12.47732,13.9083,25.10691,24.87023,20.75936,0.98887,26.91612
GDOT,47.29683,2.13134,16.27064,0.41433,0.13,0.45916,-35.72417,96.649,6.60178,-89.07563,0.56,1498.301,-20.06956,-89.53155,0.45916,1.99869,0.39677,0.17798,0.97627,0.81934,0.81934,7.2383,0.69381,7.80311
GBX,5.72626,7.65008,40.62824,1.78766,1.89,1.91684,70.73304,312.1,7.91329,35.0,3.1,441.1,-5.78537,33.26226,1.58469,2.51388,0.82927,3.28548,4.13207,4.93778,5.17348,53.41935,5.38609,119.20295
GEF,-11.97437,7.41015,41.61735,1.45758,7.57,7.2644,-10.14115,827.6,15.85866,-2.32258,8.15,1146.1,7.2153,-4.64561,6.88307,7.3504,0.8946,6.52847,8.63955,19.36806,19.33345,54.60877,3.0696,127.89609
GFF,-13.61001,7.9669,5.94105,2.73032,1.42,2.89057,13.99127,502.404,18.71023,83.66313,4.93,1030.849,15.27121,83.66313,2.89057,9.56759,1.1564,10.43289,12.98184,19.58013,19.58013,83.95781,3.28391,83.66313
GPI,27.4055,33.76218,195.43993,1.11398,42.75,3.36808,-7.62998,1094.4,6.12296,-9.63855,44.42,3020.3,-1.66942,-19.95742,3.36584,3.40027,0.26532,8.64639,10.30911,24.5119,24.5119,59.28694,3.55857,145.62144
GNTY,0.0,17.516695,26.28022,0.8484,2.56,16.76434,-14.83406,59.33,33.14433,-23.35329,2.57,119.493,22.54756,-25.73739,16.77998,16.78924,0.84805,1.04329,5.74068,10.04105,10.01295,42.93232,3.85277,75.23054
GES,4.28473,7.85844,9.7805,1.58797,2.18,6.25191,-19.50249,215.747,8.34962,-15.1751,2.62,1148.747,-0.45693,-12.69411,5.79006,5.72729,0.80952,3.87165,5.4602,25.86683,25.94984,66.08085,5.25458,197.93243
GWRE,10.90232,3.98743,14.72804,2.94594,-1.36,-12.35501,19.074577,-113.211,-12.50479,19.074577,-1.25,458.211,13.42366,19.074577,-12.35501,-11.34614,2.77948,-4.01793,-4.82652,-8.43831,-8.43831,27.21872,19.074577,37.39798
GPOR,-56.00674,8.93878,118.52615,1.15199,66.46,82.09602,60.03604,1302.106,72.67425,227.06693,38.0,634.104,-4.65738,197.33435,82.09602,39.54396,0.42569,21.10465,27.27456,98.37209,95.2967,23.60739,0.52352,30.90271
HRB,-3.53663,79.72504,0.21939,1.26492,3.56,16.18001,-0.88786,879.199,25.3212,9.20245,3.61,1548.733,17.78434,0.0047,15.94673,16.01582,1.18368,14.7581,22.8195,131.03209,131.03209,98.36988,2.20076,131.03209
FUL,-4.84602,5.92414,32.44791,1.89388,2.59,4.12961,12.87247,558.423,15.90526,-20.55215,3.36,1023.909,8.80916,-19.63641,4.12728,5.19963,1.15204,5.42306,7.03374,8.61158,8.61305,52.09254,3.4191,108.73574
HASI,49.82084,0.17778,18.65193,19.12172,1.42,32.71317,0.0,0.0,0.0,202.12766,1.45,137.031,-189.92455,258.6237,32.29633,32.04445,19.12172,2.01523,2.06701,7.99871,7.9213,66.47973,39.10803,198.32697
HCA,12.0009,6.89352,-6.6808,1.17953,18.97,9.37539,5.67293,12704.0,19.55424,-0.93995,19.25,25579.0,4.42314,-7.10615,8.06859,8.07132,0.86827,11.0758,14.49046,1833.7615,1833.7615,97.53023,3.29495,1833.7615
HEI,59.65419,5.87975,22.75946,2.78855,2.91,14.97194,31.00313,765.674,25.79673,14.11765,3.05,1153.488,0.08465,14.76392,13.59777,14.09702,1.1901,7.05452,8.36734,14.03292,13.60245,42.25311,3.40006,81.52887
DINO,1.28996,18.64755,50.84647,2.2153,8.29,5.3525,-36.84571,3009.694,9.41577,-41.94678,8.44,3471.0,5.74379,-45.60908,4.97324,5.01776,1.13006,7.80905,10.2925,16.37742,16.89367,23.91757,1.06929,31.43639
HNI,13.01558,10.47332,16.23454,1.1557,1.09,2.02136,28.51765,273.1,11.22021,-62.92517,2.7,949.2,5.47401,-60.29056,2.02136,4.93632,0.60621,6.66258,9.86798,7.1413,7.13768,43.14077,2.11644,75.87293
HPQ,-6.79718,12.23227,-1.08113,0.73412,3.26,6.07431,-13.99457,5064.0,9.42701,9.39597,3.81,11508.0,5.55656,4.18263,6.07431,7.03585,0.39501,6.99191,27.87238,798.39734,798.39734,111.05481,2.12066,798.39734
HAE,12.40212,6.90457,16.21434,3.05668,2.24,9.87464,18.45889,275.18,23.54663,166.66667,2.64,622.873,11.93175,166.05418,9.87464,11.47187,1.84106,5.99124,7.0322,14.72495,14.72495,50.33256,3.0124,101.33913
HAL,5.03566,4.85254,10.56356,2.05831,2.92,11.56486,27.88438,5132.0,22.2956,68.78613,3.02,4360.0,7.25628,67.81171,11.4606,11.79503,1.27033,10.77955,14.56988,30.42851,30.58013,48.75041,1.74844,95.1235
HBI,-22.68754,8.81309,1.19768,1.6369,-0.05,-0.31449,-33.08837,472.461,8.38214,86.72235,0.25,1270.689,13.54083,86.72235,-0.31449,1.555,0.54886,3.91776,5.35582,-4.33602,-4.33602,89.97878,7.96954,86.72235
THG,4.51637,1.48215,68.87151,5.9224,0.93,0.55894,-57.32984,81.5,1.35981,-71.20743,0.94,682.9,-1.55022,-69.56897,0.58897,0.55991,5.9224,0.32856,1.47873,1.3984,1.3984,24.10736,9.60982,31.76509
HOG,17.00725,2.64346,23.86296,1.52581,4.87,11.90866,-0.53547,1271.484,21.78513,-1.81452,4.96,1786.773,7.27304,-4.69674,12.10638,12.09968,1.18767,5.88886,6.85221,22.95479,22.56972,68.87264,5.65957,221.26077
HIG,4.92883,1.32629,50.23252,37.71646,7.97,10.28506,47.95918,3480.0,14.29393,46.50735,8.12,8271.0,13.78717,37.96143,10.28506,10.24255,37.71646,2.60344,10.27479,17.70237,17.29401,22.71971,1.29483,29.3991
HVT,0.0,31.609001,19.09742,1.81966,3.36,6.53252,-36.31362,85.883,9.96169,-35.87786,3.46,523.092,2.18884,-36.97375,6.53252,6.52964,0.92415,6.45344,8.11145,18.84319,18.84319,41.38866,2.53547,70.61544
HE,0.0,69.10435,21.28732,0.8735,1.81,5.46222,0.5915,679.912,18.465,-17.72727,1.94,627.052,-6.35948,-17.24081,5.46222,5.78175,0.8735,1.37614,3.81971,8.84596,8.71452,62.91008,5.93513,169.61504
HCI,-26.50019,0.85716,33.35829,32.41634,7.62,16.22828,34.565445,133.932,24.35087,34.565445,9.15,205.269,51.9499,34.565445,14.36958,13.91942,32.34581,4.4301,14.55164,32.42826,26.32437,33.14809,1.56724,64.15815
HR,49.85996,4.55638,17.90894,0.66647,-0.74,-20.99722,0.0,0.0,0.0,47.07958,-0.75,839.624,28.67299,47.07958,-20.71273,-21.15451,0.50994,-0.48637,-0.50305,-3.86642,-3.86293,43.35737,47.07958,76.58826
DOC,-35.95833,6.26274,11.60628,1.07505,0.56,15.21687,0.0,0.0,0.0,-39.13044,0.59,1278.34,43.39543,-38.85311,13.91009,14.67033,1.07505,1.80039,2.02335,4.70597,4.71053,50.56458,62.590225,103.01045
HL,-67.35037,24.05327,3.19433,1.65288,-0.14,-11.69312,-24.02289,112.32,15.59508,15.061279,-0.15,261.723,-15.31911,15.061279,-11.69312,-12.61411,0.88588,-0.97065,-1.11775,-4.2674,-4.26732,25.43702,5.9777,34.11481
HLIO,-7.99069,6.75232,25.81873,2.73775,1.14,4.48779,-21.00344,160.6,19.21972,-62.25166,1.56,261.7,6.63445,-61.89024,4.48779,6.14217,1.12008,3.99054,4.5742,4.54683,4.54683,39.09201,3.41532,64.18207
HLX,30.66407,5.10455,9.85613,1.55554,-0.07,-0.84033,131.70084,270.045,20.93814,34.63655,0.35,200.356,18.68846,34.63655,-0.84033,4.09551,1.37855,2.67748,3.28731,-0.71829,-0.71829,26.47812,2.00177,36.01392
HP,-6.31474,6.78327,27.87918,2.40284,4.16,15.11269,127.12213,904.046,31.47331,8220.0,4.24,1157.323,13.19722,6143.348,15.11269,15.12227,2.02591,7.46399,9.70525,15.6788,15.6788,17.79277,0.66363,21.64381
HLF,15.01416,66.69829,-10.68851,1.09526,1.42,2.80894,-15.71906,554.4,10.95133,-56.03715,2.24,2212.2,5.01738,-55.7423,2.80894,4.38053,0.54344,9.9501,16.3851,139.75032,139.75032,162.03487,4.99549,139.75032
HRI,7.7512,6.04698,45.14184,1.44095,12.09,10.57282,19.16968,1418.0,43.20536,10.71429,12.39,1223.0,-17.96542,5.18339,10.57282,10.75914,1.24803,6.36628,7.91086,29.13885,29.13885,77.86857,3.15867,129.25665
HRTG,-36.2983,1.00086,7.28945,5.39166,1.73,6.16004,21.306387,72.671,9.88052,21.306387,1.75,141.759,43.3386,21.306387,6.16004,6.23221,5.36855,1.75937,12.12326,25.79251,25.79251,40.21831,2.03925,67.27529
HSY,15.80618,14.54893,20.05492,0.96801,9.06,16.67522,12.55425,2994.535,26.82075,13.8191,9.39,4998.343,9.73636,13.19113,16.67522,17.21891,0.40737,14.44178,18.70626,50.32789,50.32789,55.56401,1.71166,125.0428
HES,0.0,552.3412,29.2553,1.04893,4.49,16.53506,-11.38506,4888.0,46.50366,-33.67799,4.52,7563.0,-2.38203,-34.06489,13.14813,13.15449,0.92294,7.69934,9.54988,16.41233,19.20654,49.98958,1.96358,99.95834
HPE,-7.8578,3.97829,16.51451,0.86592,1.54,6.9504,4.98132,5058.0,17.36056,133.33333,1.75,10239.0,4.601,133.29494,6.9504,7.80247,0.53085,2.67117,4.47935,9.86698,9.84276,38.88873,2.67201,63.63594
HXL,2.00236,6.95433,20.41023,2.73568,1.24,5.90833,17.92127,341.5,19.08888,-16.77852,1.94,433.2,6.83622,-16.31037,5.90833,9.17406,1.54099,4.70612,5.67551,6.46345,6.46345,29.80699,2.13441,42.46432
HIW,7.28656,2.53152,22.74606,1.35607,1.39,18.01245,0.0,0.0,0.0,-6.71141,1.28,566.322,40.67744,-6.50266,17.7012,16.07791,1.35607,2.37325,2.48394,6.12951,5.99028,56.61208,38.70615,133.1291
HTH,5.61108,0.16874,32.58433,0.97239,1.69,7.5273,20.47665,323.628,20.64813,5.625,1.69,1177.428,6.35356,-3.08307,6.99564,7.01329,0.8633,1.1362,5.23169,5.27158,5.59957,39.32369,4.3062,64.80897
HGV,17.17557,1.7478,19.96017,4.4697,2.8,7.86828,-2.51572,930.0,23.37858,-4.43686,3.57,1091.0,-6.68992,-11.07955,7.86828,9.88077,3.1426,5.3703,7.05375,14.67417,14.67417,68.47048,4.93871,217.16312
HLT,12.05727,7.27434,-9.31011,0.70231,4.33,11.24573,6.82624,2410.0,23.54665,-4.41501,4.66,3267.0,15.0403,-9.08367,11.14802,11.92887,0.63461,9.15068,17.28431,282.11496,282.11496,130.19426,4.19917,282.11496
HOMB,0.0,84.153435,18.81184,0.86054,1.94,29.2822,14.96107,664.36,49.51001,23.56688,1.92,981.629,-57.39361,28.71861,29.2822,28.99266,0.85881,1.73866,7.53137,10.73953,10.73953,33.71461,2.90241,50.8628
HD,8.26112,87.32483,1.5374,1.40506,16.69,10.86701,3.24831,26795.0,17.02318,7.46941,16.74,52778.0,5.35044,4.08933,10.86701,10.86909,0.29026,20.25927,31.13892,3805.9668,3805.9668,96.99187,1.8796,3805.9668
HTB,0.0,21.946934,27.13111,1.01441,2.8,20.40477,24.7321,101.381,46.37825,25.56054,3.11,184.764,-188.40755,25.10588,20.40477,22.33522,0.97286,1.39139,8.42887,10.37265,10.37265,50.36019,4.71512,101.45123
HMN,-1.83026,2.13437,28.78027,4.25074,1.09,3.1407,35.11488,50.1,3.49665,35.11488,1.09,415.9,2.56665,35.11488,3.1407,3.14189,4.15482,0.10865,0.58729,3.97614,3.97614,55.24031,28.9521,123.4153
HRL,-5.78635,14.37404,14.15093,1.42628,1.45,6.54764,-9.6216,1371.692,11.32693,-20.32967,1.61,2000.785,5.38046,-20.64177,6.55303,7.26455,0.68252,5.26045,6.36863,10.39376,10.37908,30.80126,2.5113,44.5113
HLI,26.38358,11.09893,23.70604,1.17802,3.76,14.04976,-41.10035,402.284,22.23243,-41.34165,4.05,1704.24,-5.81502,-41.9252,14.04976,14.18112,1.04719,7.34471,11.72803,16.55097,16.55097,19.1698,0.95994,23.71613
HHH,-5.40211,10.27632,59.81196,2.86857,-11.13,-53.85499,-37.45187,336.452,32.85337,44.828934,0.01,507.833,-27.86944,44.828934,-53.87872,0.0484,2.84199,0.78422,0.8944,-16.89092,-16.54995,63.64106,15.91372,175.03554
HWM,33.39921,11.24471,9.71423,1.85874,1.83,11.52108,17.36057,1494.0,22.5,64.86487,1.92,1855.0,7.04443,63.11301,11.52108,11.91826,0.72982,7.38529,9.69841,20.32412,20.03142,48.71697,2.56693,94.99628
HUBS,30.17602,8.31264,26.16772,1.95717,-3.53,-8.12333,95.98337,-34.634,-1.59587,95.98337,-1.94,1831.868,21.09691,95.98337,-8.12333,-4.45858,1.76057,-2.38837,-3.43362,-15.24824,-15.24824,37.37395,95.98337,59.67795
HUBB,5.03127,7.2843,53.54451,1.6376,14.05,14.25673,39.1833,1213.4,22.58371,48.99258,14.52,1892.5,9.72613,39.2085,14.14134,14.48514,0.85696,10.79539,14.59859,29.01163,29.12603,44.21447,1.88726,79.25795
HPP,-17.2999,3.54487,18.81103,1.8859,-1.36,-17.76491,0.0,0.0,0.0,30.790981,-1.18,499.08,24.18043,30.790981,-17.81101,-17.30955,1.82248,-0.21177,-0.22058,-6.18613,-4.5851,55.27197,30.790981,125.94286
HUM,21.56511,57.37935,133.0508,1.58892,20.0,2.33437,5.51075,5495.0,5.16399,-9.42029,23.82,17980.0,3.35871,-11.29722,2.33907,2.77276,1.35942,6.37622,10.3218,15.76664,15.67786,42.87815,2.22912,75.06435
HII,6.5032,5.91327,103.30902,0.94987,17.07,5.94552,11.0984,971.0,8.47739,18.2133,14.55,1646.0,5.03427,17.61658,5.94552,5.06849,0.86115,3.53389,5.77393,17.9636,17.9636,39.95893,2.80536,66.55265
HUN,-8.11808,7.83462,18.9471,1.9744,-0.1,0.57274,-62.05493,373.0,6.10375,55.644527,0.17,906.0,5.6026,-78.04348,1.65276,0.4935,1.10324,0.82428,1.10773,-0.49455,0.95655,37.28814,5.54424,59.45946
H,5.8753,7.76587,34.59086,0.59531,2.05,3.29984,-14.40476,719.0,10.78446,-49.87775,2.3,1392.0,7.29901,-51.64835,3.29984,3.61752,0.50671,1.60072,2.85684,6.0581,6.0531,48.58008,4.68707,94.47715
HY,-4.98472,8.0664,22.68707,1.2228,7.24,3.11051,3284.0,253.8,6.16274,213.27734,7.35,785.6,1.05201,213.27734,3.05709,3.05847,0.47292,6.35459,14.35746,42.36917,40.54439,58.43466,2.25335,145.89285
IEX,-2.78762,7.84356,46.76412,2.89087,7.85,18.19237,1.51464,904.8,27.63676,1.81582,7.35,1448.5,16.57122,1.56756,18.20764,16.97242,1.93184,8.2699,9.78702,18.11661,18.10114,28.99138,1.59792,40.82797
IQV,15.90675,4.75834,33.67493,0.86212,7.29,9.063,7.74434,3186.0,21.26268,27.44755,7.84,5239.0,10.05823,24.47296,9.063,9.61687,0.75628,4.95261,6.52893,22.86773,22.86773,69.95527,4.46673,232.83704
ITT,4.11755,5.34082,30.79415,1.79004,4.97,12.63174,11.24052,630.4,19.20195,12.95455,5.21,1101.0,11.0878,11.85286,12.50381,13.06071,1.12199,8.54251,11.7273,17.22672,17.29178,10.09808,0.45241,11.23233
IDA,-0.63205,8.90274,57.44481,1.58349,5.14,14.82674,2.32537,508.818,28.80608,0.58708,5.15,550.732,-23.54333,0.8545,14.78722,14.78708,0.89874,2.44611,3.64539,9.14099,9.14214,49.22345,5.55324,96.94131
ITW,-1.51372,5.11821,10.06348,1.33369,9.74,18.35848,5.59524,4435.0,27.53461,-0.30706,9.71,6791.0,16.99106,-2.5379,18.35848,18.24204,0.92321,16.32191,22.52353,96.95082,96.91904,73.5307,1.88726,277.79623
IMAX,5.87983,1.17633,5.12845,16.97415,0.46,8.82139,101.85063,94.783,25.28632,30.858545,0.55,215.097,20.16986,30.858545,6.7589,7.96889,15.44277,4.34407,5.828,9.44462,9.79215,43.4262,2.79876,76.90669
IRT,0.0,34.5657,15.27009,0.22989,-0.08,-2.71244,-2.64514,141.111,21.4946,34.5657,-0.07,385.084,39.85261,34.5657,-2.62409,-2.39286,0.22989,1.36959,1.40468,-0.49024,-0.48753,41.70589,18.08583,71.54391
IR,10.66577,5.47373,24.25653,2.2166,1.9,11.41781,29.36122,1701.1,24.73931,31.94444,2.12,2882.2,16.58662,28.7746,11.32473,12.48056,1.59541,5.1188,6.24532,8.20565,8.21926,22.64235,1.69426,29.26971
NGVT,-16.43599,7.97408,17.4261,1.81483,-0.15,-0.31913,-10.34483,400.4,23.6629,57.697464,4.05,492.5,9.07674,57.697464,-0.31913,8.73523,0.84734,6.46013,7.87845,-0.81221,-0.81221,70.84815,3.83242,243.03136
INGR,-4.90279,7.07106,54.2638,1.91817,9.6,7.97794,18.61167,1179.0,14.44853,30.79019,9.88,1749.0,7.26716,30.69106,7.8799,7.99118,0.9526,7.89318,10.09506,19.2371,19.12175,40.04336,2.03647,67.59572
VATE,-5.70397,3.52533,-20.73768,1.25157,-4.76563,-2.73366,3.93701,66.0,4.63809,20.638992,-4.56706,216.0,1.58995,20.638992,-2.47365,-2.52467,1.16191,1.7082,2.69532,20.638992,20.638992,121.44431,11.69546,20.638992
IIPR,22.0798,15.88926,68.90171,2.93592,5.77,52.07956,0.0,0.0,0.0,4.52899,5.82,284.613,59.45296,7.25584,52.07956,51.21275,2.93592,4.76061,5.06108,8.52043,8.45945,13.40653,30.054152,15.48215
INVX,20.37282,1.63122,25.62771,6.11469,0.02,0.14243,61.72871,31.715,7.47889,100.0,0.19,195.437,-1.99468,36.34312,0.14243,1.53117,4.25908,0.08691,0.09774,0.06879,0.06879,1.97712,0.56046,2.017
NSP,11.44438,9.98539,2.51131,1.1107,4.47,2.64239,-10.18979,261.257,4.02809,-3.66379,4.53,1037.0,1.93275,-4.44271,2.64239,2.6406,1.01655,6.56868,25.61421,195.97826,195.97826,82.67294,1.70985,79.88859
INSP,46.80212,8.26935,19.36786,7.60181,-0.72,-3.38557,27.71637,-37.425,-5.98993,27.71637,-0.71,528.223,0.00442,27.71637,-3.38557,-3.32978,7.04512,-4.05406,-4.56695,-3.9593,-3.9593,4.1593,27.71637,4.33981
IBP,6.64404,6.30316,23.62957,3.08892,8.61,8.7706,10.12662,469.135,16.88386,11.24031,8.75,930.7,9.99085,9.07317,8.7706,8.86841,2.42927,12.38072,15.19105,41.88008,41.88008,58.75331,2.03524,142.44368
IIIN,-22.3183,8.95,19.61062,6.47499,1.66,4.99316,-72.62179,48.017,7.39647,-73.94035,1.66,65.398,16.03777,-74.07028,4.99316,4.98725,4.09693,4.72025,5.60066,8.40585,8.40585,0.50464,0.0403,0.5072
ICE,16.85201,7.81302,44.88133,1.0041,4.19,24.6188,9.09282,5195.0,52.45885,62.4031,4.61,7988.0,27.07765,63.7621,23.91195,26.25507,0.04108,1.50565,5.53024,9.78048,10.04388,47.11432,4.42194,89.0871
IFS,0.0,0.0,0.0,0.0,0.0,0.0,0.0,0.0,0.0,0.0,0.0,8.57702,0.0,0.0,0.0,0.0,0.0,0.0,0.0,0.0,0.0,0.0,0.0,0.0
IBM,-1.89942,4.22152,24.62585,0.96445,8.15,12.12092,-2.2245,12395.0,20.03718,317.94873,8.17,34300.0,16.91097,357.7181,12.12738,12.03457,0.83863,4.23788,7.01455,33.78825,33.59771,72.60624,4.83542,265.04666
IFF,-5.06051,6.47799,57.23318,1.67456,-10.05,-22.32773,-15.9688,2047.0,17.83256,266.0591,1.53,3681.0,18.46415,266.0591,-22.36258,3.39882,0.69771,1.70408,2.06147,-15.8972,-15.81367,42.50147,5.28725,73.9175
IGT,0.68027,4.87006,7.19765,1.25547,0.77,7.12297,9.83027,1553.0,36.03248,-42.96296,0.95,1210.0,16.51972,-43.27273,3.61949,4.40835,1.00769,6.20873,8.14143,10.86351,15.61546,75.28161,3.83001,125.69433
IP,-7.64457,5.54803,24.14482,1.66911,0.86,1.59653,-21.86079,2234.0,11.81011,-81.85654,2.06,5323.0,4.67461,-80.85106,1.52252,3.77783,1.16317,3.24146,4.61706,3.58414,3.58414,49.4433,3.65757,97.79773
INSW,-14.70451,3.99216,35.08885,2.37751,11.25,51.91817,32.65345,709.103,66.16155,44.78765,11.43,756.576,28.36282,43.45422,51.91817,52.23284,2.29186,14.11446,14.43328,34.72894,34.72894,30.24962,1.04996,43.3684
IPG,8.91391,1.40752,10.41088,1.05997,2.85,10.26788,-0.6031,1747.0,16.04327,20.25317,2.69,2060.8,2.13776,17.10021,10.08697,9.48848,1.01179,4.86293,10.90657,28.94144,28.70456,53.5854,2.67384,116.66916
IPI,-17.42903,11.43455,53.44171,3.26986,-2.8,-12.78222,-70.58439,42.242,15.136,1.1295322,-2.73,43.338,-5.94962,1.1295322,-12.78222,-12.48286,0.65673,0.18262,0.20213,-5.09794,-5.09794,1.23238,0.20217,1.24776
IVZ,0.0,129.2199,23.55306,1.58879,-0.73,-2.94241,-30.91168,1018.5,17.81716,129.2199,1.32,1555.3,13.29705,129.2199,-1.69512,10.50199,1.34066,1.77989,2.07426,-0.88939,-1.02692,36.23653,8.88071,59.62308
INVH,0.0,109.09277,16.59586,1.19256,0.85,21.58001,9.9186,683.919,28.32665,34.92064,0.85,1438.257,36.16137,35.51545,21.51548,21.54199,1.13593,2.22812,2.28223,5.08106,5.07972,45.65501,12.51748,84.00961
IRM,7.22699,4.50174,0.72447,0.77612,0.63,3.41703,6.33218,1886.202,34.41793,-66.84211,1.28,3122.489,0.17658,-66.92275,3.36176,6.81858,0.67458,4.12787,4.75256,43.43523,33.38995,97.43218,7.83975,223.31485
SJM,13.89365,15.1995,69.83592,1.43892,-0.86,-1.07044,-1.191,1576.3,18.48122,210.78986,7.68,2808.2,10.65912,210.78986,-1.07044,9.56263,0.88499,4.61527,5.85571,-1.18334,-1.18334,37.78544,2.80911,60.73408
JBGS,-4.60474,2.72704,23.57014,1.72711,-0.78,-15.55642,0.0,0.0,0.0,22.35293,-0.8,315.134,15.96682,22.35293,-13.56652,-14.26165,1.67392,-0.71885,-0.74933,-3.26124,-3.11511,49.38056,22.35293,116.64579
JBTM,-25.6562,4.91336,46.83548,2.27126,4.02,7.76857,0.96012,273.4,16.42634,-1.2285,4.44,585.7,11.32691,345.75363,35.00361,8.53641,1.59476,4.29927,5.60473,10.99677,10.99677,31.60772,2.51683,46.21533
JELD,-14.42224,7.68342,9.97134,2.20109,0.29,0.58627,-0.40587,308.451,7.16606,-45.28302,0.82,828.721,6.89996,36.56046,1.45075,1.61922,1.20785,3.42015,4.54175,3.20609,3.20609,61.87785,4.47631,162.31471
JPM,0.0,10474.178,104.45242,0.81158,16.23,20.96898,24.53603,94615.0,40.03834,34.24318,15.7,145670.0,-25.33637,31.52139,20.96898,19.52343,0.81,1.4438,5.94056,17.52806,15.9791,66.87375,6.99577,201.8754
JBL,-9.80543,7.02968,21.82887,1.1603,6.02,2.35721,7.7911,2518.0,7.25607,-12.75362,6.49,2867.0,-0.78238,-17.87149,2.35721,2.48738,0.51288,5.09057,15.83612,30.76923,30.75766,55.21012,1.4035,123.26474
J,4.50537,4.69614,51.96361,1.37042,5.31,4.40607,6.6417,1510.889,9.23955,6.62651,6.13,2734.671,5.2405,3.37526,4.07143,4.74609,1.31135,5.13891,6.93165,10.57599,10.31495,33.04748,2.36299,54.09339
JHG,0.0,88.070305,27.79047,3.8916,2.37,20.30165,-10.57863,503.8,23.96993,6.27803,2.43,1341.1,13.13993,5.26316,18.65068,18.54468,3.60269,4.74797,5.90604,8.81107,9.02878,7.33602,0.763,8.47013
JEF,27.44904,0.74502,46.09943,1.43977,1.1,3.49958,49.4894,3273.051,43.65407,-64.05229,1.31,3551.781,-26.68653,-64.64595,3.70364,4.06415,0.80791,3.6154,4.8054,2.78487,2.59412,77.31283,10.20604,302.3534
WLY,-6.57881,6.29173,18.9063,0.60441,0.31,0.85316,-2.21354,389.637,19.28992,-88.16794,2.74,1383.266,11.15206,-88.38034,0.85316,7.53646,0.46606,4.12147,6.64881,1.57574,1.57574,45.81231,2.26751,84.54375
JNJ,-7.96411,5.48829,28.57157,1.15585,5.2,15.64838,-6.23381,30414.0,35.71437,-22.73403,8.26,59115.0,22.21227,95.93668,41.27925,24.57369,0.81673,8.0747,13.35701,18.30771,18.30771,29.89827,0.96442,42.64984
JCI,8.64689,4.64592,24.31758,0.96869,2.69,7.5878,10.65454,3770.0,14.07084,22.83105,3.39,7804.0,7.90085,20.69191,6.90106,8.65815,0.63235,4.32761,6.5722,11.26992,11.58537,36.68504,2.71936,57.94055
JLL,5.352,4.47914,132.47316,1.06374,4.67,1.08955,0.0,915.6,4.41024,-64.80784,6.4,10686.3,2.10409,-65.5615,1.0857,1.46824,1.01503,2.67385,4.49917,3.66067,3.60208,32.71718,3.40422,48.62634
JNPR,-14.92708,4.89962,14.02654,1.80395,0.95,5.57463,0.92838,761.0,13.67598,-33.56643,1.13,3201.9,10.4951,-34.14013,5.57463,6.49834,1.07914,3.77284,5.69698,6.91809,6.91809,27.98775,2.29448,38.86527
KBH,19.65567,187.83524,50.22131,8.85551,7.03,9.20623,-28.36248,778.947,12.15087,-22.66227,7.25,1401.749,11.69831,-27.73337,9.20623,9.1427,1.59515,6.97855,8.39704,15.79928,15.79928,31.05839,2.20359,45.05029
KBR,0.0,84.960785,10.23929,1.05025,-1.96,-3.75216,10.89866,580.0,8.33813,84.960785,2.71,977.0,5.75403,84.960785,-3.80966,5.25949,0.95102,5.4465,8.53513,-17.64902,-17.2505,59.83866,3.58103,148.9957
KKR,22.55423,0.31919,25.82886,2.11072,4.09,24.70377,1160.8726,9713.523,44.79312,1065.595,4.28,12214.112,16.4287,1065.595,17.21102,17.12168,2.10409,2.00627,5.79407,18.91106,9.563,45.90319,5.09977,85.75784
KREF,-3.43956,0.09113,20.26482,24.02718,-0.78,-4.78484,57.08941,427.855,64.66867,35.753925,-0.78,16.503,40.7566,35.753925,-4.66301,-8.15591,24.02718,3.48418,3.51857,-2.07329,-2.12776,81.18753,14.16349,35.753925
KAI,-1.99731,6.6623,66.08319,2.053,9.9,12.19687,7.01431,201.219,21.01127,-4.34783,10.12,416.306,11.85161,-4.01809,12.11991,12.36373,1.23203,9.02595,11.72076,16.26128,16.31584,14.87234,0.67396,17.47063
K,-14.3454,9.84396,9.32211,0.6581,2.25,6.00518,-10.38724,1967.0,14.99009,-19.35484,2.86,4288.0,4.9859,-0.9375,7.24737,7.45405,0.36403,5.86584,9.33375,21.7819,20.35124,65.9525,3.31774,193.70734
KMPR,-16.28479,3.1474,39.07537,69.77373,-4.25,-5.51918,69.77373,15.2,0.30809,69.77373,-0.96,1124.7,9.8225,69.77373,-5.51513,-1.24582,69.77373,-0.2078,-0.69027,-10.99749,-11.00602,36.68647,95.49342,57.94411
KMT,4.05186,6.89672,15.97604,2.36601,1.46,5.93624,-6.37493,330.548,15.90562,-15.11628,1.51,646.439,7.57868,-18.09118,5.70012,5.87111,0.95244,4.79722,6.28574,9.37167,9.46997,32.73048,1.93442,48.65573
KW,50.7315,1.93101,6.9575,4.18221,-2.46,-50.01778,16.92638,217.6,38.67757,37.745567,-2.42,348.6,-45.012,37.745567,-53.99929,-59.76058,4.1013,0.46766,0.50799,-26.00248,-14.77631,74.68932,24.38833,295.0901
KEY,0.0,391.50555,12.95907,0.78378,0.88,9.27191,-24.04446,2802.0,26.95008,-54.16667,0.88,5894.0,118.2192,-49.5566,9.30076,7.84795,0.7806,0.92636,4.34257,8.34957,6.86341,61.30849,8.2773,158.4546
KEYS,-0.55249,6.05429,26.69772,2.347,5.91,19.3448,4.65718,1618.0,29.61201,-4.36893,6.23,3532.0,16.10999,-5.96085,19.3448,20.29539,1.68375,10.48805,13.68691,23.98185,23.98185,30.32934,1.25216,43.53245
KFRC,-13.3835,6.0914,8.14917,2.37397,3.13,3.98725,-20.48987,97.97,6.39593,-14.94565,3.42,427.066,5.10666,-19.03196,3.98725,4.28417,2.268,15.49335,26.09432,35.79194,35.79194,26.53687,0.58655,36.12271
KRC,0.38178,2.4326,46.29957,0.90918,1.8,20.67959,7.55024,392.596,34.07106,-8.62944,1.95,778.624,42.75819,-8.75868,18.41913,19.82685,0.90918,2.08073,2.22321,3.9068,4.20459,47.16702,12.87005,89.27571
KMB,-5.06935,10.02503,2.71515,0.82294,5.21,8.63394,12.92118,3854.0,18.86349,-8.91608,6.59,7032.0,12.10416,-8.79007,8.63394,10.89571,0.4658,10.97653,19.94161,241.31326,171.92982,88.5493,2.19512,499.8266
KIM,16.28268,4.67967,15.36682,1.37464,1.02,35.68119,0.0,0.0,0.0,537.5,1.01,1226.682,39.48404,419.36322,35.05559,33.38624,1.37464,2.25606,2.35999,6.87228,6.84233,44.35107,109.18422,80.29468
KMI,0.0,625.23834,13.65301,0.35203,1.06,16.21234,4.63619,6500.0,42.38946,-5.35714,1.09,7589.0,10.74817,-6.1617,15.5928,15.88014,0.23321,3.76511,4.14007,7.83318,7.78786,50.52394,4.98477,102.11794
KFS,12.22275,9.67489,1.0224,28.066095,0.95,23.69119,0.0,7.067,6.55286,-24.0,0.04,75.844,3.73136,-4.70431,21.84504,0.95369,28.066095,0.21904,0.54113,115.7077,109.34691,64.95408,6.45451,185.33989
KNSL,19.87689,3.41426,46.88258,6.82208,13.22,25.16177,96.27485,397.592,32.4711,92.15116,13.37,310.262,17.50009,93.63035,25.16177,25.16329,6.82208,7.55967,22.28416,33.62945,33.62945,14.46834,0.4624,16.91577
KEX,8.95417,6.12147,54.332,1.67974,3.72,7.20993,38.92508,544.239,17.60357,83.25123,3.75,911.218,0.74598,82.29878,7.2109,7.2208,0.90455,3.69202,4.79737,7.15877,7.15374,27.16871,2.18424,37.30362
KRG,11.83503,7.67075,16.25961,0.32722,0.22,5.87859,0.0,0.0,0.0,40.46625,0.22,612.62,52.40032,40.46625,5.77107,5.86315,0.32722,1.13461,1.20556,1.29517,1.29545,44.30044,40.46625,81.16711
KNX,4.97534,8.12025,43.91604,0.9363,1.34,3.01776,-37.96707,1029.738,14.41854,-71.67019,1.44,1964.494,1.29267,-71.84728,3.04055,3.25005,0.78509,1.54601,1.90353,3.09497,3.06587,31.05409,3.10736,45.04124
KN,0.44543,5.24148,11.60697,2.6051,0.79,10.23177,-34.34012,100.0,14.13228,19.55851,1.32,206.1,11.68916,19.55851,10.23177,16.95704,1.35237,2.52673,2.812,7.14356,7.14356,21.70654,2.867,27.72459
KSS,0.0,378.5833,33.9009,1.19936,-0.15,-0.10498,-58.14138,1054.0,5.82385,378.5833,-0.15,6641.0,-3.55979,378.5833,-0.10498,-0.09946,0.11653,1.04595,1.35017,-0.45109,-0.45109,66.78436,7.17837,201.06297
KOP,-6.16597,10.30471,23.91659,2.14483,4.14,4.1686,30.14553,250.4,11.62381,38.0,4.3,424.5,-0.13694,40.69401,4.14075,4.15888,0.8251,6.81581,8.81913,19.85974,19.8234,64.91595,3.71685,185.02982
KFY,-3.49998,4.93824,31.53056,1.67852,3.95,7.43946,-18.34364,442.17,15.43978,-33.94649,4.85,686.69,7.71929,-35.7982,7.31638,8.71865,1.56308,6.63865,10.70239,13.12667,13.30509,25.49551,1.27928,34.2201
KOS,4.41796,17.28188,2.24358,0.76188,0.44,12.54813,-18.13109,947.423,55.6781,-8.33333,0.47,1304.038,-18.2569,-5.75191,12.54813,12.69571,0.38945,6.5992,9.7003,23.46135,23.46135,70.00171,2.54267,233.3523
KR,22.21007,72.99754,14.02514,0.735,3.06,1.51695,13.85514,7404.0,4.994,41.01383,3.49,32808.0,1.36384,35.58912,1.51358,1.69018,0.25386,5.62132,9.20267,23.02247,23.13429,67.08736,2.75689,203.83463
KRO,24.30812,6.85379,7.02705,3.01348,-0.43,-2.9463,13.476889,-6.3,-0.37804,13.476889,-0.38,164.9,-0.19427,13.476889,-2.9463,-2.62454,1.37379,-1.81913,-2.56513,-5.56216,-5.56216,36.43941,13.476889,57.3302
LHX,4.43606,4.48269,98.86254,1.00637,6.44,6.16922,9.04933,3338.0,17.18935,17.30419,9.69,5143.0,6.62174,15.53672,6.31855,9.46096,0.62294,3.60652,4.57343,6.58121,6.39735,42.55774,4.17915,74.08784
LCII,0.20769,17.64607,53.50375,2.82758,2.52,1.69612,-62.4907,255.196,6.74264,-83.72093,2.54,776.19,11.29771,-83.74703,1.69612,1.69823,0.71106,2.48597,2.95604,4.69254,4.69254,44.94875,4.33538,81.6489
LXP,15.21862,4.26883,7.28601,1.46466,0.08,10.50783,0.0,0.0,0.0,-78.94737,0.08,282.105,55.35479,-73.29742,8.88732,6.79198,1.46143,0.71476,0.74044,1.38205,1.54293,44.15266,16.037134,79.05955
LZB,-47.18097,9.52676,21.74237,1.7959,3.48,6.46714,14.50499,262.071,11.15465,2.65487,3.85,966.333,7.6909,0.43128,6.41278,7.07063,1.10021,7.30794,10.48368,17.19358,17.15182,31.89632,1.7015,46.83493
LH,-30.44674,4.75425,93.86174,1.16749,4.33,3.12788,-34.90283,1798.7,14.79,-69.00501,9.73,3364.9,10.87583,-67.32077,3.43705,6.96852,0.81716,4.12755,5.03138,4.21999,4.22526,43.00707,3.31028,75.60889
LADR,-19.35931,0.14849,12.0804,10.02838,0.81,19.24554,0.0,0.0,0.0,-28.31858,0.74,189.759,166.69035,-28.89387,19.36504,17.66634,10.02838,3.68156,3.79275,6.59548,6.55635,71.26713,30.865952,248.03348
LW,61.90476,9.13461,9.6886,1.56389,6.95,18.85583,75.01979,1105.6,20.6631,403.6232,4.41,1459.1,-2.46187,402.19016,18.85583,11.90979,0.75651,10.40494,13.45193,113.88419,113.88419,71.93956,3.27261,256.37357
LVS,98.64865,31.28808,5.46553,1.30642,1.6,13.79676,853.96826,3606.0,34.76668,593.0468,1.6,8227.0,16.72652,-33.35153,11.77208,11.77015,1.26391,6.67549,7.65547,30.52882,36.88144,77.7005,3.96561,593.0468
LAZ,16.78432,3.66493,4.84706,1.28648,-0.9,-2.21,-61.94722,246.617,9.5106,119.33416,1.3,2220.515,-9.22949,119.33416,-2.91079,4.46158,1.25232,2.42774,4.09703,-15.40039,-6.2674,79.27821,8.84043,119.33416
LEA,7.54769,6.23374,86.32654,1.34756,9.68,2.75154,21.65407,1722.5,7.34013,76.96527,12.07,1846.9,2.46603,74.70247,2.43961,3.02587,0.90046,4.91944,8.34327,11.93007,13.05645,41.19616,2.05823,70.05691
LEG,-7.24138,8.0506,9.99475,1.4901,-1.0,-2.89505,-24.61725,497.3,10.5242,71.754395,1.45,853.8,7.4445,71.754395,-2.89505,4.18249,0.79423,4.06543,5.35367,-9.19973,-9.1954,62.20321,4.41464,164.57271
LDOS,3.3617,6.46077,30.94295,1.33947,1.44,1.34733,8.47574,1587.0,10.27983,-70.96774,6.0,2244.0,4.84195,-70.94891,1.28903,5.32452,1.12274,6.0933,8.02453,4.68235,4.83103,55.60884,3.36106,125.27008
LC,-15.26813,0.21296,11.33784,0.89276,0.36,3.42951,-51.10445,107.048,9.42813,-87.09677,0.36,279.979,137.1452,-86.55816,3.42951,3.43909,0.83784,0.44514,2.7907,3.22327,3.22327,4.37136,0.53456,4.57118
LEN,5.5277,20.06892,94.61062,6.12086,13.73,11.57143,-19.27222,5549.81,16.2117,-12.65903,13.71,8172.017,17.68669,-14.6423,11.50489,11.34654,1.7382,8.8056,10.88999,15.54231,15.55206,16.13774,0.92585,19.24315
LII,-2.28431,8.28177,8.0181,1.41287,16.54,11.84488,26.23062,928.3,18.63345,19.16427,18.12,1547.8,8.05993,18.70851,11.84488,12.91194,0.65415,19.62159,31.34116,132.90997,132.90997,84.26018,1.64527,132.90997
LNC,26.49105,0.24835,34.81546,7.4754,-4.92,-6.59533,-15.117201,-774.0,-6.78828,-15.117201,-4.05,415.0,-86.79618,-15.117201,-6.59533,-6.02289,7.4754,-0.15424,-4.49444,-15.84826,-13.12162,46.96876,-15.117201,88.56811
LNN,5.01366,4.72753,41.38144,3.5816,6.54,10.73739,5.48583,118.084,17.5177,10.10101,6.58,213.015,12.37465,10.55461,10.73739,10.74046,2.29513,8.77078,11.36744,17.05023,17.05023,23.00045,1.15263,29.87089
LAD,37.62511,32.56284,226.78467,1.41016,36.29,3.23115,-3.07199,2114.0,6.75166,-17.84016,37.87,5183.0,-1.787,-20.0,3.19634,3.32609,0.41858,6.89178,7.70665,17.52699,17.54292,64.46223,5.39101,182.67001
LYV,41.19544,12.87281,-0.0735,0.96163,1.37,3.2279,36.34723,1569.373,6.89862,114.0625,1.45,5475.787,4.31837,111.66765,1.38837,1.45725,0.83855,3.70262,7.1582,343.17657,65.43464,85.07009,5.37662,343.17657
LOB,0.0,26.572376,20.23098,0.92305,1.64,9.23716,-36.74402,207.176,25.89674,-58.16327,1.67,391.071,49.9102,-58.06206,9.23716,9.25881,0.88475,1.09993,12.72629,8.62439,8.62439,2.85558,0.12808,2.93952
LMT,3.31917,4.48411,28.47917,1.21161,27.55,10.24108,2.14483,10001.0,14.80073,27.19298,27.94,8571.0,7.60589,20.72575,10.24108,10.34968,0.98937,10.17102,20.80299,85.95739,85.95739,73.16556,1.86341,272.65546
L,14.06465,1.67904,70.68525,13.4579,6.29,9.85457,22.21703,2613.0,16.66667,51.20192,6.31,5645.0,-2.81605,41.69961,9.14658,9.1555,13.4579,1.67754,5.10766,9.46472,9.65535,36.22646,3.59242,56.80484
LPX,-2.85714,24.9372,21.57825,3.00386,2.46,6.89655,-66.0793,462.0,17.90004,-78.30688,3.39,600.0,-7.43413,-83.60958,6.89655,9.4568,1.4556,8.95655,11.39081,11.90636,11.90636,19.53488,0.81818,24.27746
LOW,0.0,2355.2551,-23.71714,1.09897,10.17,6.63205,3.81912,14625.0,15.06815,-15.53156,13.86,32257.0,6.43629,-23.7503,6.63205,8.9821,0.08877,17.91212,32.75855,2355.2551,2355.2551,160.04211,2.59788,2355.2551
LUMN,0.0,564.0374,0.41349,1.35116,-10.48,-70.7426,-34.45905,4289.0,29.46349,564.0374,0.2,7413.0,2.71261,564.0374,-70.7426,1.35066,1.08885,2.04776,3.00994,-189.75493,-189.75493,98.07949,4.96526,564.0374
LYB,-2.39354,11.57944,39.848,1.83944,6.48,5.17187,-21.09201,4957.0,12.05877,-45.22401,8.7,5258.0,5.63712,-45.54353,5.14268,6.87839,1.03413,6.32113,8.92222,16.59033,16.47998,49.89063,2.62276,100.44036
MTB,0.0,641.9599,150.15408,0.95569,15.79,21.88011,20.20721,5256.362,41.95905,36.9471,14.9,8998.0,6.34563,37.62368,21.88011,19.78692,0.95546,1.4546,7.96011,11.36086,10.48685,34.55609,2.70796,52.80261
MHO,0.0,82.88232,90.66457,7.74898,16.21,11.53749,-7.79567,597.0,14.80103,-5.97448,16.76,1008.569,11.19217,-5.15569,11.53749,11.53857,1.62962,9.48679,11.2852,20.28767,20.28767,26.70731,1.53627,36.43926
MBI,-2.07792,0.12336,-32.57771,0.69636,-10.03,-32.440693,0.0,0.0,0.0,-32.440693,-10.06,-175.0,-203.19148,-32.440693,-32.440693,-32.440693,0.69636,-4.86959,-17.87907,-32.440693,-32.440693,-32.440693,-32.440693,-32.440693
MDU,-27.79169,4.14276,14.26308,1.26772,2.36,10.31544,-29.07619,639.576,13.73265,30.38674,1.64,518.527,6.63812,12.84882,8.90438,7.17082,0.94797,3.04375,4.37598,14.7997,14.7997,45.92888,3.85842,84.94162
MFA,16.96613,0.07656,18.64011,4.60306,0.46,12.38257,0.0,0.0,0.0,8.500608,0.46,199.91,-204.07925,8.500608,12.38257,7.2628,4.60306,3.06915,3.15786,4.12326,4.12285,81.87145,8.500608,8.500608
MTG,-1.46492,2.68022,18.61332,103.907845,2.49,61.72174,-20.23797,943.734,81.70136,-10.75269,2.51,970.741,54.67008,-17.61139,61.72174,61.62647,103.907845,9.20563,10.65187,14.67765,14.67765,11.2541,0.68154,12.68127
MGM,11.81096,23.08898,11.67102,1.57085,3.19,8.13477,33.37849,2372.942,14.68019,-8.59599,2.35,7610.687,6.20167,-20.60061,7.07925,5.16001,1.41331,2.2127,2.58219,26.48034,27.01166,87.87086,13.334,445.37622
MRC,-14.17166,7.32975,5.78782,1.4751,1.05,3.34115,30.33708,232.0,6.79953,75.0,1.13,670.0,4.60141,52.0,3.34115,2.78857,0.71648,6.34753,9.01239,26.08696,14.39394,38.19648,2.24569,61.80308
MSA,-0.79117,6.04235,24.49915,2.36246,1.48,3.2771,41.69208,448.352,25.08057,-67.54386,5.96,852.138,16.60422,-67.38685,3.2771,13.10492,1.33132,10.67892,15.35022,6.22097,6.19748,40.41242,1.46244,67.8202
MSM,-36.67598,7.14012,26.65256,2.0287,6.11,8.55782,3.95976,566.799,14.13717,0.82508,6.16,1642.965,13.56807,1.01446,8.56096,8.59144,0.74753,11.66359,14.51682,24.2602,24.03665,25.88967,0.91994,34.93396
MSCI,26.58466,3.36563,-9.35333,0.93483,14.39,45.41828,14.50005,1522.474,60.20254,34.23508,12.79,2082.339,40.64419,31.93517,45.41828,40.18787,0.85776,16.4876,22.90541,196.58517,196.58517,118.91725,3.05443,196.58517
MAC,-0.06264,3.9618,11.33,0.31293,-1.28,-38.24607,0.0,0.0,0.0,28.217098,-1.31,461.516,17.08936,28.217098,-37.69128,-38.83315,0.31293,-1.06401,-1.14284,-10.31717,-10.15525,63.57813,28.217098,174.56033
M,0.0,561.0471,15.0433,1.20407,4.19,4.65126,-20.43865,2503.0,9.89133,-7.91209,4.39,10102.0,1.71755,-17.69231,4.65126,4.76559,0.23905,5.97138,9.93002,30.55952,30.55952,60.65921,2.51458,154.18912
MAGN,-10.32609,6.51863,5.30404,2.05172,0.08,1.67033,-24.92837,262.0,11.51648,-69.23077,0.13,280.0,8.13736,-68.06723,1.67033,2.57486,1.3399,1.88351,2.33621,1.55834,1.55834,2.20949,0.20611,2.25941
MTW,4.69395,8.17391,17.19048,1.83384,1.09,1.75958,22.50175,175.3,7.86875,36.968735,1.85,425.2,-0.55268,36.968735,1.75958,2.91426,0.57483,4.34577,7.20111,6.87056,6.87056,41.74392,2.46606,71.65589
MAN,-5.98357,3.79527,45.91318,1.16093,1.76,0.46737,-25.66455,550.9,2.91258,-75.14124,5.99,3358.0,2.59391,-76.24398,0.46948,1.57711,1.12743,3.21746,7.72891,3.80251,3.76796,38.96068,2.58849,63.82884
MPC,-4.2618,20.97823,66.31522,1.59459,23.63,7.52937,-28.36151,15893.0,10.71108,-15.54682,23.81,20782.0,6.26883,-33.30807,6.52451,6.53103,1.08402,8.94446,12.80147,37.1496,33.60708,47.58097,1.79331,93.43365
MMI,58.49254,40.11595,16.79876,3.73989,-0.88,-5.26917,14.422922,-45.757,-7.08393,14.422922,-0.88,239.282,-9.92248,14.422922,-5.26917,-5.26684,3.60923,-3.94396,-4.85602,-5.00963,-5.00963,11.97012,14.422922,13.59779
MPX,-66.86493,142.86263,4.39806,6.17034,1.21,10.86574,-5.34976,51.945,13.5369,2.54237,1.22,90.379,10.51325,3.34102,10.86574,10.6854,3.31404,17.31701,22.39081,30.21716,30.21716,0.19554,0.00572,0.19593
HZO,63.09678,33.13371,41.42586,1.32599,4.87,4.57167,-14.98256,249.584,10.42232,-44.9095,5.1,835.329,-12.68399,-44.804,4.56348,4.65382,0.34536,6.90739,8.47894,12.86799,12.87157,54.36061,4.38296,119.10897
MKL,11.24674,1.31035,1095.9517,18.71039,146.98,13.30747,4832.0586,3203.224,20.28794,785.1905,146.32,7640.887,5.39027,785.1905,12.64225,12.3691,18.17054,3.47445,9.51732,14.85955,14.40219,22.22629,1.38517,29.46966
VAC,23.92345,20.20086,67.44245,3.87662,6.28,5.33108,-19.05252,786.0,16.62788,-28.39225,8.01,1818.0,1.99122,-35.03836,5.37339,6.185,3.24577,4.21218,5.33012,10.4141,10.32787,68.77704,6.67557,220.27708
MMC,9.76485,3.88123,24.77815,1.09866,7.53,16.76515,11.57688,6255.0,27.5818,24.66887,8.02,10024.0,15.43126,23.14754,16.56231,17.47015,0.5119,8.50167,13.3152,33.07648,32.8907,55.5132,2.46779,124.78577
MLM,-4.05923,8.83023,129.9429,3.34892,19.32,17.71085,36.76933,2087.1,30.7959,41.0219,19.54,2023.0,-0.13059,34.85233,17.24754,17.84699,1.75372,6.5566,7.66563,15.783,15.7847,37.99883,2.35964,61.28727
MTZ,-0.10107,3.83497,34.13411,1.40076,-0.64,-0.39427,5.83056,755.173,6.29524,108.66981,-0.02,1389.972,6.08961,108.66981,-0.41638,-0.01293,1.28859,1.01793,1.52339,-1.83519,-1.73168,56.23014,4.62933,128.46771
MAS,-4.95652,7.10388,-0.57117,1.68496,4.02,12.04971,-0.66934,1484.0,18.62684,10.7438,3.96,2849.0,12.31015,7.58294,11.39701,11.18363,1.01888,15.82938,25.42244,217.54669,217.54669,96.55377,2.19003,217.54669
MA,18.34603,6.48863,7.41466,1.16583,11.83,44.60515,14.52239,15346.0,61.14431,15.75343,12.6,25098.0,44.30034,12.73917,44.60515,47.39182,0.82993,22.40151,40.74973,169.27496,167.41438,70.16586,1.07233,235.92831
MTDR,7.89661,6.65384,32.73811,1.04465,7.05,32.43423,-13.37885,1929.953,68.76027,-30.26706,7.06,2110.001,-3.98085,-30.31874,30.14388,29.96743,0.84528,11.38164,13.83501,24.09898,24.45631,35.3451,1.1692,54.66731
MTRN,-10.43813,8.16352,42.86801,2.78195,4.58,5.74722,3.96524,205.191,12.3224,10.62802,5.25,349.042,0.52986,11.29434,5.74722,6.50076,0.80802,5.45325,6.97462,11.359,11.359,36.1593,2.44306,56.63989
MATV,-33.51801,11.23683,17.50752,2.53198,-9.33,-25.05923,-31.28571,192.4,9.49655,25.942656,-1.52,355.8,9.56133,25.942656,-15.27641,-4.08937,1.16311,0.90904,1.13632,-47.7072,-47.7072,55.19943,6.07796,123.21146
MATX,4.05959,11.29622,69.78779,1.07114,8.32,9.6006,-65.94564,478.6,15.46565,-69.26487,8.42,623.9,10.66778,-72.07444,9.6006,9.60467,0.96194,4.93646,6.7224,12.64901,12.64901,23.1948,1.51484,30.19953
MMS,2.44861,6.0034,27.34245,1.45981,2.63,3.2987,2.59779,476.853,9.72231,-20.06079,3.07,1028.608,2.94767,-20.62327,3.2987,3.82598,1.33541,5.13155,6.65452,10.05792,10.05792,46.14757,2.99718,85.69265
MKC,2.40544,11.47468,18.87617,0.64591,2.52,10.2984,9.55132,1213.5,18.2147,0.0,2.71,2502.5,12.45685,-0.20528,10.21585,10.91778,0.24334,4.92646,6.46349,13.97364,14.0268,47.74416,3.82744,91.36619
MCD,17.63593,11.07699,-6.51266,1.16437,11.56,33.21919,12.27688,13247.1,51.96225,38.77551,12.01,14563.0,25.68571,37.09328,33.21919,34.29114,1.03037,13.77526,16.1199,1346.1057,1346.1057,109.72772,4.00775,1346.1057
MCK,4.34516,16.62128,-13.65441,0.92358,25.05,1.34617,-0.17717,5071.0,1.8326,245.04132,24.56,12229.0,1.81525,219.56912,1.28654,1.25236,0.5023,4.44104,48.27997,857.62573,857.62573,125.66753,1.43857,857.62573
MPW,0.0,48.95088,12.74076,1.42016,-0.93,-40.92625,0.0,0.0,0.0,48.95088,-0.31,844.199,38.13253,48.95088,-40.95451,-13.65508,1.42016,0.63004,0.65051,-6.85973,-6.85337,57.11758,48.95088,133.19579
MED,0.0,48.647217,18.49128,2.42718,9.1,9.27332,-35.70105,143.957,13.42815,-28.51532,9.67,775.85,10.34809,-30.75407,9.27332,9.81744,1.62558,26.74343,41.38686,55.76888,55.76888,9.84908,0.15291,10.9251
MDT,8.0526,5.40774,38.68549,2.39476,2.82,12.11772,-10.77659,8950.0,28.6611,-24.39678,4.12,20605.0,13.67967,-25.42171,12.03446,17.545,1.54204,4.29632,5.04978,7.22456,7.24995,32.9705,2.83944,49.18804
MRK,9.51323,6.07253,14.84457,1.25197,0.14,0.62713,-20.18947,19208.0,31.95209,-97.54816,5.4,44200.0,15.10314,-97.48605,0.60717,22.78932,0.73422,8.96287,12.7315,0.8735,0.90091,49.07514,1.88817,96.36774
MCY,7.07343,7.55513,27.95949,10.038,1.74,2.07575,35.085438,159.517,3.4371,35.085438,1.74,412.153,2.36143,35.085438,2.07575,2.07595,10.038,1.13454,3.78213,6.2754,6.2754,27.62113,3.70369,38.16187
MTH,0.0,113.50019,63.3068,9.341,9.965,12.03513,-28.92926,926.545,15.09458,-25.46746,10.095,1519.022,1.93791,-25.54385,12.03513,12.04474,1.84342,9.30956,10.45463,17.25742,17.25742,18.72094,1.14647,23.03292
MET,0.0,778.96466,41.07025,12.99314,1.81,2.39444,-7.55337,3941.0,5.89044,-37.80069,2.0,13874.0,-29.16935,-37.84955,2.35857,2.265,12.99314,0.29741,4.10638,5.53151,5.5683,40.62101,5.25146,68.40974
MTUS,42.56927,14.14746,16.96031,2.64412,1.47,5.09395,40.0,163.8,12.0229,13.07692,1.18,186.5,5.55087,6.60522,5.09395,3.7936,1.58816,5.91968,9.05564,9.78774,9.78774,3.25311,0.15018,3.36249
MEI,15.01644,4.00884,26.29184,2.91404,2.1,6.53611,-12.03097,147.7,12.52119,-22.22222,2.04,264.6,6.57744,-24.55969,6.53611,6.22878,2.12588,4.1355,5.04148,8.30998,8.26057,26.06874,2.27488,35.67636
MCB,0.0,32.825165,59.56983,0.9299,6.91,19.15856,-9.66015,162.151,40.20525,30.62382,6.95,238.456,-50.46903,30.02608,19.15856,19.05913,0.9299,1.51998,9.3179,12.51387,12.51387,48.21688,3.78434,93.11312
MTD,-6.40444,5.51743,-6.96544,1.04159,35.9,20.82137,-3.10466,1200.634,31.69314,-6.53476,37.32,2241.286,19.91582,-9.59585,20.82137,21.52325,0.62121,19.70814,32.11941,179.30827,179.30827,107.32711,1.82927,179.30827
MAA,0.0,73.121254,52.22258,0.03958,4.71,26.01977,0.0,0.0,0.0,-14.0511,4.72,1312.543,44.23428,-13.27663,25.33128,25.20174,0.03958,3.97535,4.19794,9.13794,9.07837,42.03275,73.121254,72.5112
MTX,-1.21287,5.40381,50.97979,2.40324,2.58,4.06931,8.77551,373.1,17.19434,-30.8311,5.23,507.1,7.99,-31.1784,3.87576,7.83331,1.57577,5.18472,6.37818,5.20501,5.35168,38.72339,2.85688,63.1944
MOD,5.83312,5.66264,11.37812,1.6691,2.9,6.68436,35.41936,209.9,9.13443,79.01235,1.93,389.4,2.06384,79.69484,6.66261,4.39266,0.96214,6.49036,10.20864,29.34356,29.04415,40.80948,1.96951,68.94596
MC,7.09671,17.25997,5.28078,0.85791,-0.36,-3.21919,42.84809,-30.466,-3.56433,42.84809,-0.2,771.765,18.20041,42.84809,-2.88974,-1.60284,0.85791,-2.02279,-3.94186,-6.20178,-6.69978,37.30615,42.84809,59.50527
MHK,1.48263,6.80049,119.69775,1.78143,-6.9,-3.94582,-13.76476,1441.059,12.94157,202.99716,9.3,2818.5,7.01844,202.99716,-3.94712,5.31661,0.80015,3.6752,4.61941,-5.62236,-5.61602,29.23684,2.18734,41.31646
MOH,34.67135,14.57002,72.67241,1.5355,18.77,3.20204,12.92067,1879.0,5.51479,38.52399,19.94,4334.0,4.93184,37.75253,3.20204,3.37678,1.50147,7.84753,17.46993,30.39421,30.39421,37.33274,1.33635,59.57295
TAP,2.43309,15.6278,61.86592,0.69601,4.37,8.17289,27.78153,2271.7,19.41276,314.55896,5.04,4368.8,9.92589,314.55896,8.1088,9.30295,0.42719,3.80168,5.02927,7.33146,7.25912,32.38432,2.83255,47.99436
MCO,0.42373,3.57354,18.18361,1.7364,8.73,27.18053,11.55498,2597.0,43.8979,17.33871,9.13,4229.0,28.90467,16.95779,27.16362,28.27275,1.5724,9.5958,12.9646,55.06253,52.16545,68.08374,2.85522,213.31992
MOGa,0.0,0.0,0.0,0.0,0.0,0.0,0.0,0.0,0.0,0.0,0.0,6209.18,0.0,0.0,0.0,0.0,0.0,0.0,0.0,0.0,0.0,0.0,0.0,0.0
MS,0.0,4424.137,55.49941,1.40514,5.18,9.59519,73.73973,50732.0,52.73926,-15.77236,5.66,46360.0,-69.77605,-17.60812,9.44654,9.57906,0.75171,2.44721,5.243,10.00336,9.17436,82.45213,9.26013,4424.137
MOS,-23.91552,10.42996,37.92066,1.22493,3.5,8.82879,-59.45684,2381.1,17.38524,-65.20875,3.19,2210.6,5.92787,-67.48632,8.50534,7.71641,0.48943,3.57102,5.11143,9.57001,9.82012,24.31761,1.67771,32.13114
MSI,12.64822,6.18216,4.3562,0.99808,9.93,17.17779,16.56729,2737.0,27.43035,25.22068,10.61,4977.0,14.17619,25.38518,17.12768,17.75777,0.60234,11.38145,21.30306,383.10043,383.10043,89.86144,2.39313,383.10043
MOV,2.97516,8.09189,22.92917,3.98251,4.12,12.90375,1.99062,131.163,17.44425,6.45995,4.2,429.128,4.37287,3.19763,12.57192,12.57043,2.51055,9.71308,13.05139,19.28328,19.64764,14.78648,0.67543,17.35228
MLI,-7.56957,9.34632,20.47553,6.4326,5.3,17.8242,-14.85445,778.662,22.7656,-8.93471,5.2,986.834,15.22093,-8.4183,17.62679,16.93934,5.12026,18.46142,21.81866,29.20759,29.22098,1.48509,0.04566,1.50747
MWA,-4.7807,5.7322,4.56464,3.23035,0.55,6.7022,7.58065,200.1,15.68551,14.58333,0.6,379.5,5.00902,11.6188,6.7022,7.35126,1.74634,5.72742,7.39276,12.38413,12.38413,39.88679,2.35932,66.35278
MUR,-12.05669,9.3828,35.10854,0.88855,4.23,21.02577,-21.03941,1995.852,57.87001,-31.10749,4.27,2621.527,8.29359,-31.448,19.182,19.2194,0.7809,6.70754,8.64662,12.80274,13.55601,27.34547,1.04655,37.63767
MUSA,19.52432,62.21928,39.7802,0.94695,25.49,2.89424,-11.11764,1058.5,5.50207,-9.28826,25.91,1354.1,1.74334,-17.25368,2.89424,2.89468,0.52887,12.21155,17.1869,75.77572,75.77572,73.26991,2.14653,274.11026
MYE,-12.9923,6.64208,7.94616,1.55427,1.32,6.01021,-9.71833,97.952,12.04722,-19.5122,1.39,259.086,7.27721,-18.91583,6.01021,6.28184,0.96255,8.66555,12.09111,17.79483,17.79483,24.59244,0.97487,32.61271
VYX,-66.7319,5.62408,0.17532,0.90473,-4.28,-15.30026,-56.30668,530.0,13.83812,52.36143,-1.34,720.0,23.38447,52.36143,-11.04439,-4.91916,0.55739,1.56847,2.34036,-77.87375,-57.03163,90.57018,5.45472,52.36143
NL,-4.36659,9.24254,7.57299,7.16818,-0.05,0.36085,-0.35012,17.646,10.94075,5.1233134,0.02,49.219,6.64367,5.1233134,-1.43099,0.60547,6.08614,1.44044,2.14847,-0.61386,0.14651,0.12747,0.02834,0.12763
NNN,16.55047,21.10468,22.78371,0.12345,2.16,47.31292,0.0,0.0,0.0,14.28571,2.18,799.733,57.32351,17.24732,47.31292,47.63562,0.12345,3.80925,3.86687,9.47571,9.47571,51.19211,55.590492,104.88489
NPKI,-28.4393,3.91962,4.87534,2.62117,0.16,1.9365,21.85101,76.191,10.16422,11.173129,0.32,72.554,12.60562,11.173129,1.9365,3.68841,1.52151,4.12786,5.211,3.46282,3.46282,18.96285,1.27569,23.4002
NRG,-27.82738,7.11767,10.83933,1.0239,-1.12,-0.70083,-36.00623,1644.0,5.70378,191.24652,-1.04,2333.0,5.52077,191.24652,-0.70083,-0.82268,0.44116,1.17108,2.48491,-6.64037,-5.99941,79.05887,6.67336,191.24652
NUS,53.88302,32.75362,16.60541,2.13418,0.17,0.43649,-20.84485,203.386,10.32872,-91.78744,1.85,1422.981,5.99784,-91.79694,0.43649,4.67035,1.03595,4.61022,5.87375,0.99985,0.99985,42.49149,2.9861,73.88731
NVR,39.14212,309.2037,1366.1111,7.42458,463.31,16.42979,-14.5917,1973.029,20.36707,-5.79684,491.52,2544.21,12.78492,-7.76344,16.42979,16.42908,4.00702,19.93962,24.63987,40.43946,40.43946,19.08169,0.52167,23.58142
NBR,6.24319,8.90352,34.76466,1.3556,-5.49,1.66016,28.01283,888.706,29.56459,108.87549,-7.74,1215.601,4.24099,108.87549,-0.39202,-2.35832,1.16807,3.04027,3.69215,-3.3883,3.99795,71.2333,3.56955,108.87549
NBHC,0.0,50.531017,32.09758,0.95184,3.72,25.39601,74.03717,242.62,43.37674,70.6422,3.76,417.648,-3.14726,99.29848,25.39601,25.50308,0.94904,1.40061,8.42303,12.32516,12.32516,26.88384,1.83799,36.76867
NFG,-54.75554,7.64169,32.2741,0.51398,5.17,21.93727,2.47125,1164.72,53.58062,-15.93496,5.2,1257.42,-35.38873,-15.75118,21.93727,21.9478,0.28856,5.83521,9.00334,18.91098,18.91098,47.78045,2.328,91.49916
NSA,1.91385,49.57567,13.14363,0.28164,1.48,27.37796,0.0,0.0,0.0,49.49495,1.59,650.271,41.22221,51.02519,18.09913,15.95224,0.28164,3.56266,3.63154,12.512,10.49814,63.39957,51.675385,173.22086
NGVC,0.0,35.207863,7.51313,0.9904,1.02,2.03784,4.32993,60.575,5.31095,8.51064,1.02,377.273,1.87297,8.79008,2.03784,2.03228,0.18918,2.97129,3.63108,14.231,14.231,68.42237,6.11107,216.67984
NNI,-14.05322,0.15509,88.02668,10.16795,2.45,2.57643,40.44319,1050.508,49.72101,-77.37766,3.53,951.334,111.26656,-77.52972,4.33225,6.11984,10.16795,3.36254,3.68866,2.83312,1.69532,78.61267,11.27329,98.40453
NJR,-51.26427,12.1815,20.40022,0.65965,2.71,13.48573,4.52043,559.941,28.52485,-4.91228,2.73,620.947,-5.00766,-3.70942,13.48573,13.494,0.13211,3.97495,4.97585,13.90377,13.90377,62.29527,5.87395,165.21873
NYT,11.47182,10.54801,10.71592,1.27813,1.4,9.59346,12.18382,380.136,15.66827,34.61539,1.48,1150.091,13.5603,33.62871,9.57842,10.0483,1.13489,7.00271,10.54531,13.82768,13.84114,2.9174,0.13939,3.00507
NEU,-4.26273,7.1683,112.31085,2.85468,40.44,14.41081,29.76484,540.551,20.03214,45.62478,40.44,772.513,16.63099,39.10953,14.41081,14.36161,1.49462,12.8042,16.4649,42.28005,42.28005,40.60586,1.36223,68.36679
NEM,100.54645,21.47636,25.19705,1.25242,-3.0,-21.11412,-7.77754,4328.0,36.6407,367.24792,-0.92,3580.0,5.60341,367.24792,-21.11412,-6.55029,0.71074,0.91368,1.33541,-10.42145,-10.23431,24.41966,2.18022,32.30954
NEE,-17.01541,7.06559,23.13255,0.54933,3.6,22.34474,87.74464,16116.0,57.32375,71.42857,3.63,17976.0,-5.8952,76.272,26.00128,26.16043,0.28513,3.80361,5.18829,16.86333,11.58399,55.36431,4.54275,126.73279
NI,-17.26653,5.78329,17.39788,0.85457,1.48,12.24979,11.02323,2203.7,40.02797,-12.94118,1.59,2488.5,-29.32802,-11.16777,12.97453,12.01727,0.59697,2.80102,3.71823,10.34288,7.47751,58.28391,6.42647,139.71568
NIC,0.0,22.314072,69.76011,0.94384,4.08,14.68744,-18.32672,137.167,32.74973,-37.80488,4.18,272.498,-14.89483,-34.73796,14.68744,14.71364,0.94309,0.99497,6.25016,6.11632,6.11632,14.644,1.29956,17.15638
NKE,-11.48489,11.64287,9.14099,2.72277,3.23,9.89906,-10.47078,6618.0,12.92149,-13.86667,3.35,22292.0,5.88672,-16.1429,9.89906,10.1487,1.59961,9.49719,13.67795,34.62524,34.62524,46.44332,1.835,86.71808
NINE,-15.9845,6.29266,-1.00863,2.21902,-0.97,-5.28493,-22.78109,65.355,10.72227,14.81269,-0.68,118.776,7.72434,14.81269,-5.28493,-3.71301,1.44741,3.72488,4.50705,14.81269,14.81269,110.77451,5.60505,14.81269
NOAH,-18.10951,2.50397,22.28084,3.76322,2.05,30.38252,-1.49463,159.229,34.26844,-0.96618,2.05,259.19742,28.29954,0.55018,30.63992,30.65126,3.60946,4.8911,5.91901,10.10507,9.91367,1.30943,0.12254,1.3268
NE,15.22613,5.01251,27.85486,1.65464,3.32,18.61331,123.70244,940.926,36.34297,91.90751,3.93,1009.434,11.45982,185.23688,18.61331,21.00539,1.49707,7.16021,8.68076,12.80237,12.80237,13.49772,0.65028,15.60389
NAT,-15.75409,9.5608,2.57813,1.54531,0.47,25.2015,107.03604,179.287,45.77303,571.4286,0.47,202.177,13.2565,553.67194,25.2015,25.05422,1.00494,9.08785,9.47922,18.30887,18.30887,35.90848,1.68219,56.02689
JWN,0.0,313.22815,4.61587,1.07324,1.51,1.57759,-0.09033,1106.0,7.1217,37.27273,1.71,5511.0,3.75402,37.64045,1.57759,1.76285,0.3184,3.56251,5.91367,37.12121,37.12121,86.26139,4.1953,313.22815
NSC,-1.45251,13.68149,56.63304,1.24278,8.02,15.02962,-12.29426,5222.0,42.95821,-42.21902,11.77,5265.0,12.30771,-44.12844,15.02962,21.96951,1.03154,6.09037,8.20989,14.32155,14.32155,58.61879,3.46706,141.65558
NOC,-4.63037,5.36712,98.56171,1.14771,13.53,5.23288,-21.60631,3875.0,9.86256,-57.00667,12.85,6551.0,3.9832,-58.00654,5.23288,4.95489,0.98443,3.51194,5.18559,13.65795,13.65795,52.03126,4.14142,108.46908
NWN,-21.06119,5.25575,34.1165,0.86305,2.59,7.83883,9.26794,310.522,25.9314,1.9685,2.59,423.872,-6.15701,8.76563,7.83883,7.83245,0.35967,2.40423,3.9313,7.63378,7.63378,57.62097,5.62144,135.96574
NCLH,-14.09897,28.19231,0.70687,0.21746,0.39,1.94362,257.01007,1739.479,20.34496,257.01007,0.41,3081.337,-16.24573,257.01007,1.94362,2.03527,0.11305,3.05813,3.96531,89.97233,89.97233,97.9983,8.46621,257.01007
NOV,9.07591,3.38714,15.65697,2.39836,2.5,11.47617,37.71676,953.0,11.10334,541.02563,1.44,1843.0,-2.00542,540.64514,11.56938,6.5935,1.42095,3.79742,5.04839,17.63139,17.31716,27.57861,2.49423,38.08074
NUE,-17.75867,10.60871,85.50618,3.5664,18.0,14.15239,-36.04058,7398.657,21.31349,-37.47829,18.05,7842.0,10.22858,-40.52057,13.0347,12.98746,2.27014,11.48328,14.04765,22.9946,23.56613,23.9028,0.93926,31.41087
OI,-11.71053,9.96366,10.43085,1.22933,-0.67,-1.19231,25.19531,1282.0,17.98289,146.13313,2.32,1496.0,1.91647,146.13313,-1.4448,5.03283,0.67519,5.71276,7.98985,-6.80767,-5.1956,74.7904,4.03588,296.67432
OFG,0.0,61.493004,25.35812,0.8424,3.83,23.39909,5.8295,413.551,53.2062,11.33721,3.85,628.613,98.23439,9.40393,23.39909,23.40826,0.83193,2.28146,19.19738,16.26845,16.26845,15.85013,0.54358,18.83559
OGE,-13.19766,8.82899,22.52421,0.65426,2.07,15.58539,4.17867,1156.8,43.25618,-37.6506,2.08,1260.0,-1.34007,-37.38921,15.58539,15.57881,0.23889,3.20796,4.42226,9.34006,9.34006,51.91115,4.21006,107.9484
OGS,0.0,74.92209,48.91375,0.518,4.14,9.74844,13.65475,657.42,27.71597,1.47059,4.16,729.081,9.72569,4.27975,9.74844,9.75114,0.26215,3.0358,4.04186,8.6437,8.6437,52.60251,4.66918,110.98162
OKE,11.27122,10.92086,28.26993,0.90035,5.48,15.04215,26.61834,4213.0,23.83323,42.70833,4.17,5748.0,6.93367,54.39366,15.04215,11.42463,0.59183,6.27139,7.36333,23.14399,23.14399,56.90232,5.16592,132.03107
OUT,-8.84311,6.03747,3.76682,0.67049,-2.7253,-23.60211,-3.55687,425.7,23.3824,60.84974,-0.06147,857.5,9.81613,60.84974,-23.64056,-0.54345,0.5457,2.83097,3.08144,-46.97664,-41.33122,85.59932,10.1945,60.84974
OXY,-25.36791,7.55939,24.97319,0.9155,3.9,16.61889,-34.30153,14363.0,50.82988,-68.54839,3.92,16974.0,22.0233,-64.70235,16.61889,12.33558,0.51607,6.23905,8.95848,22.21066,15.54092,40.79399,1.45589,68.90178
OII,17.53839,4.6307,6.23011,1.78253,0.95,4.01711,23.48942,286.288,11.80712,265.3846,0.99,398.971,4.25784,275.47897,4.01711,4.11143,1.40264,5.30734,7.86757,16.9727,16.79526,57.23573,2.96435,133.84006
OIS,-6.67099,3.80671,11.20446,3.10293,0.2,1.64787,28.67601,81.21,10.38115,16.57262,0.23,175.395,0.71378,16.57262,1.64787,1.84316,1.59167,1.20992,1.46769,1.84275,1.84275,18.52739,1.98689,22.74063
ODC,14.71277,7.44383,12.40723,2.32281,1.605,7.13838,136.97314,56.729,13.73514,301.25,2.63,104.127,5.66364,420.81424,7.15484,8.63972,1.54916,9.57365,12.37161,18.03023,18.00901,19.35879,0.74934,24.00608
ORI,8.48391,0.92648,23.0276,11.22501,2.1,8.24722,-9.53381,861.6,11.87071,-7.07965,2.15,4661.7,-1.13975,-12.79138,8.24722,8.37502,11.22501,2.00491,6.39056,9.51904,9.51904,22.03182,2.10248,28.25745
OLN,-7.45604,8.32075,18.57238,1.29119,3.57,6.61496,-47.61699,1211.2,17.72574,-60.06711,3.87,1159.1,10.83291,-65.31766,6.73496,7.13059,0.69382,5.96862,8.72498,19.27136,18.78676,57.12747,2.49546,133.24957
OHI,17.13481,0.71338,14.57337,5.15191,1.0,26.21229,0.0,0.0,0.0,-44.44444,1.03,890.159,20.24056,-43.27367,25.51525,26.09764,5.15191,2.67544,2.75763,6.74225,6.57706,57.54212,50.308006,135.52756
OMC,6.9494,1.75357,18.26414,0.94695,6.91,10.02709,1.11337,2443.0,16.62787,8.6478,7.5,2771.7,8.39544,5.68933,9.47033,10.17887,0.80585,5.06816,12.55468,40.51599,33.48562,59.15937,2.75104,159.06842
OMF,6.92426,0.30259,26.60387,224.51364,5.32,12.09662,-8.77342,2142.0,40.42272,-24.64589,5.49,2370.0,-5.6756,-26.99317,12.09662,12.47211,224.51364,5.03182,5.27798,20.62751,20.62751,86.25065,9.33053,224.51364
ONIT,0.0,75.407684,52.29047,8.86827,-8.34,-5.51611,31.7738,323.9,28.04815,75.407684,-8.47,1009.3,-26.16254,75.407684,-5.51611,-5.6007,8.14588,1.56445,1.65577,-14.83984,-14.83984,96.60401,35.28805,75.407684
ONTO,-6.14719,3.48698,35.3774,8.68681,2.46,14.85032,-37.1797,196.495,24.08417,-45.21158,2.66,420.254,17.15202,-45.74986,14.85032,15.96617,6.25731,4.36228,4.78896,7.27035,7.27035,1.11164,0.09935,1.12414
KAR,-3.45112,0.62795,12.28237,1.14648,-1.83,-9.40976,47.92703,356.8,21.68865,64.187675,0.09,828.1,13.03796,64.187675,-9.36721,0.59686,1.10243,3.24113,3.79635,-10.8811,-7.60632,51.64186,5.80493,106.79041
OPY,-3.96535,0.88379,76.71488,1.35014,2.59,2.42404,79.58964,138.293,11.07385,0.77821,4.02,1063.912,-34.76874,-6.71386,2.41659,3.45595,0.89572,2.87091,5.19724,3.81193,3.76129,55.08614,6.99955,122.6484
ORCL,16.15992,7.76407,0.3955,0.90966,3.07,17.35196,3.97403,19701.0,39.43828,27.38589,3.3,36390.0,18.63314,26.58925,17.02166,17.80999,0.77523,6.97274,9.95766,2686.2734,2686.2734,98.39399,4.83884,2686.2734
ORC,0.0,8.735323,9.10111,0.05785,-0.89,-28.84562,8.735323,117.455,86.37286,8.735323,-0.89,-23.799,-41.25232,8.735323,-28.84562,-29.22184,0.05785,1.80574,1.83689,-8.63336,-8.63336,88.74543,31.54952,8.735323
ORA,62.01463,4.91479,38.36092,1.20296,2.08,16.05174,3.42752,402.513,48.52922,77.77778,2.03,257.718,-47.08385,88.9385,14.99824,14.54392,1.00743,2.18374,2.47907,5.94784,5.94076,46.31647,5.25487,86.65151
OSK,23.18584,5.10595,56.59193,1.45029,9.08,6.19182,111.14844,1005.7,10.41324,245.24715,9.55,1680.8,2.37759,243.8758,6.19182,6.46515,0.73055,6.38265,12.23826,17.35597,17.35597,22.05604,1.04256,28.2973
OVV,-10.63257,7.7349,38.1671,0.59602,7.9,19.15832,-4.01284,4784.0,43.95847,-43.89205,8.25,4965.0,5.80378,-42.67253,19.15832,19.70206,0.47937,10.48712,12.57055,23.09098,23.09098,39.18959,1.39695,64.44552
OMI,-21.64252,15.17744,12.07334,1.11148,-0.54,-0.39966,22.33108,515.442,4.98784,137.10698,0.55,2125.161,6.49902,137.10698,-0.39966,0.40335,0.46048,2.72034,4.04191,-4.41776,-4.41776,72.24528,4.66706,260.29913
OC,2.70552,9.93532,59.24312,1.68546,13.14,12.3282,3.36022,2307.0,23.84003,3.46457,14.5,2785.0,12.33983,-3.62611,12.3592,13.50057,1.12306,10.41998,14.03093,24.556,24.27017,38.59029,1.41916,63.14368
PBF,-6.44098,27.19228,53.87119,1.56418,16.52,5.64126,-48.90526,2268.3,5.91862,-27.67075,11.48,2958.6,0.38066,-25.59441,5.58516,3.74293,0.74598,9.05881,15.45647,37.49507,36.99743,23.56291,0.9012,30.82654
PCG,24.24789,3.02046,11.73604,0.83072,1.05,9.2353,15.28158,8434.0,34.52595,25.0,1.34,8307.0,-24.44531,24.36604,9.2353,11.32209,0.65773,2.40237,3.67705,9.42691,9.32868,69.53689,6.84527,228.26585
PJT,-4.72863,6.40337,10.11656,3.06073,3.12,12.63305,-11.92101,191.792,16.63155,-11.11111,3.24,1108.335,36.29996,-9.64831,7.09333,7.09569,3.06073,8.93863,10.64622,38.06597,17.97742,27.74039,1.72374,38.3899
PNC,0.0,1396.3593,112.71541,0.79623,12.79,17.71219,-1.01459,10927.0,34.27326,-7.72006,12.8,20748.0,-11.37123,-7.66429,17.49577,16.09937,0.79457,1.10482,5.31527,13.1414,11.64894,59.37192,6.83948,146.1352
PPG,2.01841,6.4,33.29776,1.47032,5.35,7.17025,25.59367,2856.0,15.64417,23.55658,7.2,6609.0,10.16584,23.78168,6.95662,9.30763,0.96498,6.7762,9.82488,17.60954,17.77084,46.12905,2.40546,85.62882
PPL,-4.83425,5.87757,18.90169,0.87784,1.0,8.9103,10.45378,3286.0,39.56653,4.16667,1.61,3407.0,-4.35581,-2.1164,8.9103,14.28812,0.60808,3.29558,4.39158,5.31457,5.31399,52.97354,4.77632,112.64624
PRG,5.20451,36.37861,13.53966,4.35648,2.98,5.76507,-7.36584,1849.328,76.79092,56.84211,3.27,831.961,72.61749,40.65384,5.76507,6.25061,3.97902,10.09805,12.6466,23.90066,23.90066,50.69962,0.32883,102.83817
PVH,23.9533,10.81455,79.93589,1.29373,3.03,2.2207,-11.96595,1096.2,12.14734,-77.13208,10.0,5122.9,-2.45631,-78.95621,2.2207,7.28042,0.54078,4.1832,5.58362,3.8907,3.8907,43.38043,3.50356,76.61739
PKG,0.13569,7.5568,44.60028,2.57123,8.48,9.80724,-15.13516,1651.3,21.164,-23.11877,8.73,1713.9,9.41697,-25.69431,9.80724,9.96928,1.72158,8.49421,10.39749,19.96764,19.96764,44.25354,1.92164,79.38358
PARR,45.22372,26.54896,22.34795,1.30493,11.94,8.85139,50.61515,783.25,9.51475,96.38158,10.52,1393.846,-2.17865,100.07249,8.85139,7.67215,0.43845,11.99482,22.12801,73.60165,73.60165,43.31552,1.30286,76.41513
PGRE,1.40643,1.11858,14.73683,0.80055,-1.2,-95.17417,0.0,0.0,0.0,4.600205,-1.2,177.703,7.32419,4.600205,-66.57883,-66.72299,0.80055,-1.64713,-1.68711,-7.6445,-8.81363,48.64803,4.600205,94.7345
PKE,19.78655,5.89863,5.66333,4.3742,0.52,19.852,-13.38644,11.09,20.51614,26.82927,0.52,16.473,47.08214,26.78403,19.852,19.68699,4.03796,3.88561,4.93799,8.53136,8.53136,0.15674,0.01641,0.15699
PK,575.969,5.48851,18.16294,2.65561,0.44,3.85876,0.0,0.0,0.0,-38.02817,0.44,804.0,-5.06007,-40.12346,3.53113,3.42774,2.5624,1.01828,1.10651,2.37949,2.6306,55.57128,66.30914,125.07962
PH,24.51223,7.16595,80.40681,0.8835,16.04,10.92848,21.31647,4240.058,22.23978,58.96928,18.83,6568.302,6.321,58.32533,10.92533,12.67844,0.48398,7.65075,9.78427,21.72565,21.70554,55.51667,3.043,124.80331
BTU,-22.57987,13.3948,27.56022,2.06302,5.0,16.49585,-7.77875,1468.9,29.69454,-39.68637,5.83,1561.6,12.83179,-41.43859,15.35569,16.21703,1.38815,11.8488,17.89419,22.4245,23.64429,9.96331,0.27177,11.06584
PEB,-2.97406,31.84813,22.99027,0.35149,-0.93,-5.23089,0.0,0.0,0.0,25.423111,-1.09,354.274,12.10554,25.423111,-5.49435,-9.35077,0.35149,-0.1981,-0.20837,-2.70918,-2.50303,48.49546,25.423111,94.15766
PFSI,3.3643,0.3669,70.5196,2.37555,2.74,7.09295,-0.19776,1033.036,50.6531,-67.76471,5.4,2058.524,-32.12417,-69.57858,7.09295,13.23315,1.43317,3.43391,5.37755,4.12734,4.12734,71.01341,8.39189,244.98708
PMT,-36.95266,0.42845,16.34198,0.36933,1.63,17.13786,107.04298,980.363,84.1522,98.69394,1.8,603.764,136.9384,98.69394,17.13786,13.49968,0.36933,4.53277,4.74456,14.0753,10.18668,84.29568,10.71544,98.69394
PAG,22.9293,29.21625,70.42363,1.00385,15.5,3.58515,-5.07089,1533.2,5.19247,-16.44205,16.1,4933.8,-1.56071,-23.68116,3.56686,3.70578,0.21404,5.84249,7.31075,23.73622,23.70779,62.19774,5.10344,164.53444
PNR,9.07053,6.77087,19.45807,1.65228,3.75,15.17603,9.48328,900.5,21.93934,28.42466,4.02,1519.2,10.36728,29.48638,15.17115,16.17011,0.84541,7.54854,9.42737,21.02545,21.02545,39.4223,2.32493,65.07724
PFGC,0.0,362.24924,24.24272,1.70879,2.54,0.74445,51.54148,1273.1,2.38611,243.24324,2.64,6254.9,0.90732,253.06667,0.74445,0.76298,0.69058,3.90119,5.7814,11.27608,11.27608,55.88287,3.72665,126.66934
PR,77.27487,8.50631,11.71633,0.52385,1.24,28.18754,45.67668,2235.885,71.64248,-22.98137,1.65,2417.077,13.39074,-7.52004,15.26185,18.46271,0.44696,6.50961,7.26343,10.2743,11.81916,29.84067,1.75575,42.53272
PRGO,3.99404,6.19208,35.18745,1.78585,-0.03,-0.09432,16.95268,674.7,14.46364,118.00669,1.04,1680.4,11.18537,118.00669,-0.27225,3.01646,0.97598,1.80515,2.16543,-0.09157,-0.09157,47.18998,6.31466,89.358
PFE,2.05442,5.60315,15.76585,0.90666,0.37,3.50345,-67.93543,13824.0,22.29821,-93.23583,1.72,41765.0,3.81335,-93.24557,3.41796,15.65578,0.49937,2.22265,3.14657,2.31,2.34551,45.66543,5.42839,84.04489
PM,-10.1039,9.6441,-7.23062,0.74878,5.02,23.45266,2.9129,14238.0,40.38691,-13.59725,5.78,22335.0,22.02091,-13.64943,22.16202,25.44551,0.28568,12.63929,20.96888,1754.6403,1754.6403,124.14869,3.41073,1754.6403
PSX,10.38223,14.75466,71.04643,1.25763,15.48,4.91116,-9.84088,10142.0,6.88064,-33.47658,15.75,19313.0,1.71516,-36.36611,4.75919,4.80983,0.94936,6.6933,9.73355,23.35336,22.01776,39.32248,2.02238,64.80569
PDM,8.4698,3.15659,13.91435,0.38287,-0.39,-8.3171,0.0,0.0,0.0,26.480562,-0.2,342.665,37.80252,26.480562,-8.31882,-4.25196,0.38287,1.24595,1.33306,-2.71145,-2.70851,54.38939,26.480562,119.24721
PNW,10.90837,7.49436,54.46475,0.66692,4.41,11.04732,8.99444,1618.683,34.46947,3.52113,4.38,1844.609,-17.93473,3.71276,10.68054,10.58085,0.2298,2.17539,3.25944,8.20455,8.33736,62.11213,6.36517,163.93668
PIPR,-29.75328,4.38586,71.41434,1.68161,4.96,7.28754,3.9559,198.299,14.60107,-23.92638,7.46,1196.882,10.70788,-22.75422,6.29484,8.2163,0.99561,4.65372,6.44365,7.99142,7.75195,17.34579,1.37523,20.98597
PBI,-0.30346,3.60067,-2.08984,0.97776,-2.2,-11.80606,-13.67557,254.727,7.79853,73.169,0.01,1030.61,2.71715,73.169,-11.80606,0.05377,0.8836,1.30756,2.45117,73.169,73.169,116.99258,9.96211,73.169
PLNT,-9.41136,24.31185,-1.33298,1.87729,1.62,13.72458,21.83384,437.604,40.84695,37.28814,1.73,597.311,15.60024,39.14509,12.91045,13.70919,1.8036,6.18512,8.10794,65.503136,65.503136,105.21831,5.4827,65.503136
PLYM,0.0,23.327744,10.67441,0.28746,0.2,6.90875,0.0,0.0,0.0,23.327744,0.2,137.306,47.17629,23.327744,6.8352,4.35881,0.28746,1.24489,1.31124,2.86371,2.73009,64.27268,23.327744,179.89787
PII,-10.67055,27.51586,25.10443,1.39192,8.71,5.62657,-10.78759,882.4,9.87643,-13.24701,8.93,2040.3,4.68596,12.45806,5.62769,5.70719,0.35329,7.26067,11.51712,39.94598,39.50181,58.92483,2.32661,143.45609
POR,4.0201,7.19951,32.80941,0.84083,2.33,7.80021,4.91401,854.0,29.21656,-10.38462,2.38,1359.0,-33.72391,-2.14592,7.80021,7.95993,0.3768,2.28458,3.40464,7.47786,7.47786,57.32836,5.22131,134.3477
POST,-9.77671,14.78638,63.61093,1.83596,4.82,4.47576,32.58236,1094.6,15.65727,-58.97872,6.17,1881.7,3.97154,-60.17711,4.30983,5.29538,0.78182,3.7574,4.36643,8.49199,8.42987,61.80706,5.69386,161.82848
PBH,19.88038,7.36486,29.12107,2.4375,-1.65,-7.29841,3.17924,380.427,33.73402,58.170704,3.99,632.842,14.65178,58.170704,-7.29841,17.65121,1.40314,6.18917,7.371,-5.44227,-5.44227,48.57875,3.59357,94.47213
PRI,-23.90938,0.74988,59.03438,6.89564,15.94,20.47822,32.12747,810.462,28.78389,63.65503,15.97,1861.348,60.3395,54.57975,20.47822,20.39243,6.86675,3.20256,12.29283,30.44785,30.44785,49.71038,2.51976,98.84819
PRMB,-39.12682,9.15896,9.03744,2.03215,0.4,3.60086,-8.92031,354.3,19.99661,122.22222,0.44,1352.0,8.2515,704.3919,13.43831,3.95975,1.55809,2.79903,3.42111,4.68394,4.68394,49.88352,4.04911,99.53514
PRIM,6.03499,6.6262,23.16254,1.41212,2.33,2.20714,33.2771,365.799,6.40034,-5.66802,2.44,587.491,1.58868,-5.16911,2.20714,2.27537,0.83244,4.38784,6.4562,10.75896,10.75896,51.60606,3.60345,106.63745
PRA,1.29353,1.61715,21.81636,47.15961,-0.73,-2.86863,37.47984,27.276,2.4172,21.132648,-0.11,204.898,2.03496,21.132648,-3.42109,-0.51316,47.15961,0.21925,0.79957,-3.48412,-2.92148,28.5494,16.28949,39.95683
PUMP,9.76589,7.19923,9.11915,1.14627,0.76,5.25233,28.80612,387.244,23.75149,3700.0,0.83,498.598,-8.33273,4118.424,5.25233,5.75278,1.02568,9.15975,12.08658,8.77207,8.77207,12.95396,0.38368,14.88173
PG,6.3776,15.45242,19.80382,0.6334,5.9,17.97186,1.43275,21168.0,25.81275,1.54905,6.18,39406.0,15.08335,-0.60372,17.86821,17.84684,0.38363,9.69072,14.27126,31.36311,31.38449,42.94391,1.67347,75.26612
PGR,4.94246,3.72854,33.8001,4.24114,6.58,6.28585,216.83846,5471.8,8.81378,457.6271,6.61,5521.0,5.96726,440.87317,6.28585,6.22752,4.24114,3.93841,12.99277,22.18514,21.57924,25.84144,1.29131,34.84621
PLD,-13.8356,23.95336,57.46246,0.58058,3.29,38.59963,0.0,0.0,0.0,-22.58824,3.3,6320.361,55.32235,-9.08336,36.29858,36.1935,0.47233,2.41057,2.56842,5.75629,5.62406,33.85662,288.33606,51.18672
PB,0.0,82.42333,75.53541,0.68243,4.51,26.2432,-9.46078,727.211,45.51304,-21.29145,4.64,1091.158,-200.22728,-20.05659,26.2432,26.97854,0.68219,1.14158,4.31216,6.08644,6.08644,36.54653,5.6069,57.59579
PRLB,-4.43031,6.76014,27.03114,4.03897,0.66,3.4175,1.09206,65.91,13.08057,16.912369,0.78,221.993,9.33596,16.912369,3.4175,4.05374,3.58042,2.25323,2.4988,2.47246,2.47246,0.78256,0.0832,0.78873
PFS,0.0,38.273293,22.38103,0.95585,1.71,18.4573,-14.1419,270.611,38.90051,-27.23404,1.8,451.115,-100.66966,-26.90039,18.4573,19.36597,0.95483,1.15611,4.80164,7.80939,7.80939,54.69227,7.54133,120.71287
PRU,0.0,868.8328,77.44644,2.62577,6.74,4.65246,868.8328,0.0,0.0,868.8328,7.15,16200.0,27.91776,868.8328,4.61536,4.82131,2.57386,0.43638,6.02189,11.29113,10.67348,47.76776,868.8328,93.09025
PEG,-23.83054,5.62976,31.07831,0.667,5.13,22.80858,95.44539,4849.0,43.15209,149.02913,5.67,4827.0,0.7987,148.5936,22.80858,25.12824,0.35654,4.66775,6.62212,17.55119,17.55119,56.90059,4.21386,132.02171
PSA,0.0,169.77235,32.23741,0.49399,11.06,46.643,0.0,0.0,0.0,-52.93617,11.11,3382.89,51.47524,-50.60349,46.38836,42.095,0.49399,8.05003,8.26798,37.73437,21.30953,47.56618,169.77235,90.71659
PHM,0.0,368.11588,48.84905,6.52548,11.72,16.20247,0.11886,3453.617,21.50235,6.44868,11.79,4718.147,9.26238,-0.57101,16.20247,16.14602,0.88535,13.65125,17.15695,26.97128,26.97128,19.73771,0.73934,24.5915
PSTG,12.9757,4.76936,3.09539,1.41431,0.23,2.65381,109.68468,198.561,7.2114,109.68468,0.27,1897.646,15.79199,109.68468,2.65381,2.93666,1.25421,1.77916,3.52411,8.61905,8.61905,44.70218,3.83199,80.83896
PRSU,4.61376,9.89393,2.06952,1.02603,0.34,1.95967,0.0,141.262,11.40424,-34.61539,0.41,53.44,2.58485,-31.02067,1.29307,0.6903,0.81689,5.3005,7.09109,58.10258,9.6262,68.09398,4.07837,217.22923
QGEN,19.00887,5.38121,17.6934,1.98978,1.56937,17.36636,-17.19424,633.002,32.20875,-19.56522,1.73903,1297.886,14.3848,-19.35394,17.36636,19.03818,1.53906,4.57198,5.23089,9.38371,9.38371,29.73165,2.54521,42.31158
QUAD,-15.13688,8.58798,2.34314,0.74317,-1.14,-1.87308,-3.17195,232.0,7.84393,39.67038,0.12,576.5,4.54238,39.67038,-1.87308,0.19637,0.46674,4.01682,8.04842,-37.8933,-37.8933,83.95542,2.69526,39.67038
KWR,-5.90795,4.25634,76.94081,2.5248,6.26,5.77849,19.25623,304.07,15.56689,58.756657,7.12,705.644,13.0402,58.756657,5.77214,6.52179,1.74003,5.01467,6.24633,8.47017,8.47544,36.29294,2.5947,56.96848
NX,1.53408,11.74083,16.52643,2.03174,2.5,7.29721,5.41978,159.595,14.11617,-6.01504,2.66,277.524,7.70484,-6.60546,7.29721,7.72155,1.21847,9.37878,12.01449,16.33054,16.33054,17.58244,0.72925,21.33336
PWR,22.48613,3.948,43.10552,1.47261,5.0,3.59487,14.31211,1749.572,8.37829,50.60241,5.25,2937.086,4.42902,51.60946,3.56614,3.65103,1.36542,4.77993,7.05576,12.7781,12.85187,41.53415,2.55131,71.04003
DGX,1.25523,7.69397,56.81982,1.30689,7.49,9.81409,-8.95219,1790.0,19.34717,-6.02259,8.21,3069.0,7.67942,-9.72516,9.23044,9.93861,1.04463,6.28746,7.53368,14.0,14.61569,45.55018,2.99944,84.65784
RBC,-2.89177,5.93095,87.37252,2.9528,4.94,11.34554,78.91728,420.69,28.632,216.66667,5.44,601.7,11.16254,204.6975,11.34554,10.64971,1.00065,4.0032,4.66461,6.79235,6.79229,37.01349,3.54228,58.76415
REVG,5.34884,11.95017,8.3689,1.6748,0.77,1.71721,57.39232,135.2,5.1251,208.0,1.16,316.1,1.6812,198.02632,1.71721,2.57865,0.44472,4.94555,9.78808,9.49387,9.49387,27.3417,1.3861,37.63052
REX,-2.55219,33.54059,25.7609,6.82511,1.57,4.43708,-49.77788,43.751,5.11708,-40.75472,1.22,48.602,3.10613,-47.10679,3.23942,2.51677,5.69245,2.85137,3.14458,6.30356,7.59837,2.85821,0.34365,2.94231
RH,3.19267,61.02258,35.5936,2.83605,19.9,14.72345,-20.05603,784.706,21.8552,-10.07682,28.34,1811.985,2.16243,-23.22343,14.72345,18.56694,1.81441,8.39542,9.96669,54.08274,54.08274,82.69451,4.77824,129.65504
RLJ,-32.09354,41.60514,12.68481,1.0133,0.32,5.6933,0.0,0.0,0.0,220.0,0.33,390.877,20.02885,82.2421,5.67755,3.82367,1.0133,2.17882,2.28022,3.80346,3.20611,49.92092,39.751705,99.68419
RPM,4.18575,4.77067,16.62582,2.13588,3.72,6.61113,25.41569,1000.451,13.78713,-1.84697,4.28,2748.044,3.63826,-2.60234,6.5968,7.52066,1.1894,7.86295,10.4339,23.219,23.24938,58.56474,3.02756,141.34032
RTX,11.31189,3.40774,45.06571,1.03541,2.23,4.54784,9.4032,10064.0,13.54126,-36.46724,4.05,12089.0,9.21106,-38.52222,4.29892,7.77075,0.63224,2.40816,3.59074,4.82519,4.98308,42.59194,4.52971,74.23384
RDN,2.95531,8.40413,28.71023,2.48342,3.77,48.61558,-16.52406,887.467,71.536,-13.33333,3.86,1220.045,37.5815,-18.8193,48.61558,49.20412,1.39009,7.39361,9.40918,14.50305,14.50305,26.4551,1.78255,35.97135
RL,10.43414,15.10632,37.05031,2.22571,7.58,8.11193,-6.6277,990.4,15.37029,-6.07187,8.22,4181.2,1.97463,-12.89785,8.11193,8.63638,1.4375,6.63058,8.56183,21.04903,21.04903,54.24855,2.90983,118.57231
RRC,-42.90219,8.93035,15.6221,1.49227,3.57,25.81607,-18.14465,1720.971,51.00053,-23.8806,3.95,1145.308,3.17921,-26.38465,25.81607,27.74092,0.84832,11.97126,15.95905,26.23307,26.23307,32.36462,1.04701,47.85162
RNGR,-12.7011,5.75588,11.61588,1.96232,0.95,3.73861,6.74931,77.5,12.17405,46.15385,1.19,104.9,7.3221,57.61589,3.73861,4.59849,1.72174,6.18747,7.55627,8.84758,8.84758,11.0893,0.43742,12.47241
RJF,0.04515,0.27928,48.54648,1.02393,7.97,13.37746,13.69193,2790.0,21.47475,14.18338,8.32,10762.0,-9.98692,15.24188,13.38516,13.56355,1.00169,2.05965,11.27151,17.86063,17.71752,30.87936,1.63118,44.67459
RYN,-32.64375,29.6933,12.54584,2.25952,1.17,16.88802,24.97592,380.123,35.96472,60.27397,1.06,296.665,19.80265,62.02639,16.41476,14.84766,1.76697,3.72955,3.95155,9.31273,9.04751,42.7254,3.84495,77.84147
RMAX,2.79538,9.87705,22.50041,1.18247,-3.81,-30.24095,-25.9498,74.202,22.78434,21.845097,-0.42,241.81,25.2222,21.845097,-21.19378,-2.33568,1.07753,4.10529,5.59863,-15.47173,21.845097,118.64615,6.52245,21.845097
O,65.41635,2.05271,43.77836,0.85678,1.26,21.36039,0.0,0.0,0.0,-11.26761,1.28,3764.575,42.14816,0.33368,21.24822,21.58516,0.84686,1.93291,2.02551,2.82966,2.83103,39.91112,177.88802,66.42014
RWT,12.04987,0.05983,8.63776,8.04142,-0.11,-0.31389,3.81842,576.43,79.56663,36.03326,-0.1,136.861,-193.35857,36.03326,-0.31389,-1.6051,8.04142,2.56036,2.59948,-0.20489,-0.19889,91.57095,22.66663,36.03326
RRX,15.57562,7.27248,95.6908,2.55127,-0.87,-0.8687,16.05449,1235.4,19.76419,167.40926,3.33,2112.7,7.55035,167.40926,-0.9183,3.53207,1.12756,3.61183,4.32227,-0.90163,-0.84925,50.71697,5.30217,102.90962
RM,4.54106,0.36492,33.02316,3.55125,1.66,2.89409,-9.17758,97.546,17.69064,-68.67925,1.81,314.193,-4.10821,-68.84663,2.89409,3.08495,3.5312,3.16969,3.23798,5.05876,5.05876,81.62729,14.67833,19.513195
RF,0.0,482.12427,17.09776,0.81336,2.11,22.65924,0.56643,3906.0,42.67453,-7.45614,2.11,7023.0,-29.59412,-7.61693,22.65924,21.57719,0.81012,1.58825,12.47254,13.79999,12.40282,14.07309,0.73349,16.37798
RGA,22.64512,1.31507,138.38557,4.49936,13.44,4.94398,72.80108,1277.0,6.9455,45.92834,13.6,2506.0,-31.37238,44.78331,4.90591,4.90417,4.49936,0.84737,6.18916,13.6398,13.56109,41.65288,5.12686,71.38807
RS,-5.959,9.74682,134.83788,5.65647,22.64,9.05112,-27.99463,1984.9,13.40614,-24.33155,22.9,4547.5,5.64859,-27.40069,9.02275,9.02148,3.06804,10.4486,12.0322,18.04088,18.07441,15.11839,0.69389,17.81114
RNR,29.86243,0.77896,165.19827,5.23021,52.27,39.63955,0.0,0.0,0.0,200.86102,41.16,3727.544,-18.11255,200.86102,28.0438,21.40474,5.23021,4.75927,14.15861,38.57059,28.48649,11.81468,200.86102,22.04235
RNST,0.0,46.942482,40.92093,0.91373,2.56,15.87205,-3.52559,289.703,31.78216,-13.22034,2.59,616.809,-6.40852,-12.88027,15.87205,15.94018,0.90056,0.98054,5.24675,6.52673,6.52673,25.54236,2.7204,34.30455
RSG,5.43763,8.68615,33.51017,0.56311,5.47,11.57005,12.97844,4380.4,29.27194,16.63113,5.61,6198.0,12.33469,16.36193,11.56738,11.85326,0.50453,5.84986,7.79405,17.11464,17.1169,55.34799,2.98354,123.9541
RMD,22.40336,6.31206,28.08235,3.12159,6.09,21.25403,13.45039,1316.113,31.16541,14.90566,6.09,2386.058,9.97908,15.1544,21.25403,21.16506,1.28768,12.15437,14.4171,23.96469,23.96469,27.67006,1.20044,38.25533
QSR,20.27972,11.14603,9.17252,1.01353,3.76,24.46596,5.33695,2329.0,33.16719,15.69231,2.52,2802.0,15.85197,18.05556,16.94674,11.19681,0.8806,5.83859,7.10527,44.3616,38.18626,75.36843,6.21426,239.02437
REXR,0.0,6.48352,35.84358,0.43872,1.12,31.28389,0.0,0.0,0.0,21.73913,1.12,613.347,38.37677,42.02788,29.83307,28.48116,0.43872,1.80784,1.8961,3.3972,3.31303,21.53266,39.56182,27.44155
RHI,-15.45881,6.80359,15.0971,1.85986,3.88,6.43168,-49.3398,518.837,8.11632,-35.65506,3.9,2575.004,9.83232,-37.50811,6.43168,6.43826,1.75179,9.71901,15.96898,26.04738,26.04738,13.21672,0.46623,15.22957
ROK,24.79991,4.64025,31.02439,1.45925,11.95,14.10908,23.47224,1943.7,21.45838,49.93727,13.12,3717.0,11.94027,48.83072,15.31685,16.62813,0.96526,9.59368,14.80727,44.13411,37.81009,47.16667,1.71935,89.27446
ROG,-4.2383,4.29132,67.68817,4.52663,3.03,6.23074,-0.41359,134.6,14.81726,-50.73171,3.12,307.1,6.12561,-51.47005,6.23074,6.38838,2.9476,3.29944,3.84837,4.65563,4.65563,3.84909,0.37444,4.00318
ROL,13.65636,15.19109,2.38714,0.70513,0.89,14.15287,18.2325,691.322,22.49461,18.66667,0.88,1603.407,15.97375,18.00276,14.15287,14.02916,0.555,15.67492,20.68172,35.90585,35.90585,41.39874,1.18085,70.6448
RCL,0.0,576.21423,18.42261,0.19062,6.31,12.25899,563.15466,4343.0,31.2446,576.21423,7.21,6330.0,-0.57189,576.21423,12.20863,13.27885,0.09595,5.23892,6.69861,44.70017,43.87336,81.87502,5.09556,576.21423
R,3.08682,7.46232,69.9057,0.62072,8.73,3.44564,-3.66973,2625.0,22.27786,-48.52594,11.53,2334.0,-10.06747,-53.17186,3.44564,4.44086,0.52562,3.63736,5.16762,13.51981,13.51981,72.63974,3.104,265.49365
RHP,-6.87126,12.13885,9.63947,0.79661,5.36,15.8076,0.0,0.0,0.0,130.04292,5.42,767.2,22.98083,141.26659,14.3932,14.47589,0.7658,6.20044,7.31761,93.67954,51.56673,79.25199,62.337856,62.337856
SPGI,13.31195,4.69812,108.88252,0.83967,8.23,23.14956,10.84431,5724.0,45.80299,-19.31373,9.97,8356.0,37.35096,-19.15025,21.01304,25.40168,0.67641,4.67934,5.63607,7.44036,7.43281,24.11114,2.11478,35.29155
SFL,38.79709,12.61918,7.56107,0.30753,0.66,11.15759,-1.59167,443.423,58.94341,-56.86275,0.67,450.57,0.67431,-58.60442,11.15759,11.24397,0.27772,3.776,3.88971,7.87909,7.87909,71.17178,5.787,246.88228
SLG,0.0,16.543499,55.0688,3.41954,-9.12,-71.32969,0.0,0.0,0.0,16.543499,-9.11,375.135,-9.50765,16.543499,-67.19061,-69.18303,3.41954,-2.21298,-2.38709,-14.24308,-12.81273,50.9413,16.543499,109.98263
SM,-3.83242,10.50211,31.23979,1.44592,6.86,34.45321,-37.25554,1609.233,67.78898,-23.4375,6.89,1847.743,6.02065,-26.44647,34.45321,34.44527,1.34527,9.49436,11.57426,24.40956,24.40956,30.87599,1.00365,44.66753
SPXC,3.13152,5.96506,26.15435,1.76869,3.1,8.31036,66.54196,311.6,17.8957,620.93024,3.64,673.6,10.84956,44850.0,5.16311,9.52124,0.98654,7.10715,9.82182,12.72759,12.72759,33.36308,1.91945,50.06697
STAG,11.05109,5.80765,18.57373,0.96188,1.07,27.85707,0.0,0.0,0.0,7.0,1.08,568.239,49.83905,8.14183,27.24173,27.49511,0.96188,2.38278,2.45625,5.70589,5.71267,43.54308,38.79334,77.1262
SAFE,18.30182,0.22658,31.39205,19.39155,-0.82,-14.48089,29.20772,298.705,79.27268,47.532047,1.78,356.963,-67.95382,47.532047,-14.58917,31.50371,19.39155,2.97564,3.06004,-2.51432,-2.4467,63.93731,13.62587,178.77536
CRM,0.0,0.0,59.4893,1.01947,0.21,0.66344,65.3125,4761.0,15.18563,-85.81081,0.87,22992.0,32.58046,-85.59557,0.66344,2.75274,0.8985,1.19681,1.5936,0.35711,0.35711,20.31596,3.12518,25.49564
SBH,-1.99695,110.42551,4.7875,2.11995,1.69,4.95154,-9.79805,443.164,11.88703,1.80723,1.86,1892.392,3.72858,0.57041,4.95154,5.3549,0.34333,8.0334,10.11226,46.01288,46.01288,76.70869,3.78084,116.03911
SD,-35.82748,5.8326,12.62061,5.63324,1.64,40.94227,-54.5488,85.331,57.40745,-74.84663,1.66,95.909,23.85715,-74.86993,40.94227,41.25291,5.59788,6.72065,8.25756,12.73115,12.73115,0.0,0.0,0.0
BFS,4.60047,4.73036,6.78441,0.39708,1.73,26.80601,0.0,0.0,0.0,6.13497,1.73,190.068,38.22451,4.97071,20.46159,16.15841,0.39708,3.86923,4.06632,27.81354,13.45233,73.36742,31.358366,275.48
SLB,11.09215,4.46443,14.14395,1.32273,2.91,12.90177,25.45253,7901.0,23.84488,21.75732,3.04,6664.0,10.29048,22.14473,12.68447,13.07379,0.881,7.66944,10.74015,22.19465,21.72919,37.42603,1.61688,59.81085
SNDR,-11.40811,7.45816,16.80372,1.83256,1.34,4.33723,-32.93054,682.7,12.41521,-47.65625,1.36,941.9,-5.94937,-47.90301,4.33723,4.38502,1.50808,4.22798,5.80155,8.23265,8.23265,11.65556,0.57141,13.19332
STNG,-26.79881,5.61501,48.08515,1.13063,10.03,40.7761,-14.02714,885.995,66.05879,-2.99807,11.12,1012.397,48.41283,-14.17856,40.7761,43.41886,1.09531,10.12785,10.37206,21.61433,21.61433,38.34601,1.79266,62.19549
SMG,1.73913,11.77487,-4.73097,1.80664,-6.79,-10.70312,-26.84692,384.2,10.81857,70.22202,-1.64,843.0,16.00224,70.22202,-10.70312,-2.5861,0.43441,4.72894,6.02039,70.22202,70.22202,110.12922,7.56429,70.22202
SDRL,62.0438,8.36769,40.28414,2.97686,4.12,19.97337,120.53571,494.0,32.88948,-94.3808,4.6,565.0,10.253,-92.32147,19.97337,21.74434,2.63753,6.03719,7.27593,12.80683,12.80683,17.02364,1.23887,20.51626
SEE,-25.28251,10.59736,3.80361,1.30106,2.34,6.18157,-6.55424,1075.0,19.58498,-29.72973,3.01,1641.3,1.71209,-30.51261,6.22347,7.9186,0.61511,7.84179,11.15364,75.94002,75.94002,89.70145,4.45228,128.37122
WTTR,-24.97122,4.21304,7.559,2.14637,0.72,4.99693,41.29811,235.332,14.84414,44.0,0.68,370.475,11.08291,54.11368,4.69315,4.34906,1.79565,4.82596,6.169,9.67441,8.92156,5.66184,0.22753,6.00165
SRE,-18.36812,6.98705,44.00474,0.54212,4.79,21.63876,29.87325,5943.0,35.54426,44.71299,4.81,5943.0,-19.3907,43.75877,18.39115,18.13232,0.29703,2.80233,3.74129,11.38636,11.50215,48.5405,5.34158,94.32757
ST,0.23532,5.45449,19.87685,2.55234,-0.03,-0.09642,-1.0278,875.32,21.59107,109.55457,2.08,1286.952,6.45306,109.55457,-0.09642,7.80312,1.52022,4.42504,5.25929,-0.12802,-0.12802,53.44676,3.92994,114.80782
SXT,-9.91199,5.07233,25.03801,3.96357,2.21,6.41244,-3.42431,240.684,16.52539,-33.83234,2.87,460.297,3.72725,-33.71,6.41244,8.28161,1.27419,5.72005,6.6545,9.09864,9.09864,39.75735,2.88821,65.99536
SRG,0.0,-8.5162325,10.00021,2.31775,-2.85,-8.5162325,-8.5162325,-159.662,-8.5162325,-8.5162325,-3.05,-8.988,-8.5162325,-8.5162325,-8.5162325,-8.5162325,2.31775,-7.73077,-8.0946,-24.15949,-24.09635,39.49437,-8.5162325,65.27388
SCI,-12.90367,74.92147,10.5333,0.66518,3.53,13.11439,-2.66975,1144.447,27.91485,0.0,3.57,1091.807,6.50906,-4.9565,13.106,13.11088,0.59011,3.71736,9.3807,33.4313,33.44811,75.70327,4.19669,110.57246
NOW,18.02899,4.77054,37.25992,1.05594,8.42,19.29551,74.34119,1257.0,14.01182,426.25,3.8,7050.0,36.32817,432.6154,19.29551,8.64698,0.9465,3.25882,5.82208,27.34597,27.34597,23.04278,1.81703,29.94232
SFBS,0.0,54.600544,26.43871,0.93892,3.79,24.51844,-12.51697,327.379,38.80448,-17.78742,3.82,410.586,232.86743,-17.75359,24.51844,24.63662,0.9385,1.31383,6.9716,15.11365,15.10813,48.35961,4.12028,93.64686
SHAK,15.8762,106.42785,11.23307,2.03839,0.48,1.93006,0.0,104.381,9.59796,40.85828,0.6,398.392,-2.74173,40.85828,1.8633,2.17478,1.96381,0.52968,0.6898,4.83324,4.72153,62.16891,7.38955,164.33282
SHW,-3.57828,9.00201,14.59793,0.8319,9.25,10.3627,21.14642,4330.5,18.78587,19.81865,9.72,10758.1,10.7938,18.25157,10.3627,10.76913,0.42115,10.17599,14.5488,70.07436,70.07436,76.83604,2.84621,673.63873
SIG,-27.13568,182.82797,35.15813,1.56003,6.64,4.80356,-4.09544,1021.0,13.01947,-45.66285,13.62,3052.1,9.617,-51.07157,4.80356,8.09339,0.53103,8.11356,14.80604,23.97378,16.93605,37.33966,1.30294,59.59058
SLGN,-8.8825,9.52405,17.74045,1.01606,2.98,5.44345,-5.15552,871.414,14.55217,-2.9316,3.06,992.558,6.89129,-4.36646,5.44345,5.5608,0.53742,5.08275,6.86051,18.07095,18.07095,65.95688,4.20069,193.74512
SPG,0.31401,7.31603,9.14862,0.64533,6.98,43.36761,0.0,0.0,0.0,7.05522,6.98,4630.45,49.80771,6.71132,37.83456,37.8012,0.64533,5.91184,6.68766,75.11745,69.68041,87.79179,231.37485,231.37485
SSD,5.51827,8.00509,39.68873,3.63298,8.26,15.99,0.84741,554.212,25.03439,6.4433,8.4,1043.755,13.86322,5.98572,15.99,16.16328,1.97587,11.50732,14.00372,22.88863,22.88863,24.71946,0.99523,32.83645
SPNT,31.21677,0.71524,13.76338,3.16115,1.85,13.28682,66.0723,428.8,15.66507,66.0723,1.93,741.9,5.94381,66.0723,12.96168,11.51676,3.16115,2.18391,8.31264,16.94122,15.7678,24.35131,1.89972,32.18999
SITC,2.65463,8.53503,38.28186,2.86747,4.84,48.06368,0.0,0.0,0.0,65.75343,4.96,313.389,47.48294,57.48256,48.06042,46.97987,2.84459,1.96622,2.07636,13.58271,12.4513,43.32938,36.61129,76.45829
SITE,7.70582,9.09249,32.96438,2.43005,3.8,4.03143,-15.66568,369.3,8.58598,-29.10448,3.97,1491.2,5.13025,-29.33985,4.03143,4.16392,0.99101,5.63139,6.87943,12.43456,12.43456,36.69436,2.33252,57.9638
SKX,1.41615,9.36486,26.26695,2.37984,3.49,8.12369,39.33827,954.286,11.92807,46.63866,3.54,4152.404,8.98097,46.31583,6.8222,6.83779,1.32766,6.80696,8.47609,14.38333,15.71451,27.67677,1.76448,38.26816
SMBK,0.0,13.115959,27.06963,0.87955,1.69,11.89551,-18.15637,70.176,29.19523,-33.72549,1.71,149.376,22.42593,-33.53866,11.89551,11.95523,0.8784,0.74837,6.74,6.40856,6.40856,12.46369,0.93308,14.23831
SW,0.0,0.0,0.0,0.0,0.0,0.0,0.0,0.0,0.0,0.0,0.0,3054.0,0.0,0.0,0.0,0.0,0.0,0.0,0.0,0.0,0.0,0.0,0.0,0.0
SNA,0.0,192.0129,96.24056,3.87851,18.76,20.25331,7.82469,1409.7,27.59627,11.53389,19.11,2619.6,14.98762,10.90271,19.79328,19.78973,2.66323,11.28278,13.48459,21.16911,21.56113,20.09977,0.90892,25.15608
SGI,2.08235,11.5349,1.87696,1.21471,2.08,7.52629,-1.82069,781.9,15.87485,-17.78656,2.39,2131.9,7.32732,-19.22317,7.47351,8.35583,0.55748,9.08012,11.63447,244.34119,230.8938,90.73812,4.17739,153.65776
SAH,33.69603,43.17333,26.26248,1.09922,4.97,1.23988,-12.26357,565.9,3.93741,122.86996,5.09,2245.7,-2.17118,101.35593,1.23988,1.23953,0.39339,5.11945,5.79512,19.94292,19.94292,81.2429,6.82647,142.72182
SON,4.40961,7.22201,24.74902,1.75955,4.8,7.01785,-5.02548,1043.864,15.39329,1.69492,5.18,1207.796,7.0389,1.82704,7.00396,7.50835,0.99846,6.28283,7.82778,21.15558,21.12941,58.32397,3.26025,139.94604
SSB,0.0,122.035706,72.78285,0.87664,6.46,22.15324,3.75259,953.339,42.72549,-2.12121,6.64,1625.432,-36.46825,-0.35097,22.15324,22.63147,0.87493,1.25887,8.7617,9.31951,9.31951,16.44965,1.14269,19.6883
SO,-10.75024,8.66758,28.82127,0.77463,3.62,15.24175,9.27737,10283.0,40.71991,11.04295,3.71,11708.0,-13.10141,12.47525,15.74466,16.04293,0.34982,2.6247,3.74125,12.8565,11.03545,64.31647,6.17427,180.2413
SCCO,-18.14488,7.62447,9.22607,3.19013,3.01918,24.60337,-3.94106,5025.9,50.78821,-7.91789,3.01918,5323.5,26.47992,-8.08414,24.50737,24.53095,2.14555,15.41164,17.60837,31.28826,31.15798,48.44534,1.39875,93.96888
SBSI,0.0,30.392292,25.56409,0.69569,2.82,21.91544,-7.10015,141.388,35.7424,-13.49693,2.82,241.707,15.10482,-17.45191,21.91544,21.88846,0.69417,1.03205,5.51829,11.41221,11.41221,53.60106,6.31821,115.52216
LUV,50.49505,103.12648,17.62745,1.13863,0.76,1.78222,-14.07487,2387.0,9.14875,-12.64368,1.65,6095.0,1.44399,-13.72913,1.78222,3.76279,1.03035,1.50475,2.71446,4.38638,4.38638,46.66498,3.85421,87.49406
SWX,2.64087,5.61972,46.25281,1.11649,2.13,2.86194,0.30075,930.468,17.12317,104.42153,2.93,1019.219,12.46846,104.42153,2.77677,3.81684,0.64462,2.44131,3.36201,4.73839,4.68932,61.44138,5.84778,164.38406
SPB,92.84559,8.05742,71.32011,3.82571,-5.92,-8.00672,-21.0329,189.6,6.49582,169.18228,0.79,924.9,53.01408,2416.0615,61.72057,1.0691,3.16266,1.11474,1.41314,-12.36775,-12.34092,39.98761,8.85021,66.63225
SR,-10.62046,15.73967,50.31597,0.61348,3.85,8.15737,4.32223,673.4,25.25597,-2.53165,3.86,887.9,-5.07867,-1.49457,8.15737,7.60042,0.16754,2.56529,3.5198,8.28287,7.54501,61.78405,7.04351,162.58527
SPR,9.84755,5.93746,-4.30575,1.70668,-5.78,-10.18701,102.60417,194.5,3.21599,31.993187,-5.13,206.2,-4.17852,31.993187,-10.18866,-9.04211,0.88127,-1.11172,-2.04575,31.993187,31.993187,113.47188,21.47506,31.993187
JOE,144.3301,10.43576,11.70188,1.24203,1.33,19.02257,53.52854,129.509,33.26843,9.91736,1.33,153.306,-28.95915,9.56617,19.96275,19.92275,1.11786,3.83893,4.45261,11.82954,10.97393,47.53651,4.88687,90.60874
SMP,-4.38803,8.28417,28.97586,2.44599,2.85,4.66387,-12.00173,124.265,9.14876,-13.63636,3.0,388.826,8.32311,-38.30644,2.51408,4.79639,0.63369,4.67248,6.52232,10.14293,9.96107,28.72589,2.11101,40.30341
SXI,9.04666,5.00147,51.7198,3.42813,11.59,18.77787,8.47609,139.561,18.83292,128.59961,6.77,285.096,8.42071,126.39715,18.75614,10.78927,2.51012,7.19371,9.22383,25.14529,25.14529,25.43894,1.48502,34.11826
SWK,-7.69705,14.4542,58.95131,1.19277,-1.88,-1.78505,-15.765,1340.6,8.49497,256.431,1.05,4098.2,11.42419,256.431,-1.96754,0.99637,0.29848,1.83925,2.60361,-3.00189,-3.00155,45.90014,5.73139,84.84337
STWD,-4.5603,0.11389,19.9482,6.31487,1.07,17.73449,0.0,0.0,0.0,-60.94891,1.08,325.231,53.46204,-61.07599,14.38639,14.18874,6.31487,1.42687,3.88789,5.33625,5.88055,73.76793,31.408825,298.84424
STT,0.0,818.30383,72.27499,0.59566,5.58,10.58478,-7.60676,6729.0,36.63835,-22.39221,6.18,11899.0,-87.37273,-29.92069,10.58478,10.84636,0.59304,1.18192,7.60168,8.63271,7.93631,51.42764,3.74469,105.8784
SCS,9.6651,9.05871,7.31228,1.46527,0.3,1.092,0.0,174.5,5.39813,900.0,0.42,921.9,1.78146,782.5,1.092,1.46557,0.77739,2.37186,3.43404,4.20639,4.20639,45.71616,3.98739,84.2169
STEL,0.0,51.629395,28.54174,0.92779,2.45,21.20596,99.23715,278.412,45.24236,66.66667,2.68,452.378,-61.10484,153.72725,21.20596,23.18144,0.92779,1.41515,9.29372,8.9868,8.9868,10.60418,0.64805,11.86206
SCL,-3.40204,5.41529,54.36098,1.40142,1.75,1.72863,-41.32099,177.957,7.65154,-72.57053,2.22,277.598,-6.58293,-72.67878,1.72863,2.17412,0.90788,1.89249,2.4147,3.37486,3.37486,37.37165,4.0791,59.67209
STC,0.0,63.778282,50.10636,2.61362,1.11,2.01793,-52.68936,156.945,6.94557,-81.31313,1.52,1365.84,3.03737,-81.2458,1.34707,1.83593,2.61362,2.17107,3.00967,2.22706,3.31765,29.64767,3.70158,42.1417
SF,-5.69696,0.24195,45.60993,0.87118,4.28,10.12808,-13.50828,873.633,16.93324,-19.54887,4.55,4080.949,36.40924,-21.08555,10.12808,9.4065,0.82774,1.32163,6.11224,11.29453,9.83791,35.52006,3.33841,55.087
SRI,5.30492,6.01058,10.44383,2.40904,-0.19,-0.53114,40.40426,50.985,5.22485,19.635956,-0.05,202.098,-6.77332,19.635956,-0.53114,-0.14062,1.16352,1.62781,2.26933,-1.82289,-1.82289,41.36971,3.98184,70.56031
SYK,0.0,819.6027,48.91608,1.58036,8.25,15.44053,12.47108,5348.0,26.09035,33.71151,9.41,13097.0,13.22324,34.22392,15.44053,17.42627,0.86075,7.03162,8.67763,17.97836,17.97836,42.05442,2.52319,72.5757
INN,1.58458,34.83299,8.46794,0.76736,-0.27,-3.81071,0.0,0.0,0.0,26.0708,-0.27,331.641,20.13686,26.0708,-1.2861,-3.86248,0.73115,1.2751,1.31317,-1.01443,-1.96969,51.04819,26.0708,108.17192
SUI,-43.33064,11.14758,56.91922,1.1575,-1.72,-6.45251,0.0,0.0,0.0,80.17384,0.72,1478.3,28.22163,80.17384,-6.58211,2.74171,0.82975,2.24835,2.47983,-2.86451,-2.69367,51.68086,80.17384,110.84762
SXC,-15.74428,21.36924,7.33312,1.86238,0.68,3.07774,-9.49175,268.9,13.03315,-42.85714,0.68,344.9,5.2461,-42.8997,2.78693,2.79159,1.02681,4.7172,6.76333,9.58493,10.01419,43.70803,1.86389,77.64524
SHO,-25.8624,27.08923,9.26572,3.13213,0.93,20.82086,0.0,0.0,0.0,173.5294,0.88,448.835,13.71215,136.80876,20.82086,18.22326,3.03215,2.50654,2.64112,11.20642,9.72378,27.72891,41.017036,38.36792
SYF,11.4223,0.2395,32.36613,1.28211,5.19,10.65765,-14.44626,4187.0,19.93905,-15.60976,5.34,7662.0,10.75408,-25.79576,10.65765,10.71102,1.28211,2.09926,8.18496,17.68611,16.71646,53.47833,3.81705,114.95361
SNV,0.0,148.05025,31.23853,0.8929,3.46,15.70313,-11.76368,1121.698,32.49002,-30.10101,3.53,2031.586,97.01551,-28.26183,15.74843,14.93976,0.89093,1.17292,8.44417,12.76078,11.27118,29.23415,1.89454,41.3111
SYY,5.22965,15.37118,3.97659,1.24213,3.47,2.3192,17.58985,3880.618,5.08436,31.43939,3.89,13952.0,2.48538,30.27419,2.3192,2.58585,0.68565,8.64155,14.91894,104.40493,102.43649,84.54058,2.87734,794.7131
SNX,9.98048,5.35342,92.2891,1.19988,6.7,1.08923,0.77893,1685.182,2.92793,-1.03397,8.48,3971.876,2.59225,-3.7457,1.08923,1.36392,0.73458,2.71415,6.34865,7.73549,7.73549,35.7377,2.70051,55.61223
TEL,3.56021,5.49863,37.02445,1.76832,6.01,11.87477,-7.2669,3471.0,21.64775,-19.54485,6.78,5055.0,11.40155,-21.33443,11.91219,13.31982,1.03697,7.87464,10.52247,17.03575,16.88542,28.33866,1.32786,39.90131
TJX,8.76642,92.42076,5.50787,1.20873,2.97,7.00497,6.79228,5742.0,11.49872,10.0,3.15,13787.0,3.7826,6.55489,7.00497,7.35522,0.59767,10.69345,16.14919,56.56994,56.56994,66.69458,2.21944,200.2514
TRTX,-29.71307,0.09268,14.44448,3.8294,-1.69,-29.88566,71.12069,150.463,38.55515,20.144754,-1.69,-81.052,20.144754,20.144754,-29.88566,-33.59439,3.8294,1.92715,1.94968,-9.5334,-9.53334,72.98881,20.20004,270.2169
TXNM,-22.97424,8.8648,26.04316,0.38638,1.02,5.51151,-10.91452,624.752,32.21703,-48.22335,1.67,946.606,-25.54003,-48.04949,4.5558,7.43165,0.21864,1.95572,2.71591,3.89102,4.58017,67.4231,7.9857,206.96596
TALO,25.82576,6.28929,17.36904,0.72963,1.55,12.84956,-24.28807,947.721,65.00652,-66.00877,1.37,1065.814,7.07821,-50.9493,12.84956,11.26664,0.53792,3.14344,4.68491,11.28259,11.28259,35.68184,1.26157,55.47709
SKT,-3.18258,8.21066,5.20976,0.64517,0.92,21.53548,0.0,0.0,0.0,19.48052,0.93,345.706,42.10707,20.82303,20.55471,20.18224,0.64517,4.15597,4.5521,18.73552,18.79797,72.06297,38.261723,257.9478
TPR,-16.17123,28.72316,10.01671,1.83716,3.88,14.05216,-4.19407,1354.6,20.33659,22.39748,3.96,4714.9,8.67225,9.30749,14.05216,14.05432,0.9204,10.18975,13.17588,41.02294,41.02294,59.12207,2.43201,144.63078
TRGP,4.44476,11.15531,12.30712,0.79489,3.66,9.83357,38.59263,3968.6,24.71062,-5.6701,3.72,5383.9,1.41101,-26.83183,5.20414,5.20234,0.58412,8.18103,9.62283,30.92463,32.92884,73.86947,3.28383,282.69415
TGT,0.0,1458.4376,24.39899,0.91518,5.98,2.54765,-43.49327,6548.0,6.00073,-57.58865,6.02,26814.0,-2.47503,-59.97697,2.54765,2.54934,0.20123,4.4892,8.07061,23.10986,23.10986,62.93681,2.9128,169.80946
TMHC,0.0,133.01094,49.71044,7.57519,6.98,10.3769,-24.94489,1093.342,14.73938,-22.95806,7.57,1794.864,8.8144,-26.96343,10.36596,11.06482,1.05496,7.90686,9.24263,15.46322,15.42699,28.27538,1.92264,39.42214
TISI,-2.94926,4.68971,10.32752,1.84123,-17.32,-8.77819,5.725744,28.96,3.35723,5.725744,-16.01,211.154,1.38519,5.725744,-8.77819,-8.11251,1.48999,-0.94216,-1.29905,-92.70795,-92.70795,88.63555,12.2797,5.725744
FTI,17.75479,7.43533,7.24578,1.16265,0.12,0.66333,53.80702,907.0,11.59224,112.68566,0.45,1343.9,8.58075,112.68566,0.71828,2.52256,0.56843,3.46319,6.17664,1.76261,1.6096,38.3016,2.17111,62.07875
TECK,37.26261,8.2865,52.16857,1.09725,3.51348,15.5486,-35.52004,4398.658,38.69829,-39.18742,3.43775,842.0224,-6.9549,-27.37413,16.04823,15.6606,0.49796,4.25833,6.08929,9.28309,8.51778,28.16372,1.90945,39.20543
TK,-16.06185,7.11879,8.04648,5.3347,1.54,35.31958,85.52023,620.593,42.36202,340.0,1.61,678.183,28.00604,92.12698,10.28284,10.38385,4.86744,14.99037,16.31524,22.22268,32.64548,11.20584,0.36611,12.62002
TNK,-14.36675,12.59609,44.75362,4.40454,14.86,37.64669,79.45395,624.349,45.75822,122.45509,15.02,679.219,30.71457,124.22627,37.64669,37.60361,3.34567,18.00577,19.43671,39.57722,39.57722,12.3967,0.34582,14.15095
TGNA,-5.14539,4.53853,15.03408,2.48084,2.28,16.36408,-34.41664,742.34,25.50182,-18.86121,1.74,1192.073,16.1424,-24.38581,16.37703,12.40887,2.34966,5.48805,6.48209,16.50537,16.38952,53.69562,4.25472,116.76878
TRC,87.55895,6.98774,17.47159,6.90279,0.12,7.29788,-93.9696,1.107,2.47435,-79.66102,0.12,6.173,-42.77001,-79.3459,7.29788,7.16341,6.32192,-0.40406,-0.43679,0.70218,0.67972,9.02798,43.30804,9.92391
TDY,3.77245,4.77484,194.81956,1.68813,18.49,15.73241,4.56853,1359.6,24.12563,11.85723,16.79,2439.4,11.11148,12.31296,15.71644,14.03263,1.04773,4.51494,5.24263,10.18608,10.19157,26.91973,2.49956,36.85421
TFX,8.47116,6.98741,94.40876,2.3196,7.56,12.00837,3.52372,823.231,27.64664,-1.43416,10.04,1646.931,15.28569,-1.87559,11.9666,15.84078,1.09818,5.02324,5.92477,8.45029,8.45029,30.46681,2.3637,43.81622
THC,0.97376,5.52194,16.08804,1.50567,5.71,6.39076,6.87848,3263.0,15.90621,51.0582,6.74,7805.0,3.11921,48.6618,2.97845,3.33941,1.09685,5.39275,7.01167,44.43636,25.91934,74.64205,4.96874,495.92783
TNC,-1.5507,4.98337,30.96989,2.07928,5.83,8.80508,41.30594,192.6,15.4873,64.22535,6.03,528.5,13.9846,65.15837,8.80508,8.97518,1.33248,8.04526,10.88328,20.90094,20.8492,29.53576,1.25857,41.91596
TDC,-18.02817,5.67492,1.37896,0.87249,0.61,3.38243,9.86395,323.0,17.62139,96.77419,1.14,1116.0,20.87425,87.87879,3.38243,6.20687,0.79719,6.64313,15.49401,31.55216,31.55216,82.58065,1.98142,80.31448
TEX,0.0548,9.40656,25.29955,2.00608,7.56,10.03009,46.82203,693.0,13.45239,75.0,7.68,1177.0,4.53121,72.66667,10.05532,10.06309,0.83059,11.85659,17.89236,36.21517,36.21517,30.79088,1.07359,44.48963
TRNO,16.875,6.31228,33.31497,1.1274,1.81,46.09805,0.0,0.0,0.0,-30.65134,1.81,244.505,50.73097,-23.51197,46.09805,45.8177,1.1274,2.44191,2.57845,5.88814,5.88814,21.00884,21.99415,26.59644
TTI,-13.75674,5.18796,1.14231,2.23889,0.2,4.06843,45.90218,79.381,12.67537,233.33333,0.17,188.09,2.68983,228.91951,4.11713,3.51715,1.30423,6.16592,8.73523,19.90976,20.08347,57.18703,2.47918,133.57407
TXT,-6.29171,6.73376,36.22122,1.91633,4.57,6.73829,13.33333,1445.0,10.56055,13.96509,5.09,2840.0,5.81744,6.96864,6.73098,7.42944,0.94551,3.97071,5.90459,13.07801,13.07801,37.84914,2.94464,60.89881
TMO,2.51406,4.48976,120.87222,1.75485,15.45,13.89505,-9.1304,10878.0,25.38209,-12.36529,16.79,17195.0,12.09517,-13.74101,13.98838,15.12224,1.26656,4.76823,5.71299,13.21751,13.08935,43.74415,3.34841,77.95565
THR,2.43639,4.56731,12.50412,2.2798,1.0,7.64112,55.38645,87.394,19.83568,66.66667,1.31,185.125,12.61524,67.55923,7.64112,9.95129,1.26516,6.62395,7.83044,8.22936,8.22936,23.43937,1.46778,30.61544
THO,-35.92648,15.97153,74.57732,1.6275,6.95,3.36498,-53.67924,862.419,7.75445,-66.24575,7.0,1596.353,6.79899,-67.10585,3.36526,3.36594,0.63179,4.9892,6.76061,9.88974,9.86913,26.05534,1.62752,35.23627
TDW,0.0,56.990387,19.88632,1.79823,1.84,9.46757,122.6482,364.769,36.11628,56.990387,2.02,449.128,17.08055,56.990387,9.62242,10.31835,1.65494,6.86066,8.17002,10.20204,10.04587,41.67719,2.03288,71.45949
TKR,1.58059,5.88875,36.82462,1.79087,5.47,8.55525,10.57108,910.0,19.08157,-0.18248,6.48,1523.7,5.41675,-3.26461,8.26379,9.69867,0.86121,7.19399,9.21989,16.2492,16.14148,48.05974,2.7478,92.52886
TWI,-17.84876,7.49862,7.69254,2.35457,1.25,4.59469,-23.16291,190.327,10.4472,-54.87365,1.23,296.204,5.24636,-55.32666,4.3232,4.21649,1.22421,7.22291,10.63481,18.56899,19.68272,48.47116,2.31012,94.06609
TOL,0.0,211.85,65.48888,4.94431,12.36,13.48499,13.24601,1842.696,18.11038,13.3945,12.22,2695.507,8.01433,6.65146,13.48499,13.21347,0.68453,8.90159,11.45243,21.43318,21.38008,30.46004,1.61955,43.80221
TR,-5.10281,13.48297,11.19313,3.59003,1.24423,11.9431,-6.50351,120.071,15.60651,23.6,1.24423,256.84,6.43503,21.03718,11.94648,11.98022,2.49273,6.05206,7.78417,11.44185,11.44292,1.89451,0.13238,1.9311
BLD,-4.43288,6.35406,80.67897,2.65605,19.33,11.82464,11.42092,1031.185,19.85074,12.77713,19.84,1603.82,13.13562,10.47952,11.82464,12.06817,2.13544,11.52092,14.41449,27.34051,27.34051,38.98648,1.58859,63.89811
MODG,23.05195,20.78991,21.1116,1.71813,0.5,2.21714,8.17403,492.3,11.48945,-39.02439,0.41,1401.8,-3.53575,-39.83534,2.21714,1.77021,0.74989,1.78279,1.99299,2.48285,2.48285,53.03364,8.89539,112.91836
TTC,24.766,13.16723,14.54985,1.89627,3.13,7.24106,2.63308,706.6,15.51876,-25.47619,4.3,1577.8,1.74707,-25.63303,7.24106,9.85944,0.63304,10.1975,14.40887,23.035,23.035,43.49663,1.64605,76.98061
TT,14.55405,5.52727,30.79239,1.13486,8.89,11.70351,19.38008,3219.8,18.21401,17.43725,9.03,5857.2,9.97265,15.22346,11.44895,11.67725,0.74511,9.59445,15.15099,31.35328,31.53282,43.04152,1.64684,75.56648
TDG,30.84715,5.25329,-35.87249,4.26726,22.03,19.72665,29.08286,3209.0,48.73197,64.64873,23.09,3844.0,14.55771,49.88453,19.71147,20.05692,3.0988,9.65478,10.82619,357.61237,357.61237,111.08807,6.17544,357.61237
TRU,17.82921,5.73276,20.68215,1.47113,-1.06,-4.96189,-0.41761,1144.6,29.87576,169.81805,1.12,2313.9,13.46641,169.81805,-5.38213,5.65379,1.19866,3.40449,3.94949,-5.02317,-4.53976,57.02802,4.76009,132.70978
RIG,8.45361,5.60237,12.87343,1.52183,-1.24,-33.68644,-7.70308,659.0,23.26977,72.121574,-1.15,872.0,-0.22069,72.121574,-33.68644,-31.18644,1.08876,-0.26112,-0.28812,-8.99745,-8.99661,42.98226,11.91502,75.38403
TNL,6.95652,1.43239,-12.85156,4.12743,5.21,10.42667,10.83238,972.0,25.92,23.16785,5.56,1821.0,4.01667,10.92437,10.56,11.04587,2.92035,7.96591,11.12261,145.5846,145.5846,119.0407,5.89815,145.5846
TRV,5.39778,1.95118,109.20684,7.9372,12.79,7.25848,2.78904,4312.0,10.46424,8.6661,12.01,8923.0,19.68537,5.24279,7.25848,6.69473,7.9372,1.85668,7.20016,12.86978,12.86978,24.92544,1.91883,33.20092
TG,-19.57109,9.68486,4.52361,0.70925,-3.1,-15.02572,-68.62965,24.6,3.49023,1.6702313,0.01,71.126,3.60568,1.6702313,-15.02572,0.04843,0.33149,-0.38984,-0.57643,-59.26164,-59.26164,50.59011,6.4785,102.38865
THS,10.57935,20.5317,30.77264,1.49766,1.05,1.71866,63.97486,339.1,9.87795,55.83624,2.36,576.9,0.23268,55.83624,1.5468,3.83606,0.7041,2.94839,3.76583,3.5205,3.5205,49.03257,4.72309,96.20375
TREX,-58.04889,15.73121,6.59845,1.89161,1.89,18.75932,4.40433,326.393,29.81202,14.54546,1.89,452.407,17.16251,11.24327,18.75932,18.76126,0.57879,18.49656,22.7069,33.26003,33.26003,4.27462,0.09805,4.46551
TPH,0.0,60.301624,31.51813,5.81607,3.45,9.39908,-43.03951,454.862,12.24326,-37.72563,3.48,847.442,0.18259,-40.33573,9.25123,9.24318,1.43267,5.55307,6.10235,11.76387,11.93795,32.65622,3.21277,48.49182
TRN,11.85274,8.42978,12.67848,1.01366,1.43,4.69279,35.68781,622.4,20.8628,40.19608,1.43,527.1,-13.00992,76.37271,3.55311,3.8922,0.47939,2.33398,2.9102,11.65162,11.00153,82.1556,9.43509,64.28477
TSE,-20.9149,8.19944,-7.61364,1.77535,-19.88,-19.08092,-47.52583,96.5,2.62557,12.902675,-5.88,142.3,5.89494,12.902675,-19.08092,-5.64739,1.1179,-2.07124,-2.8619,12.902675,12.902675,112.77103,24.52332,12.902675
TRTN,-6.19647,0.90668,21.81712,1.74576,0.0,28.91157,-12.71146,1364.669,83.22218,0.0,0.0,1508.754,54.99851,-36.52764,28.91157,0.0,1.74576,4.22583,4.54482,20.25432,15.43922,71.81693,5.48422,254.82292
TGI,-2.31822,5.35381,-12.18645,2.35187,1.2,6.4164,10.70535,188.984,13.5345,39.783474,0.83,320.68,-4.29503,39.783474,6.4164,3.865,1.32823,5.51649,11.06038,39.783474,39.783474,187.39603,9.04727,39.783474
TROX,-21.93212,8.35777,12.34741,2.83533,-2.02,-11.01754,-42.23301,476.0,16.70175,48.96527,-0.14,462.0,-2.8114,48.96527,-11.08772,-0.76827,0.77424,1.86897,2.32454,-14.72164,-14.32809,59.84587,6.19958,149.0404
TBI,-19.64426,6.72618,14.65381,1.73932,-0.45,-0.7435,-78.17073,22.344,1.17215,21.72747,0.14,506.059,1.7109,21.72747,-0.7435,0.23,1.59775,-0.22651,-0.40314,-2.97069,-2.97069,11.81336,2.74508,13.39585
TFC,0.0,1413.0278,39.30892,0.80897,-1.09,-3.14925,-7.93918,11503.0,34.59965,1413.0278,3.69,17913.0,8.61156,1413.0278,-3.2816,14.78356,0.78799,1.17916,5.08072,-2.05328,-1.74806,52.37165,5.66409,109.95899
TPC,-11.33899,1.31245,24.8263,1.65714,-3.3,-3.28839,8.549377,-69.368,-1.78773,8.549377,-1.7,140.624,8.06287,8.549377,-4.41095,-2.27143,1.55474,-1.59648,-3.05168,-12.48711,-9.36184,42.62394,8.549377,74.28872
TWLO,2.78828,7.4827,53.49143,6.64228,-5.54,-24.44522,99.737816,-68.059,-1.63842,99.737816,-3.08,2044.629,15.21997,99.737816,-24.44522,-13.59311,6.19638,-1.82258,-1.94023,-10.00849,-10.00849,10.79096,99.737816,12.09626
TWO,0.0,11.848297,15.4078,0.15762,-1.6,-10.80402,0.0,0.0,0.0,11.848297,-1.33,159.389,9.35328,11.848297,-10.80402,-12.92405,0.15762,3.81226,4.10587,-6.7694,-4.84947,81.81515,11.848297,11.848297
TYL,7.37917,3.2619,69.47421,0.85961,3.88,8.50103,1.53865,374.901,19.20844,0.2584,4.08,861.099,21.90982,1.02228,8.50103,8.78483,0.79468,3.00812,3.85579,5.96575,5.96575,19.17225,1.85886,23.71988
TSN,-3.91929,20.99228,50.93539,1.34205,-1.87,-1.22367,-62.01606,2129.0,4.01418,234.58559,2.19,2929.0,0.04949,234.58559,-1.22179,1.17269,0.47146,1.59603,2.04904,-3.4254,-3.40987,35.4719,4.71348,54.97124
UDR,318.2737,11.63857,11.99498,0.29072,1.34,28.75767,31.28923,324.824,19.68686,415.3846,1.34,1107.135,37.6782,411.19714,26.93125,26.70046,0.29072,1.72569,1.79455,11.10883,9.59474,54.71841,18.42396,149.93771
UGI,-20.78261,8.66376,20.13891,0.8993,-7.16,-16.82348,100.904144,-107.0,-1.19848,100.904144,-2.99,1991.0,2.27095,100.904144,-16.82348,-7.02643,0.55013,-2.42222,-3.1299,-29.675,-28.69698,63.59569,100.904144,174.69276
UMH,22.38095,3.21383,6.09815,7.76457,-0.15,3.48733,0.0,0.0,0.0,16.422522,-0.14,117.685,22.42198,16.422522,3.55752,-3.92198,7.76457,1.82177,1.85905,2.17009,1.24818,49.51872,16.422522,98.09322
USB,0.0,1751.7744,31.12851,0.80118,3.27,13.38927,18.75523,14196.0,34.82485,-11.38211,3.83,25738.0,28.53314,-6.79828,13.31812,14.49733,0.79705,1.23086,6.64983,11.74397,10.20158,55.00016,4.80171,122.22302
USFD,8.93887,19.65057,19.37577,1.29531,2.02,1.42147,43.27485,1470.0,4.12956,100.0,2.35,6148.0,2.22034,90.9434,1.42147,1.57948,0.74357,5.17623,6.94014,11.61883,10.94764,51.19721,3.38912,104.9063
USNA,0.0,41.474815,25.9907,3.51505,3.3,6.92588,-12.32766,105.81,11.48848,-8.07799,3.31,744.317,6.66091,-8.02019,6.92588,6.91822,2.84085,9.46378,12.12555,13.6932,13.6932,2.58715,0.1248,2.65586
UNF,11.99047,8.45409,107.1923,3.14381,5.53,4.64272,6.17833,259.812,11.63487,1.28205,5.68,751.751,0.08838,0.26111,4.64272,4.7535,1.37963,3.4169,4.23102,5.28972,5.28972,3.13039,0.24925,3.23155
UFI,-20.64664,7.10293,17.8968,4.08445,-2.57,-7.43256,1.5398695,-5.996,-0.96163,1.5398695,-2.31,14.241,-2.70985,1.5398695,-7.43256,-6.68222,1.87333,-3.66008,-4.31416,-13.52993,-13.52993,31.46455,1.5398695,45.90989
UNP,9.62454,12.16902,24.25439,0.81238,10.45,26.44803,-6.43003,11467.0,47.54343,-6.77966,10.42,12899.0,13.88739,-8.84538,26.44803,26.31894,0.61771,8.59098,11.85384,47.33776,47.33776,69.80007,2.98064,231.12659
UIS,8.06676,4.49064,-2.2193,1.49178,-6.31,-21.19182,-20.21467,178.4,8.85184,44.00331,-2.2,556.9,6.70214,44.00331,-21.37045,-7.45057,1.31188,2.78777,11.22515,44.00331,44.00331,133.71498,3.07679,44.00331
UCB,0.0,59.583878,26.6638,0.82146,1.54,14.28809,-13.8184,442.714,33.72828,-38.88889,1.72,803.818,56.09118,-32.40976,14.28809,15.41054,0.81999,1.07861,7.47176,6.49221,6.2911,10.16305,0.83343,11.31278
UNFI,-27.19665,29.31913,29.79487,1.43992,0.4,0.0991,0.0,462.0,1.52616,-90.17199,1.22,4131.0,1.07443,-90.32258,0.07928,0.23858,0.38628,1.31474,1.93951,1.35823,1.69683,65.18267,7.0671,187.2133
UPS,-11.15507,7.47272,20.29315,1.09827,7.8,7.37483,-22.35439,13251.0,14.56826,-40.90909,8.5,20534.0,4.1379,-41.91202,7.37483,8.02733,0.99146,8.70275,14.14293,36.16952,36.14516,60.68842,2.01713,154.37796
PRKS,3.93385,23.83225,-3.2549,0.94954,3.63,13.5641,-6.02598,623.855,36.13227,-12.31884,3.78,868.929,4.4202,-19.57279,13.5641,14.00161,0.78062,11.85778,15.39945,81.49263,81.49263,110.32013,3.5678,81.49263
URI,11.27745,6.76996,120.85625,0.80643,35.28,16.9132,23.15559,6744.0,47.05554,18.9882,36.89,5921.0,5.55401,15.15439,16.9132,17.62391,0.71295,9.95289,12.36058,31.91153,31.91153,60.89842,1.87752,155.74416
X,-5.3211,11.34339,49.38951,1.75861,3.56,4.95763,-52.71599,1828.0,10.12574,-61.13537,4.39,2304.0,-5.06079,-64.54041,4.95763,5.46558,1.14083,2.8565,3.81003,8.41759,8.3446,28.03153,2.37363,38.94973
UNH,20.33256,19.07857,96.05628,0.79186,23.86,6.22783,14.11968,36330.0,9.77606,12.65345,24.12,90958.0,5.60839,11.23758,6.02252,6.02315,0.69253,7.78698,13.24298,26.87956,24.98462,38.73315,1.72136,66.23209
UTL,-5.59345,3.90947,30.34684,0.63866,2.82,8.11345,7.96646,154.5,27.7329,8.88031,2.82,183.0,-9.29366,9.17874,8.11345,8.12186,0.55644,3.33891,4.82752,9.45112,9.44717,58.22947,4.41489,139.40323
UVV,4.31614,6.52645,56.89627,4.07906,4.97,5.0679,5.41463,238.372,9.27581,43.22767,3.8,469.321,-2.73686,43.28517,4.82726,3.66333,1.05606,4.33143,5.12993,9.06273,9.23096,37.1486,3.56299,59.10545
UHT,0.19397,0.99233,14.53516,7.53825,1.11,15.91205,1.46951,34.456,35.60166,-27.45098,1.12,91.459,40.13853,-27.02114,15.91205,15.95371,7.53825,3.38024,3.52421,7.16221,7.16221,64.83128,10.7502,184.34361
UHS,10.9303,6.71148,91.52751,1.39636,10.23,5.03647,6.11431,1743.422,12.20715,11.9256,10.35,5641.664,2.06556,6.24414,5.02588,5.02362,1.17104,5.35008,6.44119,11.89428,11.81909,46.38987,3.07822,86.6044
UVE,-66.28439,2.36948,11.78268,3.38875,2.22,4.80195,29.941463,101.98,7.32835,29.941463,2.24,398.946,34.12656,29.941463,4.80195,4.80151,3.38875,2.27783,14.22117,21.24086,21.24086,23.01045,1.00026,29.88775
UNM,-6.46547,0.72151,49.91105,3.36184,6.5,10.36669,0.18525,1946.9,15.72122,0.0,6.53,4109.5,48.94187,-2.31319,10.36669,10.36983,3.36184,1.83746,8.81094,13.62202,13.62202,26.9326,1.82726,36.85994
UE,0.0,73.358116,9.78037,1.28839,2.11,61.88128,0.0,0.0,0.0,441.02563,1.84,260.836,28.87696,438.2218,59.17173,51.48385,1.22415,1.87321,2.02297,23.35848,23.08435,59.4133,73.358116,146.38612
VVX,-6.19112,5.71609,31.76456,1.04126,-0.73,-0.56958,48.25539,293.857,7.41478,41.069912,1.26,334.855,5.9765,41.069912,-0.56958,0.98826,0.92674,3.58325,5.04515,-2.27106,-2.27106,54.01819,3.96099,117.47729
VFC,11.51845,8.184,7.48898,1.4532,0.31,1.02118,-19.77666,1473.126,12.68572,-90.0,2.02,5801.284,-0.58701,-91.44996,1.02118,6.74517,0.68498,5.53733,7.07558,3.68212,3.68212,73.68653,5.53311,280.03354
VICI,13.42306,339.2043,24.2216,0.37144,2.47,70.23522,100.10837,3366.379,92.55317,94.48819,2.48,3578.162,46.89313,124.89811,69.10573,69.17315,0.36826,5.148,5.24372,10.65295,10.65583,40.72541,5.23664,68.70636
MTN,-0.61498,7.55891,26.31578,1.06847,6.74,9.86733,-0.94562,834.762,28.89086,-21.16959,7.82,1268.327,9.67076,-22.92892,9.28052,10.73227,0.84387,5.77074,7.73492,20.49759,17.9133,69.37069,3.62387,226.48466
VLO,2.57411,12.75297,79.04543,1.56059,24.92,6.58197,-21.16211,13758.0,9.89777,-14.18733,24.91,15590.0,4.53189,-23.36051,6.35607,6.32602,1.06827,11.94997,18.67966,35.40586,33.89021,30.70139,0.91852,44.30304
VHI,29.26209,7.10951,32.83509,2.90949,-0.42,0.15091,-87.13761,31.5,1.63917,16.13637,-0.14,245.2,-0.63486,16.13637,-0.62965,-0.20763,1.62907,-0.50694,-0.75982,-1.27745,0.22583,31.0844,18.06349,45.10503
VMI,7.05786,5.17811,67.01371,2.47217,6.78,3.47128,6.78189,565.204,13.53912,-41.65232,14.71,1236.034,5.43513,-42.80743,3.43686,7.38425,1.43472,8.30931,10.81794,9.77641,9.47514,47.73222,2.28963,95.55668
VVV,22.86822,25.10435,1.50742,2.58543,1.23,13.81365,21.67602,368.8,25.54901,101.63934,1.41,544.5,73.94181,234.59816,98.35123,15.78497,2.31272,5.54965,7.40333,78.22676,78.22676,91.07598,5.6231,79.20773
VEEV,13.08021,2.91297,23.48417,3.94249,3.0,22.63074,-8.39319,488.213,22.65427,14.06844,3.14,1545.655,33.4167,14.11264,22.63074,22.64015,3.86159,6.65676,8.50994,14.71678,14.71678,1.61431,0.1249,1.64079
VTR,-66.85409,9.04829,23.59621,0.33497,-0.1,-0.67156,0.0,0.0,0.0,101.6115,-0.12,1925.563,41.53329,101.6115,-0.9082,-1.06877,0.33497,1.13293,1.19084,-0.41722,-0.298,58.15587,101.6115,143.38902
VRE,-81.17963,11.04489,12.33319,0.16791,-1.66,-54.49084,0.0,0.0,0.0,7.1210732,-1.55,156.671,14.97048,7.1210732,-38.7488,-49.36932,0.16791,-0.21177,-0.21705,-12.87236,-9.76621,58.79234,7.1210732,145.4608
VZ,0.0,5510.0986,21.98484,0.69169,2.75,9.02787,-0.68513,47256.0,35.27252,-45.65217,4.23,79169.0,9.78054,-45.36131,8.66885,13.29551,0.54422,4.87756,6.8956,12.65321,12.98708,65.09688,3.70201,186.50732
VNCE,-30.77,14.0966,1.64224,1.23871,-3.14,-10.73471,-1.2879521,-0.424,-0.1187,-1.2879521,-2.05,137.97,-0.02723,-1.2879521,-10.73471,-7.01459,0.23426,-1.69126,-2.21474,-100.86142,-100.86142,90.98988,-1.2879521,-1.2879521
VIPS,33.42971,165.66956,9.61212,1.2265,2.03,7.26705,34.24051,1385.35,8.70407,41.95804,2.07,3627.31,7.74511,25.34301,7.19202,7.19837,1.00717,7.43239,13.04717,22.98275,22.28955,5.3875,0.22353,5.69427
SPCE,0.0,-50.08016,25.27955,5.12135,-29.8,-50.08016,-50.08016,-513.742,-50.08016,-50.08016,-29.6,-43.738,-50.08016,-50.08016,-50.08016,-50.08016,4.93068,-28.40705,-33.75137,-101.92503,-101.92503,49.27873,-50.08016,97.15595
VRTS,9.87368,8.11392,121.88572,1.5995,17.71,16.73741,-18.24317,229.332,27.13128,14.25807,19.12,343.724,-7.87083,11.12803,15.45321,16.39727,1.32161,2.66166,3.08747,15.54138,14.8157,69.84284,9.82766,259.5676
V,13.41584,15.14869,18.31602,1.45173,8.28,52.89866,11.07349,22960.0,70.31513,18.28571,8.68,31917.0,92.13893,15.48439,52.89866,54.46765,1.22647,15.63707,23.27083,49.14642,46.48653,35.13581,0.91381,54.16828
VSH,2.522,8.0727,15.94263,3.3202,2.31,9.56816,-14.76667,670.517,19.70923,-22.48322,2.45,974.493,1.19208,-24.48404,9.51839,10.04235,2.07437,7.49706,10.4176,15.26613,15.31481,30.09562,1.41309,43.05255
VPG,-6.04315,6.09493,24.56375,3.94428,1.88,7.32577,-4.74518,59.399,16.72985,-28.51711,2.0,150.677,8.23744,-28.71641,7.24043,7.64629,2.27838,5.7799,7.02725,8.07902,8.1735,15.05754,0.98461,17.72676
VST,-18.6984,7.91803,8.05504,1.18467,3.58,10.09541,3357.9832,4115.0,27.84356,614.58685,3.89,5520.0,15.90855,614.58685,10.10217,9.73279,0.52927,4.96745,8.53297,52.08442,29.14063,73.40994,3.5706,276.0804
VTLE,59.33116,8.11592,78.6483,0.62278,33.44,44.91317,-25.1077,1038.891,67.12899,-10.68376,24.23,1134.889,-50.08118,10.06568,44.91317,31.71059,0.42451,9.07768,10.53641,35.68165,35.6816,38.60576,1.68585,62.88174
VNO,-0.63558,2.44694,22.72484,2.96281,0.23,1.73722,0.0,0.0,0.0,60.180477,0.23,978.756,22.9565,60.180477,5.57244,2.32055,2.96281,1.25444,1.32391,2.34852,0.5116,58.61355,60.180477,157.47346
VOYA,-7.01636,0.36522,40.76613,20.31373,5.42,9.9822,37.66234,1060.0,14.51458,26.04651,4.78,4082.0,25.06162,22.54902,8.55813,6.72198,20.31373,0.39994,6.29097,14.43085,11.98028,37.27461,3.3934,61.19428
VMC,5.0615,8.97566,56.64951,3.16562,7.06,12.15256,24.11509,2023.2,25.99879,58.65169,7.25,1948.5,8.71253,62.12648,11.99193,12.39093,2.30579,6.10748,7.46359,13.10019,13.08013,37.27474,2.20522,59.42541
WRB,11.80679,1.79082,19.37394,14.04661,3.36667,11.41204,14.17868,1947.918,16.06372,2.22672,3.4,5245.798,3.80428,0.02151,11.39153,11.39764,14.04661,3.33668,11.65544,19.45061,19.43959,29.09573,1.57349,41.03524
WTI,-15.70384,7.21238,0.2128,1.22194,0.11,2.92834,-70.79714,174.033,32.67268,-93.08176,0.12,248.73,11.05247,-93.25197,2.92834,3.30006,1.14148,1.48961,3.30543,80.34822,80.34822,92.8138,2.31486,20.584736
WEC,-17.33392,5.35465,37.16836,0.54659,4.22,14.9747,9.98753,3351.1,37.68245,-5.16854,4.67,3607.2,-2.57379,-5.42113,14.98819,16.56267,0.30228,3.03994,4.35836,11.53971,11.24362,60.94996,5.62245,156.08168
WEX,4.58416,0.7573,43.45107,1.04884,6.16,10.46311,4.47995,927.9,36.4168,36.88889,7.8,1853.1,70.71258,32.34842,10.46311,13.10204,1.03858,3.20576,7.96777,15.36549,15.36549,68.43182,4.25326,216.77469
WPC,95.72992,1.54235,39.7876,1.36599,3.28,40.06297,0.0,0.0,0.0,9.699,3.47,1596.973,10.16745,18.22532,40.06693,42.27296,1.35844,2.77907,2.94703,8.00645,7.99592,48.75196,89.98312,95.12941
GWW,2.76606,7.61988,63.1628,2.88039,36.23,11.54873,17.00084,2801.0,16.99842,20.52562,36.83,6496.0,7.58132,18.22883,11.09965,11.15316,1.55762,20.5831,27.84106,65.85059,61.62565,44.43727,0.98251,79.97675
WNC,-28.40123,11.56722,12.1053,1.93451,4.81,9.14075,67.70509,362.404,14.28756,113.77778,4.97,498.187,7.00616,106.00046,9.11697,9.2113,1.06216,15.35184,21.93984,48.83324,48.903,43.79766,1.18289,78.01404
WD,-32.01979,3.26801,52.43506,2.00269,3.18,9.33862,-10.4958,478.843,43.34292,-50.0,3.09,996.416,24.27475,-49.79095,9.71752,9.14516,1.08388,3.8914,5.03294,6.29074,5.95855,45.72221,3.07177,84.23742
WMT,-4.19082,75.06088,9.49288,0.82057,1.42333,1.85577,-10.09721,32739.0,5.38045,-12.32033,1.91,147568.0,1.75195,-14.57617,1.91953,2.56516,0.17959,5.58183,9.32554,14.60493,12.84043,41.22969,1.79978,70.35246
DIS,-5.52896,8.58213,54.24973,1.05215,1.29,3.81336,10.8444,14361.0,16.15447,-26.28571,3.03,29697.0,5.94024,-25.15103,2.64798,6.23056,0.85141,2.74676,3.4657,2.42324,3.06247,30.95721,3.52845,48.74323
HCC,-35.30423,13.41026,36.03387,7.24024,9.2,28.54717,-27.65219,681.588,40.65238,-25.80645,9.53,728.87,-1.18941,-25.36559,28.54717,29.54165,5.80798,15.66927,17.93637,28.81605,28.81605,8.46037,0.25417,9.2423
WM,6.98903,8.01963,17.19495,0.90014,5.66,11.14266,7.93054,6029.0,29.5163,5.00928,6.23,7820.0,5.83937,2.94906,11.27974,12.34959,0.8088,7.45443,10.39878,33.50785,33.0814,70.83281,2.77774,242.85094
WAT,-2.86682,4.14918,19.43932,2.22,10.84,21.7234,2.3549,1046.237,35.38869,-7.58738,11.67,1761.193,15.51292,-9.25758,21.7234,23.31935,1.39079,13.91467,19.10274,77.61938,77.61938,67.98031,2.33433,212.30783
WSO,6.78909,9.42918,56.53607,3.3594,13.67,8.7062,-4.79765,803.723,11.03444,-11.29137,13.72,1992.14,4.51099,-10.78403,7.36346,6.85758,1.41563,13.31216,16.97574,26.04162,26.07229,13.39935,0.50365,15.47258
WTS,11.12062,8.33185,45.42944,2.61459,7.82,12.7462,10.78404,402.7,19.58372,4.54546,8.3,960.9,10.20766,4.21471,12.7462,13.4815,1.50296,10.59477,13.33917,18.62895,18.62895,18.99256,0.88105,23.44545
W,-48.52941,58.26699,-22.91175,0.84975,-6.47,-6.14846,208.52716,-317.0,-2.64101,208.52716,-6.72,3667.0,2.82638,208.52716,-6.14846,-6.3824,0.72607,-13.00681,-29.57769,208.52716,208.52716,280.8283,208.52716,208.52716
WBS,0.0,200.71068,48.86594,0.81321,4.91,22.01189,33.30148,1556.96,39.49072,31.98925,5.64,2506.959,172.83073,34.69857,22.01189,24.57292,0.81296,1.26469,6.42983,10.7285,10.36463,32.00135,2.6267,47.06175
WMK,27.97515,81.01332,51.09439,2.44207,3.86,2.21054,-6.54316,235.186,5.00721,-16.98925,3.86,1203.764,1.42956,-17.06764,2.21054,2.2105,1.47294,4.28837,5.63138,7.75944,7.75944,11.751,0.77812,13.31573
WFC,0.0,5052.7827,46.20543,0.84237,4.83,16.49818,9.86298,38485.0,33.36657,53.82166,4.62,77198.0,24.76342,45.21317,16.59615,14.77367,0.8389,1.26148,5.33918,11.70203,10.30494,61.64064,7.82661,160.69258
WELL,0.0,139.57571,45.02398,0.83861,0.66,5.43908,0.0,0.0,0.0,120.0,0.64,2614.925,25.48377,140.83589,5.16503,5.01177,0.83861,1.51006,1.56861,1.4884,1.49957,37.93501,139.57571,61.80248
WCC,-0.41361,6.07875,98.96654,2.47657,13.54,3.42235,-1.46894,1659.8,7.41472,-11.67645,14.94,4843.7,1.67571,-11.0371,3.41967,3.41044,1.36628,6.19339,8.54246,16.1305,16.15994,54.87895,3.68725,121.62603
WST,0.90658,5.78733,39.19728,2.88241,7.88,20.11662,-4.07307,845.5,28.66296,1.94049,8.12,1130.0,6.57587,1.28008,20.11662,20.45278,2.03319,11.88846,14.29483,21.3227,21.3227,9.68652,0.36546,10.72544
WAL,0.0,213.55147,52.82919,0.85236,6.54,16.73772,0.0,1925.1,44.6038,-32.57732,6.17,2557.0,98.15367,-31.67502,16.73772,15.48218,0.82966,1.67943,8.58427,13.3235,12.636,57.73884,4.31354,136.62389
WU,0.0,141.72026,1.36662,1.01805,1.68,14.36768,-5.19993,1033.7,23.72504,-28.20513,1.75,1695.9,6.99793,-31.25412,14.36768,14.89328,0.28633,6.36489,17.02788,130.85284,130.85284,84.77383,2.57996,141.72026
WAB,10.86241,6.04246,58.982,1.19699,4.53,8.52537,20.70313,1854.0,19.15883,30.92486,4.71,2982.0,7.42353,28.75198,8.42203,8.70257,0.56805,4.48286,5.84945,7.91685,7.9822,27.88323,2.19471,38.66401
WLK,-15.89806,8.27159,79.87552,2.36882,3.7,4.16003,-43.325,2267.0,18.06662,-78.66205,8.29,2219.0,11.76781,-78.68269,3.81734,8.44367,1.75807,4.15414,5.33426,4.74916,4.9178,34.43781,2.49405,52.52694
WHG,3.55396,6.30855,13.17154,3.87397,1.17,11.84466,40.46148,7.731,8.66248,8.851096,0.31,36.863,15.80781,8.851096,10.66703,2.7663,3.63034,1.20692,1.49357,8.24068,9.07016,3.58431,0.5888,3.71756
WY,-0.84034,21.5865,14.02666,2.93528,1.15,10.93302,-54.472,1634.0,21.29268,-54.54546,1.14,1682.0,5.66035,-55.37234,10.93302,10.86898,1.93909,4.12988,4.52196,7.99619,7.99619,33.6488,3.17687,50.71317
WHR,-1.67203,12.61673,42.94546,0.89335,8.72,2.50835,0.0,1526.0,7.84374,234.20215,8.02,3170.0,3.14958,234.20215,2.47237,2.26728,0.44603,4.22886,6.80078,20.4768,19.35356,75.92979,5.24443,234.20215
WTM,-2.49356,1.94372,1656.4453,15.06573,198.6,27.84622,180.43398,603.4,28.92479,180.43398,186.95,1149.8,11.70785,-34.83491,24.40919,22.6489,15.06573,4.72419,7.69449,12.75008,13.67371,11.39427,0.97216,12.85952
WSR,17.36031,5.272,8.33972,0.3458,0.38,13.51962,0.0,0.0,0.0,-46.47887,0.39,97.958,27.73503,-45.61951,13.33194,13.4191,0.3458,2.49785,2.62164,4.60952,4.60862,60.43671,14.514471,152.75954
WMB,-26.22222,6.97379,10.16187,0.7741,2.68,31.17264,23.87912,6272.0,57.50436,60.47904,2.3,5932.0,14.57206,55.14885,29.14642,25.67987,0.65883,5.19617,6.67903,27.50976,23.50014,64.11894,4.24267,178.69855
WSM,-12.14887,70.1337,12.84277,1.24421,8.16,13.00265,4.91504,1730.262,19.94672,10.64407,8.4,3677.733,6.37393,0.13912,13.00265,13.17383,0.29517,20.40274,31.10266,67.03225,67.03225,45.90752,0.83436,84.86859
WGO,-29.7587,16.13734,45.9094,2.51692,6.23,6.18501,-45.165,350.7,10.0467,-47.38176,7.33,586.1,4.35436,-44.73116,6.18501,6.36259,1.26035,7.83142,9.78973,16.41134,16.41134,32.18499,1.85144,47.45998
WT,16.11837,10.57329,2.81541,2.22634,0.64,29.37986,46.4265,88.364,25.31666,106.45161,0.76,158.778,40.42754,102.32421,29.37986,31.50897,1.59644,5.52919,6.93047,28.69435,20.93021,33.70971,3.1174,50.85166
WOLF,3.06258,6.04525,12.99662,5.74375,-2.65,-35.78479,18.476727,-28.1,-3.04805,18.476727,-1.79,242.9,-76.10506,18.476727,-35.78479,-24.14898,5.12852,-2.28599,-2.54074,-16.24643,-16.24643,72.65754,18.476727,265.73154
WWW,-4.50972,9.49376,3.50216,1.17909,-0.51,-1.74774,-38.77321,108.8,4.85086,49.28872,0.91,872.5,9.51447,49.28872,-1.76557,3.22145,0.47136,2.02777,3.00153,-13.21762,-12.26917,78.38461,9.99908,49.28872
WK,17.75556,5.44289,-1.6499,2.08243,-2.36,-20.24081,28.66163,-64.287,-10.20365,28.66163,-1.42,475.817,17.4211,28.66163,-20.24081,-12.19321,1.95439,-4.6252,-8.70626,28.66163,28.66163,112.70118,28.66163,28.66163
WKC,-16.95759,15.82546,32.49164,1.11213,0.86,0.11255,3.01996,392.3,0.82225,-52.74725,1.96,1107.0,0.54115,-53.63716,0.11088,0.25224,0.75062,2.31501,5.93246,2.69355,2.72568,35.60576,2.7479,55.29339
WOR,-19.19619,6.34218,34.85503,2.60374,5.19,5.47495,-16.55324,346.622,7.05033,-30.24194,5.7,323.588,6.97019,-32.38338,5.21781,5.63068,1.60549,4.01772,5.77395,16.15028,15.66951,30.39286,2.29468,43.66342
WH,2.99145,5.88211,9.16462,0.81264,3.41,20.68719,0.0,605.0,43.30709,-12.78772,3.7,942.0,32.50716,-18.59155,20.68719,22.35362,0.71024,8.10753,11.00799,33.84075,33.84075,74.77173,3.65455,296.3807
XPO,1.99161,8.03736,10.90693,1.00189,1.62,2.47934,3.61318,975.0,12.59039,1.88679,2.62,1202.0,-9.56386,-71.62162,2.4406,3.92459,0.87107,4.93242,7.0439,16.85689,16.85689,76.46403,4.21846,98.96395
XHR,-13.65742,29.30088,12.61067,2.19259,0.17,1.93809,0.0,0.0,0.0,-65.30612,0.18,268.166,15.34899,-65.77018,1.86671,1.89914,2.19259,2.03505,2.15847,1.40123,1.43107,51.76174,15.53147,107.30431
XYL,47.5365,5.42868,42.09454,1.76145,2.79,8.26996,46.69604,1332.0,18.088,42.34694,3.69,2717.0,7.05289,71.5493,8.26996,10.87418,1.19547,4.65426,6.02053,8.91655,8.90416,21.12851,2.04655,26.78852
YELP,10.79969,9.61746,10.88427,3.54943,1.35,7.41723,29.33385,133.479,9.98301,170.0,1.57,1222.833,22.36212,172.85059,7.41723,8.12804,3.39268,5.61983,6.8192,13.58666,13.58666,10.43207,0.65403,11.6471
YEXT,7.99158,3.79352,1.0465,1.19154,-0.53,-16.44955,12.690295,-47.245,-11.7862,12.690295,-0.53,296.89,8.98325,12.690295,-16.44955,-16.56057,1.03116,-7.08289,-13.7068,-38.79927,-38.79927,48.10832,12.690295,92.70912
YUMC,6.25,166.33333,15.7371,1.4166,1.97,8.20732,30.02523,1546.0,14.08271,89.42308,2.0,2266.0,5.07492,87.10407,7.53325,7.57879,1.19034,5.72683,7.10774,12.83464,12.61993,26.31198,1.64424,35.77259
YUM,13.73457,10.21805,-27.96441,1.25998,5.59,22.56925,5.91398,2561.0,36.19276,22.31948,5.25,3497.0,15.84758,20.5283,22.56925,20.84864,1.13234,24.43695,37.08532,313.73978,313.73978,288.3058,4.69777,313.73978
ZBH,4.40825,5.23687,60.70282,1.61318,4.88,13.86357,11.50812,2459.2,33.2585,253.62318,5.75,5318.6,16.5148,342.52377,13.84869,16.22927,0.65031,4.42727,5.17299,8.35891,8.36298,32.43559,2.43787,48.00692
ZTS,7.3251,6.81302,10.90175,3.35786,5.07,27.26955,5.63877,3597.0,41.91819,12.9176,5.0,5986.0,14.93998,10.87985,27.31616,26.87169,1.77078,13.29123,15.95177,49.86173,49.81903,57.71414,1.8938,136.48567
ZWS,-4.32408,7.12026,9.30443,3.02309,0.59,6.80823,45.23019,306.0,19.99347,59.45946,0.72,648.1,16.70369,82.65802,7.36361,8.19737,1.64735,4.92904,6.28096,6.47648,6.47648,25.31221,1.77516,33.89069
