,IQ_ACCT_RECV_1YR_ANN_GROWTH_CS,IQ_AR_TURNS_CS,IQ_BV_SHARE_CS,IQ_CURRENT_RATIO_CS,IQ_DILUT_EPS_EXCL_CS,IQ_EARNING_CO_MARGIN_CS,IQ_EBITDA_1YR_ANN_GROWTH_CS,IQ_EBITDA_CS,IQ_EBITDA_MARGIN_CS,IQ_EPS_1YR_ANN_GROWTH_CS,IQ_EPS_NORM_CS,IQ_GP,IQ_LFCF_MARGIN_CS,IQ_NI_1YR_ANN_GROWTH_CS,IQ_NI_MARGIN_CS,IQ_NI_NORM_MARGIN_CS,IQ_QUICK_RATIO_CS,IQ_RETURN_ASSETS_CS,IQ_RETURN_CAPITAL_CS,IQ_RETURN_COMMON_EQUITY_CS,IQ_RETURN_EQUITY_CS,IQ_TOTAL_DEBT_CAPITAL_CS,IQ_TOTAL_DEBT_EBITDA_CS,IQ_TOTAL_DEBT_EQUITY_CS
MMM,-1.79503,6.77843,22.27088,1.885,9.25,16.74124,3.14052,8933.0,27.75603,18.4379,9.11,15685.0,17.21702,17.81182,16.72881,16.34954,1.22584,9.54045,13.68683,46.96031,46.73635,60.46291,2.2137,152.92706
AOS,-0.76336,4.93027,11.42548,1.82557,2.12,11.91241,-2.85241,527.9,18.233,-4.50451,2.21,1108.2,15.63137,-6.78378,11.91241,12.32976,1.43811,9.00309,13.9672,19.62391,19.62391,7.90732,0.30063,8.58627
AIR,-13.92996,8.73819,25.7173,3.75542,0.71,1.187,-2.21498,150.1,7.18422,-70.41667,2.16,269.2,-0.12504,-41.33333,0.2106,3.59776,1.7066,3.69835,5.04782,2.7426,2.7426,43.13256,4.56096,75.84755
ABM,-16.52238,6.01104,22.47708,1.46104,0.0,0.00334,16.0216,386.7,6.45835,55.597267,2.81,830.6,6.49947,-99.76452,0.00501,3.13964,1.31786,4.85809,7.66384,0.01315,0.01315,37.26532,2.30463,59.40145
ACCO,-21.53405,4.08843,7.82259,1.3076,0.65,3.74577,-32.62336,189.8,11.46689,-38.67925,0.7,492.4,7.54592,-41.94757,3.74577,4.01341,0.70497,2.55041,4.05809,8.17726,8.17726,62.35491,6.48156,165.63889
ACM,-23.80509,2.60119,20.9657,1.23642,1.06,1.41126,-25.16832,685.325,5.17618,70.06246,1.89,709.56,4.35859,70.06246,-1.40763,2.26979,1.00916,2.26609,4.54501,4.88182,5.11015,46.57356,4.34202,87.17324
AES,-12.10277,6.95214,3.9587,1.0097,0.06,1.54244,12.94488,3586.0,37.12215,-86.66667,0.31,2693.0,4.34136,-84.81848,0.47619,2.13406,0.58915,4.62997,6.0356,1.52753,2.54505,78.31213,5.63079,272.41452
AGCO,6.93317,11.04703,39.75348,1.29904,5.65,4.58813,13.11903,911.4,9.96098,246.62576,5.65,2057.5,8.12445,241.13419,4.66791,4.6313,0.58734,4.91426,8.61614,14.64226,14.17046,37.34169,1.97345,59.59576
ALE,16.07884,11.22516,44.05491,0.55461,3.36,13.8226,-3.43112,368.7,31.53708,-6.40669,3.36,424.8,-41.33842,-6.14224,14.90035,14.91609,0.3416,1.63066,2.19393,7.6969,6.29308,39.38305,4.93436,64.97036
AME,-18.50773,6.11764,25.80848,2.34449,3.77,19.2166,-5.97518,1327.087,29.2308,0.53333,3.47,1543.514,25.88368,1.29363,19.2166,17.536,1.74667,6.63183,8.06792,15.76958,15.76958,30.30445,1.94927,43.48118
AMN,5.80279,5.46833,17.42029,1.26191,1.48,2.95211,15.69625,302.15,12.62264,-38.33333,2.43,791.778,9.15844,-38.00663,2.95211,4.81429,1.19283,6.06638,8.03763,9.08046,9.08046,53.82512,3.16227,116.56799
T,-8.15771,7.38499,22.68801,0.81982,-0.75,-2.22462,-6.56141,55396.0,32.25198,6046.5156,1.04,77399.0,21.50617,6046.5156,-3.01351,4.33354,0.52844,3.11853,4.46476,-2.99282,-2.00486,50.51681,3.3032,102.08882
ATI,-35.08269,6.10273,4.10904,3.16241,-12.43,-52.29872,-52.88027,250.3,8.39341,20.875622,-0.56,292.8,6.59267,20.875622,-52.73465,-2.37551,1.5783,1.2798,2.13314,-120.45037,-110.04022,70.96687,6.26368,244.43405
AXS,6.70436,0.60487,56.25993,8.72254,-1.79,-2.4871,-89.04662,51.395,1.06145,32.69989,-1.71,626.046,-12.34725,32.69989,-2.4871,-2.97582,8.72254,0.08466,0.30663,-2.53133,-2.22191,21.49471,28.21204,27.37994
AZZ,-5.0538,4.9415,24.26059,1.26353,1.84,4.54259,22.43078,157.326,14.81668,-6.12245,2.72,239.228,10.11079,-5.80769,4.54259,6.70921,0.87663,6.19289,7.553,7.79165,7.79165,28.05072,1.57202,38.9868
ABBV,0.0,2432.1787,7.40794,0.84341,2.72,10.09523,40.93372,22369.0,48.85768,-48.48485,7.6,30547.0,37.48417,-41.43618,10.08213,27.67168,0.60364,8.29126,12.49246,188.25449,187.69543,86.92392,3.89213,2432.1787
ABT,18.23042,5.84644,18.50917,1.71672,2.49,12.91898,13.12228,9112.0,26.32917,20.87379,2.65,19605.0,15.80668,21.91484,12.98833,13.5762,1.13899,5.14918,7.00072,13.99988,13.90582,37.60422,2.18284,60.26725
ANF,0.0,111.21645,16.86379,1.55117,0.6,1.24094,-19.79072,242.293,6.6875,-44.44444,0.57,2150.918,0.2916,-47.19953,1.08632,1.01361,0.92453,1.44619,1.97141,3.47117,3.92698,62.26392,7.29458,164.99835
AKR,-16.00756,1.61002,16.7074,0.46631,-0.1,-25.08795,0.0,0.0,0.0,13.221469,0.22,151.657,12.54654,13.221469,-3.32756,7.22468,0.42913,-1.59369,-1.70592,-0.58714,-3.1183,47.57375,13.221469,90.74415
AAMI,-25.74062,5.42879,3.80914,3.78283,3.49,43.91093,-20.31052,251.5,35.00348,42.44898,1.61,255.5,21.98504,28.04824,39.90258,18.20857,3.32197,9.995,16.48303,156.32497,108.27042,56.64336,1.99682,130.64516
ACN,-3.0658,5.56105,26.80762,1.40175,7.89,11.69786,4.51164,7235.362,16.32268,7.20109,8.03,13976.158,12.57151,6.87841,11.52308,11.5268,1.29172,12.17622,22.72094,32.52424,32.08052,16.60979,0.48173,19.91816
AYI,-10.81996,6.26835,54.7295,2.33112,6.27,7.46475,-13.92883,478.9,14.39738,-24.36671,6.76,1402.4,11.8728,-24.84867,7.46475,8.02754,1.71794,7.08648,9.68102,12.27264,12.27264,18.25482,0.99207,22.33138
ADNT,-13.85827,7.14608,12.91882,1.17361,-5.83,-3.83583,-18.46473,393.0,3.10182,45.374012,-0.89,556.0,0.18844,45.374012,-4.31729,-0.6589,0.91542,0.37009,0.6249,-35.73995,-25.45836,74.64653,11.82188,45.374012
ATGE,-44.85044,8.59229,25.26308,2.00231,4.51,23.14988,-21.18986,210.799,20.03791,96.94323,2.3,409.262,5.47902,37.57113,-8.11159,11.73152,1.72585,4.64367,5.71649,18.05962,17.94443,28.23896,2.45158,39.43702
ASIX,17.41977,10.34603,15.84286,1.16188,1.64,3.9793,-11.83418,120.118,10.37363,14.68532,1.64,133.748,-1.84908,11.43977,3.9793,3.97268,0.51021,3.14469,4.70536,10.90579,10.90579,46.79448,3.25187,87.95041
AAP,8.90053,14.72348,53.63861,1.32169,7.14,4.87834,10.35249,1109.996,10.98319,4.38597,8.91,4481.614,6.52458,1.25797,4.87834,6.06101,0.33411,4.65561,7.75474,13.87113,13.87113,49.65033,3.16224,98.61102
WMS,14.67695,9.12516,7.58411,2.7967,-3.21,-11.45874,57.52845,324.025,19.35859,49.098522,0.4,497.542,11.14209,49.098522,-11.54101,1.52515,1.57112,7.29976,8.9223,-42.45349,-29.84663,60.2082,3.66372,151.30809
AER,-0.97765,4.10764,67.97959,0.70313,-2.34,-6.81004,-7.82927,3815.226,88.09707,314.0941,6.26,2524.721,10.50105,314.0941,-6.89416,18.46529,0.70313,3.16131,3.53888,-3.28467,-3.22062,76.32147,7.54647,314.0941
AMG,1.07888,4.83486,63.175,2.06471,4.33,21.06042,-10.58926,822.4,40.56227,1296.7742,5.8,1143.8,30.65906,1187.8981,9.97287,13.3021,2.06471,6.0158,7.25932,7.07339,10.1611,38.46344,3.03162,75.15751
AFL,8.54782,1.87518,48.46387,3.38626,6.67,21.03456,6.30367,5076.0,22.34647,50.56433,4.8,7821.0,12.75699,44.61259,21.03456,15.08153,3.38626,1.98204,8.17015,15.2852,15.2852,19.1018,1.56107,23.61215
A,11.6129,5.42581,15.91454,2.32788,2.3,13.46694,5.10204,1339.0,25.0796,-31.75074,2.75,2837.0,10.85409,-32.86648,13.46694,15.9159,1.68984,6.77446,8.87401,14.94647,14.94647,34.23752,1.8947,52.06239
ADC,41.03253,7.6937,42.06006,0.50615,1.74,37.00074,0.0,0.0,0.0,-9.84456,1.76,216.816,31.38653,14.11071,36.76298,36.70419,0.50615,2.38768,2.46646,4.33721,4.36113,32.8378,24.066032,48.89328
AL,0.0,157.85043,53.33405,0.90764,4.39,26.52105,3.43233,1833.308,94.17904,-13.75246,4.41,1234.748,-29.79734,-12.06855,26.52105,25.75494,0.90764,2.80403,3.1483,8.82828,8.82813,73.12015,9.01013,272.02585
APD,7.01397,6.45997,54.65552,3.5937,8.55,21.96628,3.74926,3323.4,37.52583,7.68262,8.48,2998.2,0.11687,7.19886,21.30348,21.18013,3.21732,6.05967,7.53559,16.43511,16.32636,40.05463,2.50175,66.81856
ALK,0.0,-110.16233,24.05449,0.93315,-10.72,-37.12844,-110.16233,-1284.0,-36.00673,-110.16233,-10.1,-783.0,-23.95541,-110.16233,-37.12844,-34.96481,0.89122,-7.87751,-13.67225,-36.17981,-36.17981,62.84044,-110.16233,169.10977
AIN,0.0,34.786575,25.23239,3.75807,3.05,10.79746,-7.18583,248.535,27.5963,-25.60976,3.21,371.072,8.36632,-25.53588,10.94691,11.52287,2.98504,7.26738,9.07045,13.01721,12.77367,34.59159,1.74458,52.88554
ALB,-13.35393,5.47257,39.94896,1.2244,3.52,14.27383,-19.76931,783.159,25.02978,-29.88048,3.88,996.853,-12.48087,-29.53033,12.00943,13.19437,0.76841,3.39196,4.45606,9.16444,10.43228,45.3698,4.73866,83.04894
AA,-13.73626,18.26155,17.80318,1.63709,-0.91,-0.15077,-32.54512,1084.0,11.67349,115.30464,-1.33,1362.0,4.65755,115.30464,-1.83071,-2.66223,0.7845,1.82683,3.48255,-4.58036,-0.25683,34.19913,2.40498,51.97368
ALEX,-16.34615,6.57801,15.1395,1.54318,0.09,1.91022,0.0,0.0,0.0,10.580649,0.15,70.9,29.13483,10.580649,1.78287,3.45272,1.30796,0.96777,1.08672,0.57627,0.53629,39.01886,10.580649,64.36457
ALX,-11.06176,1.28878,39.79401,5.83758,8.19,19.97295,-16.66214,82.912,39.48585,-30.2385,10.31,110.739,45.27953,-30.18893,19.97295,25.14419,5.83758,3.88216,3.99698,18.36438,18.36438,85.09659,13.99563,20.448399
ARE,11.88427,3.34887,85.78325,1.60296,6.01,35.72929,0.0,0.0,0.0,92.62821,6.51,1363.561,50.25625,112.2889,33.30124,35.46058,1.52542,2.74562,2.93425,7.48812,7.00688,37.03978,85.04283,58.88013
BABA,31.48219,29.26479,39.97703,1.91392,7.9,27.53521,33.59271,19077.781,26.50698,58.95372,4.74,32476.42,21.97407,61.47561,29.28385,17.30181,1.64748,4.93309,6.32592,23.41678,18.35801,14.34235,1.09014,16.91888
ALLE,-2.42571,8.34837,9.093,2.19559,3.39,11.56293,-0.33779,649.1,23.86485,-20.42254,5.14,1178.8,13.72109,-21.777,11.55557,17.44263,1.58773,11.82578,15.43313,39.61432,39.48525,64.66194,2.3471,182.98102
ALSN,-9.88142,8.65281,6.74801,2.02681,2.62,14.36809,-34.06072,695.0,33.39741,-46.63951,2.82,998.0,15.14897,-50.49669,14.36809,15.44834,1.44236,7.65935,10.34105,38.90696,38.90696,77.02128,3.64604,80.2367
ALL,-4.67246,1.97139,92.85881,13.42126,17.31,12.44893,25.61369,8955.0,19.99286,23.37848,20.67,13882.0,12.06939,15.04023,12.44893,14.37961,13.42126,4.30496,14.7524,21.44739,19.83812,21.62218,0.93088,27.58712
ALLY,-9.215,0.08837,39.24211,0.91725,2.88,10.12965,-19.39362,3788.5,35.33719,-33.7931,3.42,6200.0,239.6494,-36.73469,10.12033,11.98257,0.91446,0.95901,3.73316,7.45905,7.45905,62.33091,6.4218,165.46964
MO,-9.86842,144.22836,1.52764,0.78528,2.4,21.37134,7.91895,11611.0,55.7123,1225.8861,4.03,13488.0,35.11288,1225.8861,21.43371,35.92793,0.56085,14.67911,21.23513,98.59839,95.55889,90.85892,2.5382,1225.8861
AMBC,-4.19718,0.04776,23.57615,5.84352,-9.47,-263.25302,-59.23955,-150.0,-90.36145,-59.23955,-9.47,-69.0,-55.72289,-59.23955,-263.25302,-263.2603,5.84352,-0.97965,-1.49865,-34.18068,-32.57548,86.35985,-59.23955,-59.23955
AMCR,-13.32404,7.16482,2.9619,1.14121,0.39,5.00742,0.0,1806.2,14.48727,8.33333,0.51,2536.0,8.07429,42.3059,4.91037,6.54502,0.59354,4.45962,6.4464,12.11346,12.05003,59.14135,3.75617,144.74622
AEE,1.93741,8.55203,35.28622,0.75826,3.5,15.13635,4.99558,2375.0,40.99068,4.47761,3.53,2858.0,-27.48317,5.19324,15.03279,15.0485,0.41514,2.66555,4.20005,10.24887,10.14988,56.04183,4.87411,127.48899
AAT,23.72287,4.80511,21.02391,1.04397,0.46,10.31509,0.0,0.0,0.0,-45.2381,0.46,225.477,34.52138,-39.16788,8.12819,7.97393,1.04397,1.98428,2.08103,2.16937,2.79442,53.40874,18.766949,114.63253
AXL,-2.72259,5.85702,3.27008,1.91668,-4.96,-11.91093,-28.59493,651.0,13.81931,54.327217,0.14,582.7,5.95573,54.327217,-11.91517,0.33612,1.39304,1.90572,2.74702,-83.27275,-82.90485,90.59191,5.52012,54.327217
AEO,34.5294,53.19897,7.47249,1.39398,1.12,4.43936,-15.22535,429.966,9.98015,-23.80952,1.19,1522.301,1.12889,-26.97383,4.43936,4.6877,0.71299,5.9189,7.48688,15.08688,15.08688,56.19646,3.72331,128.29202
AXP,-22.08813,0.29317,28.55155,1.54664,3.77,8.21003,-39.90715,6472.0,16.94906,-52.81602,3.89,19035.0,110.41279,-53.6174,8.21003,8.20073,1.54664,1.58107,3.92314,13.61416,13.61416,66.65022,7.09734,199.85207
AFG,109.78696,0.80776,78.62644,9.42748,8.2,9.23057,-8.20734,1275.0,16.32313,-16.75127,8.74,1180.0,-80.193,-18.39465,9.3714,9.92495,9.42748,0.84902,6.40084,11.21152,11.04304,32.39395,2.55137,47.91575
AMH,0.0,47.66916,18.28085,1.12055,0.28,13.08964,6.6376,260.473,22.02106,-3.44828,0.36,623.057,39.06754,-0.4715,11.86758,9.33187,1.12055,1.6822,1.73115,2.52385,2.47901,30.47132,10.8901,43.82555
AIG,0.0,0.72808,76.46264,45.74833,-6.88,-13.45311,-39.90364,6985.0,16.11006,810.0984,1.86,10698.0,-68.87772,810.0984,-13.70912,3.72922,45.74833,0.32219,1.65502,-9.07627,-8.66549,38.56204,6.03837,62.76582
AWR,12.14095,8.08169,17.3947,1.32506,2.33,17.70123,3.18277,167.38,34.28211,2.19298,2.34,261.391,-3.09613,2.46971,17.70123,17.67546,1.09514,4.75286,7.00363,13.9036,13.9036,47.7562,3.50433,91.41027
AMT,13.89578,12.43852,9.21275,0.79486,3.79,21.03463,6.77029,4808.4,59.79481,-10.61321,4.01,5814.3,31.4534,-10.44602,21.02344,22.12269,0.71569,4.06244,4.62174,36.95745,29.76054,88.47859,7.63493,477.40057
AWK,0.0,192.9597,35.59885,0.66158,3.91,18.77151,2.88889,1852.0,49.03363,13.99417,3.91,2155.0,-20.36007,14.17069,18.77151,18.73736,0.38285,3.48993,4.70631,11.27634,11.27634,63.07569,5.95302,170.8243
COLD,50.91137,7.37813,15.05918,2.07535,0.11,1.23476,0.0,0.0,0.0,-57.69231,0.23,551.248,14.15808,-49.04697,1.23401,2.35079,1.98152,1.62721,1.8106,0.87277,0.87294,45.9806,29.45716,85.11868
AMP,3.21481,1.08581,50.24579,1.17879,12.2,12.80788,-9.35311,2200.0,18.36854,-12.35632,12.54,5816.0,35.18202,-18.96461,12.80788,12.96194,1.17879,0.79317,11.47384,26.4574,26.4574,46.97695,2.36273,88.59724
ABCB,0.0,89.67152,38.06514,1.0359,3.77,22.35288,26.4666,525.298,44.81855,37.09091,4.33,978.94,193.95125,62.28096,22.35288,25.5857,0.96639,1.58322,8.33911,10.24057,10.24057,19.42055,1.21451,24.10113
APH,12.39346,4.66318,4.49791,2.38285,0.9775,14.10994,0.82636,1952.2,22.7029,4.26667,1.0025,2664.1,10.94748,4.19048,13.99481,13.89689,1.60122,8.91152,11.48968,24.27384,24.14984,42.89709,2.09794,75.12243
AMPY,-6.77025,6.31246,-0.89574,0.99956,-12.34,-229.55418,-97.400406,-405.444,-200.57187,-97.400406,-12.25,60.886,-130.06891,-97.400406,-229.55418,-227.93008,0.7257,-49.63349,-65.74613,-231.7427,-231.7427,114.71285,-97.400406,-97.400406
AU,19.14894,85.96117,8.86325,2.43379,2.25,21.77547,71.33278,2044.0,46.17122,158.6207,2.2,1768.0,23.62774,194.80675,21.52699,20.82392,1.61105,12.6247,17.14312,29.86583,30.04988,35.78297,1.01957,55.72193
NLY,232.05342,284.43314,35.67839,0.05687,-2.92,-30.21859,0.0,0.0,0.0,-9.732716,-2.92,-696.0,-23.41823,-9.732716,-30.26584,-35.07278,0.05687,1.46153,1.49382,-6.78161,-5.96799,83.67671,-9.732716,-9.732716
AM,-27.02887,10.3086,5.07362,0.99921,-0.26,-13.60324,40.94917,683.12,75.84163,82.8668,0.88,806.005,14.75892,82.8668,-13.60324,46.72763,0.98348,6.03414,6.21613,-4.4061,-4.4061,56.11026,4.52574,127.84369
AR,-7.26214,7.40492,21.46746,0.58404,-4.65,-36.09736,-88.23646,150.252,4.30312,81.69876,-3.37,1689.613,-4.08677,81.69876,-36.31175,-26.29377,0.46159,-4.1396,-4.63375,-19.90662,-19.30035,47.97607,37.37988,92.21925
HOUS,62.02532,60.10628,15.26975,0.92098,-3.13,-5.72255,8.59232,594.0,9.5483,168.86723,1.96,2694.0,11.81884,168.86723,-5.78685,3.62951,0.77073,3.52283,4.30889,-18.67704,-18.43127,68.84147,6.57239,220.93945
AON,-1.34961,3.58007,15.49889,1.07176,8.45,18.227,4.64824,3332.0,30.11025,32.65306,9.03,5174.0,21.30512,28.5248,17.79324,18.92334,0.24993,5.93109,14.87707,57.29258,57.36633,71.35433,2.67857,249.09294
AIV,89.53172,5.93349,3.35341,23.180513,-0.03,-3.20709,0.0,0.0,0.0,23.180513,-0.03,90.745,0.0,23.180513,-2.80141,-2.47691,23.180513,0.20384,0.69959,-0.44211,-0.45694,65.7732,23.180513,193.63396
ARI,1.86831,0.06661,16.29954,13.08378,0.01,4.28196,-41.44308,236.974,55.21643,-99.28571,0.01,113.697,-21.04035,-92.01604,4.28196,0.34486,13.08378,2.1421,2.18093,0.75003,0.75,66.72873,19.21631,200.55965
APO,12.00791,5.31923,3.82353,1.82874,0.44,19.83,-32.93529,952.162,40.44836,-88.14016,0.53,2221.0,36.98643,-81.42608,6.65305,5.12279,1.80053,3.62192,4.21712,14.41381,10.00209,69.89965,15.35518,265.19
APLE,0.0,10.338897,13.57161,0.36004,-0.77,-28.77771,0.0,0.0,0.0,10.338897,-0.77,182.366,18.96897,10.338897,-28.77771,-28.59859,0.36004,-1.44408,-1.47247,-5.48092,-5.48092,36.13743,10.338897,56.58625
AIT,-16.62156,6.43816,21.79132,2.72193,0.62,0.74075,-11.54363,291.73,8.98833,-83.15217,3.85,937.736,8.12041,-83.30336,0.74075,4.58562,1.7062,6.20175,7.67896,2.76253,2.76253,54.95074,3.52705,121.97923
ATR,1.40236,5.06191,28.47234,1.75438,3.21,7.30847,1.71619,600.274,20.49178,-12.29508,3.86,1085.819,9.99868,-11.62748,7.30677,8.48838,1.13791,6.28915,8.00354,12.50853,12.50878,40.19433,2.07219,67.20824
APTV,9.45893,4.85635,29.27507,1.84503,6.66,13.94459,-26.01588,1584.0,12.12307,72.98701,1.79,1950.0,9.39079,82.22222,13.80683,3.60891,1.45057,3.30848,4.78994,30.77448,30.08835,35.71939,2.84154,55.5679
ARMK,-20.79499,7.92396,10.81239,1.99186,-1.83,-3.59666,-72.97392,365.581,2.84952,77.71071,-1.07,1277.391,-2.72423,77.71071,-3.59739,-2.10028,1.73124,-0.72294,-0.94832,-15.24195,-15.18893,77.92247,26.51095,77.71071
ADM,7.21012,16.71124,35.97122,1.50072,3.15,2.76902,-0.15021,2659.0,4.13177,29.09836,3.63,4453.0,0.01437,28.49891,2.75348,3.16437,0.62914,2.24481,3.48829,9.03897,9.05051,35.48429,4.15683,55.20428
AROC,-27.91565,7.0197,6.11627,1.62958,-0.46,-7.82255,0.29552,392.677,44.87891,53.476254,0.11,497.777,20.31068,53.476254,-7.82255,1.89619,0.94476,4.23492,4.45992,-6.77164,-6.77164,64.62806,4.35308,182.70998
ARCO,-10.05575,21.33339,0.93967,0.82533,-0.71971,-7.52871,-74.51661,70.906,3.5735,5.4159546,-0.69013,115.435,-2.98625,5.4159546,-7.53198,-7.24681,0.55651,-1.44145,-1.85136,-48.31255,-48.22154,88.90064,22.36785,5.4159546
ASC,-40.80378,9.18995,9.65242,1.63025,-0.18,-2.74746,6.92761,56.986,25.8959,15.106159,-0.18,68.691,10.96211,15.106159,-2.74746,-2.71908,1.21102,1.52514,1.57037,-1.87069,-1.87069,56.12144,7.18973,127.90173
ARGO,0.0,0.0,0.0,0.0,0.0,0.0,0.0,0.0,0.0,0.0,0.0,-0.00385,0.0,0.0,0.0,0.0,0.0,0.0,0.0,0.0,0.0,0.0,0.0,0.0
ANET,-2.78576,5.62864,2.72427,4.99451,0.49938,27.38096,-9.58612,757.803,32.69899,-24.83537,0.53125,1481.886,22.44884,-26.20289,27.38096,27.86885,4.26791,9.99552,13.92865,20.42025,20.42025,2.64392,0.11899,2.71573
AHH,-7.65322,1.91389,5.96066,1.30877,0.38,9.16017,0.0,0.0,0.0,-7.31707,0.38,116.482,23.04155,20.2938,7.22523,5.39925,1.30805,2.08021,2.24698,8.3597,5.23406,57.48924,16.892515,135.23457
AWI,-7.24095,12.13601,9.41061,1.80963,-1.76,-8.97641,-16.95134,257.7,27.5056,38.447327,3.82,333.2,16.21038,38.447327,-10.57744,19.53015,1.26233,6.87699,9.96009,-20.6178,-20.6178,62.63053,2.93248,167.59814
ARW,8.51919,3.24212,67.99993,1.44049,7.43,2.04533,-3.91008,1102.284,3.84428,205.48708,7.68,3191.13,3.65999,205.48708,2.03826,2.08897,1.04907,3.41217,7.18724,11.80535,11.71131,33.44926,2.34779,50.2613
AJG,18.76292,1.18152,31.9451,1.0976,4.2,12.25227,25.36695,1725.3,24.63447,19.31818,4.87,2433.2,26.29041,22.42823,11.69113,13.28097,1.07648,3.61779,7.08255,14.43875,14.991,44.28623,2.87156,79.48883
APAM,22.01104,9.89862,2.85632,2.13413,3.4,34.29461,25.36884,365.82,40.66623,28.30189,3.42,464.269,34.93907,35.82626,23.63548,21.1511,2.06053,21.52847,42.4132,135.8293,132.28947,50.62072,0.79808,152.82242
AORT,-13.17718,5.12066,8.44869,3.87956,-0.44,-6.58777,-3.31365,37.173,14.67971,16.29875,-0.2,167.784,6.37921,16.29875,-6.58777,-2.99028,1.83089,1.47494,1.74829,-5.43026,-5.43026,49.12249,8.53776,96.55049
ABG,-2.15969,23.5918,46.95359,1.14901,13.18,3.56712,19.96749,442.8,6.20881,38.01047,15.4,1223.4,6.00182,37.96095,3.56712,4.14594,0.27693,7.67161,8.72706,32.78773,32.78773,72.25542,5.32566,260.4307
AHT,-36.58944,13.14365,-440.89462,0.07522,-3300.0,-124.53674,0.0,0.0,0.0,-432.1224,-3693.0,-52.301,-17.12107,-432.1224,-106.96493,-114.43708,0.0685,-6.36574,-6.69392,-432.1224,-432.1224,107.41392,-432.1224,-432.1224
ASH,-2.079,4.88656,49.77049,1.90283,-8.1,-21.1092,-5.43689,487.0,20.93723,55.077084,2.49,599.0,11.57567,55.077084,-21.84007,6.5301,1.17466,2.1146,2.90783,-14.86302,-14.86302,39.71406,4.10678,65.87615
ASPN,-51.33007,4.18222,2.43879,3.38357,-0.83,-21.74962,-9.862242,-11.371,-11.34004,-9.862242,-0.83,14.594,-5.31312,-9.862242,-21.74962,-21.83413,2.31163,-13.4185,-18.77446,-34.38766,-34.38766,10.91212,-9.862242,12.24872
ASB,0.0,89.44204,24.34168,0.92146,1.86,21.61201,-7.94408,577.638,40.69458,-2.6178,2.07,1120.712,115.75229,-6.12595,21.61201,22.31294,0.91616,0.93877,4.19432,8.28794,7.65678,37.65592,4.27764,60.40016
AC,-4.50018,0.57915,40.35818,16.05995,0.87,108.03877,9.110319,-12.417,-65.41116,-50.0,0.87,-0.453,9.110319,-51.9853,99.12027,102.5182,1.45619,-0.71318,-0.74574,2.16646,1.995,1.56077,9.110319,1.94933
AIZ,0.32762,0.83804,102.61696,2.40346,6.99,4.38543,-17.00446,1785.4,17.68633,19.69178,8.68,874.3,6.73144,15.47308,4.37651,5.16898,2.40346,1.13769,5.73174,7.61829,7.60856,28.129,1.30537,39.13817
AGO,14.6365,0.48497,85.66418,116.75758,4.19,34.04255,-17.43119,450.0,41.62812,4.75,3.93,804.0,-2.40518,-9.95025,33.48751,31.08372,116.75758,1.84171,3.39983,5.45099,5.51022,16.68738,2.98444,20.09276
ATKR,-5.42598,5.75435,7.98216,3.0006,3.1,8.62695,5.76664,318.31,18.03026,9.54064,3.23,491.314,11.47439,9.5296,8.62695,8.64757,2.10998,10.1752,13.25028,49.82514,49.82514,69.03545,2.65045,222.94998
AUB,0.0,55.955307,34.4005,0.89921,1.93,20.19399,-15.2156,347.817,44.39046,-19.91701,2.23,599.643,165.84799,-18.24026,20.19399,22.44373,0.89302,1.02413,4.93915,6.06073,6.06053,25.15356,2.61701,33.60688
ATO,-0.76207,13.32992,53.94896,0.60232,4.89,21.31917,10.23398,1253.927,44.44758,12.41379,4.72,1532.682,-36.55214,17.60578,21.31917,20.54347,0.32132,3.58595,4.83524,9.5913,9.5913,41.25223,3.80304,70.21924
AN,-9.6667,23.72448,38.75833,0.99683,4.3,1.87249,19.95914,1174.4,5.75969,-13.65462,8.15,3584.0,7.24865,-15.2,1.87151,3.5294,0.34581,5.99227,6.9519,11.93535,11.93535,61.58175,4.41638,160.29298
ALV,12.05124,4.32548,27.57661,1.35657,2.14,2.5284,-24.67161,843.0,11.31939,-59.54631,3.0,1246.0,7.50195,-59.50163,2.5096,3.51666,0.9673,3.95398,6.31358,8.27339,8.28512,51.29545,3.02728,105.31963
AZO,18.05175,37.49643,-37.55891,1.08416,71.93,13.71894,12.39667,2899.045,22.95007,13.4006,76.43,6770.753,13.96543,7.1574,13.71894,14.24293,0.34883,12.85774,27.77915,481.15543,481.15543,111.57647,2.91894,481.15543
AVB,0.0,84.7528,77.05737,0.77475,5.89,35.87339,0.0,0.0,0.0,4.61812,5.93,1479.342,43.31271,5.29992,35.8701,36.0059,0.77475,2.29684,2.38325,7.6135,7.61168,41.86777,84.7528,72.03953
AVNS,-33.69963,5.24816,26.3489,2.80938,-0.57,-3.80526,-5.70825,89.2,12.47902,22.60691,0.0,370.9,-2.06526,22.60691,-3.80526,0.0,1.6801,1.66672,1.86941,-2.15728,-2.15728,16.52827,2.78924,19.80104
AVY,1.89738,5.69707,17.85787,1.25452,6.61,7.97389,6.77151,1065.9,15.28939,85.15406,7.23,1923.3,6.92337,83.10277,7.97389,8.64924,0.7959,9.31935,15.30699,41.34776,41.34776,60.52897,2.13632,153.35039
AVA,-1.7311,8.00106,29.31478,0.67996,1.9,9.79566,4.78491,456.923,34.56586,-36.02694,1.91,923.382,-8.78012,-34.26304,9.79566,9.81983,0.3518,2.32988,3.3771,6.52495,6.52495,54.04243,5.22363,117.59203
AXTA,2.59294,4.88129,6.10307,2.47769,0.52,3.26413,-23.77039,630.8,16.87714,-50.9434,0.83,1279.7,13.36754,-51.16466,3.25343,5.22303,1.92311,3.47848,4.49309,8.7256,8.44466,72.98107,6.33656,270.11084
AX,0.0,62.56228,20.56234,1.11154,2.98,25.273,16.45996,381.998,52.62942,20.16129,3.13,538.398,181.2328,18.24716,25.273,26.2168,1.10254,1.78263,12.81948,15.99446,15.92416,31.08218,1.45319,45.10036
BGS,-7.62501,14.21679,12.9469,3.0014,2.04,6.70702,19.02264,358.689,18.22691,74.35897,2.42,481.74,9.3411,72.78404,6.70702,7.89033,0.81773,5.27129,6.21279,16.05284,16.05284,74.01161,6.60483,284.78717
BJ,6.20329,65.84604,-0.39581,0.75497,1.35,1.4234,-2.50077,510.31,3.86871,42.10526,1.4,2426.781,1.02086,47.08041,1.419,1.44529,0.13132,5.17388,8.17666,153.83337,153.83337,101.44836,7.45911,153.83337
BWXT,101.70034,13.61529,6.48158,1.46037,2.91,13.14782,8.10516,394.506,18.57796,14.11765,2.81,575.397,-6.38109,14.15521,13.12305,12.63161,0.52889,9.81694,14.66169,54.54108,54.6436,60.85019,2.43391,155.42906
BXP,0.0,103.890205,37.22142,2.03626,5.54,37.01217,0.0,0.0,0.0,67.87879,5.92,1705.929,33.09106,67.33847,31.70885,33.43214,2.03626,2.52574,2.64887,15.47283,12.4465,61.77021,103.890205,161.5761
BW,-9.76364,4.18691,-6.23239,1.43558,-0.25,-2.13608,185.29868,25.791,4.55416,20.509851,0.08,139.852,-3.05205,20.509851,-1.82195,0.6881,0.8536,0.92197,13.67965,20.509851,20.509851,20.509851,15.09178,20.509851
BMI,0.52799,6.91638,12.39396,3.38734,1.69,11.59528,5.10849,88.309,20.75203,4.96894,1.7,168.249,17.23741,4.59122,11.59528,11.60594,2.05466,9.14832,11.68832,14.25425,14.25425,0.0,0.0,0.0
BALL,13.32209,9.31304,9.99738,1.05198,1.76,4.94016,4.26106,1933.0,16.40778,6.0241,2.16,2458.0,2.76505,3.35689,4.96562,5.98185,0.70185,4.44022,7.02559,18.7982,18.31341,70.81001,4.18779,242.58316
BANC,0.0,57.578064,46.21543,0.87922,-16.15162,-99.0415,-37.80082,492.569,39.41968,57.578064,3.01416,821.618,57.578064,57.578064,-99.0415,18.51617,0.87774,0.96184,4.69707,-28.95029,-28.95029,14.51307,1.23904,16.97695
BAC,0.0,4947.42,28.71568,0.80257,1.87,19.08632,-30.04135,34342.0,36.63029,-32.0,1.88,74208.0,4947.42,-34.76486,19.08632,17.55252,0.79788,0.77324,2.81904,7.30631,6.65534,62.91673,13.48355,169.66335
BOH,0.0,54.93091,34.26075,0.66113,3.86,21.04503,-27.27237,280.621,38.39742,-30.57554,3.96,566.823,234.1572,-31.91893,21.04503,21.52543,0.65584,0.84116,7.69933,11.55839,11.55839,35.86032,2.73851,55.90972
NTB,0.0,51.82239,19.88071,0.71456,2.9,27.44589,-8.11391,298.435,55.63769,-12.12121,3.03,494.189,185.43877,-16.86178,27.44589,28.5319,0.71425,1.0293,12.53225,15.13262,15.13262,18.05833,0.72512,22.03803
BK,0.0,1122.4098,46.52873,0.71046,3.83,21.40496,-1.3267,8925.0,52.68595,-15.07761,3.84,15472.0,1122.4098,-18.55438,21.35183,20.19375,0.70478,1.07136,5.28967,9.13372,8.25517,46.01302,4.40426,85.55633
BKU,0.0,71.02898,32.05196,0.78285,2.06,16.47635,-26.42279,441.155,36.73751,-34.1853,2.06,706.548,237.81512,-36.80796,16.47635,15.73198,0.78205,0.67884,3.03262,6.63514,6.63514,57.99867,9.33724,138.08768
BBWI,-16.62125,38.37742,-5.41155,1.36804,-1.33,-2.83413,-19.6511,1566.0,12.12637,230.06512,1.48,2650.0,4.73904,230.06512,-2.83413,3.16495,0.76096,6.7115,9.72012,230.06512,230.06512,119.66071,5.81035,230.06512
BAX,0.0,329.86484,17.20884,2.52355,2.13,9.50912,-1.72414,2679.0,22.9504,10.36269,2.79,4635.0,8.77024,10.08991,9.44059,12.16577,1.74407,6.07139,7.89035,13.30034,13.34295,43.81198,2.53975,77.97387
BZH,-24.92139,92.05734,19.12714,6.26475,1.78,2.50654,41.12722,96.064,4.51625,41.12722,1.83,350.543,12.2083,41.12722,2.45529,2.55554,1.35163,2.53536,2.90854,9.42041,9.42041,65.89609,11.93094,193.22153
BDX,2.21654,7.21627,81.93658,1.53684,2.71,5.10604,-11.34554,4454.0,26.02092,-31.21827,5.74,7120.0,20.08018,-29.11598,5.10604,9.35499,0.91415,2.86452,3.66793,3.89813,3.89778,43.60064,4.12483,77.30696
BDC,-11.301,5.8998,16.81296,2.10922,1.21,2.92063,-29.55448,246.479,13.23224,-43.72093,1.46,576.332,13.86565,48.156994,-2.96138,3.50971,1.53393,2.63105,3.53893,6.34917,6.31539,68.35091,6.63328,215.96484
BHE,-6.87457,4.37957,27.26513,2.49898,0.38,0.68456,-5.3529,92.085,4.4851,-36.66667,0.79,175.048,4.50881,-40.0,0.68456,1.40536,1.76357,1.56081,2.22785,1.4024,1.4024,18.44745,2.43089,22.62032
BRKa,6.84729,5.68956,191.35384,4.63919,17.78,15.1099,-30.23324,80612.0,28.16081,-46.47803,22.22,69790.0,13.98822,-47.77381,14.85419,18.56508,4.24032,5.17423,7.87395,9.79797,9.83136,21.32892,1.51794,27.11151
BHLB,0.0,22.180393,23.36618,0.92452,-10.21,-108.0712,-50.52888,114.772,24.17021,22.180393,0.55,307.211,240.85616,22.180393,-112.24979,5.82259,0.89305,0.46381,2.67824,-35.32191,-34.83478,35.24254,5.63216,54.42235
BERY,0.0,0.0,0.0,0.0,0.0,0.0,0.0,0.0,0.0,0.0,0.0,0.0,0.0,0.0,0.0,0.0,0.0,0.0,0.0,0.0,0.0,0.0,0.0,0.0
BBY,13.20197,40.33087,13.56367,1.09888,5.75,3.53133,4.71491,2865.0,6.56538,10.57692,5.95,10048.0,3.59349,5.25956,3.53133,3.61189,0.43474,9.00691,20.96267,45.42373,45.42373,53.90832,1.42024,116.9589
BIO,6.81281,6.19053,331.0528,3.3883,126.2,151.42368,37.94706,537.439,21.38079,116.578,127.17,1437.887,15.38214,116.42811,151.42368,150.60133,2.25086,2.37896,3.02293,48.68907,48.68907,2.23332,0.41994,2.28434
BKH,3.97021,6.50461,40.78963,0.70821,3.65,14.30592,6.11189,652.76,38.46687,11.28049,3.73,709.133,-22.21948,14.19798,13.41284,13.71114,0.39725,3.42155,4.31665,9.24577,9.47051,58.6402,5.78332,141.78069
BLK,11.19849,4.82723,231.31387,4.10094,31.85,32.61956,13.15655,6657.0,41.07991,12.02955,33.06,8266.0,24.41376,10.18767,30.43505,31.31346,3.54409,2.28549,9.10267,14.33096,14.56499,17.99473,1.24125,23.38541
BXMT,1.59121,0.0477,26.47545,126.18338,0.97,18.00992,0.0,488.208,62.61903,-58.7234,0.97,264.524,-17.46601,-54.94605,17.65797,17.64157,126.17327,1.82108,1.84188,3.59985,3.65238,76.70038,26.32566,49.299007
BXC,52.24761,12.73271,6.24453,2.91843,8.55,2.61135,138.28914,158.529,5.11825,52.49786,8.72,477.734,1.46571,52.49786,2.61135,2.6526,1.28246,8.0233,12.02372,52.49786,52.49786,91.62638,4.07875,52.49786
BA,-19.50437,5.21248,-31.4535,1.3937,-20.88,-20.35768,-537.98816,-7572.0,-12.90917,-537.98816,-16.17,-1516.0,-24.51881,-537.98816,-20.24175,-15.67489,0.40835,-4.12145,-17.55425,-537.98816,-537.98816,138.57234,-537.98816,-537.98816
BCC,73.73303,18.47959,21.7035,2.49781,4.44,3.19606,100.11028,431.872,7.88831,115.53398,5.04,938.787,1.86933,116.22366,3.19606,3.61574,1.52006,12.01477,16.73204,22.54697,22.54697,38.95315,1.25705,63.80861
BOOT,49.31439,83.79497,11.16641,1.23039,1.64,5.67058,14.21105,95.051,11.24099,21.48148,1.67,276.491,0.13219,22.87684,5.67058,5.64511,0.27772,5.89991,7.66022,16.36884,16.36884,57.46653,4.57266,135.10893
BAH,9.70464,5.35074,6.17327,1.75358,3.41,6.46588,11.82081,750.283,10.05224,17.18213,3.46,1786.248,2.17694,15.30933,6.46588,6.49269,1.65806,9.69767,14.43088,63.01444,63.01444,74.52449,3.33892,292.53384
BWA,53.81479,4.66498,26.90317,1.61864,2.34,5.57796,-6.77864,1554.0,15.28775,-35.18006,4.13,1910.0,8.75185,-32.97587,4.91884,8.65411,1.20341,4.78994,6.99529,8.9815,9.80291,37.33458,2.57786,59.57763
SAM,44.02985,26.20828,78.54937,1.59266,15.53,11.03388,55.7793,330.33,18.98741,69.54149,16.89,814.452,6.50268,74.44407,11.03388,11.84812,0.97151,13.59874,18.12048,22.68222,22.68222,6.95092,0.21641,7.47016
BSX,-16.24727,5.90235,10.81869,1.81853,-0.08,-0.8272,-26.91558,2251.0,22.70756,411.11053,0.36,6671.0,10.04111,411.11053,-0.8272,5.14488,0.94349,2.29859,2.86772,-0.56159,-0.56159,38.54852,4.27099,62.73
BYD,-2.56635,40.22323,10.05037,1.24094,-1.19,-6.18318,-40.91403,445.058,20.42966,92.73375,-0.56,1414.305,2.75926,92.73375,-6.18318,-2.918,1.12412,1.55222,1.7201,-11.27581,-11.27581,81.1442,10.86777,92.73375
BRC,-7.54709,7.10691,16.59882,2.74062,2.11,10.39204,-5.87777,175.281,16.21023,-14.22764,2.34,528.565,7.3762,-14.39074,10.39204,11.41825,1.95722,8.2532,10.47895,13.11308,13.11308,5.19422,0.26977,5.4788
BDN,12.08877,2.08,10.59041,2.00672,1.77,59.30564,0.0,0.0,0.0,831.579,1.77,310.856,35.678,791.6071,58.95849,58.72345,2.00672,1.47598,1.56689,17.59938,17.59693,50.66573,103.07061,102.69886
BFH,-20.83901,0.26355,30.61569,1.88396,6.16,6.52453,-33.0363,1119.7,24.76445,-45.19573,7.63,2032.0,103.29516,-23.1295,4.72641,8.0664,1.85248,2.44842,2.7094,18.97167,18.97167,92.44106,16.61892,146.84535
BRSP,-11.27323,0.0686,12.95588,45.51677,-2.75,-129.06136,0.0,0.0,0.0,17.208206,-2.73,271.147,132.74203,17.208206,-121.40359,-120.5916,45.47388,-0.16592,-0.17049,-18.66988,-18.0568,67.79831,17.208206,210.54272
BV,-6.23159,5.48708,12.13159,1.40658,-0.4,-1.77323,-25.94064,216.2,9.21569,43.85385,0.15,595.3,10.88075,43.85385,-1.77323,0.66285,1.28638,1.66469,2.02475,-3.25598,-3.25598,49.05441,5.66281,96.28785
EAT,-4.90909,57.38117,-10.64667,0.45069,0.63,0.79259,-29.93739,246.2,7.9974,-84.09091,0.82,408.6,0.88964,-84.2479,0.79259,1.01751,0.26431,2.90167,4.44649,31.145014,31.145014,124.94663,9.74655,31.145014
BCO,5.58984,6.33142,2.60202,1.35818,0.33,0.61503,4.49954,455.2,12.33304,-40.0,2.72,813.6,14.34847,-44.82759,0.4335,3.71422,1.23178,3.54659,6.10718,10.48035,11.07047,93.32256,6.21727,59.601032
BMY,15.39531,6.09621,16.85472,1.58239,-3.99,-21.15575,94.9222,16660.0,39.18341,2170.0728,1.13,30745.0,36.30521,2170.0728,-21.20279,6.00108,1.32568,3.10657,4.08785,-20.16327,-20.08261,57.69974,3.10162,136.40515
BRX,4.41686,4.60871,9.04133,2.08541,0.41,11.4536,0.0,0.0,0.0,-55.43478,0.49,772.645,36.74287,-55.90069,11.4536,13.75459,2.01852,2.45617,2.60608,4.46757,4.46757,66.00955,44.869225,194.20029
BR,7.12349,6.5862,11.69852,0.99023,3.95,10.21197,3.42906,853.6,18.84743,-2.70936,4.31,1263.9,15.23736,-4.06555,10.21197,10.91537,0.88614,9.36235,13.55999,37.38884,37.38884,61.0568,2.47317,156.78426
BKD,-18.25571,28.20401,4.26207,1.11997,0.44,2.39294,27.98947,508.881,14.86024,66.78762,-0.13,700.639,6.92481,66.78762,2.3951,-0.6966,0.99982,1.32709,1.46069,10.95932,10.91542,87.15157,10.69985,66.78762
BN,-3.60054,8.89071,30.06063,1.02912,3.6,8.59441,-5.78797,4997.531,17.55292,9.09091,4.6,13887.462,-0.79104,8.91791,8.28112,10.49104,0.73851,4.91578,6.50531,12.12801,12.49402,49.581,3.86734,98.38017
BIP,-15.96784,5.54619,9.59603,0.6718,0.89333,10.17445,27.60862,3730.0,41.98087,81.57182,0.93333,2337.0,51.73607,69.09871,4.43444,4.64356,0.53603,2.15171,2.69537,8.45131,4.11939,55.63078,7.29196,125.38146
BRO,14.1189,2.43779,13.26562,1.2565,1.69,18.38554,16.76859,702.502,26.88103,20.71429,1.68,1174.2,25.06319,20.56866,18.38554,17.63548,1.03339,5.09534,7.5583,13.52616,13.52616,38.11658,3.29164,61.59418
BFb,11.81916,6.72928,44.26369,1.83464,-1.92,-2.43737,-1.307,8456.988,11.62513,1213.7095,1.36,18062.385,11.13144,1213.7095,-1.75636,1.71708,0.96548,2.4893,3.55737,-4.01876,-3.98512,37.42633,2.93244,59.81162
BC,1.74804,12.98924,19.39005,1.54791,4.7,8.61875,9.90052,696.0,16.0092,1205.5555,4.76,1242.7,12.28781,149.63034,8.57274,8.67147,0.85675,9.24676,13.43309,26.6605,26.6605,40.7936,1.49483,68.90066
BKE,-55.76245,176.0888,7.90855,2.19432,2.14,11.59995,5.08202,155.286,17.24913,8.62944,2.15,377.474,11.39808,9.22622,11.59995,11.60362,1.37069,11.78126,14.16289,26.67322,26.67322,49.24377,2.43133,97.02016
BLDR,43.10492,11.45027,9.86727,2.06882,2.66,3.6633,35.62729,685.52,8.00947,40.0,3.06,2222.584,0.55142,41.3545,3.6633,4.16912,1.28414,9.58072,12.99524,31.70666,31.70666,62.30132,2.77906,165.26129
BG,0.70381,24.17008,38.47915,1.47301,7.71,2.81707,237.00134,1862.0,4.50248,237.00134,8.08,2785.0,-4.12556,237.00134,2.76871,2.7489,0.35048,4.25581,6.64034,21.5997,17.85851,55.03939,4.35231,130.60435
BURL,41.97853,93.43932,8.01075,0.96954,6.91,6.38335,6.4187,828.145,11.36563,14.40397,6.93,3048.554,4.40753,12.14505,6.38335,6.27175,0.34282,8.85568,14.04918,109.32857,109.32857,87.29689,4.38267,192.88264
CACI,-3.28946,6.68594,106.05249,1.41178,12.61,5.62024,19.85594,569.396,9.9544,20.55449,12.94,2000.986,5.48355,21.03733,5.62024,5.66257,1.23312,5.41775,6.79136,12.77614,12.77545,40.10076,3.12905,66.94703
CBZ,-2.63747,4.39929,12.98767,1.15374,1.42,8.12815,12.39659,115.619,11.99495,11.81102,1.43,138.546,10.79396,10.72631,8.12317,8.05396,0.64709,3.96634,6.06209,11.5059,11.5059,28.47305,2.41911,39.80744
CBL,32.63258,6.10419,2.70549,0.32002,-1.75,-59.13416,0.0,0.0,0.0,21.488365,-1.58,387.982,-7.08577,21.488365,-52.00607,-52.98486,0.32002,-1.42346,-2.10971,-44.10476,-47.99933,68.99116,21.488365,222.37839
CBRE,-1.70065,5.01191,21.09401,1.23819,2.22,3.17242,-9.54534,1665.112,6.98858,-41.11406,3.14,4820.675,3.68281,-41.35884,3.15614,4.41747,1.15584,4.24762,6.56474,11.29874,10.97149,36.39147,2.57887,60.3098
CF,11.79039,17.00619,13.65708,1.50883,1.47,10.47527,-16.37787,1496.0,36.27546,-34.08072,1.29,801.0,21.10512,-35.6998,7.68671,6.72214,1.04636,3.16181,3.88266,10.89534,7.68683,42.97781,2.82286,75.37034
CMS,0.0,0.0,0.0,0.0,0.0,0.0,0.0,0.0,0.0,0.0,0.0,0.0,0.0,0.0,0.0,0.0,0.0,0.0,0.0,0.0,0.0,0.0,0.0,0.0
CNA,6.39801,1.35493,46.82157,183.92537,2.53,6.45644,-28.98551,882.0,8.25302,-31.06267,2.54,3228.0,1.17432,-31.0,6.45644,6.45517,183.92537,0.82439,3.31912,5.53728,5.53728,19.38206,3.46372,24.04187
CNH,-4.43963,1.25158,3.62432,1.86568,-0.36,-1.80358,-35.53652,1580.0,6.50607,227.875,0.34,3142.0,5.16059,227.875,-2.03006,1.89146,1.5411,0.53086,0.8096,-8.97343,-7.83192,84.05264,16.77595,227.875
CNO,-5.34254,0.5122,40.53992,119.14421,2.11,7.89825,5.44644,757.0,19.81105,-19.15709,1.88,1663.2,22.66854,-26.28236,7.89825,6.99119,119.14421,0.82118,3.14476,5.94024,5.94024,42.11743,5.27147,72.76358
CNX,9.32649,9.00949,20.06177,0.61936,-2.43,-34.06337,-34.2014,534.788,42.48848,55.384975,-0.55,634.496,6.99031,55.384975,-38.43553,-8.70555,0.37753,0.24095,0.27724,-11.27289,-9.13704,36.46089,4.74533,57.38338
CDP,2.92484,2.85534,14.80661,1.47207,0.87,16.59954,0.0,0.0,0.0,-49.12281,0.92,325.768,26.21522,-49.20289,15.71146,16.59421,1.3614,2.71143,2.89245,5.83079,5.9333,55.19374,22.842056,125.03259
CRH,-0.10938,7.72755,25.04399,2.0063,1.42,4.223,3.30671,4636.0,16.80502,-36.88889,2.57,8819.0,8.70928,-48.1681,4.06713,7.31398,1.55687,4.21886,5.58098,5.8039,5.83028,40.49944,2.98749,68.06566
CTO,337.14822,39.38596,19.77119,1.64245,5.56333,139.24725,-20.19059,22.361,39.66052,402.71085,-0.24333,41.17,-268.89645,-31.71527,139.24725,-6.09186,1.38545,0.30108,0.34435,24.67626,24.67626,43.78465,12.22244,77.88737
CTS,3.72605,5.33239,13.12644,2.22269,1.06,8.17939,-13.22266,74.645,17.60221,-2.75229,1.15,139.063,10.94744,-4.03917,8.17939,8.76386,1.64634,4.72417,5.78084,8.36915,8.36915,16.05919,1.0859,19.13157
CVI,-2.1978,21.83333,10.13618,2.12747,-2.54,-8.14249,11.798662,-7.0,-0.17812,11.798662,-2.16,87.0,1.08461,11.798662,-6.514,-5.52366,1.55539,-4.51922,-6.08039,-21.2272,-22.16834,58.64993,11.798662,141.83757
CVS,3.72068,28.09137,52.9687,0.90893,5.47,2.68295,6.2489,18108.0,6.74667,7.67717,6.23,48248.0,4.79622,8.21526,2.67475,3.03841,0.5256,3.76988,5.5482,10.7885,10.75812,54.95693,4.69638,122.00973
CABO,-2.24075,41.53737,248.05888,3.03641,51.27,22.96894,20.21486,663.116,50.03784,64.74936,40.83,906.525,14.14336,70.44887,22.96894,18.13155,2.95566,6.50277,7.90977,26.05119,26.05119,59.39955,3.29907,146.3027
CBT,-21.13208,5.51477,12.23724,1.84877,-4.21,-8.45448,-24.2485,378.0,14.4606,46.466885,-1.7,500.0,8.34449,46.466885,-9.10482,-3.68095,1.07561,4.75367,6.49965,-28.18236,-22.68994,59.96065,3.22487,149.7543
CADE,0.0,79.83469,25.89175,0.76175,2.12,20.07497,-2.8842,453.321,39.90512,-7.82609,2.2,938.427,237.09894,-2.65089,20.07497,19.95169,0.74181,1.13537,6.30185,8.81616,8.28148,26.38379,2.23146,35.83965
CWT,16.66791,10.95362,18.30461,0.45187,1.97,12.19063,20.34727,246.606,31.04669,50.38168,1.97,406.34,-19.67215,53.41752,12.19063,12.22069,0.40733,2.84566,4.78214,11.38351,11.38351,55.98386,4.75192,127.18941
CALX,49.25928,9.3375,4.51249,2.64143,0.54,6.18655,23.314663,56.85,10.50368,23.314663,0.65,267.019,4.69661,23.314663,6.18655,7.09448,2.01116,7.24494,10.67163,15.41787,15.41787,6.30536,0.33184,6.72969
CPT,-18.98734,150.30937,32.23755,1.38409,1.24,11.96404,0.0,0.0,0.0,-44.14414,1.35,642.657,44.16724,-43.58014,11.52969,12.48425,1.38409,2.00252,2.15892,3.50348,3.56258,47.48394,41.44022,90.41793
CCJ,-48.37239,7.38201,12.51279,6.40274,-0.10203,-2.95527,-49.73691,145.96452,10.33225,18.337355,-0.04709,290.44968,-7.25862,18.337355,-2.95371,-1.31938,3.8071,-0.30881,-0.38797,-1.06839,-1.06891,16.72025,5.35272,20.07722
CWH,3.78803,42.15775,0.63395,1.44297,3.09,6.31983,192.2701,564.017,10.35541,140.6978,3.98,1703.422,9.86452,140.6978,2.24627,2.87784,0.28746,9.64988,11.92971,140.6978,140.6978,100.35976,4.5657,140.6978
COF,-8.71652,0.12779,120.61084,1.00034,5.19,8.5962,-46.52423,5331.0,16.86652,-52.90381,5.81,18259.0,192.07098,-51.06383,8.58671,8.41528,0.99071,0.68691,2.55972,5.0076,4.59671,41.22483,7.92103,70.13986
CPRI,-19.58225,16.06657,14.50216,1.35189,-1.48,-4.05332,-42.28571,606.0,10.91695,191.68843,1.3,3363.0,8.33859,191.68843,-4.01729,3.52963,0.65025,3.05734,3.86799,-9.70409,-9.77411,66.82479,7.20627,201.42989
CAH,-2.17494,18.27462,6.1058,1.09845,-12.61,-2.41496,-3.45345,2572.0,1.6819,445.90625,5.25,6868.0,0.91852,445.90625,-2.41692,1.00591,0.4678,2.53123,8.85103,-91.06813,-90.93819,80.1154,2.80715,445.90625
CTRE,0.0,29.948858,9.60072,0.47331,0.85,45.34632,0.0,0.0,0.0,73.46939,0.85,173.627,65.63544,74.43646,45.34632,45.37604,0.47331,4.32456,4.44284,8.78162,8.78162,37.37621,29.948858,59.68373
CSL,-10.95785,5.73598,47.97165,3.41891,5.88,7.63686,-15.85116,739.5,17.41967,-28.38002,6.53,1149.8,12.28859,-32.29695,7.54028,8.38323,2.47509,5.66892,7.14504,12.51617,12.51617,45.9673,2.91941,85.0731
KMX,36.63926,129.47433,23.11045,2.38722,5.33,4.14688,5.15872,1428.903,6.6696,11.27349,5.39,3178.37,2.17682,5.46288,4.14688,4.14704,0.47589,3.88914,4.1538,24.93531,24.93531,80.87102,11.1509,217.53036
CCL,0.0,-124.033745,18.90984,1.2161,-13.2,-182.94907,-124.033745,-2621.0,-46.8454,-124.033745,-7.76,834.0,-143.35791,-124.033745,-182.94907,-107.48883,1.12664,-6.16061,-7.08309,-44.58188,-44.58188,57.9953,-124.033745,138.0686
CRS,-23.90003,6.44914,30.21317,2.80093,0.02,0.06877,-20.15878,281.6,12.91092,-99.41691,2.21,367.9,2.48785,-99.1018,0.06877,4.87373,1.07366,3.07288,4.5634,0.10115,0.10115,35.15005,2.78267,54.20212
CRI,-25.7972,14.91905,21.42606,2.45545,2.5,3.59656,-23.18317,381.646,12.51048,-57.26496,4.34,1313.442,18.45282,-58.40934,3.59656,6.15204,1.62623,5.85058,7.23952,12.069,12.069,64.83096,4.53085,184.34096
CAT,-6.0292,2.53448,28.11459,1.53455,5.46,7.19316,-31.7515,8327.0,19.94587,-49.16201,6.06,10127.0,8.83965,-50.796,7.18118,7.89797,1.02924,4.69935,6.94517,20.04078,20.01533,71.07278,4.53741,245.69514
CE,-6.82353,6.88794,30.88431,1.90725,16.85,35.43767,-23.28767,1064.0,18.81521,144.55733,7.9,1293.0,10.48187,132.98122,35.10168,16.45896,1.38368,4.38435,6.0084,66.20255,59.00191,50.4579,3.72838,101.84852
COR,11.782,14.47739,-4.9892,0.97645,-16.65,-1.79024,3.56605,2488.166,1.31029,413.18405,7.45,5195.364,0.75548,413.18405,-1.79506,0.80341,0.55925,3.12556,23.195,413.18405,413.18405,122.34276,1.84779,413.18405
CNC,55.2105,13.93903,44.32318,1.08376,3.12,1.61454,90.53708,5215.0,4.69334,-0.63694,3.8,18016.0,6.88172,36.86601,1.62714,1.9518,1.02673,4.5676,7.0107,9.43534,9.28235,41.36724,3.51237,70.76299
CNP,-35.64033,4.9191,10.85506,0.60518,-1.45,-7.96711,-12.01158,2432.0,32.78512,253.13495,1.15,2929.0,-1.43738,253.13495,-10.4206,8.23248,0.4599,2.25475,3.42583,-9.37798,-7.07488,61.74152,5.53947,161.37997
CSR,-5.30384,5.38853,40.27612,0.48185,-0.15,2.68814,0.0,0.0,0.0,11.525209,-0.01,99.035,43.65068,-93.58508,2.8797,-0.07121,0.48185,0.36976,0.38356,0.97312,0.68449,51.05809,11.525209,104.32387
CPF,0.0,21.249182,19.39769,0.85966,1.32,14.46843,-16.56269,98.97,38.41765,-34.97537,1.43,200.218,90.78338,-36.09101,14.46843,15.58415,0.85679,0.85843,6.96425,6.93319,6.93288,24.20267,1.76393,31.93076
CCS,0.0,191.92471,38.4008,4.8708,6.13,6.5215,72.26391,288.592,9.12922,69.33702,6.23,614.161,4.78608,82.44951,6.5215,6.56525,0.81176,6.44172,7.36983,17.60217,17.60217,47.75684,4.05668,91.41262
SKY,-20.66992,26.49842,8.37051,2.13672,1.02,4.24609,25.002197,109.262,7.9769,25.002197,1.08,278.975,3.14504,25.002197,4.24609,4.45615,1.36722,7.65327,10.30873,13.12442,13.12442,20.99582,1.15367,26.57559
CRL,20.17516,5.167,42.49004,1.43034,7.2,12.49365,14.05853,687.23,23.50362,42.01183,8.12,1073.541,9.58605,44.55418,12.45938,13.76044,1.01252,5.55188,7.07169,19.43377,19.17545,50.19037,3.14313,101.97742
SCHW,121.40903,0.18242,25.69749,1.10581,2.12,27.2442,3.25041,5686.0,46.95681,-20.59925,2.37,11338.0,169.98618,-10.93413,27.2442,27.9687,0.38887,0.75355,6.31775,9.80692,8.48018,20.73524,2.57914,26.15947
GTLS,-2.87496,4.13671,44.3952,1.10744,1.89,5.97231,7.72846,206.3,17.52612,43.18182,2.5,337.8,13.05539,564.0086,26.1745,7.51423,0.64036,3.01372,3.71858,4.9209,5.00053,22.97976,2.28405,29.836
CLDT,-63.51059,43.60817,14.42854,0.70089,-1.62,-55.94497,0.0,0.0,0.0,-1.5050389,-1.62,37.518,-7.36902,-1.5050389,-55.22078,-55.25987,0.70089,-2.92066,-3.02866,-10.5578,-10.49688,47.71768,-1.5050389,91.26924
CC,-25.41528,9.45576,4.92963,1.82594,1.32,4.40733,-16.08315,767.0,15.4357,95.80227,1.92,1067.0,11.12145,95.80227,4.40733,6.36324,1.07767,3.89644,5.44697,29.16112,29.00662,83.9945,5.57627,95.80227
LNG,34.92064,18.06564,-0.75704,1.44308,-0.34,5.35371,14.50189,3632.0,38.81171,384.28384,0.71,3806.0,-0.75337,384.28384,-0.90831,1.91498,1.25182,4.75144,5.00585,384.28384,21.53449,93.45298,8.71696,384.28384
CPK,11.37513,6.5607,39.92011,0.41464,4.21,14.46995,17.51309,176.574,36.16852,13.17204,4.27,192.618,-5.74938,9.73862,14.64529,14.61707,0.24896,3.98503,5.45832,11.22494,11.22494,50.43645,4.01736,101.76119
CVX,-13.9137,7.61986,68.40274,1.17559,-2.96,-5.88646,-50.79473,14426.0,15.2703,2579.305,-2.48,42249.0,8.03567,2579.305,-5.86741,-4.90909,0.78722,-1.33115,-1.77935,-4.01811,-4.00167,26.64924,3.34265,36.36412
CIM,-11.03811,0.07802,49.1724,2.77941,0.21,8.17776,-42.07357,963.663,88.69164,-96.1326,0.81,690.189,42.54596,-78.51438,8.17776,5.29289,2.77941,2.69833,2.8022,2.29836,2.29814,78.14495,14.02314,75.52495
CMG,29.74114,64.68301,1.4429,1.72736,0.2504,5.94466,-16.7195,602.178,10.06207,1.13086,0.2036,2071.093,3.44884,1.60156,5.94466,4.74875,1.62842,4.09971,4.68048,19.21418,19.21418,60.98007,5.24272,156.27927
CHH,5.90184,5.31119,-0.10357,1.69208,1.35,9.73902,-46.67846,194.164,25.08346,-66.0804,1.48,355.438,5.21825,-66.17567,9.73902,10.54928,1.61399,6.45863,9.92252,27.177647,27.177647,100.53441,5.57302,27.177647
CB,5.08757,1.34408,131.8763,1.76315,7.79,9.49144,0.0,0.0,0.0,-19.77343,7.82,7593.0,15.16368,-20.67804,9.49144,9.48751,1.76315,1.66262,4.09947,6.15655,6.15655,22.42003,340.13138,28.89925
CHD,11.89675,12.96557,12.31008,0.8011,3.12,16.05254,9.36598,1098.8,22.44373,27.86885,2.9,2214.2,14.65976,27.60188,16.05254,14.61906,0.41906,8.28513,11.35346,27.63264,27.63264,43.83368,2.14525,78.04264
CIEN,-0.45148,4.3765,16.23673,3.43257,2.32,10.22862,30.36725,637.166,18.03901,44.09938,2.48,1652.891,8.7955,42.55822,10.22862,10.83281,2.7166,7.95192,10.24679,15.43201,15.43201,24.81135,1.29972,32.9988
CI,11.80289,13.8314,141.84079,0.77172,22.96,5.29847,-10.95988,11252.0,7.02302,70.83333,15.37,24207.0,7.75906,65.71317,5.27912,3.50135,0.66407,3.39385,6.31106,17.68365,17.72882,39.97951,2.98276,66.68654
CNK,-69.82275,12.59435,6.6453,1.47211,-5.25,-90.0392,-31.782137,-331.089,-48.2419,-31.782137,-5.98,224.7,-66.92486,-31.782137,-89.876,-101.65503,1.39462,-6.48347,-7.76946,-55.47546,-54.99493,82.93508,-31.782137,-31.782137
C,-2.74936,0.11148,86.43334,1.14422,4.73,12.50239,-42.32001,25573.0,28.78578,-41.16915,4.75,59572.0,146.94447,-43.05964,12.43485,11.15225,0.94225,0.64221,1.79768,6.231,5.63598,74.52077,22.89673,292.47653
CFG,0.0,373.17252,48.47265,0.92566,2.22,13.77019,-10.95385,2894.0,37.70193,-41.73228,2.41,5289.0,269.7987,-40.98269,13.77019,13.40831,0.89862,1.03629,5.21705,5.11382,4.71097,29.361,3.25639,41.56486
CIA,2.0328,2.39971,5.95695,1.80988,-0.22,-4.60026,-73.09689,0.933,0.39061,-0.3269714,-0.03,41.352,7.11799,-0.3269714,-4.60026,-0.63304,1.78372,-0.08033,-0.50228,-3.91882,-3.91882,3.82501,12.82851,3.97714
CIO,2.66567,4.94284,7.02643,0.68794,-0.06,3.18888,0.0,0.0,0.0,24.763367,-0.06,102.528,38.64757,151.77975,2.8146,-1.76161,0.68794,1.64889,1.73498,1.22197,1.0608,62.11094,24.763367,163.92845
CIVI,0.0,29.62018,50.15845,1.2406,4.95,47.47031,-35.20994,125.453,57.5235,52.77778,5.29,160.466,31.50047,54.36504,47.47031,50.3895,0.96885,-0.16387,-0.1837,10.44713,10.44713,2.79203,0.23931,2.87223
CLH,-4.82823,4.5957,24.49293,2.39839,2.42,4.28858,-4.07579,513.019,16.3169,39.08046,2.07,1006.346,5.07743,37.95478,4.28858,3.65261,1.94637,3.17115,4.25639,10.32694,10.32694,56.87181,3.44834,131.86691
CCO,-34.00889,3.1487,-5.97732,1.22432,-1.25,-32.36404,-85.04567,91.135,4.91398,40.874153,-0.96,650.247,2.21634,40.874153,-31.42114,-24.04503,1.16064,-1.83444,-2.34659,40.874153,40.874153,162.17776,79.63832,40.874153
CLW,-8.42444,12.54515,31.44271,1.93995,4.61,4.12608,69.98181,280.3,15.00054,44.90297,5.04,294.2,7.66617,44.90297,4.12608,4.469,0.80229,5.75365,7.77262,16.17879,16.17879,60.1849,2.8102,151.16101
CWENa,0.0,0.0,0.0,0.0,0.0,0.0,0.0,0.0,0.0,0.0,0.0,0.0,0.0,0.0,0.0,0.0,0.0,0.0,0.0,0.0,0.0,0.0,0.0,0.0
CLF,1143.6171,8.47823,4.22603,1.80881,-0.32,-1.53157,-20.01531,418.0,7.80725,92.0259,-0.12,252.0,-48.22516,92.0259,-2.27867,-0.8487,0.44555,0.64119,1.12655,-10.35397,-4.77174,66.04543,14.32775,194.51122
CLPR,67.23191,22.10886,2.4567,2.67691,-0.31,-9.88697,0.0,0.0,0.0,11.83416,-0.03,64.662,14.88241,11.83416,-3.96643,-0.42758,2.67691,1.73047,1.76831,-10.14727,-9.94644,91.20341,11.83416,11.83416
CLX,2.69414,10.50977,7.19499,1.42454,7.36,13.97114,11.96581,1441.0,21.44026,16.4557,7.37,3063.0,15.73055,14.5122,13.97114,13.79783,1.07123,13.91341,21.60727,128.01636,128.01636,77.54698,2.17627,218.90201
KO,-20.82599,9.28011,4.48605,1.31772,1.79,23.52941,-4.44183,11359.0,34.40662,-13.52657,1.88,19581.0,21.59236,-13.15022,23.4658,24.45811,0.96281,7.07995,9.38989,40.47544,36.65707,67.60377,3.91012,208.67789
CDE,-45.3716,168.53578,2.84503,1.15164,0.11,3.26267,39.89198,246.725,31.41149,39.89198,0.19,308.14,14.55602,39.89198,3.26267,5.82493,0.49669,4.65318,6.39388,3.76734,3.76734,31.25861,1.27812,45.47275
CNS,22.94557,6.30356,3.64608,1.84629,1.57,17.58098,-2.28651,160.768,37.60338,-43.7276,2.61,156.495,27.64715,-43.1114,17.91288,29.1807,1.59005,25.98912,34.21832,39.48219,30.5537,13.44187,0.21725,20.04488
COHR,121.82153,5.48551,22.43737,2.65862,-0.79,-2.81626,61.2983,420.074,17.64964,77.14988,0.8,878.881,-4.40963,77.14988,-2.81626,2.85128,1.62161,3.46373,4.0979,-4.17625,-4.17625,53.34579,5.653,114.34291
CL,-12.22222,12.18269,0.87423,0.98501,3.14,17.36385,4.02057,4450.0,27.01718,14.18182,3.07,10017.0,18.58266,13.8572,16.36209,15.96974,0.49705,15.7936,26.63298,701.6826,701.6826,88.18035,1.84584,701.6826
CBAN,0.0,21.263351,15.21086,0.88875,1.24,13.6838,6.63052,32.453,37.58614,10.71429,1.36,72.931,50.98054,15.70855,13.6838,14.962,0.85181,1.12849,6.99642,8.59292,8.59292,53.70251,5.16433,115.99441
CMA,0.0,165.93115,55.01265,0.92115,3.27,15.31997,-43.88103,1151.0,37.20103,-58.44981,3.29,2375.0,165.93115,-60.43406,15.31997,14.78054,0.92097,0.80712,4.47394,6.32717,6.16505,42.93613,5.26238,75.24224
FIX,0.95185,4.19765,19.24475,1.17167,4.09,5.25576,19.70437,249.835,8.74571,32.79221,3.88,546.983,8.49185,31.32763,5.25576,4.96324,1.12984,7.24957,12.27032,23.4275,23.4275,32.34113,1.33246,47.80028
CMC,-21.35606,5.47479,15.84621,2.9709,2.31,5.08176,16.09766,639.885,11.68423,38.32335,2.62,944.798,9.2032,41.09686,5.10369,5.68934,1.90917,7.55894,9.93523,15.84384,15.842,38.98254,1.88643,63.88751
CBU,0.0,51.201305,39.26086,0.78198,3.08,26.67786,-2.65083,313.073,50.71848,-4.64396,3.21,582.189,51.201305,-2.59489,26.67786,27.54529,0.78176,1.39315,7.42892,8.31835,8.31835,16.21286,1.30048,19.35006
CYH,-13.86221,5.28892,-12.53742,1.60213,4.39,5.14887,-25.19841,1131.0,9.59369,297.30313,-4.16,4415.0,5.38214,297.30313,4.33455,-4.07535,1.32824,2.26554,2.95763,297.30313,297.30313,108.91106,11.38992,297.30313
CHCT,-10.71159,2.52115,17.99715,5.55024,0.8,25.15096,0.0,0.0,0.0,116.21622,0.8,62.07,63.16496,127.75788,25.15096,22.75649,5.44576,2.86256,2.95895,4.87076,4.87076,33.14767,24.47671,49.58341
CMP,-45.94042,3.81005,11.1399,2.54904,1.22,4.23923,-27.98434,220.8,21.97234,-32.59669,0.9,219.8,13.59215,0.96,6.27923,3.03863,0.66903,2.73663,3.4294,9.38429,9.38429,78.35317,6.20154,22.345108
CRK,-19.16092,5.26295,5.45048,0.45248,-0.39,-6.10782,5.20277,580.127,67.59851,67.34992,-0.38,613.009,6.24348,67.34992,-6.10782,-9.52857,0.41661,2.19552,2.55087,-4.35033,-3.53646,63.60947,4.34418,174.7968
CAG,3.49886,13.06281,16.16731,0.87787,1.72,7.61507,16.15447,2135.5,19.3181,12.4183,2.09,3069.6,11.77111,23.85375,7.59969,9.21314,0.43016,4.90422,6.04953,11.00998,10.92226,55.70295,4.68176,125.74868
CNMD,-6.31686,4.70969,24.54353,2.1906,0.32,1.10347,-17.2975,116.723,13.53375,-67.01031,1.04,460.3,8.39753,-66.74703,1.10347,3.44645,1.07522,2.50704,2.95856,1.34089,1.34089,52.25009,6.64703,109.42446
COP,-19.37557,6.36638,27.9474,2.2486,-2.51,-14.13437,-65.68202,4589.0,24.43037,517.6665,-2.59,6794.0,6.35781,517.6665,-14.37926,-14.86423,1.99478,-2.69,-3.69658,-8.33256,-8.18194,35.1151,3.52016,54.11907
ED,25.3406,5.9231,55.10819,0.72083,3.28,9.34183,4.90826,4574.0,37.35097,-19.60784,3.95,7149.0,-6.93186,-18.01936,8.99069,10.79912,0.56799,2.74233,3.90758,5.9725,6.13767,56.81375,5.48338,131.5552
STZ,2.11359,9.74879,63.47474,1.50709,-0.06,0.25649,5.00799,3023.6,36.23899,345.69553,-0.74,4285.5,10.44631,345.69553,-0.14143,-1.69971,0.56086,5.96546,6.52906,-0.09561,0.16909,50.5363,4.21511,102.16846
CPS,-19.3414,4.59402,35.93005,1.87661,-15.82,-11.33997,-83.28931,32.202,1.35562,12.054166,-11.15,147.547,-1.70075,12.054166,-11.2655,-7.93921,1.47512,-2.90678,-4.3238,-36.57592,-35.91431,64.53572,35.26859,181.97388
CPA,0.0,2.5837908,30.3019,1.49913,-14.28,-74.63779,-92.49655,53.843,6.61995,2.5837908,-9.77,183.875,-9.90482,2.5837908,-74.63779,-51.06119,1.18145,-3.12841,-4.30056,-37.72371,-37.72371,52.0697,25.8977,108.63631
CLB,-36.77411,4.53755,1.6044,1.84789,-2.18,-19.92193,-46.57887,66.567,13.6613,1.3861139,0.49,102.125,15.1033,1.3861139,-20.03768,4.47265,1.18856,4.25274,5.91066,-77.96438,-75.33419,81.22648,4.91201,1.3861139
CNR,-10.17481,7.50804,16.26514,0.79502,-0.37,-1.40812,-57.17885,169.105,18.02022,23.67734,-0.99,193.628,6.93769,23.67734,-1.03952,-2.74998,0.57344,-0.99803,-1.98227,-1.97326,-2.34725,56.28924,4.21515,128.77661
CXW,-4.65837,6.94811,11.61981,2.28816,0.45,2.90414,-11.6525,377.417,19.80687,-71.69811,1.07,512.486,-7.60918,-71.32821,2.84216,6.71368,1.29058,3.77647,4.16023,3.91461,3.96661,58.16382,5.20664,139.02757
GLW,16.17647,5.74855,14.32288,2.12477,0.54,4.48808,-9.30876,2952.0,25.87658,-49.53271,1.02,3974.0,7.01481,-46.66667,4.48808,6.80417,1.27555,2.99968,4.12461,4.74866,3.87219,39.28394,2.94749,64.70107
CPAY,0.0,158.55681,40.10483,0.99698,8.12,29.47923,-13.13812,1309.719,54.82622,-18.30986,9.43,1882.592,55.16238,-21.32307,29.47923,33.16096,0.89292,5.65378,7.9713,19.92963,19.92963,56.87373,3.37861,131.87723
CMRE,11.51818,58.84175,11.04133,0.92789,-0.18,1.92845,-8.16314,287.69,62.49796,37.32385,-0.17,320.321,19.13928,-91.03324,1.92845,-4.45741,0.77147,3.71504,3.79312,0.64337,0.64337,54.02629,5.50966,117.51561
CTRA,3.00265,6.94625,5.55493,1.06532,0.5,13.67283,-46.43616,686.929,46.83743,-69.32515,0.5,761.0,4.55337,-70.55677,13.67283,13.58634,0.9548,4.10656,5.44922,9.18343,9.18343,34.50951,1.69966,52.69393
COTY,-62.09955,5.89246,3.92707,1.81136,-1.45,-23.10187,-85.73788,190.0,4.0273,134.01497,-0.61,2741.1,-66.47511,134.01497,-21.33834,-9.81498,0.25897,-1.43484,-1.95559,-28.81945,-24.03599,67.8785,44.75158,215.55544
CUZ,0.0,38.636463,30.06875,0.36393,1.6,31.82121,0.0,0.0,0.0,36.75214,1.29,497.437,39.02644,57.74575,31.70949,25.56203,0.36393,1.43117,1.51833,5.37759,5.33686,33.1064,38.636463,49.49114
CXT,0.0,0.0,0.0,0.0,0.0,0.0,0.0,0.0,0.0,0.0,0.0,424.9,0.0,0.0,0.0,0.0,0.0,0.0,0.0,0.0,0.0,0.0,0.0,0.0
CRDb,0.0,0.0,0.0,0.0,0.0,0.0,0.0,0.0,0.0,0.0,0.0,316.3539,0.0,0.0,0.0,0.0,0.0,0.0,0.0,0.0,0.0,0.0,0.0,0.0
BAP,0.0,149.00298,87.12612,0.96487,1.21,2.04842,-59.13862,1138.562,25.14855,-92.51238,1.37,2026.405,96.7308,-92.5221,2.12661,2.40299,0.96487,1.01794,3.19702,1.29723,1.22542,66.70181,12.4254,200.31662
CCI,-17.88732,9.03326,21.95128,0.56069,2.35,18.08219,0.94847,3193.0,54.67466,31.28492,2.0,3891.0,13.79067,22.7907,18.08219,14.4863,0.48705,2.56556,2.85903,10.58647,10.58647,72.87402,7.96023,268.65024
CCK,15.70797,7.91453,16.30552,1.14598,4.3,5.94384,5.57864,1779.0,15.36933,13.75661,4.52,2033.0,4.8013,13.52941,5.00216,5.21411,0.71744,5.04274,7.61273,29.6088,29.30153,76.42586,4.74536,177.58887
CUBE,-8.72221,111.23291,9.28146,0.15506,0.85,24.67208,0.0,0.0,0.0,-3.40909,0.95,472.621,42.71083,-2.06721,24.37915,27.14923,0.11437,3.65767,3.82531,9.1212,8.46587,54.30254,39.748734,134.93076
CFR,0.0,89.15679,65.82286,0.7408,5.1,22.28876,-22.8463,528.293,35.55778,-25.4386,5.1,1200.225,89.15679,-25.34902,22.28876,21.53201,0.74077,0.75885,4.41667,8.36795,8.07224,38.3934,5.06427,62.32027
CULP,5.65029,10.48915,10.55743,3.78088,-0.9,-4.35577,-39.56058,14.277,5.57334,3.9809158,-0.03,40.498,1.6665,3.9809158,-11.19079,-0.14496,2.53401,1.74617,2.25423,-7.70498,-7.5919,24.54593,2.95524,32.53096
CMI,0.0,331.2872,54.59914,1.87798,12.01,9.14139,-20.91998,2510.0,12.66973,-17.05801,12.02,4894.0,7.31538,-20.84071,9.03034,8.99179,1.23978,5.43247,9.22752,22.98157,20.75169,33.93356,1.83944,51.36278
CW,0.0,65.834045,43.68888,1.60521,4.8,8.42174,-5.46878,478.673,20.01697,-32.86713,6.81,841.227,12.06675,-34.52434,8.42174,11.88607,0.97111,5.82438,7.90572,11.30798,11.30798,40.75356,2.56879,68.78652
CWK,0.0,83.64428,4.93108,1.39952,-1.0,-2.81117,-46.03751,267.6,3.41166,83.64428,-0.12,1388.4,3.84289,83.64428,-2.81117,-0.3378,1.35134,0.03448,0.05304,-18.40568,-18.39877,77.60013,14.18348,83.64428
CUBI,0.0,56.25736,28.37455,1.32003,3.74,20.55352,42.41717,303.763,47.09226,82.43902,3.85,404.732,56.25736,67.12847,20.55352,18.8054,1.31365,1.13996,3.51242,15.2833,12.21984,83.94222,19.22413,56.25736
DHT,-72.12744,10.02174,6.49259,2.4678,1.61,38.53343,77.00667,450.397,65.17679,215.68628,1.71,468.287,58.42724,261.38657,38.53126,38.53172,2.05932,11.81982,12.18744,26.08705,26.08822,28.86385,0.99903,40.57551
DKS,40.03951,192.02226,20.72603,1.16063,3.34,3.39928,3.29882,696.578,7.96022,3.08642,3.76,2567.658,-0.98333,-7.0036,3.39928,3.75977,0.06177,5.11037,8.13279,16.36313,16.36313,64.16405,4.45092,179.04941
DNOW,-46.48649,5.7007,6.35732,3.16544,-3.91,-26.37431,2.5565186,-71.0,-4.38542,2.5565186,-0.83,292.0,15.81995,2.5565186,-26.37431,-5.60883,2.15074,-4.76145,-6.28811,-46.33749,-46.33749,7.04787,2.5565186,7.58226
DHI,0.0,346.7791,32.52747,5.3111,6.41,11.70578,40.56613,2984.5,14.67587,49.41725,6.49,4622.0,2.36144,46.66049,11.67235,11.66445,0.98933,10.55617,12.09132,21.7164,21.23873,26.27632,1.44758,35.64163
DTE,1.40073,7.36438,64.12208,1.29989,7.08,11.25893,16.70013,3487.0,28.63595,12.20285,7.5,3279.0,-14.7019,17.0231,11.23429,11.88716,0.85767,2.92408,4.14114,11.35411,11.2262,60.96192,5.6378,156.16014
DXC,-3.00939,5.4876,18.87388,1.13832,-20.76,-27.36885,-30.71311,2944.0,15.03806,351.99585,4.63,4676.0,7.91682,351.99585,-27.42504,6.11523,1.02229,2.25351,3.50262,-66.33718,-63.58135,69.1433,3.90387,224.07877
DVA,1.59746,6.38176,12.58554,1.27162,6.39,8.69504,-0.89742,2349.407,20.34012,38.91304,7.4,3561.991,6.96153,-4.60418,6.69785,7.6749,1.1957,6.26449,7.46955,44.54368,31.40299,79.44198,4.76459,269.82123
DAN,8.88486,6.1684,12.16474,1.69397,-0.21,-0.7177,-42.67913,552.0,7.76808,62.53357,0.45,621.0,1.58493,62.53357,-0.43625,0.91507,1.03916,1.60147,2.49947,-1.70752,-2.45842,56.82744,4.80254,144.54744
DHR,25.7496,6.04033,51.33333,1.86463,4.89,16.36152,43.28083,6522.0,29.26764,50.0,5.15,13043.0,20.29887,21.20205,16.36152,16.32081,1.46515,4.29227,5.17044,11.18937,10.40839,35.79695,3.40049,55.75584
DRI,-45.11278,252.6505,17.94694,0.61435,-0.4,-0.63021,-36.60493,742.8,9.51466,122.715866,3.16,1408.4,1.74797,122.715866,-0.6712,4.96653,0.45354,3.0534,4.08584,-2.08307,-2.08307,72.05131,8.09074,257.79855
DAR,-0.23404,8.80082,17.82928,1.46155,1.78,8.40808,22.50927,504.612,14.12718,-4.30108,2.07,883.108,3.90213,-5.04831,8.30978,9.42137,0.72706,1.76156,2.13698,10.87702,10.73075,35.93744,3.28418,56.09742
DAY,25.86207,10.71883,14.12254,1.06695,-0.03,-0.47478,-45.94595,76.0,9.02077,24.416313,0.06,381.8,-4.72107,24.416313,-0.47478,1.04528,0.08533,0.23657,0.55932,-0.20098,-0.20098,25.33362,9.36711,33.92908
DECK,3.91597,11.7117,6.78667,3.96786,1.60333,12.94807,1.37471,377.047,17.67942,8.82353,1.62167,1103.673,8.97687,4.47735,12.94807,12.95013,2.80178,13.24016,16.82284,25.27326,25.27326,20.59539,0.7843,25.93727
DE,-0.47413,0.91797,41.24582,2.25534,8.69,7.7462,3.03555,7739.0,21.77546,-14.38424,10.33,8934.0,10.83568,-15.43191,7.74057,9.11214,2.03866,4.7442,6.05649,22.59548,22.58872,78.15248,5.98307,735.1545
DK,-33.39642,11.05914,13.64443,1.20823,-8.26,-7.81177,-10.042506,-337.6,-4.62352,-10.042506,-7.45,-19.4,-7.6197,-10.042506,-8.32671,-7.50918,0.76729,-5.58538,-9.2253,-45.49196,-38.53533,70.80317,-10.042506,242.50288
DELL,3.63767,5.39733,-2.11844,0.70284,6.03,5.99974,13.81989,9669.0,10.49222,1537.3254,0.64,20639.0,9.15302,1537.3254,5.00901,0.50281,0.52255,1.91065,3.95622,1537.3254,273.84845,93.4342,5.56914,1537.3254
DAL,-51.0862,8.04471,2.4037,1.09274,-19.49,-72.44808,-537.494,-5884.0,-34.41942,-537.494,-11.87,-3776.0,-39.37482,-537.494,-72.44808,-44.16098,0.98474,-7.50396,-14.69976,-146.63747,-146.63747,95.86322,-537.494,-537.494
DLX,-8.47812,9.53083,12.88202,1.23022,0.19,0.49693,-23.20526,340.587,19.01891,76.85132,3.63,1063.475,13.88424,76.85132,0.49185,8.49962,0.7399,7.52307,9.83168,1.5848,1.60097,61.93349,2.58358,162.69807
DBI,7.3075,59.29004,10.04534,1.32466,1.27,2.70557,-11.6061,229.292,6.56492,72.14557,1.53,996.67,3.87397,72.14557,2.70557,3.2242,0.29512,4.36414,6.07184,12.16733,12.16733,62.91963,5.33503,169.68446
DVN,-29.67033,6.92186,7.55236,2.26389,-6.78,-52.67191,2.3948731,-1325.0,-27.44408,2.3948731,-6.37,1537.0,-15.86578,2.3948731,-55.50953,-49.74089,2.09167,-14.79644,-19.37303,-58.75446,-56.89675,60.12942,2.3948731,150.81152
DRH,0.0,-30.44769,8.14504,3.67032,-1.97,-132.06227,-30.44769,-179.791,-59.95452,-30.44769,-1.24,-47.378,-13.0809,-30.44769,-131.51138,-83.39098,3.48971,-3.42379,-3.7584,-21.76732,-21.7598,40.16129,-30.44769,67.1159
DBD,4.45665,6.1638,-10.64767,1.12598,-3.47,-6.86262,19.62264,412.1,10.56044,87.32314,-0.66,1057.3,10.70683,87.32314,-6.89593,-1.31246,0.61146,3.88863,8.23992,87.32314,87.32314,148.1453,6.06673,87.32314
DLR,0.0,114.12239,59.81932,0.48092,1.0,9.38208,0.0,0.0,0.0,-57.44681,1.53,2331.864,48.5578,-38.52674,9.2183,10.29309,0.48092,1.23811,1.32806,2.82725,2.48975,44.80287,114.12239,81.35371
DBRG,-11.70687,0.47586,12.40948,2.21763,-14.4,8.351091,0.0,0.0,0.0,8.351091,-9.84,281.689,-30.25478,8.351091,8.351091,-150.75844,2.18928,-4.05666,-4.81478,-56.89392,-30.38069,53.36464,8.351091,119.43099
DDS,-5.25109,127.68524,67.08514,1.98543,4.38,1.75118,-20.76451,389.841,6.1458,-29.69502,4.18,2107.233,4.00939,-34.75917,1.75118,1.67142,0.3496,3.05125,4.66807,6.72884,6.72884,27.47542,1.57746,37.88428
DIN,0.0,25.991282,-21.55671,1.68262,-6.43,-15.0876,-47.06009,132.831,19.27131,25.991282,1.07,261.472,10.06617,25.991282,-15.0876,2.5195,1.56397,2.72769,3.42438,25.991282,25.991282,121.13179,15.30466,25.991282
DFS,0.0,0.0,0.0,0.0,0.0,0.0,0.0,0.0,0.0,0.0,0.0,514.14484,0.0,0.0,0.0,0.0,0.0,0.0,0.0,0.0,0.0,0.0,0.0,0.0
DLB,-13.26094,3.68274,24.25439,5.79238,2.25,19.93636,-17.77309,311.441,26.80695,-7.78689,2.31,1015.294,19.78501,-9.32311,19.91432,19.99522,5.49822,4.80398,5.70511,9.76216,9.74943,3.22031,0.26052,3.32746
DG,0.0,510.3483,26.60398,1.13961,6.64,6.17049,8.81117,2833.704,10.21008,11.22278,6.77,8489.061,4.38351,7.74364,6.17049,6.25807,0.06974,8.0952,10.53655,26.10623,26.10623,63.57135,4.12763,174.50923
D,0.74627,6.19812,29.44169,0.63506,1.82,9.37059,-22.90252,6359.0,44.87017,12.34568,3.7,7302.0,-3.0562,608.1066,-2.82952,21.6956,0.25307,2.5203,3.68838,5.93584,4.39052,58.68374,5.91036,142.03545
DCI,-13.78483,5.13051,7.81311,2.69592,2.0,9.92815,-8.97053,426.2,16.4645,-2.43902,2.03,871.6,8.11394,-3.81737,9.92815,9.9516,1.73009,9.88387,13.3674,27.42211,26.9604,41.10883,1.64406,70.57105
DFIN,7.4969,5.34189,7.44144,1.12034,-0.76,-2.89547,21.48499,153.8,17.19396,36.810658,1.63,398.5,18.6934,36.810658,-2.89547,6.17742,1.03606,7.33952,10.77081,-10.03098,-10.03098,54.87161,1.95904,121.58999
LPG,47.6232,5.90743,19.22271,1.64228,2.07,33.35849,237.97835,227.331,67.80535,51.850586,2.08,247.60716,32.7086,51.850586,33.35849,33.42753,1.58037,6.106,6.19938,11.83669,11.83669,40.38338,2.91135,67.73846
DEI,-4.16696,6.48891,13.88941,2.23155,0.28,4.32579,0.0,0.0,0.0,-86.60287,0.19,582.64,48.40239,-86.13715,5.65742,3.73888,2.13571,1.08181,1.13345,1.95842,0.92155,54.3409,29.196676,119.0144
DOV,-6.48016,5.60641,23.55271,1.50632,4.7,10.22555,-4.60298,1260.146,18.85385,1.95228,5.03,2492.914,11.85612,0.81618,10.22555,10.84078,0.95774,6.88138,9.45918,21.29651,21.29651,49.38127,2.62113,97.55533
DCO,22.00768,3.25998,28.081,2.87109,2.45,4.63859,-10.95028,74.93,11.91368,-10.90909,2.8,137.738,-1.19819,-10.126,4.63859,5.19807,1.87904,3.68064,4.65466,9.37869,9.37869,50.54622,4.49231,102.209
DUK,0.0,951.9837,59.82055,0.53248,1.71,4.47544,1.22413,10419.0,43.37635,-66.27219,5.24,11268.0,-4.33805,-63.26041,5.73272,16.07777,0.22116,2.22351,3.18451,3.01556,2.21341,56.64201,6.16691,130.63802
DD,-5.58843,6.89787,52.44319,2.31475,-3.95,-14.09031,-2.03956,4755.0,23.31225,407.92392,1.49,4065.0,13.87827,407.92392,-14.46781,5.37282,1.30241,1.47987,1.71478,-7.30146,-7.12921,36.49529,4.72198,57.46865
CTA,0.0,0.0,0.0,0.0,0.0,0.0,0.0,0.0,0.0,0.0,0.0,21.316,0.0,0.0,0.0,0.0,0.0,0.0,0.0,0.0,0.0,0.0,0.0,0.0
EME,-5.35337,4.45093,37.48755,1.44272,2.4,1.51122,7.9291,598.469,6.80306,-58.26087,6.46,1395.382,7.73553,-59.11208,1.51122,4.05324,1.30622,6.21321,11.78383,6.46956,6.46763,20.68641,0.89482,26.0818
EOG,-23.95025,6.25326,34.78906,1.69422,-1.04,-5.48714,-51.0244,3673.973,33.34526,395.42795,-0.55,4979.0,5.8827,395.42795,-5.48714,-2.89002,1.40869,-0.34027,-0.45391,-2.88285,-2.88285,24.95897,1.83793,33.26043
EPR,0.0,25.91093,35.25913,14.22048,-2.05,-31.96351,0.0,0.0,0.0,25.91093,-1.78,349.673,7.05444,25.91093,-31.96351,-32.8228,14.06757,0.02204,0.02274,-4.67444,-4.6742,59.69842,25.91093,148.12926
EQT,-7.13602,5.19928,33.25097,0.68965,-3.71,-31.61901,-65.92669,605.036,19.7799,62.482784,-3.18,792.492,17.75989,62.482784,-31.61869,-27.09356,0.3318,-2.75723,-3.46348,-10.14927,-10.14539,34.94404,8.22326,53.71382
ESE,-17.39696,4.60216,36.93045,1.74445,0.97,3.47448,-11.35956,135.533,18.49232,-68.70968,2.77,272.16,14.59032,25.84065,13.9143,9.83029,0.76805,4.14555,5.30302,2.84873,2.84873,10.63426,0.84427,11.89971
EXP,18.01565,10.39608,23.23809,3.99664,1.68,4.8865,2.06032,420.215,28.96409,14.28571,5.86,342.666,3.10042,2.95382,4.8865,16.97316,2.35035,7.47286,8.52646,6.51201,6.51201,62.70605,3.87262,168.13998
DEA,3.74014,5.51686,35.15486,1.14368,0.375,5.51988,0.0,0.0,0.0,50.0,0.375,167.436,45.18556,65.96365,4.88049,4.78739,1.14368,1.41202,1.51226,1.07893,1.08232,42.94944,22.371317,75.28312
EGP,3.58185,7.48987,31.99935,0.32079,2.76,29.84958,0.0,0.0,0.0,-14.81482,2.77,259.655,41.79075,-10.9311,29.84187,29.89129,0.32079,3.04573,3.21222,8.77361,8.7665,51.0356,25.808212,104.23001
EMN,4.78469,7.91869,44.3484,1.73749,3.5,5.77127,-13.07973,1668.0,19.68606,-36.13139,4.86,1983.0,11.78007,-37.0224,5.64145,7.7721,1.02012,4.29638,5.76521,7.9793,8.05601,48.69383,3.47542,94.90832
KODK,-15.56604,5.26343,0.99741,2.11824,-9.83,-52.86686,-11.9633665,-31.0,-3.01263,-11.9633665,-6.57,135.0,-4.85909,-11.9633665,-52.57532,-36.64898,1.40203,-3.19189,-10.625,-11.9633665,-198.17851,22.98851,-11.9633665,29.85075
ETN,-15.37592,5.46785,37.50314,1.56062,3.49,7.92362,-30.58252,2574.0,14.41371,-33.52381,4.26,5450.0,10.25241,-36.22795,7.89562,9.59442,0.69648,3.52783,4.71269,9.09325,9.09792,36.21182,3.30225,56.76885
ECL,-18.69122,4.65069,21.5799,1.74524,3.33,8.3527,-22.9612,2493.9,21.15231,-37.52345,4.38,4932.6,15.23066,332.1426,-10.2212,10.66191,1.26274,5.38914,7.25343,13.02738,13.19462,53.42191,2.85204,114.69322
EPC,-22.76265,10.70088,26.36188,1.92674,1.24,3.4672,-13.54245,347.3,17.813,65.80511,2.74,886.0,11.26391,65.80511,3.4672,7.63102,1.16455,4.6414,6.13338,4.9408,4.9408,47.62027,3.75094,90.91353
EIX,29.38872,9.27776,37.07506,0.49246,1.98,6.41479,19.35484,4625.0,34.06245,-47.48011,4.52,7113.0,-11.93567,-38.00712,6.41479,12.41685,0.2382,2.48404,4.41951,6.36905,5.53983,60.22297,5.22097,151.40134
EW,-5.33481,8.29012,7.32709,3.45788,1.3,18.77209,1.21194,1386.3,31.60523,-20.8925,1.83,3305.7,8.37751,-21.34874,18.77209,25.97538,2.262,11.64919,15.83625,18.87969,18.87969,13.18796,0.50126,15.1914
ESI,10.85463,4.83175,9.38806,3.14954,0.31,4.14307,1.21618,407.8,21.99925,3.33333,0.54,786.0,11.80747,-17.89588,4.08372,7.24778,2.21222,3.4969,4.00374,3.38274,3.3852,40.41027,3.85483,67.81416
ELV,7.173,15.5126,135.2847,1.55336,17.98,3.75163,19.51975,9258.0,7.59681,-2.65295,22.28,33823.0,8.9851,-4.8887,3.75163,4.58518,1.41551,6.29236,9.68057,14.08351,14.08351,38.73706,2.26744,63.23082
LLY,29.20414,4.70896,6.22288,1.39903,6.79,25.23941,16.37983,8047.2,32.79244,36.89516,7.61,19056.5,16.26042,-25.54217,25.23941,28.1465,0.85008,9.97129,20.93479,150.17761,145.31868,74.01842,2.06225,284.88806
ELME,0.0,12.725866,15.64747,0.82784,-0.2,-5.33119,0.0,0.0,0.0,12.725866,-0.2,106.877,42.24835,0.0,-5.33119,-5.59966,0.82784,0.92365,0.96385,-1.14766,-1.14739,42.86382,12.725866,75.02046
EBS,-14.70262,6.20175,27.25047,3.11027,5.67,19.61553,124.01008,622.3,40.009,445.19232,7.23,863.1,26.87331,459.8165,19.61553,24.49666,2.21691,12.29249,14.96321,24.06626,24.06626,38.55626,1.4591,62.75052
EMR,-5.2601,5.0097,14.05518,1.52221,3.24,11.85582,-7.20447,3658.0,21.79327,-12.66846,3.68,7009.0,12.91704,-14.78751,11.70688,13.21818,1.13656,8.07995,11.51143,23.62063,23.80383,48.66294,2.1889,94.79105
ESRT,0.0,26.645367,6.15072,8.24822,-0.1,-3.74086,0.0,0.0,0.0,26.645367,-0.07,308.699,30.16164,26.645367,-2.73132,-2.00401,8.24822,1.00697,1.07902,-1.46355,-1.24423,55.57402,26.645367,125.09353
EIG,-10.79477,0.91106,42.45755,12.5844,3.97,16.84003,-22.76303,157.1,22.08322,-17.80538,4.03,148.9,26.94862,-23.74284,16.84003,16.94481,12.5844,2.34808,7.63652,10.07315,10.07315,3.21602,0.25653,3.32289
ENS,-4.22272,4.75849,30.72856,2.60346,3.2,4.44048,2.36532,346.221,11.2123,-14.20912,4.02,781.72,4.02293,-14.43032,4.44048,5.52149,1.6346,5.04053,6.67099,10.61758,10.58779,48.42035,3.53585,93.87491
ENR,-14.16814,8.68333,4.51122,1.34124,0.44,1.70504,9.7379,573.6,20.8977,-43.58974,2.76,1113.9,29.53448,84.017075,-3.39916,6.9181,0.97586,5.16309,6.68867,10.97432,10.97432,93.26506,7.46234,84.017075
EPAC,-30.32863,4.48559,6.00763,3.23281,0.09,1.12651,-48.0789,50.121,10.16051,-30.76923,0.14,217.193,32.17336,15.844256,0.14657,1.70148,2.29796,1.88607,2.57759,1.68291,1.68291,45.91395,6.08426,84.89057
ENVA,16.83113,0.59388,25.65076,13.18347,11.71,55.28104,51.0083,397.552,58.10524,214.78494,7.98,501.218,7.71911,932.0223,55.22477,37.20267,12.86538,12.8251,14.15371,58.44751,58.39359,52.47208,2.55166,110.40264
ENOV,-7.98395,5.69256,89.70827,1.67784,1.32,2.08684,-18.65689,462.377,15.05737,340.0,2.31,610.24,-0.85005,70.81986,1.38809,3.42943,0.7615,1.87054,2.30202,1.74481,1.81087,40.18258,5.21256,67.17538
NPO,-10.94527,7.06579,52.51753,2.86634,-1.15,-2.16946,-6.44172,152.5,14.19926,44.15736,1.72,289.9,24.87547,381.46213,17.16946,3.28305,2.09059,2.56756,3.25836,-2.41172,-2.2823,32.26136,3.51934,49.76356
ETR,16.36426,9.45535,27.28194,0.64583,3.45,13.90848,5.69448,3764.142,37.21848,9.52381,2.715,4529.214,-9.42449,11.79493,13.90848,10.74372,0.43125,2.01112,3.34721,13.3018,12.9893,68.48109,6.45352,217.2699
EPD,-1.36298,5.59624,11.13687,1.10251,1.71,14.28582,-8.15968,6738.6,24.77454,-18.18182,1.75,5715.0,1.47359,-17.76621,13.88104,14.06321,0.6659,4.87256,5.60962,15.38922,15.16247,54.30222,4.48377,118.82903
NVRI,35.46413,4.64052,8.32642,1.51653,-0.41,-1.51084,-5.75862,237.64,12.74986,38.424595,0.13,291.742,-1.88451,38.424595,-1.41325,0.55058,1.07084,1.88581,2.71661,-4.65078,-3.74703,66.03405,5.83629,194.41252
EPAM,0.67227,5.32546,35.34287,4.10512,5.6,12.30166,27.09132,447.988,16.84496,23.62031,5.98,926.956,17.27039,25.32129,12.30166,12.53056,4.04189,9.69467,11.71548,18.28137,18.28137,11.8431,0.59466,13.43412
EFX,18.51156,7.09985,26.01314,0.99807,4.24,12.74864,75.51534,1464.5,35.48153,197.3234,6.55,2390.1,15.78044,197.3234,12.60085,19.28104,0.95107,7.65875,9.87094,18.09988,18.04156,57.69631,2.98969,136.38602
EQBK,0.0,20.920206,28.03445,0.82131,-4.97,-41.78022,-3.25541,69.362,38.65492,20.920206,0.42,132.268,223.73187,20.920206,-41.78022,3.53412,0.81439,0.96915,5.46999,-16.92881,-16.92881,25.20614,1.98064,33.70081
EQC,-24.81334,5.10894,25.65288,102.40242,3.56,15.017535,0.0,0.0,0.0,-8.71795,3.64,37.42,33.47113,-8.40018,15.017535,15.017535,102.40242,0.11532,0.11677,14.45823,13.93406,0.0,15.017535,0.0
ELS,-4.56361,29.91327,6.76991,0.24834,1.25,21.98995,0.0,0.0,0.0,-18.83117,1.32,584.89,31.49294,-18.21852,20.79379,21.86215,0.24834,5.19199,5.75294,18.38408,18.3821,67.28362,43.470325,205.6573
EQR,0.0,89.72778,28.17168,0.07783,2.45,37.38803,0.0,0.0,0.0,-5.76923,2.52,1655.32,44.59248,-5.84732,35.48989,36.39409,0.07783,2.37832,2.47426,8.79909,8.70633,42.99375,89.72778,77.79437
ESNT,20.18729,22.19791,34.35803,15.60867,3.88,43.24339,-25.33251,502.498,52.60911,-31.44876,3.89,517.632,31.10682,-25.67368,43.24339,43.20991,11.68012,6.87475,8.41278,12.06403,12.06403,7.92739,0.66183,8.60993
WTRG,161.6104,8.02965,19.08748,0.62964,1.12,19.17269,44.78029,782.772,52.68701,7.69231,1.75,793.739,-25.40592,26.85722,19.17269,29.42003,0.46059,2.84881,3.76796,6.65167,6.65167,55.22741,7.38096,123.35093
ESS,488.85257,15.69092,92.31542,0.85473,8.69,37.38211,0.0,0.0,0.0,30.48048,9.04,1085.696,41.02168,29.49878,35.4821,36.90634,0.85473,2.60312,2.68415,9.30984,9.47085,50.43912,90.85112,102.30269
EL,-34.78973,9.45058,10.91464,1.71693,1.86,4.86918,-17.69743,2595.0,18.15447,-61.41079,3.99,10742.0,8.41874,-61.68067,4.78523,10.06572,1.20023,8.11326,12.19986,16.44033,16.62487,68.92793,3.3869,221.83241
ETD,-43.20208,52.80783,13.09484,1.65459,0.34,1.50889,-64.43236,26.367,4.47022,-64.58333,0.15,323.132,5.7311,-65.36696,1.50889,0.66232,0.57828,1.04886,1.36121,2.57251,2.57228,35.43649,6.82907,54.88624
EVR,21.28614,6.30901,30.20726,2.23191,8.22,18.03072,24.94125,624.74,27.296,19.30334,9.63,2200.958,43.69994,17.86536,15.3172,17.06275,2.17279,12.53235,18.76046,33.37748,31.55499,32.60333,1.15326,48.37529
EG,16.22246,2.18278,243.2517,9.91473,12.78,5.41636,0.0,0.0,0.0,-48.25911,11.94,649.7,-0.96104,-49.06678,5.41636,4.98804,9.91473,1.07324,2.96777,5.45255,5.45255,17.58777,40.318058,21.34121
EVRI,-14.52939,2.82285,-0.09112,1.35103,-0.96,-21.28891,-34.87074,151.815,39.56875,26.771696,-0.73,317.838,-5.0654,26.771696,-21.28891,-16.2447,1.21159,0.36421,0.48754,26.771696,26.771696,100.69094,7.58146,26.771696
ES,22.09189,6.8513,41.00715,0.63685,3.55,13.61891,11.28009,3021.714,33.93495,26.33452,3.67,4436.338,-13.82096,32.5739,13.53447,13.96528,0.31242,2.924,4.20015,9.02965,8.9813,55.98533,5.98545,127.19696
EVTC,6.94515,8.95038,4.68187,2.34683,1.43,20.53534,0.15335,212.91,41.69898,1.41844,1.45,283.718,32.25051,0.93458,20.45407,20.43111,2.01875,8.47977,10.43618,34.52841,34.15053,60.45635,2.45889,152.88512
EXPD,60.72602,5.36345,15.71017,2.09374,4.07,6.90175,21.98444,997.396,9.85912,20.059,4.14,1219.724,4.73798,17.91089,6.88125,6.88875,2.0355,13.6384,20.6586,28.67922,28.73045,14.12868,0.43933,16.45331
XPRO,0.0,0.0,0.0,0.0,0.0,0.0,0.0,0.0,0.0,0.0,0.0,108.15,0.0,0.0,0.0,0.0,0.0,0.0,0.0,0.0,0.0,0.0,0.0,0.0
EXR,0.0,9.64807,19.39569,0.38393,3.71,37.13553,0.0,0.0,0.0,14.50617,3.72,1019.8,20.92623,14.7183,34.56673,34.57514,0.38393,4.79301,4.98323,18.93882,17.6715,67.37972,66.68668,206.55772
XOM,-22.56398,9.53946,37.12497,0.7965,-5.25,-13.02037,2413.424,-8889.0,-4.97777,2413.424,-4.92,57157.0,-9.52616,2413.424,-12.56622,-11.76729,0.44258,-5.10303,-7.25972,-12.86697,-12.80807,30.76758,2413.424,44.44099
FBK,0.0,44.67883,27.34565,0.96301,1.67,10.32102,10.7921,206.799,33.54409,-36.98113,2.57,459.546,242.75885,-24.09263,10.31973,15.68349,0.86651,1.40249,9.04524,6.19599,6.19649,18.51929,1.41931,22.72844
FMC,4.44156,2.03534,22.89686,1.5467,4.44,12.47065,1.52989,1221.1,26.30491,8.29268,5.44,2046.7,13.50386,15.52158,11.8804,15.19945,1.09498,6.7781,10.9263,21.10628,20.87781,53.58004,2.82082,115.42457
FNB,0.0,88.480255,15.08566,0.84979,0.85,19.90777,-17.14258,563.626,39.23183,-26.72414,0.97,1124.756,176.44086,-26.14416,19.90777,21.83321,0.84454,0.88168,3.61359,5.94113,5.81195,37.95356,5.38194,61.16959
FCN,2.59385,3.50427,40.60732,1.6857,5.67,8.55987,-3.22361,332.814,13.52202,-0.35149,5.75,788.564,9.68773,-2.78878,8.55987,8.3173,1.56954,6.51393,9.36527,14.58349,14.58349,25.94397,1.47387,35.0329
FN,4.71417,5.87451,26.53041,3.36208,3.01,6.91171,-1.82196,152.12,9.26524,-6.81115,3.18,186.105,2.78564,-6.18081,6.91171,7.14855,2.3871,5.74794,7.73812,12.3514,12.3514,5.76598,0.39194,6.11879
FDS,5.94769,9.91711,23.57021,3.04724,9.65,24.96053,3.05395,513.76,34.38567,6.27753,10.7,798.665,21.93862,5.71105,24.96053,27.16767,2.75138,15.64971,18.89028,47.54949,47.54949,49.41605,1.70445,97.69115
FICO,12.35698,4.09926,11.37895,1.28845,7.9,18.26185,30.14182,369.444,28.53815,24.60568,9.36,933.42,21.87057,23.05126,18.26185,21.01615,1.18591,14.02274,17.89956,76.15733,76.15733,73.86414,2.5327,282.6161
FDX,10.52959,6.81471,69.9425,1.58382,4.9,1.85793,-21.41607,6737.0,9.73316,141.3793,7.04,16837.0,-1.4469,138.14815,1.85793,2.65461,1.5029,3.05026,4.348,7.13414,7.13414,66.37937,5.36159,197.43646
AGM,-3.45716,13.76049,58.6079,1.17185,8.27,20.9004,-26.24102,450.379,86.6385,-4.83314,8.31,202.642,-275.84058,-0.81975,20.9004,17.14955,0.3865,1.22213,1.31723,18.10536,12.12756,95.65492,48.51229,32.82019
FRT,9.10979,4.40076,30.03063,1.37141,1.62,16.13822,0.0,0.0,0.0,-64.859,1.94,543.702,29.62725,-62.78083,15.64156,17.39841,1.37141,1.71791,1.84638,5.62906,4.97544,62.28108,34.574024,174.04102
FSS,-5.36513,8.6585,11.60496,2.73248,1.56,8.49841,-6.01779,179.6,15.88256,-11.36364,1.71,293.6,8.64985,-11.33641,8.50725,9.11859,1.40633,7.10736,9.23292,14.30379,14.30379,24.97329,1.30123,33.28586
FHI,3.80384,13.92264,11.44551,2.16746,3.23,23.20165,20.44057,447.951,30.93012,20.07435,3.19,944.868,23.10019,19.83741,22.53478,21.23755,2.07647,13.26295,17.07444,29.96534,25.57878,13.40897,0.47498,18.71307
FERG,-5.55351,8.25383,1.9436,1.70078,0.42,4.37234,19.33857,2129.0,9.75755,-8.69565,0.46,5983.0,2.69719,-13.26715,4.40442,4.73936,1.01727,7.75904,12.36211,21.87823,21.87823,50.84346,2.12353,103.43171
FNF,1550.8671,3.55827,28.65338,6.9115,5.08,13.70384,36.49059,2248.0,20.8573,32.63708,5.3,6917.0,-35.22453,34.36912,13.23993,13.96549,6.9115,3.97092,12.34741,21.14614,20.94887,33.77003,1.90347,50.98904
FIS,2.61438,3.68094,79.51613,0.80074,0.25,1.30657,24.32231,4999.0,39.82632,-62.12121,1.48,4204.0,43.85656,-46.97987,1.25876,7.2986,0.68465,1.12587,1.34485,0.32003,0.3315,29.41218,4.12483,41.81453
FAF,0.0,249.03935,44.49333,0.5721,6.16,9.89269,9.26123,1178.933,16.64936,-0.96463,6.5,4322.0,4.08538,-1.55228,9.83525,10.34959,0.5721,5.29482,10.30058,14.92808,14.98924,27.0253,1.54604,37.03379
FBMS,0.0,23.429077,30.53824,0.85012,2.52,24.6053,0.85218,86.511,40.54145,-1.17647,2.36,161.574,23.429077,20.02515,24.6053,22.91442,0.84383,1.01924,5.27421,8.83571,8.83571,29.32496,3.09268,41.49268
FCF,0.0,28.567022,11.11626,0.92696,0.75,18.56199,-20.80578,154.028,38.92692,-29.90654,0.81,305.349,80.41153,-30.27162,18.56199,20.01208,0.9224,1.02417,5.91129,6.915,6.915,27.1098,2.58036,37.19265
FFWM,0.0,46.334496,15.57515,0.95887,1.88,28.26072,24.12583,146.785,49.16795,50.4,1.89,244.545,288.27042,50.01867,28.26072,28.26029,0.87693,1.32002,7.4385,12.88489,12.88489,29.03522,1.93923,40.91498
FHN,0.0,157.35638,13.58663,0.94634,1.89,29.9965,-6.96889,969.0,33.9167,36.95652,1.24,2118.0,157.35638,91.64996,29.57648,18.75516,0.93194,0.85967,4.93884,13.82305,12.80824,34.0008,4.41589,51.51698
FR,-35.85856,3.86807,14.74405,0.69716,1.53,44.79778,-4.74701,174.172,38.97965,-18.61702,1.49,328.59,30.6451,-17.91896,43.86229,42.58672,0.69716,2.8237,3.0053,10.68895,10.68827,45.37345,9.28661,83.06118
FE,10.26581,9.40715,13.32491,0.74221,1.85,9.29564,-7.34046,3383.0,31.35311,10.77844,1.85,7773.0,-15.78661,18.3114,10.0,9.29286,0.64748,3.11474,4.48436,14.11483,14.11483,77.3978,7.32545,494.80624
FI,-10.78361,5.64286,48.31864,1.03722,1.4,6.56477,52.22257,4897.0,32.97199,-18.12866,1.93,7040.0,27.46011,7.27884,6.45031,8.73386,0.21667,1.48776,2.01926,2.93375,2.85983,38.96794,4.34552,64.34835
FLG,0.0,0.0,0.0,0.0,0.0,0.0,0.0,0.0,0.0,0.0,0.0,0.0,0.0,0.0,0.0,0.0,0.0,0.0,0.0,0.0,0.0,0.0,0.0,0.0
FND,0.0,75.74957,9.55645,1.48884,1.84,8.03784,25.97911,303.655,12.51779,27.77778,1.85,1059.711,3.66414,29.44281,8.03784,7.83154,0.51257,5.12814,6.56173,22.13525,22.13525,55.50988,4.09817,124.769
FTK,-24.77299,3.87862,3.87208,2.30259,-11.99902,-256.76974,-58.2369,-55.303,-104.06842,-58.2369,-6.59946,-28.673,-45.80903,-58.2369,-256.76974,-141.40344,1.7841,-23.07566,-29.0181,-123.79393,-123.79393,23.88828,-58.2369,31.38581
FLO,5.30328,16.575,6.48854,1.66276,0.72,3.47125,21.80489,513.946,11.71256,-7.69231,0.91,2191.849,5.85495,-7.42686,3.47125,4.39202,1.21188,7.16377,8.88073,11.55489,11.55489,49.06837,2.57374,96.34165
FLS,-3.88777,3.55846,13.32413,2.54402,0.89,3.40066,-15.16727,454.633,12.19465,-53.88601,1.71,1116.769,8.44157,-54.14242,3.12022,5.98089,1.86266,4.33362,6.26278,6.60413,7.08519,52.36888,4.26309,109.94679
FLR,17.85331,9.10243,7.32152,1.40928,-2.09,-1.44011,47.22332,355.133,2.26654,47.22332,0.22,410.0,3.05119,47.22332,-2.77657,0.19729,1.14348,2.04202,4.59796,-23.34385,-15.84958,60.98436,5.55994,156.30746
FLUT,0.0,0.0,0.0,0.0,0.0,0.0,0.0,0.0,0.0,0.0,0.0,3925.0996,0.0,0.0,0.0,0.0,0.0,0.0,0.0,0.0,0.0,0.0,0.0,0.0
F,-16.68681,2.20579,7.71358,1.20117,-0.32,-1.00359,-48.44074,7969.0,6.2677,668.4354,0.27,6009.0,10.91862,668.4354,-1.00595,0.8437,1.05498,-0.18591,-0.25472,-4.0047,-3.98495,84.10239,20.45401,668.4354
BLX,0.0,26.458961,26.15858,1.63105,1.6,33.88374,-17.88955,79.455,42.33536,-26.26728,1.6,98.806,26.458961,-26.10019,33.88374,33.80733,1.63105,0.69353,1.29891,6.19185,6.19185,65.78646,25.11778,192.28197
FTV,-41.47346,4.22307,26.52915,1.55443,4.05,31.33523,-37.41655,1021.8,22.04816,109.84456,1.03,2616.7,25.01106,118.33807,34.81141,7.49875,1.31233,2.38053,2.91535,17.76261,17.73907,33.06003,4.33686,49.38759
FBIN,17.62164,8.9583,20.01659,1.64189,3.94,9.103,10.63621,1012.1,16.61823,28.75817,4.23,1469.2,9.88703,28.06205,9.08165,9.63337,0.85867,7.8489,10.3899,21.26449,21.30955,49.78016,2.71831,99.12448
FET,-47.05871,4.31132,72.77607,3.9236,-17.37,-18.90606,-10.659808,-157.698,-30.77178,-10.659808,-39.58,-0.221,16.32452,-10.659808,-18.90606,-43.07278,1.68817,-12.72597,-15.29564,-21.7173,-21.7173,46.36731,-10.659808,86.45344
FCPT,172.36842,241.85724,11.08982,0.43323,1.08,45.3306,0.0,0.0,0.0,1.88679,1.08,151.354,50.2342,6.49444,45.19326,45.00915,0.31624,4.29658,4.45202,9.89856,9.87334,47.36465,40.852127,89.98639
BEN,43.09893,5.45842,20.42851,1.6919,1.59,14.13994,-7.57423,1559.5,28.01581,-32.34043,2.2,2240.1,30.89846,-33.18558,14.35193,19.44094,1.6919,5.07257,6.16265,7.98062,6.87826,30.1537,3.18788,45.30336
FCX,20.37787,17.38886,6.97805,2.72256,0.41,6.09241,59.83347,4031.0,28.39132,380.75284,0.66,4071.0,9.04089,380.75284,4.2189,6.75433,1.51185,3.54719,5.24239,6.15242,4.79012,34.74325,2.46564,53.24084
FDP,-1.34652,11.62484,36.47724,1.82462,1.03,1.10191,-14.62043,182.2,4.33624,-24.81752,1.31,250.9,0.25674,-26.01504,1.17093,1.4831,0.81417,1.62852,2.17721,2.85449,2.57301,27.57233,3.7607,39.161
FRO,-43.83373,11.60714,8.15423,1.3446,2.09,33.82005,80.71543,634.931,51.99294,167.94872,2.08,675.469,-21.81628,194.96971,33.80932,33.32208,1.10181,8.14336,8.3941,26.44938,26.45981,57.73043,3.46653,136.57683
FF,-80.13947,2.97075,8.50154,10.38575,1.06,22.76913,-56.69043,33.532,16.39667,-47.52475,0.91,31.307,26.73896,-47.19497,22.76913,19.46462,9.21365,2.71682,3.31649,11.10013,11.10013,0.38306,0.04265,0.38453
GATX,-16.93925,7.71666,55.85072,0.65538,4.24,12.42144,-4.21687,620.1,51.28184,-27.02238,4.7,824.7,-34.35122,-28.36174,12.51241,13.60404,0.53363,2.10188,2.45201,7.9209,7.9209,74.55245,9.2477,292.96515
GMS,-9.0892,7.61742,14.89827,2.17576,0.55,0.72135,0.54946,287.855,8.88083,-58.01527,1.71,1063.789,7.03928,-58.24971,0.72135,2.20802,1.44006,4.82506,5.90851,3.70199,3.70199,65.80665,4.23868,192.45451
GME,-47.04434,208.24477,2.37753,1.31995,-1.3275,-7.18218,-62.3247,158.5,2.45128,105.631004,-0.3275,1908.7,-6.58096,105.631004,-7.28271,-1.77273,0.51838,1.13454,1.96803,-47.68702,-47.68702,66.02778,7.49842,194.35814
GAP,-11.97772,48.54222,8.93801,1.40729,0.93,2.14247,-17.65617,1595.0,9.7357,-64.09266,1.98,6133.0,1.90899,-65.00499,2.14247,4.54422,0.6139,5.98882,8.23837,10.21983,10.21983,69.83535,4.81317,231.51387
GRMN,20.19149,5.3804,28.79411,3.15178,5.17,23.70254,11.82545,1167.158,27.8786,3.60721,5.18,2481.336,15.18722,4.18253,23.70254,23.64273,2.32408,9.98472,12.58831,19.25046,19.25046,1.69012,0.08125,1.71918
IT,-6.78467,3.14938,12.27379,0.78815,2.96,6.50692,20.98443,715.416,17.45171,15.625,3.6,2754.379,18.67949,14.34052,6.50692,7.84344,0.66787,4.28927,7.79119,26.29298,26.29298,72.27765,3.97386,260.71982
GTES,0.04318,4.01957,9.64645,2.62509,0.27,3.23308,-18.82433,477.8,17.10705,-88.6076,0.34,1037.1,9.22574,-88.49442,2.84282,3.53856,1.72078,2.18364,2.66996,2.92118,2.91493,47.17989,5.95417,89.32182
GNK,-5.1821,26.64169,17.82197,2.17567,-5.38,-63.44161,0.7895,67.023,18.84998,3.9016297,-5.38,100.848,3.22702,3.9016297,-63.44161,-63.41125,1.70983,0.33734,0.34931,-26.17734,-26.17734,37.62583,6.70518,60.32277
GNRC,17.32752,7.15738,22.12046,2.60276,5.48,13.97143,29.39696,560.382,22.54877,35.98015,5.76,957.654,13.16873,39.1136,14.10655,14.435,1.60561,10.41352,13.85499,28.94123,27.22756,39.45128,1.69339,68.25926
GD,-1.89457,3.35828,54.66737,1.34947,11.0,8.35069,-8.79243,4917.0,12.96506,-8.1803,11.15,6325.0,4.07251,-9.09874,8.35069,8.43555,0.87754,5.15856,8.9448,21.66359,21.66359,48.47169,2.99614,94.06807
GE,-6.28031,3.98643,32.44176,1.57684,4.72,7.12393,-34.86175,9376.0,11.77608,1167.8793,-2.4,16013.0,-43.22555,1167.8793,7.16538,-3.29808,1.2663,0.80799,1.7482,18.25984,16.71652,67.5527,8.34034,210.9268
GIS,-3.84593,10.69965,13.21499,0.68362,3.56,12.54241,2.89093,3619.6,20.53487,22.75862,3.59,6157.2,15.16189,24.448,12.37448,12.38514,0.46035,6.20692,8.36125,28.86522,26.29792,61.01234,3.84531,166.69861
GM,2.53309,3.62157,32.16429,1.01269,4.33,5.16063,2.80896,22985.0,18.76556,-5.25164,4.93,14502.0,-7.25436,-4.5306,5.24717,5.7678,0.82422,2.78182,4.13978,14.805,13.21915,69.09654,4.83237,223.58838
GCO,-77.94773,27.19394,42.07212,1.40407,3.94,2.81089,3.75869,143.629,6.53731,49.80989,4.59,1063.115,8.00679,65.43384,2.79391,3.24737,0.30562,4.10856,5.27765,9.1166,9.1027,56.51842,5.60498,129.98242
G,-4.64633,4.06846,9.70255,1.4542,1.57,8.31072,16.59458,623.809,16.81708,0.64103,1.74,1291.24,14.7853,1.11355,8.31072,8.93117,1.30588,6.3801,8.10486,17.49878,17.49878,51.98357,3.18331,108.26206
GPC,-40.91558,7.88977,22.20095,1.20693,1.13,0.98803,-6.75577,1308.114,7.91002,-73.34906,5.3,5654.841,13.49623,308.7947,-0.17598,4.63018,0.43215,4.60762,8.52886,4.7502,4.72684,53.73229,2.85692,116.13345
GNW,-2.52316,0.33003,30.2847,2.40207,1.42,8.79464,26.62083,1289.0,14.89657,59.55056,1.47,1123.0,30.92425,-48.10496,2.05709,8.5825,2.40207,0.75149,4.1282,4.92831,4.99803,18.54179,2.79364,22.76233
GEO,-16.56109,5.79461,7.52652,1.72947,0.94,4.80112,-9.83017,388.283,16.52199,-32.85714,1.11,578.603,9.71273,-32.15488,4.80967,5.65458,1.6514,3.61148,4.05269,11.83623,11.82634,76.95488,7.84409,45.73307
GTY,-13.3633,1.00016,15.12638,3.00464,1.62,47.19181,0.0,0.0,0.0,36.13445,1.14,123.826,51.83631,39.5491,47.19181,32.59491,3.00464,3.45124,3.80763,11.11061,11.11061,46.67801,24.067602,87.53989
GBCI,0.0,70.07629,24.17623,0.74458,2.81,33.40309,16.67945,439.731,55.13654,18.06723,2.85,727.792,70.07629,26.52937,33.40309,33.8892,0.73393,1.58809,8.08564,12.48426,12.48426,34.83335,2.80439,53.45271
GKOS,-6.13791,6.04111,14.75123,9.44513,-2.7,-53.49775,-0.9492645,-60.329,-26.81778,-0.9492645,-2.18,157.952,11.81482,-0.9492645,-53.49775,-43.12051,8.86135,-6.4253,-6.94365,-17.95273,-17.95273,28.95276,-0.9492645,40.75143
GBLI,-1.89827,2.9471,49.61617,22.24626,-1.48,-3.56285,-77.98238,23.986,4.06829,5.0625796,-0.14,31.639,3.702,5.0625796,-3.56285,-0.33935,22.12048,0.53253,1.10725,-2.91521,-2.90714,17.202,6.22188,20.77586
GIC,15.9864,10.80315,2.84406,1.41524,1.68,6.22935,27.08934,88.2,8.57143,27.27273,1.69,356.9,4.91375,34.84536,6.35569,6.15889,0.66899,13.62076,23.97924,45.41268,45.41268,45.03345,0.99206,81.92884
GPN,-11.28869,8.78838,91.61729,1.00951,1.95,8.15108,49.50996,2878.593,38.77646,-9.72222,2.96,3811.431,32.91878,35.74137,7.87385,11.9309,0.63396,1.78187,2.0841,2.11828,2.17889,27.0731,3.54485,37.12361
GLOB,25.1117,4.61666,22.0619,2.60467,1.37,6.65943,9.64138,131.892,16.20018,-4.1958,1.51,304.825,13.48821,0.37397,6.65943,7.14346,2.51476,5.27515,6.74868,8.22309,8.22309,11.43084,0.86105,12.90612
GL,5.61009,4.05323,84.50237,0.70059,6.82,15.44296,-3.42769,1004.297,21.19416,-0.14641,6.93,1284.426,30.71813,-3.81406,15.44296,15.51316,0.70059,2.24287,6.28502,9.10993,9.10993,17.98039,1.91458,21.92206
GDDY,0.0,127.535866,-0.07626,0.55799,-2.94,-14.89734,21.79456,506.3,15.26517,127.535866,0.38,2158.1,22.00267,127.535866,-14.92749,1.93209,0.34872,3.00178,5.68782,-130.44395,-128.28767,100.35641,6.56251,127.535866
GS,19.90409,0.15483,236.1455,1.2548,24.74,17.68104,-19.78157,20933.0,39.12857,17.64147,24.94,35974.0,46.7632,11.72927,17.68104,16.61486,0.83092,1.10338,2.04115,11.55009,9.98048,84.1002,24.65466,2499.8198
GRC,-22.41988,6.00652,12.08769,6.41077,0.97,7.21787,-15.87803,48.445,13.8824,-29.19708,0.97,89.555,8.06821,-29.67193,7.21787,7.2529,4.12888,5.75016,7.12926,8.08096,8.08096,0.52651,0.03447,0.5293
GGG,17.78892,5.91131,7.61654,3.18555,1.92,20.02624,1.96778,481.447,29.17657,-4.0,2.13,854.937,12.888,-3.89614,20.02624,21.61632,2.15893,14.50094,19.58245,28.62535,28.62535,14.20558,0.44155,16.5577
EAF,-25.46195,5.67888,-1.23278,3.17612,1.62,35.47761,-37.09869,651.572,53.21731,-37.2093,1.65,660.497,35.73595,-41.6636,35.47761,36.10548,1.71765,24.86624,33.02538,74.73043,74.73043,129.99747,2.19075,74.73043
GHC,-12.72322,5.17253,754.4255,1.86827,58.13,10.4032,-3.86185,255.914,8.87536,-5.03186,69.23,977.015,11.56335,-8.3848,10.41697,12.30256,1.66073,1.31886,1.75493,8.48664,8.42507,21.807,4.12756,28.04543
GVA,-0.77558,7.27057,21.36381,1.54279,-3.18,-4.66478,293.023,139.983,3.92939,38.70488,0.15,344.788,5.47063,38.70488,-4.07351,0.19206,1.03572,0.6924,1.12132,-13.70881,-15.31604,28.97596,2.89,40.79739
GPK,29.2461,12.39822,5.31999,1.08812,0.6,3.09913,3.42146,1064.0,16.21976,-14.28571,1.12,1126.0,2.81959,-19.10058,2.55034,4.76007,0.44889,5.08629,6.89734,11.17382,9.67496,67.72649,3.62961,209.85165
GTN,3.40633,5.69617,18.41619,5.11373,3.69,17.21966,49.27302,924.0,38.80722,190.55118,3.83,989.0,17.91264,129.05028,17.21966,15.44225,4.78039,6.18372,7.34935,25.48959,18.15364,62.65734,4.36364,167.79025
GRBK,10.67797,196.3035,12.63752,11.56845,2.24,12.06911,71.60894,126.136,12.92349,93.10345,2.12,234.604,-0.8232,93.83013,11.64862,10.9838,0.50882,8.21115,9.12849,19.54479,19.4231,25.12494,1.76364,34.25561
GDOT,190.16425,2.19971,18.68883,0.7842,0.42,1.86695,-36.29558,113.269,9.14216,-77.65957,0.61,1258.072,95.20498,-76.84515,1.86695,2.58175,0.76252,0.516,1.67152,2.3881,2.3881,2.37538,0.21693,2.43318
GBX,-32.95409,9.69039,39.54139,2.19449,1.46,3.13682,6.32065,269.946,9.6679,-31.7757,1.86,353.1,11.711,-31.10614,1.75371,2.17629,1.38098,3.25953,3.98079,3.811,5.88332,44.78674,4.51988,82.82943
GEF,-4.15538,6.94188,23.78122,1.30267,2.25,2.75305,-2.65796,640.9,14.19491,-36.61972,3.17,914.7,6.9856,-36.37427,2.40975,3.39811,0.74243,4.55653,6.23499,9.52173,10.21742,69.65169,4.37135,233.33057
GFF,31.64076,7.86035,12.47396,2.47849,1.19,2.21925,19.90413,234.373,9.73503,12.26415,1.84,588.153,3.4602,43.29123,2.21925,3.25488,1.26415,4.74638,6.14964,9.0718,9.0718,63.43892,5.18347,173.51486
GPI,-13.68673,25.30737,80.12824,1.08764,15.51,2.64012,27.85235,609.6,5.6175,66.05996,17.66,1734.0,7.2617,64.65517,2.64012,2.88941,0.27047,6.25962,7.65906,21.18065,21.18065,64.85989,4.38911,184.57506
GNTY,0.0,26.621998,22.66642,0.90638,2.23636,21.73399,7.2992,52.406,41.566,8.84956,2.24546,99.819,170.78062,4.27337,21.73399,21.76352,0.90392,1.15975,7.39932,10.25919,10.25919,38.41694,3.24545,62.38231
GES,0.56039,8.28258,9.71486,1.667,1.33,3.90505,44.39098,137.427,5.30143,731.25,1.26,1015.708,2.67268,580.72205,3.70237,3.42484,0.95846,1.99964,2.95502,12.99646,13.27963,64.22486,8.70111,180.80795
GPOR,-21.9322,5.75271,-1.86922,0.80298,-10.14,-187.54231,-107.85275,-1088.948,-125.66592,-107.85275,-9.48,290.698,-138.61497,-107.85275,-187.54231,-175.29327,0.43493,-25.91901,-50.38547,-107.85275,-107.85275,-107.85275,-107.85275,-107.85275
HRB,-4.81109,21.84484,0.36909,1.95907,0.03,0.23321,-54.93612,352.619,13.3582,-98.60465,0.45,927.444,0.79835,58.4478,-0.28511,3.35321,1.93315,2.72057,3.74645,2.0099,2.0099,98.25641,11.35322,58.4478
FUL,4.4071,5.53572,26.61146,1.92363,2.36,4.43642,-6.23397,380.105,13.62252,-6.34921,2.74,757.662,7.51415,-5.4259,4.43395,5.11015,1.19615,3.75958,4.72308,9.50344,9.50515,56.59948,4.7411,130.412
HASI,4.68262,0.19791,15.73821,18.82977,1.1,35.23609,0.0,0.0,0.0,-11.29032,1.13,84.629,15.43556,1.04458,35.09005,34.82711,18.82977,1.71004,1.74389,7.70324,7.69829,64.3982,22.592117,180.88467
HCA,-4.458,7.14199,1.6852,1.41694,10.93,8.51299,1.72203,9983.0,19.37205,8.54022,11.77,19290.0,9.09078,7.10414,7.28465,7.72609,1.03033,9.80842,12.7935,1404.2732,1404.2732,91.95505,3.31123,1404.2732
HEI,-14.67785,6.07496,14.65517,4.83339,2.29,18.79425,-14.28308,464.83,26.01162,-4.1841,2.33,682.127,13.36974,-4.24281,17.57037,17.56996,2.81021,7.2343,8.61131,17.22008,16.32449,26.34128,1.71703,39.69572
DINO,-28.37936,14.81551,31.82214,2.40755,-3.72,-4.60404,-79.27294,408.989,3.65703,49.099197,-1.19,649.862,2.16592,49.099197,-5.37793,-1.72359,1.51961,-0.5794,-0.73031,-10.79164,-8.41914,38.468,8.74682,62.51706
HNI,-26.21577,8.1705,13.75659,1.12917,0.98,2.1438,-20.17118,184.676,9.44459,-61.41732,1.8,721.2,8.94708,-62.06778,2.14369,3.92972,0.73122,4.65909,7.92481,7.13807,7.13446,30.12524,1.37911,43.11319
HPQ,-10.77765,9.92622,-1.70869,0.78749,2.0,5.02128,-4.06009,4726.0,8.34407,-3.38164,2.42,10437.0,5.7648,-9.77157,5.02128,6.03729,0.51796,7.22692,54.04961,732.6235,732.6235,143.11147,1.56496,732.6235
HAE,-10.71195,5.64468,11.66681,2.19647,1.48,7.74179,32.50935,277.407,28.06403,42.30769,1.71,487.822,10.20571,39.09013,7.74179,8.76936,1.10078,8.21824,10.20551,12.1956,12.1956,42.93941,1.59265,75.2523
HAL,-32.90365,3.77746,5.62034,2.14318,-3.34,-20.36691,-34.26554,2421.0,16.76013,162.90282,-2.84,1040.0,13.17757,162.90282,-20.38768,-17.32115,1.27437,3.69922,4.80078,-45.35654,-45.2337,68.78015,4.53449,220.30905
HBI,2.04242,8.09237,2.33358,1.62044,-0.21,-1.13408,-11.73575,956.946,14.35918,160.13083,1.48,2273.318,16.71883,160.13083,-1.13408,7.83413,0.82842,6.84671,9.85461,-7.37157,-7.37157,84.71528,4.71432,160.13083
THG,4.71043,1.34985,87.97253,5.69656,9.5,7.4527,-7.7254,536.3,11.04111,-10.03788,10.36,1028.6,4.42684,-15.61985,7.38476,8.04093,5.69656,2.49719,8.57486,11.83316,11.83316,19.60331,1.4559,24.38324
HOG,-34.7269,1.93782,11.26511,1.46798,0.01,0.03202,-45.08154,571.85,14.10451,-99.62687,0.68,1190.315,27.93895,-99.6936,0.03202,2.56924,1.26608,2.14151,2.40503,0.07361,0.07361,83.9842,15.79785,71.68763
HIG,4.57313,1.40598,50.83001,28.62625,4.76,8.55033,-14.25885,2736.0,13.46788,-15.90106,5.19,6983.0,16.14017,-16.69065,8.55033,9.15371,28.62625,1.98633,6.47667,10.17039,9.97531,19.77172,1.67142,24.64432
HE,0.0,62.82735,21.40942,0.76051,1.81,7.74153,-2.2327,602.271,23.34587,-9.04523,1.81,568.698,38.06822,-9.12673,7.74153,7.65739,0.76051,1.35435,4.035,8.64982,8.52323,51.30189,4.14865,105.34679
HCI,1.25298,1.68341,25.83303,17.91912,3.49,10.02472,-67.99434,16.071,5.84145,5.43807,-0.39,59.573,2.50736,3.77785,10.02472,-1.04205,17.85152,0.97431,2.28097,14.26506,14.26506,47.8126,11.46631,91.61712
HR,-6.35251,6.17913,13.96816,1.7204,0.52,14.44695,0.0,0.0,0.0,79.31035,0.69,299.787,44.2189,84.24142,14.44695,18.49251,1.12184,1.34744,1.40262,3.75196,3.75196,46.79846,31.209045,87.96449
DOC,-15.61566,5.11638,12.60825,0.66907,0.27,10.16977,0.0,0.0,0.0,200.0,0.33,849.992,42.31917,808.33075,26.20347,11.09332,0.66907,0.36431,0.40419,2.27,2.29099,46.86489,90.98041,88.19948
HL,133.13252,34.75352,3.20182,1.9006,-0.03,-2.42675,33.36437,226.326,32.71207,38.278378,-0.02,309.21,13.97926,38.278378,-2.42675,-1.52435,1.12844,1.48461,1.76503,-0.98919,-0.98917,23.86635,2.35788,31.34797
HLIO,44.51514,6.15805,18.92189,1.98434,0.44,2.71834,-9.02618,118.054,22.57074,-76.59575,1.43,198.1,10.65263,-76.40871,2.71834,8.77291,0.99021,4.22483,4.95305,2.3988,2.3988,44.10222,4.06199,78.89798
HLX,6.72124,5.62378,11.57699,1.88196,0.13,2.7379,-14.10991,155.218,21.1597,-65.78947,0.03,79.909,9.10114,-61.7155,3.02281,0.60933,1.70625,0.5277,0.58948,1.28915,1.16517,22.35326,3.23526,28.85218
HP,-67.1033,5.75445,30.87334,4.39602,-4.62,-27.98266,14.518387,-130.697,-7.36767,14.518387,-4.54,550.539,6.81939,14.518387,-27.87584,-27.64267,3.73187,-7.17703,-9.18571,-13.54276,-13.54276,13.68132,14.518387,15.84978
HLF,4.51694,67.99755,-7.12823,1.57527,2.77,6.72345,11.99502,809.5,14.60717,25.90909,3.63,2701.1,8.73047,19.80707,6.72345,8.61354,1.00869,15.4048,25.80936,184.75113,184.75113,147.18105,3.29907,184.75113
HRI,-1.79328,5.8605,25.2381,1.11921,2.51,4.13743,-6.20911,673.7,37.82069,53.98773,3.03,526.6,0.0,55.1579,4.13743,4.94992,1.0189,3.49914,4.43214,10.63262,10.63262,73.40502,3.03993,276.01077
HRTG,-12.19681,1.28286,15.9409,4.49923,0.33,1.57166,-69.26619,18.286,3.08164,-66.32653,0.33,91.722,11.84747,-67.4326,1.57166,1.556,4.47774,0.31599,1.0995,2.09304,2.09304,22.59907,7.06294,29.19741
HSY,8.21869,13.76942,10.73037,1.57416,6.11,15.64978,5.44518,2089.257,25.63594,11.90476,6.28,3703.478,10.29357,11.22179,15.69021,16.06241,0.92995,13.19866,17.16153,64.3606,64.04481,68.29726,2.30755,215.43011
HES,-26.49573,4.59803,17.47997,1.89834,-10.15,-60.83137,165.41632,-194.0,-4.15685,165.41632,-9.99,3660.0,-46.02261,165.41632,-66.27384,-65.24431,1.60136,-7.6072,-9.34625,-43.87856,-35.3968,58.89033,165.41632,143.25179
HPE,9.9709,3.93639,12.46999,0.88355,-0.25,-1.19339,-14.74397,4279.0,15.85872,588.40454,1.04,8469.0,1.99856,588.40454,-1.19339,4.98762,0.66645,1.95383,3.22583,-1.94286,-1.93713,51.40537,3.9792,105.78405
HXL,-39.88584,6.69519,18.06459,2.92682,0.38,2.10996,-62.45589,212.8,14.164,-89.35574,0.25,239.7,12.9992,-89.6608,2.10996,1.39444,1.48444,1.48849,1.77592,2.14457,2.14457,39.47337,4.62829,65.21653
HIW,11.05374,2.71253,22.20221,1.24066,3.32,48.17977,0.0,0.0,0.0,155.38461,3.35,509.08,39.09299,153.72997,46.76472,46.84314,1.24066,2.73797,2.87301,15.6811,14.98083,50.33912,53.78298,106.2015
HTH,-1.67796,0.24786,28.27692,1.41637,4.58,19.27965,51.23044,673.842,30.12291,87.70492,4.59,2018.155,41.41092,98.78113,20.01971,18.31917,1.0592,2.48952,10.26798,18.49749,19.25601,36.56402,2.0107,57.63924
HGV,-22.55639,0.78051,4.38941,4.88912,-2.36,-21.8241,-85.44974,55.0,5.97177,1.7934695,-1.94,101.0,0.47503,1.7934695,-21.8241,-17.94258,3.33881,0.20119,0.27251,-42.58475,-42.58475,84.19273,36.21818,1.7934695
HLT,-38.85805,4.23917,-5.36761,1.72851,-2.56,-16.71697,-88.98701,212.0,4.92222,62.84871,-1.59,980.0,2.24054,62.84871,-16.60088,-10.22591,1.6594,-0.46907,-0.78984,62.84871,62.84871,114.65194,54.84906,62.84871
HOMB,0.0,56.853474,15.78339,0.94889,1.3,27.22292,-19.51422,379.715,48.2026,-24.85549,1.4,565.088,188.68771,-25.93468,27.22292,29.39039,0.94855,1.43026,6.16966,8.38131,8.38131,27.37699,2.58695,37.6974
HD,9.18367,107.53659,-2.89322,1.0781,10.25,10.19914,1.19308,18066.0,16.39011,5.3443,10.29,37572.0,7.71808,1.08803,10.19914,10.20365,0.23069,20.79374,32.15678,2666.6726,2666.6726,109.09489,2.06891,2666.6726
HTB,0.0,29.4899,23.98584,1.07543,1.3,13.67642,-3.73359,59.999,36.01683,-10.9589,1.34,125.936,222.06863,-16.07235,13.67642,13.45663,1.0476,0.91544,3.32762,5.57615,5.57615,54.11208,8.02402,117.92227
HMN,-0.61773,4.45707,43.22401,3.28301,3.17,10.25675,-27.89705,197.552,15.1989,-27.95455,3.5,437.0,10.00186,-27.72022,10.25675,11.27758,3.22612,0.83878,4.07294,7.94165,7.94165,36.77896,5.27143,58.1752
HRL,22.28828,15.05067,11.90165,2.37975,1.66,9.45369,-4.65373,1244.615,12.95332,-7.77778,1.69,1825.964,4.86586,-7.22554,9.45086,9.46282,1.64599,7.3863,9.52986,14.70935,14.70321,17.44459,1.09173,21.13076
HLI,14.23408,15.28078,15.02323,1.2869,2.8,15.85286,7.50454,254.302,21.93454,15.70248,3.04,1089.992,15.3336,15.51607,15.85286,16.29725,1.20304,9.55671,14.45145,19.59716,19.59716,14.40722,0.65156,16.83229
HHH,-61.81736,5.50084,67.57264,2.41999,-0.5,-0.45362,-70.90533,89.222,12.75531,21.449383,0.47,262.964,-54.59886,21.449383,-3.73902,3.52905,2.39381,-0.91321,-1.02758,-0.7622,-0.08967,53.77857,48.82538,117.26167
HWM,-66.08066,8.12201,8.13572,2.21205,0.48,4.01217,-52.79827,1088.0,20.68834,-53.39806,0.84,1422.0,13.64328,-44.46809,4.96292,6.95023,1.18554,3.48455,5.15523,5.22665,5.1476,59.30603,4.79136,145.73665
HUBB,-6.40025,6.62132,38.06337,1.67433,6.43,8.50454,-8.14428,720.7,17.21691,-12.0383,7.0,1102.1,11.47127,-12.39711,8.38987,9.06355,0.95296,7.05339,9.50024,17.48525,17.59806,44.86569,2.35466,81.37528
HPP,18.93825,3.56308,22.87395,1.70982,0.0,2.02189,0.0,0.0,0.0,29.38816,0.02,505.482,37.81398,-96.72018,0.17524,0.37688,1.67966,1.0655,1.11539,0.0414,0.41333,48.50546,29.38816,97.46392
HUM,7.76515,69.77758,106.5334,1.76504,25.31,4.39866,36.96906,5224.0,6.82465,25.9204,23.29,15527.0,4.6183,24.38123,4.39866,4.02231,1.47566,8.99396,14.76053,26.13623,26.13623,34.22767,1.36753,52.03963
HII,10.63504,6.80058,46.93827,1.09793,17.14,7.4351,4.43299,1013.0,10.82149,29.26094,17.65,1670.0,5.05956,26.77596,7.4351,7.65506,0.95642,6.30432,13.96995,39.89682,39.89682,49.7223,1.85587,98.89532
HUN,-5.35152,6.48841,15.99211,1.80293,1.17,4.83549,-35.41667,465.0,7.72682,-31.17647,1.5,977.0,15.89606,83.98577,17.18179,5.4985,1.26478,1.39435,1.99647,8.34676,8.95798,41.29775,5.55699,70.35121
H,-24.94062,5.60651,31.70137,2.60468,-6.93,-34.02711,-14.5553,-352.0,-17.03775,-14.5553,-6.09,88.0,-32.76259,-14.5553,-34.02711,-29.86782,2.24492,-4.71618,-6.42519,-19.60128,-19.57945,53.17599,-14.5553,113.56565
HY,-12.00085,6.38823,36.70931,1.49451,2.21,1.36908,-2.50752,97.2,3.45649,3.27103,2.02,465.4,2.52392,3.63129,1.3193,1.20499,0.74547,1.83114,3.46319,6.38994,6.26985,35.89011,3.75,55.98218
IEX,-3.28134,8.19435,33.44088,4.15286,4.94,16.06441,-8.4421,624.391,26.55123,-11.15108,5.28,1031.6,17.03546,-11.21989,16.06441,17.00564,3.30528,8.217,9.80825,15.7295,15.7291,31.26338,1.85046,45.48286
IQV,-6.6615,4.55088,31.38598,1.11672,1.43,2.71151,0.77897,2070.0,18.22344,48.95833,2.18,3859.0,14.2035,46.0733,2.4562,3.6714,0.95832,2.04695,2.58116,4.64845,4.91111,67.73199,6.36812,209.90446
ITT,-13.35753,4.81875,24.58266,2.20126,0.78,2.82105,-47.05773,285.2,11.51021,-78.63014,1.39,782.2,9.86763,-77.69917,2.92598,4.86371,1.56981,2.70712,4.92088,3.2609,3.32406,9.06022,0.74334,9.96287
IDA,5.87888,9.56245,50.73085,2.23389,4.69,17.61775,2.91593,481.169,35.62291,1.73536,4.7,519.731,1.65178,1.9596,17.57695,17.58522,1.59287,2.8166,4.3599,9.45017,9.44878,43.80274,4.1574,77.94461
ITW,1.82853,5.06302,10.04421,2.51951,6.63,16.77271,-13.55799,3309.0,26.31621,-14.34109,6.66,5199.0,18.31955,-16.34272,16.77271,16.78506,2.0027,11.74218,16.04034,67.95553,67.90084,72.31117,2.51133,261.15652
IMAX,-14.55766,0.55218,6.54247,20.92749,-2.43,-114.95077,-11.843355,-51.552,-37.62837,-11.843355,-1.22,22.324,36.64573,-11.843355,-104.94296,-52.75004,19.28265,-6.24543,-8.03229,-30.81389,-28.43062,40.95025,-11.843355,69.46216
IRT,0.0,13.79535,6.95513,0.15448,0.16,7.02746,-13.00278,45.075,21.29212,-68.62745,0.16,120.434,32.232,-67.8229,6.97598,7.07876,0.15448,1.63445,1.69895,2.23531,2.2329,57.09969,21.04688,133.09857
IR,110.42819,6.48126,21.78474,2.57714,-0.09,-0.65985,64.35456,869.6,17.71007,118.00709,0.64,1404.9,9.01389,118.00709,-0.67818,4.98945,1.85373,2.22785,2.74533,-0.60603,-0.58593,30.63586,4.66732,44.16671
NGVT,-1.60051,7.84834,15.85041,2.81424,4.37,14.91654,-0.33453,387.3,31.84771,0.45977,4.81,465.5,15.57438,-1.25204,14.91654,16.34712,1.90287,8.19613,9.59928,30.93188,30.93188,67.67519,3.47095,209.35991
INGR,2.56098,7.20891,44.03426,1.8155,5.15,5.91281,-5.20607,874.0,14.5983,-15.98695,6.24,1272.0,5.04844,-15.7385,5.81259,7.00398,1.14952,6.40603,8.13238,12.27297,12.24278,43.7708,2.70938,79.67699
VATE,-17.85923,0.71776,72.43756,2.75901,-9.33269,-3.80791,14.849768,-4.7,-0.46729,14.849768,-1.98568,128.4,7.29767,14.849768,-9.10718,-1.0002,2.74161,-0.29012,-1.52626,-9.6526,-7.08538,49.71834,14.849768,99.73796
IIPR,0.0,33.757042,63.12249,21.47413,3.27,54.62932,0.0,0.0,0.0,61.08374,3.28,111.944,77.11956,180.0,54.62932,53.00559,21.47413,3.63777,3.8972,6.42848,6.34159,8.28461,33.757042,9.03295
INVX,3.36879,1.44635,29.40674,10.09441,-0.87,-8.43021,-63.7017,13.687,3.75014,-1.5264332,-0.75,0.0,-7.00021,-1.5264332,-8.43021,-7.24574,7.0455,-0.99152,-1.08987,-2.88599,-2.88599,0.6855,0.52524,0.69024
NSP,-15.93706,10.10851,1.15369,1.19045,3.54,3.22456,4.88586,225.878,5.2689,-4.32432,3.57,806.854,5.25681,-8.5123,3.22456,3.20634,1.13561,8.16848,28.9088,56.184124,56.184124,91.07252,1.99314,56.184124
INSP,90.86894,6.04184,8.48746,13.02142,-2.19,-49.57749,-6.321946,-55.368,-47.9871,-6.321946,-2.19,97.758,-30.23906,-6.321946,-49.57749,-49.48811,12.51749,-15.19326,-16.50986,-30.95551,-30.95551,11.76439,-6.321946,13.33293
ICE,24.49393,7.43372,34.75579,0.99114,3.77,25.57011,16.79571,3922.0,47.57399,10.23392,4.02,6036.0,25.97647,8.07036,25.33964,26.91703,0.03197,1.80228,6.40809,11.36778,11.39737,46.30537,4.31566,86.64892
IFS,0.0,0.0,0.0,0.0,0.0,0.0,0.0,0.0,0.0,0.0,0.0,8.31425,0.0,0.0,0.0,0.0,0.0,0.0,0.0,0.0,0.0,0.0,0.0,0.0
IBM,-17.88153,3.58466,23.07392,0.98234,6.13,7.44227,-9.01349,15384.0,20.8965,-42.00568,6.3,30865.0,24.01521,-40.72739,7.59305,7.61912,0.8405,3.52458,6.1593,26.55051,26.27062,76.22941,4.32066,2016.996
IFF,5.85881,5.61993,59.01694,1.60727,3.21,7.2257,-4.60734,1054.274,20.73612,-19.75,4.43,2086.0,11.02324,-20.32255,7.1442,9.7729,0.93487,3.39433,4.11297,5.79845,5.76307,42.39749,4.4825,74.73911
IGT,-11.64395,2.58319,3.79161,1.3155,-4.59,-28.09878,-44.7988,795.468,25.53296,85.904755,-2.89,1135.0,1.69244,85.904755,-28.8205,-18.99097,0.8939,1.11646,1.40808,-77.15248,-43.27111,84.6398,10.81442,85.904755
IP,-8.26253,6.28973,19.97884,1.35635,1.22,2.34208,-19.73479,3087.0,15.0,-60.26059,2.9,5226.0,-16.47898,-60.65306,2.34208,5.5379,0.48455,3.45342,4.79377,6.19259,6.18504,65.39409,4.81633,188.96797
INSW,-48.28314,6.56014,34.6972,2.35853,-0.2,-1.32559,62.2016,212.742,50.98694,32.058308,0.16,243.518,34.38659,32.058308,-1.32559,1.08797,2.27034,5.17954,5.33737,-0.55467,-0.55467,36.34207,2.60849,57.08961
IPG,-9.53888,1.32035,7.40599,0.97778,0.89,3.90906,-7.55149,1292.8,14.26774,-47.02381,1.37,1669.9,17.59684,-46.47866,3.87485,5.88763,0.94232,3.49983,7.72054,12.38251,11.75319,63.02114,4.00356,175.8144
IPI,-5.1918,8.51417,31.5141,2.02014,-2.09,-13.78698,-63.16482,19.025,9.65962,0.3826358,-1.16,14.545,15.5615,0.3826358,-13.78698,-7.65249,0.65515,-1.84782,-2.12396,-6.42003,-6.42003,12.76776,3.16394,14.63652
IVZ,0.0,159.13506,22.54694,1.04091,1.13,13.13948,-3.17776,1560.0,25.38402,-11.71875,1.84,1877.8,11.19073,10.64943,12.39261,13.75749,0.18854,2.23331,3.56838,7.53936,5.43359,37.76795,5.84353,61.5569
INVH,0.0,82.93845,14.99657,0.1225,0.35,10.82846,11.8433,473.851,25.98684,29.62963,0.35,1083.672,31.78792,34.88791,10.76062,10.63369,0.11213,1.67533,1.7526,2.34714,2.34749,48.49448,17.00087,94.15395
IRM,1.01599,4.85048,3.94324,0.63626,1.19,8.27282,0.86206,1449.998,34.96271,27.95699,1.97,2397.576,16.55602,28.16847,8.2631,13.68902,0.53987,3.5665,4.0973,26.354,25.14958,90.18807,7.58494,180.75615
SJM,9.44819,14.78582,71.80402,1.24296,6.84,9.99231,8.56133,1749.9,22.43174,51.32743,7.41,3002.0,13.19318,51.53577,9.99231,10.77162,0.62107,4.84091,5.85338,9.64644,9.64644,41.38639,3.30505,70.60885
JBGS,0.0,5.16475,24.32909,3.67253,-0.49,-11.5616,0.0,0.0,0.0,17.740543,-0.47,250.975,24.80357,17.740543,-10.70936,-10.78138,3.57047,-0.66945,-0.70665,-1.89011,-1.73882,35.34283,17.740543,63.7105
JBTM,-16.2125,5.17538,20.07942,1.34667,3.39,6.29703,-10.75343,260.6,15.08276,-15.88089,3.98,535.6,13.60762,-15.65892,6.29703,7.37122,0.77749,6.34272,9.47145,18.03415,18.03415,46.49366,2.12433,86.89374
JELD,1.64126,8.94325,9.96433,2.02928,0.9,2.16225,-7.40287,326.141,7.69986,45.16129,0.95,894.007,5.70283,45.44155,2.16225,2.25705,1.40403,3.39393,4.50599,10.0835,10.0835,66.45431,6.1012,198.10088
JPM,0.0,7525.5986,81.74993,0.74383,8.88,22.49446,-12.49074,62626.0,48.35873,-17.16418,8.89,102471.0,7525.5986,-20.03788,22.49446,21.15977,0.74048,1.11164,4.17819,12.04686,10.77561,66.34143,8.79204,197.10117
JBL,8.07393,7.16632,12.04939,1.00832,0.35,0.20824,4.72232,1625.081,5.96001,-80.66298,2.11,1931.0,1.76803,-81.22259,0.19772,1.17325,0.59193,3.79322,10.89085,2.91509,3.04759,64.45079,2.03648,181.3002
J,11.51679,4.51667,44.82313,1.54324,2.67,2.84428,29.90267,1207.257,8.8985,27.7512,5.55,2586.668,5.66202,-41.94685,3.6251,5.38,1.48805,5.38282,8.21713,6.13788,6.63923,30.55524,2.13414,43.99934
JHG,0.0,99.23986,26.51823,3.01415,0.87,7.94397,19.59232,709.9,30.88402,-60.63348,3.09,1509.9,20.41786,-62.20767,7.03037,24.11668,2.85669,5.86463,7.4051,3.36565,3.51029,8.71278,0.64798,9.71735
JEF,1.30739,0.51693,37.65307,1.46909,2.65,11.04683,37.34468,2342.577,33.67741,-12.54125,2.72,4512.424,26.05574,-19.63904,11.14501,11.17155,0.89612,2.65783,3.66942,8.16746,7.94572,74.51548,11.96777,293.14954
WLY,4.92324,6.06199,16.71454,0.66316,-1.32,-4.05611,-8.56049,321.12,17.53333,83.164925,2.43,1306.259,11.77312,83.164925,-4.05611,7.45777,0.55271,3.72531,6.40664,-7.02487,-7.02487,50.6082,2.979,102.46277
JNJ,-6.24957,5.88687,24.03712,1.20578,5.51,17.81701,-2.6733,27378.0,33.1517,-2.13144,6.86,54157.0,27.39014,-2.67875,17.81701,21.86986,0.91217,7.57128,13.48918,23.97413,23.97413,35.78706,1.28812,55.73185
JCI,-8.24957,4.03417,24.0243,1.21884,0.84,3.56231,25.39063,2568.0,11.50692,-33.33333,1.96,7411.0,8.60499,-88.8791,2.82744,6.59569,0.88482,2.62629,3.92487,3.39129,4.03943,32.75155,3.5148,48.70232
JLL,-16.7298,4.48249,108.02857,1.05318,7.7,2.54794,-15.81383,927.9,5.59316,-29.16283,9.81,8636.0,-0.97326,-24.80852,2.42618,3.05614,1.01213,3.13292,5.26579,7.56657,7.8053,35.58381,3.34443,55.31729
JNPR,9.59418,4.82167,13.86482,1.51367,0.77,5.79965,-8.67497,652.7,14.68358,-22.22222,0.97,2573.7,10.55826,-25.27536,5.79965,7.20992,1.29388,3.0605,4.1672,5.63245,5.63245,33.99338,3.58496,51.49995
KBH,2.87316,180.62064,29.09021,8.42183,3.13,7.08178,-1.71598,362.957,8.67659,9.82456,3.32,848.463,-1.34277,10.2197,7.08178,7.17973,1.6855,4.03205,4.87254,11.73497,11.73497,40.10778,4.91842,66.96661
KBR,-6.5915,5.1722,11.2243,1.12302,-0.51,-0.88434,8.20106,409.0,7.09208,58.445072,1.28,666.0,5.58349,58.445072,-1.24848,3.15173,1.05498,3.73792,6.10161,-4.20684,-2.94287,53.56421,4.5379,115.35115
KKR,99.93255,7.2365,21.14827,0.97861,3.37,52.66091,8.87811,6841.661,70.4018,-4.80226,3.6,8510.305,39.53554,-0.12668,20.60614,20.84917,0.96741,6.04538,6.41547,17.84947,14.35465,45.37937,4.9545,83.08102
KAI,-8.98606,6.10551,42.91795,2.15179,4.77,8.77741,-6.19983,115.922,18.25463,5.06608,4.91,277.306,11.73966,6.00753,8.6919,8.87782,1.23067,5.66349,6.98519,11.9854,12.06493,34.35631,2.24347,52.33757
K,-3.98467,10.76622,9.04938,0.66476,3.63,9.17938,3.43597,2318.0,16.8337,29.64286,3.77,4727.0,10.77161,30.3125,9.08497,9.39078,0.37648,6.46443,9.76903,42.70353,36.3741,69.05005,3.49957,223.10231
KMPR,1.80455,3.21877,69.73837,121.07766,6.14,8.01933,-18.06202,634.2,12.40756,-22.86432,6.7,1882.1,6.5305,-22.82056,8.01933,8.60354,121.07766,2.64901,6.78513,9.60437,9.60437,21.67182,1.99086,27.66797
KMT,-37.34899,6.10291,14.83165,1.60433,-0.07,-0.2677,-42.93373,261.222,13.85569,41.746716,0.96,544.471,2.95538,41.746716,-0.30027,4.22877,0.94053,3.10339,4.03505,-0.44139,-0.38184,47.39373,4.37585,90.09141
KW,60.40373,2.68873,9.5448,15.25129,0.66,23.90774,-24.06349,119.6,26.52473,-58.22785,0.72,350.6,-63.00732,-51.43361,24.41783,22.31393,15.09923,-0.51252,-0.55318,8.05767,6.35632,75.32309,42.6898,26.363518
KEY,0.0,388.52402,16.48027,0.85365,1.26,18.11367,-11.52993,2793.0,38.06733,-21.73913,1.26,5665.0,261.40964,-21.78218,18.30448,16.61996,0.84153,1.1072,5.39556,8.51405,7.59017,46.13242,5.51343,85.6404
KEYS,-9.28144,6.62637,17.82846,3.12118,3.31,14.8543,4.53202,1061.0,25.13622,1.84615,3.25,2533.0,17.93118,0.96618,14.8543,14.39825,2.24237,6.65595,9.14483,19.9016,19.9016,37.53316,1.86711,60.08493
KFRC,4.79239,6.26347,8.11505,3.13307,2.62,4.00937,3.14211,85.511,6.11798,14.41048,2.67,396.224,5.1354,-57.17703,4.00937,4.00834,3.06805,11.66276,18.15017,32.28072,32.28072,40.05104,1.40581,66.80857
KRC,8.90195,2.3585,43.34813,2.44185,1.63,22.98605,13.19655,283.743,31.46334,-12.36559,1.81,637.677,46.52121,-4.26621,20.74747,22.72804,2.42165,1.73954,1.87655,4.01364,4.20977,43.24717,14.17289,76.20266
KMB,0.0,9.19308,1.84811,0.80304,6.87,12.51829,4.676,4410.0,23.04075,10.09615,7.78,7105.0,11.18208,9.04033,12.2884,13.84873,0.39392,13.77035,24.83371,560.47943,560.47943,90.86279,2.02268,560.47943
KIM,11.02606,4.74412,12.96596,1.83566,2.25,88.44695,0.0,0.0,0.0,181.25,2.29,714.924,24.21078,143.74594,88.26669,86.83377,1.83566,2.27093,2.38915,19.11282,18.86368,48.94983,67.49412,96.15264
KMI,0.0,539.9604,13.88358,0.63126,0.05,1.53846,-10.56949,5669.0,48.45299,-94.79167,0.73,6680.0,14.13462,-94.56621,1.01709,14.11957,0.4931,2.99819,3.19408,0.36515,0.53369,51.79549,6.17252,109.9064
KFS,-4.24133,15.98633,-0.09097,47.78214,-0.35,-7.85922,-14.96724,15.186,22.01221,12.139784,-0.17,47.197,2.70641,12.139784,-9.74793,-5.46452,47.78214,1.24076,1.84513,12.139784,-27.49772,93.56812,17.87838,12.139784
KNSL,32.50511,3.69516,25.32135,9.27204,3.87,19.22629,33.17217,102.187,22.22007,35.31469,3.96,85.643,0.33598,39.64717,19.22629,19.21851,9.27204,4.76849,12.07628,18.00578,18.00578,6.87936,0.41659,7.38757
KEX,-16.85005,6.25354,51.37256,2.24871,-4.55,-12.50765,-20.34397,365.387,16.82719,50.41243,1.91,660.59,-15.4915,50.41243,-12.55158,5.26994,1.46024,1.51486,1.88222,-8.4472,-8.40953,35.03151,4.55635,53.92076
KRG,3.37879,4.71291,14.61793,1.33912,-0.19,-6.08507,0.0,0.0,0.0,18.542307,-0.19,189.766,48.30871,18.542307,-6.12281,-6.03373,1.33912,0.67982,0.71657,-1.2877,-1.2322,48.436,18.542307,97.23499
KNX,0.0,0.0,35.24312,1.09962,2.4,8.78577,21.75533,1091.886,23.36153,33.33333,2.53,1456.193,6.83143,32.59833,8.77223,9.18659,0.95726,4.36735,5.35269,7.10818,7.11651,14.93544,0.94424,17.55777
KN,-17.66917,5.25292,14.22849,1.41137,0.03,0.37943,-25.2038,110.1,14.40534,-94.33962,0.21,273.7,3.06817,-86.55805,0.86354,2.51959,0.93912,1.86962,2.06622,0.22377,0.22377,13.42322,1.8356,15.50441
KSS,0.0,438.57303,34.9359,1.67895,4.37,3.4595,-13.29032,2016.0,10.09312,-9.71074,4.36,7834.0,2.6159,-13.73283,3.4595,3.42706,0.26652,5.08344,6.66869,12.58996,12.58996,52.9117,3.0377,112.36697
KOP,6.83344,9.8472,16.19508,1.93256,4.17,5.33821,13.23606,217.3,13.01899,31.96203,4.51,360.4,1.46411,83.18318,7.30933,5.67215,0.73537,6.44917,8.50354,36.44172,35.3081,71.74126,4.04234,253.87283
KFY,-1.89993,4.93086,22.43124,1.98185,1.9,5.4122,1.37418,304.747,15.41205,4.97238,2.99,541.715,9.71677,2.23573,5.30746,8.21727,1.86976,6.13929,9.38409,8.52514,8.67561,34.07999,2.07594,51.699
KOS,-51.57317,7.44272,1.08558,0.86982,-1.02,-51.19019,-80.78534,154.839,19.25779,13.761946,-0.96,452.397,-17.90662,13.761946,-51.19019,-48.38154,0.49551,-5.05544,-7.5938,-64.2172,-64.2172,82.91169,13.79244,13.761946
KR,7.36312,74.22519,10.91624,0.76459,2.04,1.23645,3.57981,5295.0,4.33001,-45.74468,2.15,27846.0,1.66648,-46.65595,1.35666,1.40478,0.23057,3.96706,6.26243,20.12373,18.43003,71.18416,3.99962,247.03139
KRO,8.72309,5.82892,6.89354,4.68217,0.55,3.8992,-7.3822,176.9,10.79448,-26.66667,0.54,351.2,1.23032,-26.63605,3.8992,3.80913,2.61453,3.71018,5.71286,7.92509,7.92509,39.17061,2.89938,64.39423
LHX,0.0,0.0,99.52456,1.57241,5.19,5.97999,0.0,3221.0,17.70364,0.0,8.92,5308.0,0.0,0.0,6.15038,10.49181,1.26226,0.0,0.0,0.0,0.0,27.1523,2.41167,37.27268
LCII,34.32862,11.9341,36.10773,2.08889,6.27,5.66633,19.56046,326.253,11.66787,7.36301,6.46,706.09,5.44673,8.14353,5.66633,5.80672,0.76957,6.85813,8.67901,18.54186,18.54186,48.2351,2.59427,93.18108
LXP,0.48186,4.73923,6.77121,3.01432,0.66,56.43441,0.0,0.0,0.0,-42.6087,0.6,288.534,57.49215,-34.51395,55.49914,48.48901,3.00204,1.53484,1.59023,10.5112,10.0322,40.82616,25.307951,68.9936
LZB,-30.66342,14.04541,15.28127,1.78864,1.66,4.63526,7.06194,172.283,10.11061,15.27778,2.24,721.445,5.84007,12.97139,4.54635,6.09946,1.14787,7.07832,9.6862,11.20092,11.17739,36.37609,2.37712,57.17361
LH,48.94584,5.55168,95.99692,1.6649,15.88,11.125,80.72135,3672.8,26.24272,90.17964,21.98,4952.8,10.33645,88.89294,11.11857,15.28101,1.40893,9.99558,12.3579,18.38634,18.35273,41.86952,1.83958,72.18607
LADR,-30.251,0.13964,12.21059,2.82222,-0.13,-2.37509,0.0,0.0,0.0,31.277933,-0.04,55.683,272.57483,31.277933,-3.62743,-1.12914,2.82222,2.2802,2.33407,-0.96254,-0.59346,73.1156,31.277933,271.96292
LW,0.58806,11.12284,1.6434,2.24666,2.49,9.64418,-3.57621,792.7,20.89352,-21.69811,2.83,895.2,8.13521,-23.54785,9.64418,10.90527,1.66465,9.96868,12.24881,87.70077,87.70077,93.92882,4.68412,87.70077
LVS,-63.40819,7.51644,3.89216,1.14508,-2.21,-55.14668,66.72452,-119.0,-3.06228,66.72452,-1.92,1633.0,-40.96436,66.72452,-43.36078,-37.74781,1.07189,-3.78926,-4.48253,-41.29902,-42.66799,80.19924,66.72452,66.72452
LAZ,12.06431,3.75616,8.6804,1.44427,3.54,15.24712,3.89316,626.642,23.72653,45.08197,3.77,2330.245,19.03908,40.47504,15.23837,15.25399,1.42887,6.34882,11.68531,52.89405,47.91081,69.62499,3.6558,229.21797
LEA,10.8733,5.14892,74.39177,1.33486,2.62,1.37221,-36.07427,1132.7,6.64516,-79.45098,5.04,1235.8,1.72157,-78.96762,0.92986,1.78159,0.94595,2.86329,4.95076,3.59533,5.06584,38.34139,2.5335,62.18336
LEG,-5.17364,7.78501,10.48115,1.60249,1.82,5.78711,-14.89059,599.0,13.99467,-26.31579,2.01,904.4,10.79418,-25.82385,5.78478,6.37253,0.90706,5.41252,7.35169,18.32852,18.32914,59.75977,3.44691,148.50752
LDOS,23.24106,6.3534,27.19718,1.14861,4.36,5.11507,16.15181,1316.0,10.7018,-5.21739,4.88,1737.0,5.50134,-5.84708,5.10694,5.6352,0.97145,5.90776,7.99468,17.26461,17.26125,58.40318,4.12994,140.403
LC,-38.97831,0.62369,8.21121,7.46725,-2.07,-32.70335,-64.19275,153.65,26.79387,23.957417,-1.77,185.709,177.9184,23.957417,-32.70335,-27.91494,6.76402,2.71709,2.96843,-23.09072,-23.09072,57.73189,6.43742,136.585
LEN,3.05493,22.58542,57.54689,8.55471,7.85,10.97234,22.60293,3235.756,14.38827,36.75958,7.8,3474.108,10.63786,33.3135,10.96115,10.73139,1.49212,6.62088,7.65995,14.52397,14.45836,29.42003,2.33158,41.68325
LII,-6.17413,7.84818,-0.44591,1.55083,9.26,9.82637,-1.45133,556.8,15.32154,-10.78998,9.74,1040.1,11.91113,-12.82114,9.80435,10.26505,0.82319,14.88051,25.79923,85.51603,85.51603,101.47249,2.11638,85.51603
LNC,-0.69732,0.47501,118.02111,7.57441,2.56,2.8941,-32.83984,998.0,5.78819,-41.55251,2.99,775.0,8.43652,-43.67946,2.8941,3.35746,7.57441,0.10668,1.32568,2.35444,2.35444,23.85186,7.12425,31.32297
LNN,11.25945,5.84758,27.55127,3.39797,3.56,8.1377,77.20617,67.411,14.201,1680.0,3.5,152.543,6.01717,1678.499,8.1377,7.98002,2.21122,6.22304,8.03221,13.63231,13.63231,32.97454,2.17861,49.19703
LAD,21.58416,23.45719,100.43396,1.34597,19.53,3.58343,37.40773,800.4,6.09861,68.36207,20.05,2230.8,2.35346,73.22284,3.58343,3.63593,0.31222,6.32865,7.2935,22.77923,22.77923,61.24161,5.25412,158.00864
LYV,-51.06263,2.51283,-2.16394,0.96133,-8.12,-98.20608,-69.628174,-1167.664,-62.7379,-69.628174,-8.5,458.778,-23.40064,-69.628174,-92.59485,-96.94417,0.80276,-9.44294,-15.28918,-69.628174,-178.13425,97.89854,-69.628174,-69.628174
LOB,0.0,59.732334,13.37628,1.15189,1.43,15.90324,38.01288,101.18,27.024,225.0,1.46,240.065,59.732334,230.17079,15.90324,15.86195,0.94592,0.78319,3.75285,10.82368,10.82368,73.12206,15.26832,272.0523
LMT,0.80483,5.69818,21.55914,1.3908,24.5,10.53243,3.69176,9971.0,15.24664,11.61731,25.02,8681.0,7.4104,9.67897,10.44833,10.71225,1.05383,11.04588,29.93696,150.68913,149.59279,68.75065,1.33226,220.00664
L,23.37682,1.80941,66.34201,74.17062,-3.32,-9.46967,-62.9841,908.0,6.66031,227.10963,0.0,3844.0,-11.28787,227.10963,-6.82902,0.0,74.17062,0.13386,0.34012,-5.03529,-6.28056,35.61478,11.68502,55.31516
LPX,44.54546,20.72863,11.61521,3.47203,4.46,17.8264,288.7755,762.0,27.33142,103.00451,4.58,833.0,16.60689,103.00451,17.89814,18.23458,2.51399,20.75363,26.90083,44.85393,44.27617,23.77451,0.50919,31.44246
LOW,0.0,1424.7484,2.58454,1.00896,5.49,5.93364,24.36001,7724.0,10.70577,93.30986,5.74,22943.0,2.84953,85.00432,5.93364,6.18171,0.0577,10.66857,17.31229,152.45728,152.45728,92.33341,3.07483,1424.7484
LUMN,0.0,1031.4744,10.17576,0.47875,-1.14,-5.94824,1.30096,8721.0,42.10603,1031.4744,1.67,11778.0,10.46495,1031.4744,-5.94824,8.70098,0.36841,4.03892,5.29407,-10.00325,-10.00325,75.07536,3.85518,1031.4744
LYB,10.92843,8.48327,23.8642,2.1145,4.25,5.14899,-37.03103,3491.0,12.57882,-55.72917,5.85,3394.0,-0.47698,-58.11209,5.11656,7.04032,1.26427,4.13515,5.75302,17.75835,17.55205,68.33509,5.00974,218.9409
MTB,0.0,376.55966,116.41104,1.01018,9.94,21.54304,-23.97834,2882.032,45.88378,-27.70909,9.94,5154.761,376.55966,-29.85757,21.54304,20.35711,1.00989,1.22,7.22041,9.20389,8.48267,23.26948,1.70331,30.32624
MHO,0.0,66.57354,43.68356,4.94706,8.23,7.87416,68.40681,328.688,10.78959,83.70536,8.42,681.851,0.73608,88.00818,7.87416,7.90771,0.56957,8.40928,10.08463,21.20738,21.20738,42.34218,2.81224,73.437
MBI,1.70279,0.09824,2.53367,3.14857,-9.78,-225.78125,0.0,0.0,0.0,-56.424274,-9.78,-179.0,-111.52344,-56.424274,-225.78125,-225.6735,3.14857,-3.60568,-6.07,-120.16632,-117.00405,95.04819,-56.424274,-56.424274
MDU,4.46818,6.46882,15.35545,1.38798,1.95,7.05846,12.48597,830.025,15.00203,15.38462,1.95,1047.278,0.34753,16.32181,7.05264,7.06663,0.96888,4.32853,6.38473,13.17934,13.17934,43.63461,2.87179,77.41383
MTG,14.35622,2.76792,13.8788,69.74476,1.29,37.20089,-28.13689,651.894,54.36319,-30.27027,1.37,659.394,31.71327,-33.79081,37.20089,38.83894,69.74476,5.94072,7.2806,9.90413,9.90413,20.9215,1.90705,26.45662
MGM,-61.02989,16.02191,13.15899,3.20517,-2.02,-25.56928,46.38453,-852.36,-16.51194,46.38453,-3.6,1709.371,-22.41416,46.38453,-19.31786,-34.46182,3.04945,-3.66434,-4.25259,-14.01356,-10.99262,65.13764,46.38453,187.95436
MRC,-30.50109,6.58098,4.26315,2.42105,-3.63,-10.70313,-70.4918,54.0,2.10938,20.048405,-0.53,431.0,11.11328,20.048405,-10.70313,-1.69766,1.09774,0.24355,0.32669,-55.24194,-32.19742,46.26524,11.24074,86.09929
MSA,-1.09729,5.31461,20.43435,2.42889,3.05,8.98679,-7.29719,242.797,18.00867,-12.35632,3.67,595.492,9.22046,-11.97523,8.9081,10.58489,1.62338,7.04309,11.04187,15.79694,15.71019,30.8539,1.48842,44.62131
MSM,-9.12009,6.18182,23.64711,3.02831,4.51,7.88617,-7.51221,436.461,13.67188,-13.26923,4.76,1343.322,9.59871,-13.0677,7.86609,8.27111,1.50943,9.79429,11.72196,17.9787,17.95417,33.84012,1.54758,51.14901
MSCI,11.87759,3.20539,-5.36778,1.88457,7.12,35.49756,16.33318,971.51,57.30304,8.04249,7.51,1403.686,39.80659,6.77267,35.49756,37.08334,1.81948,13.1613,17.61054,132.77637,132.77637,114.30445,3.64567,132.77637
MAC,66.06658,3.96102,15.07,0.99837,-1.58,-32.3407,0.0,0.0,0.0,36.7126,-0.54,411.003,37.86895,36.7126,-30.33026,-10.40402,0.99837,0.42308,0.44531,-9.41658,-9.30445,71.92005,36.7126,256.12592
M,0.0,530.1415,20.63547,1.18435,1.81,2.22652,-21.86351,1912.0,7.54806,-49.1573,2.21,10160.0,1.64275,-49.09747,2.22652,2.70197,0.1967,2.883,4.65966,8.80356,8.80356,53.74964,3.87605,116.21452
MAGN,0.0,0.0,0.0,0.0,0.0,0.0,0.0,0.0,0.0,0.0,0.0,0.0,0.0,0.0,0.0,0.0,0.0,0.0,0.0,0.0,0.0,0.0,0.0,0.0
MTW,27.80749,7.52947,18.60848,1.98715,-0.55,-1.32327,-43.73731,83.1,5.75724,20.060778,-0.35,254.7,-3.32721,20.060778,-1.32327,-0.8412,0.8201,1.76953,2.85086,-2.96262,-2.96262,35.21595,4.20939,54.35897
MAN,-6.84038,3.53463,43.92974,1.42299,0.41,0.10611,-43.18666,453.2,2.51764,-94.68912,3.41,2824.7,5.02472,-94.88941,0.13222,1.09872,1.38309,2.53948,5.67922,0.91821,0.73249,38.68912,3.41637,63.1032
MPC,-34.65909,14.9869,34.09985,1.80598,-16.99,-16.02488,-93.0517,676.0,0.96877,219.26276,-6.94,4163.0,-19.5159,219.26276,-14.0816,-6.45475,0.52838,-1.83641,-2.44938,-39.47185,-30.499,52.27039,48.9571,113.13756
MPX,40.80035,86.64198,2.49547,3.71785,0.57,8.10758,-22.91235,27.925,11.64391,-31.3253,0.61,53.605,10.82659,-31.14487,8.10758,8.44246,1.67478,14.48072,20.03812,24.04487,24.04487,0.14414,0.00437,0.14435
HZO,-4.6695,35.5398,20.82958,1.84684,3.37,4.94359,65.66734,119.471,7.91349,114.64968,3.46,398.713,17.95434,107.40309,4.94359,4.93843,0.72757,8.55416,10.04211,18.1103,18.1103,29.66407,1.60761,42.17485
MKL,11.57543,1.29709,885.7214,29.24107,55.63,8.54014,-44.00681,1497.913,15.37978,-56.89936,55.67,4250.478,1.69661,-54.4236,8.37857,7.89423,28.487,2.01795,4.96828,7.01094,6.84123,23.66667,2.70328,31.5987
VAC,-53.56037,12.20296,64.51063,5.09524,-6.65,-8.87041,-72.63158,208.0,7.20721,49.36926,-2.7,696.0,16.5324,49.36926,-9.52876,-3.86383,4.09127,0.58663,0.74006,-9.70018,-8.96202,62.1614,21.18269,164.2804
MMC,1.81326,3.55758,17.9309,1.2439,3.94,11.87877,10.00251,4388.0,25.47608,15.54252,4.89,7352.0,17.78042,15.72905,11.7046,14.36565,1.16702,7.07815,10.12921,23.86222,23.78655,59.45532,3.09458,146.64146
MLM,1.29847,8.24599,94.55377,3.34128,11.54,15.24557,7.95208,1342.6,28.38538,18.48049,10.54,1256.5,13.30102,17.82971,15.24345,13.88279,1.7827,5.75078,6.75823,12.82747,12.82343,34.5378,2.31588,52.75991
MTZ,-6.43572,3.48347,26.99245,1.66691,4.38,5.10521,-10.14698,730.904,11.56315,-15.28046,4.54,1050.096,10.82174,-17.71093,5.10757,5.22874,1.53855,5.29534,7.7821,17.04069,16.99661,42.65429,2.04094,74.38097
MAS,14.11411,6.7209,0.75523,1.80403,3.04,11.99221,15.96774,1438.0,20.00557,38.18182,3.07,2587.0,14.31553,30.86817,16.98664,11.27546,1.27508,15.11014,25.82661,206.95316,206.95316,87.6322,2.07441,206.95316
MA,5.58158,5.81014,6.42183,1.61332,6.37,41.89922,-14.25486,8734.0,57.08124,-19.7733,6.47,15301.0,41.97602,-21.02735,41.89922,42.36939,1.17878,16.22493,28.85759,104.37968,102.51039,67.48004,1.54832,208.43095
MTDR,-26.32669,6.09934,11.01057,0.89927,-5.11,-64.20871,8.929347,-157.72,-18.29431,8.929347,-5.11,578.61,-96.07707,8.929347,-68.80723,-68.79592,0.78545,-8.40373,-9.27139,-38.02372,-31.79117,55.31809,8.929347,123.80423
MTRN,7.55795,7.32429,32.25256,3.65688,0.75,1.31449,-38.88589,75.787,6.44297,-69.38776,1.78,192.633,-5.44549,-69.47888,1.31449,3.07765,1.51576,2.7813,3.69686,2.44206,2.44206,16.0785,1.65744,19.15898
MATV,14.76569,8.84644,20.73743,2.37508,2.66,7.7997,7.86004,212.7,19.7971,-3.62319,3.12,313.2,10.65013,-2.331,7.7997,8.95374,1.25464,5.99931,7.55812,13.43702,13.43702,48.59539,2.88717,94.5351
MATX,23.06945,10.37797,22.25,0.59805,4.44,8.10221,75.98444,362.0,15.18902,132.46072,4.48,479.0,7.82109,133.49455,8.10221,8.10171,0.53451,5.52558,7.94942,21.85749,21.85749,51.09144,2.77376,104.46317
MMS,30.9086,4.9922,20.19087,1.66182,3.39,6.19693,0.0,392.542,11.34011,-8.87097,3.45,711.002,6.02366,-10.92707,6.19693,6.28518,1.56253,9.69321,13.4685,17.23233,17.2295,14.67935,0.54428,17.20492
MKC,5.09048,10.86155,14.71,0.68393,2.78,13.4201,4.12042,1172.5,20.93264,6.10687,2.86,2300.4,12.05256,6.36118,13.34333,13.60738,0.31252,5.67215,7.59568,20.2814,20.32528,56.15011,4.30294,128.05077
MCD,-5.12094,8.86275,-10.49759,1.01003,6.31,24.62802,-15.19931,8715.9,45.37688,-19.92386,6.13,9752.1,21.48867,-21.49069,24.62802,23.76325,0.89941,9.04568,10.91551,890.60284,890.60284,117.93127,5.90452,890.60284
MCK,15.50948,14.62441,31.4321,0.99057,4.99,0.48734,4.63837,3993.0,1.72819,2835.2942,12.06,12001.0,1.61377,2547.0588,0.38952,0.94475,0.56224,3.31834,12.01815,13.74185,13.73925,58.34782,2.35437,177.07666
MPW,0.0,72.54577,13.55591,3.22997,0.81,34.04641,0.0,0.0,0.0,-6.89655,0.83,1244.765,23.04127,15.15037,33.98167,34.59746,3.22997,3.31449,3.4087,6.0063,6.01547,54.94913,72.54577,121.97132
MDT,-25.34555,5.32125,37.83308,2.12531,3.54,16.62228,-14.86677,8435.0,29.17373,3.81232,3.51,19644.0,19.89114,3.41179,16.56348,16.27592,1.50425,3.99982,4.74203,9.49935,9.50892,33.5996,3.05181,50.60151
MRK,15.83063,6.56149,10.00583,1.01599,2.78,14.75601,0.00556,17973.0,37.44843,-27.03412,4.93,29528.0,15.4811,-28.20278,14.72476,25.98846,0.60204,10.38086,16.28115,27.59254,27.55374,56.83776,1.86129,131.68399
MCY,-6.66565,5.8772,36.71731,8.14166,6.77,9.54897,47.38731,632.887,16.13269,17.12803,8.59,799.08,12.82864,17.03287,9.54897,12.12144,8.14166,6.1751,16.15004,19.55101,19.55101,17.09743,0.66235,20.62352
MTH,0.0,86.633156,31.29489,8.13672,5.5,9.40801,71.32772,542.893,12.06103,71.33956,5.615,1000.902,7.92292,69.61865,9.40801,9.41019,1.86567,9.01863,10.19694,19.5969,19.5969,30.86794,1.93102,44.65068
MET,0.0,1219.654,83.49992,7.73716,5.68,8.07728,-12.62921,7776.0,11.59265,-6.27063,5.99,20077.0,7.50369,-8.3404,8.06089,8.10669,7.73716,0.57803,4.89965,7.68575,7.67428,21.47752,2.63169,27.35207
MTUS,-18.32258,11.79972,11.23683,1.97569,-1.38,-7.45155,-35.48387,10.0,1.2038,0.42179516,-1.23,15.6,20.47069,0.42179516,-7.45155,-6.66306,0.91768,-3.40275,-5.22989,-11.56361,-11.56361,16.35075,9.92,19.5468
MEI,-14.12994,5.00562,21.12103,3.93324,3.26,12.05196,18.06647,195.4,19.0839,34.15638,3.23,282.9,6.80975,34.71616,12.05196,11.85343,2.91516,7.06587,8.56507,16.75379,16.75379,32.62814,1.94166,48.42992
MCB,0.0,25.731504,41.08306,1.03861,4.66,24.65084,27.2553,84.299,52.65397,30.89888,4.76,132.436,25.731504,30.96834,24.65084,24.4422,1.03861,1.32929,10.70905,12.33496,12.33484,19.44103,0.97559,24.13267
MTD,4.86582,5.31897,12.04307,1.25773,24.91,19.53661,8.03154,882.487,28.6041,10.85892,25.59,1801.031,17.84022,7.41924,19.53661,19.80975,0.8188,17.48887,27.86832,171.36533,171.36533,83.52913,1.62443,146.22612
MAA,0.0,54.777775,51.33705,0.04605,2.19,15.63416,0.0,0.0,0.0,-28.6645,2.23,985.213,43.10452,-27.93836,15.09807,15.07896,0.04605,2.44276,2.54912,4.27066,4.25577,42.9458,54.777775,75.27193
MTX,-1.91388,4.28019,43.11434,3.49425,3.29,7.2611,-8.11057,302.5,18.9679,-12.96296,4.01,405.4,9.96912,-15.29766,7.04791,8.59932,2.5044,4.21148,5.42128,7.85053,7.89554,39.90296,3.28959,66.39755
MOD,-13.01218,5.84987,9.58546,1.70242,-0.04,-0.10124,-12.24181,174.2,8.81802,30.144203,1.05,307.5,1.4528,30.144203,-0.11136,2.70008,1.04382,3.94831,5.98496,-0.43061,-0.38659,52.41034,3.12055,110.12966
MC,98.11199,14.03988,8.26996,1.24242,2.95,23.15738,130.81393,270.417,28.66786,56.08466,2.87,898.25,30.12577,70.16128,18.9585,17.21101,1.24242,14.64353,26.94732,38.76624,52.11452,30.66885,0.72708,44.23531
MHK,5.46629,6.50364,121.43652,2.26195,7.22,5.39904,-6.9784,1402.468,14.68215,-29.90291,8.86,2533.073,14.1167,-30.71925,5.39766,6.60535,1.28618,3.60589,4.41213,6.19179,6.18838,26.45644,2.19084,35.97383
MOH,17.01074,14.78158,35.52542,1.5863,11.23,3.46496,5.09219,1197.0,6.1628,-2.09242,12.37,2555.0,10.9992,-8.68385,3.46496,3.75756,1.55106,8.4947,17.19273,33.1854,33.1854,53.79189,2.03843,116.41221
TAP,-22.14195,15.427,57.06045,0.61868,-4.38,-9.76529,-5.55365,2198.9,22.70582,280.37317,4.26,3795.9,12.44605,280.37317,-9.79937,9.53676,0.37272,3.09036,3.95738,-7.36104,-7.19317,39.90744,3.81182,66.40996
MCO,0.77519,3.77045,8.3862,2.02925,9.39,33.08509,16.41205,2667.0,49.65556,26.54987,9.83,3896.0,36.38987,25.03516,33.10371,34.33454,1.85689,13.49012,19.48497,163.04448,136.6923,79.7496,2.6033,316.02908
MOGa,0.0,0.0,0.0,0.0,0.0,0.0,0.0,0.0,0.0,0.0,0.0,3528.8687,0.0,0.0,0.0,0.0,0.0,0.0,0.0,0.0,0.0,0.0,0.0,0.0
MS,0.0,2919.887,51.13272,1.37771,6.46,21.47866,-12.8725,21314.0,40.95145,24.47014,6.67,42602.0,-10.35867,21.61026,21.12706,20.54299,0.73402,1.09041,2.28174,13.2834,12.03039,80.06336,19.43488,2919.887
MOS,13.36327,12.60135,25.2746,1.11909,1.75,7.6667,7.88544,1465.3,16.87803,124.731964,2.05,1064.9,4.64382,124.731964,7.67246,8.94928,0.52268,2.01435,2.7451,7.09867,6.96132,32.75476,3.24282,48.70941
MSI,-1.55807,5.29193,-3.29398,1.24018,5.45,12.85406,-9.05088,1859.0,25.07418,10.10101,6.14,3637.0,16.66611,9.3318,12.80011,14.07877,0.75781,8.42318,17.7227,273.40845,273.40845,110.48043,3.06778,273.40845
MOV,-6.70983,8.63184,22.87302,4.25027,1.83,6.0458,-34.04103,59.059,8.42537,-29.88506,1.34,374.889,2.45807,-30.71044,6.09145,4.4203,2.42086,3.33446,4.35572,8.34623,8.22267,21.94886,2.52556,28.28994
MLI,32.44722,7.64347,6.80317,2.43008,1.235,5.99026,15.12064,271.999,11.34254,37.98883,1.2,431.882,4.49365,38.15018,5.81695,5.58666,1.4274,9.79287,12.71685,19.64396,19.63496,30.7519,1.30786,44.40828
MWA,4.62963,5.45305,4.0534,3.74968,0.45,7.46811,-5.25253,187.6,19.45856,12.5,0.52,328.2,5.37418,12.85267,7.46811,8.51115,2.60452,5.93822,7.5318,11.69971,11.67883,42.56902,2.53145,74.12205
MUR,-38.59296,5.67555,27.43727,1.39643,-7.43,-64.23011,35.647533,-252.894,-12.93992,35.647533,-7.2,1153.369,-49.11157,35.647533,-58.77991,-56.55277,0.79939,-7.32458,-9.32203,-23.58294,-24.61661,47.25585,35.647533,89.59448
MUSA,-2.37131,55.6295,28.77537,1.17718,13.08,4.06237,71.01278,722.7,7.60393,169.1358,13.3,910.4,2.58041,149.41861,4.06237,4.07664,0.62587,13.01439,17.91479,48.65478,48.65478,59.5157,1.59499,147.00931
MYE,34.39683,6.99231,5.26433,1.29163,1.02,7.2044,7.32154,65.684,12.8699,50.0,0.84,171.96,1.49218,51.10755,7.2044,5.8899,0.79475,7.49415,10.55436,20.6694,20.6694,33.6002,1.45682,50.60286
VYX,-26.12301,4.93402,8.11774,1.18678,-0.3,-0.09667,-18.07107,807.0,13.00145,122.71127,1.37,1524.0,14.7676,122.71127,-1.27276,2.83403,0.69684,3.35469,5.50396,-0.65056,-0.42463,73.78218,4.6171,281.41995
NL,-11.18617,9.75655,6.39236,6.22256,0.3,14.05921,-30.53653,6.085,5.31269,-43.39623,0.3,32.848,1.03242,-43.19765,12.81682,12.77561,5.49638,0.25528,0.42536,4.76327,4.86083,0.14888,0.08217,0.1491
NNN,80.04726,13.72887,22.68009,16.57471,1.22,33.08352,0.0,0.0,0.0,-21.79487,1.52,632.319,50.96395,-23.52463,33.08395,37.82796,16.57471,3.24184,3.28424,5.74802,5.28948,42.77784,44.756664,74.75746
NPKI,-36.1474,2.98344,5.37439,2.13578,-0.89,-16.38082,-1.9160802,-7.466,-1.51555,-1.9160802,-0.64,19.367,17.94189,-1.9160802,-16.38082,-11.71819,1.11542,-4.09968,-4.89168,-15.56821,-15.56821,19.6192,-1.9160802,24.40783
NRG,-13.57285,9.73555,6.87871,3.14778,2.07,5.60871,-7.88699,1565.0,17.21104,-86.72226,2.19,2553.0,11.88139,-88.50834,5.60871,5.90069,2.52428,5.14891,7.49576,30.55722,30.37522,84.3269,5.77572,180.77158
NUS,25.78904,45.39744,17.56918,1.66379,3.63,7.41131,-3.69665,329.864,12.77585,17.09677,3.66,1923.906,10.91453,10.25739,7.41131,7.41318,0.8976,8.64058,11.59384,21.62741,21.62741,35.87837,1.51692,55.95362
NBR,-19.88006,5.23038,157.87454,2.19502,-118.69,-35.74684,-30.02153,559.643,26.22454,61.667175,-138.99,798.035,19.28041,61.667175,-37.75186,-45.97519,1.63875,-2.99713,-3.48178,-51.41038,-36.54206,63.84735,5.36353,238.83218
NBHC,0.0,42.230396,26.64495,0.90401,2.85,24.72813,15.81134,146.931,41.01239,11.76471,2.94,315.574,276.86353,10.2358,24.72813,25.32227,0.8597,1.31897,8.57766,11.16029,11.16029,5.62214,0.33273,5.95705
NFG,1.36787,9.67645,21.6809,0.68367,-1.41,-8.00444,-0.25588,785.454,50.796,86.59246,2.95,873.854,-36.90522,86.59246,-8.00444,16.78265,0.39477,4.46202,6.67229,-6.02149,-6.02149,57.60339,3.41114,135.8679
NSA,2.25726,76.61417,10.52893,0.62661,0.53,18.37697,0.0,0.0,0.0,82.328,0.53,312.377,37.8275,1120.4117,11.23941,8.15514,0.62661,2.74627,2.83869,6.69504,5.51437,57.58039,82.328,135.74002
NGVC,0.0,43.83604,7.67579,1.11044,0.89,1.9298,28.85469,58.942,5.68476,111.90476,0.89,331.142,2.6611,112.5,1.9298,1.93152,0.2869,3.43801,4.40001,12.1277,12.1277,69.80731,6.78869,231.20601
NNI,-6.33761,0.07556,68.63392,42.20018,9.02,22.99203,-32.93246,689.856,45.36616,154.80226,4.4,1002.305,93.01424,148.54411,23.17728,11.14178,42.20018,1.54017,1.58932,14.04504,13.93087,88.03545,28.03405,107.20146
NJR,-2.4838,14.16821,19.22576,1.16602,2.04,9.92589,36.88438,336.277,17.2126,7.93651,2.05,370.806,-12.71754,14.40312,9.92589,9.94723,0.47435,2.72035,3.60915,11.41906,11.41906,57.67597,7.4754,136.2724
NYT,-13.92208,8.98346,7.92679,1.71718,0.6,5.65344,1.19,245.067,13.73972,-27.71084,0.92,795.327,14.38047,-28.48049,5.61229,8.61246,1.60152,5.20065,8.70532,8.01619,8.0606,4.44296,0.25198,4.64954
NEU,-1.71811,7.00068,69.57458,2.87426,24.64,13.45486,-7.3529,375.709,18.68334,8.40299,23.46,595.032,6.87568,6.40303,13.45486,12.78736,1.47723,10.2056,13.75453,37.50279,37.50279,46.96281,1.79075,88.54695
NEM,20.37534,27.97324,28.76,2.52449,3.31,22.85814,55.77889,5890.0,51.23076,-15.34527,3.66,6117.0,41.72828,0.85562,24.60642,25.59485,1.86435,4.95433,6.71499,12.00144,11.35303,22.19036,1.1562,28.55945
NEE,-0.8326,7.91947,18.62908,0.47448,1.48,13.16331,-4.95019,9351.0,51.95866,-23.71134,2.22,10524.0,4.91818,-22.5524,16.21937,24.16503,0.28622,2.69944,3.73274,7.94091,5.46004,51.69963,5.14287,107.03777
NI,-7.6555,5.68099,12.4367,0.728,-0.19,-0.30331,-2.50978,1744.1,37.25356,182.53326,1.21,1986.5,-13.68066,182.53326,-0.37593,9.93357,0.40226,2.8473,4.06391,-0.35274,-0.24018,62.63593,5.61109,167.63678
NIC,0.0,26.416603,53.85965,0.92335,5.7,28.54627,17.68719,107.825,50.90215,3.26087,6.12,181.664,26.416603,10.03093,28.38246,29.865,0.91695,1.65802,11.40667,11.39267,11.45052,9.08326,0.4996,9.99075
NKE,-35.65075,10.65461,5.17009,2.48141,1.6,6.78823,-29.96166,3836.0,10.25586,-35.74297,1.89,16241.0,4.66941,-36.98188,6.78823,7.87673,1.39256,7.07196,11.59234,29.70459,29.70459,61.77029,3.39286,161.57666
NINE,-57.44099,4.50104,0.64671,3.82732,-12.74,-121.90664,0.0,-40.506,-13.03068,-34.49068,-5.82,8.694,11.51488,-34.49068,-121.90664,-55.69096,2.56803,-8.63977,-9.3928,-184.72383,-184.72383,94.95654,-34.49068,-34.49068
NOAH,-2.05657,2.37994,17.89856,3.56343,-1.83,-22.49117,41.50608,189.229,37.61761,26.532316,1.54,275.98782,36.50774,26.532316,-22.54286,18.99341,3.50953,7.67448,9.32866,-10.79655,-10.10911,3.71585,0.22584,3.85925
NE,-27.91773,5.09513,-1.24018,2.75833,-15.86,-0.08730047,-34.11553,212.401,22.02708,-0.08730047,-16.67,341.749,-12.45739,-0.08730047,-0.08730047,-0.08730047,2.5388,-1.61104,-2.79885,-237.69136,-237.69136,-0.08730047,0.0,-0.08730047
NAT,-70.84626,14.56341,3.95714,2.50818,0.34,14.10895,55.37546,149.061,42.03413,25.551064,0.34,166.647,27.32616,25.551064,14.10895,14.31385,1.84135,5.0634,5.20199,8.37688,8.37688,37.36693,2.39794,59.66007
JWN,0.0,331.19977,6.29177,0.91761,3.18,3.19505,-6.57812,1477.0,9.5143,-4.21687,3.38,5592.0,-3.23612,-12.05674,3.19505,3.37913,0.29318,5.78789,10.93013,53.56372,53.56372,83.04468,3.24645,331.19977
NSC,-7.77126,14.93364,58.67233,1.07315,7.84,20.5639,-9.44063,4614.0,47.13454,-23.5122,9.31,4632.0,13.83313,-26.04702,20.5639,24.26335,0.9088,5.69941,7.63635,13.43119,13.43119,47.99044,2.95795,92.27233
NOC,-0.28529,5.53327,63.45484,1.60167,19.03,8.666,6.91799,5332.0,14.48952,43.94856,19.08,7478.0,1.68755,41.85943,8.666,8.66401,1.20543,5.93895,9.87513,32.87968,32.87968,61.08945,3.11497,156.99973
NWN,16.43377,5.82877,29.05401,0.51547,2.3,9.08297,7.2622,252.034,32.57604,5.02283,2.3,330.795,-17.93808,24.37191,9.92414,9.07926,0.27585,2.58098,4.49057,8.00954,8.00954,60.15381,5.32339,150.96503
NCLH,-72.60248,26.75197,13.7947,1.85879,-15.75,-105.27427,-105.27427,-1158.498,-90.51416,-105.27427,-9.15,-413.153,-184.32916,-105.27427,-105.27427,-182.10452,1.73523,-6.68518,-7.83715,-73.82945,-73.82945,73.3911,-105.27427,275.81403
NOV,-24.53963,2.77892,13.41902,2.79004,-6.62,-41.65846,7.4212685,-182.0,-2.98851,7.4212685,-2.51,434.0,14.6757,7.4212685,-41.74056,-15.8266,1.91591,-2.89237,-3.61632,-39.14383,-38.65905,32.62285,7.4212685,48.41826
NUE,6.42322,9.03336,35.6951,3.61079,2.36,4.15115,-9.45054,2416.575,11.99909,-42.99517,3.28,2248.909,1.82134,-43.24242,3.58234,4.93748,2.20812,5.29993,6.38451,6.82353,7.5923,32.61488,2.24959,48.40072
OI,0.32206,9.8119,1.88698,1.21022,1.57,4.32574,-20.7328,887.0,14.53384,100.88646,2.42,972.0,6.43126,100.88646,4.07996,6.21777,0.62487,3.19733,4.92421,65.18325,54.71503,92.94138,5.95265,100.88646
OFG,0.0,48.93213,19.34293,1.03361,1.32,12.58871,29.82615,252.63,42.78775,43.47826,1.44,432.839,172.90334,38.04907,12.58871,12.52579,1.01977,1.49601,10.95397,7.63325,6.9743,11.05069,0.53405,12.42358
OGE,3.1579,9.56206,18.159,0.61443,-0.87,-8.18452,6.93588,918.9,43.29737,98.858154,2.1,1014.9,1.85648,98.858154,-8.18452,19.79975,0.32478,3.03315,4.46937,-4.4703,-4.4703,49.99931,3.95223,99.99725
OGS,0.0,58.96559,42.00559,0.67731,3.68,12.83514,4.78164,498.397,32.56926,4.84331,3.7,561.708,-9.15292,5.17433,12.83514,12.84691,0.3776,3.23247,4.6053,9.00415,9.00415,47.71923,4.09002,91.27493
OKE,-0.63763,10.26146,13.58233,1.39064,1.42,7.17387,6.36856,2545.892,29.80356,-53.74593,2.49,3432.096,-14.21274,-52.07101,7.17387,12.56639,1.00725,5.47781,6.24454,9.99008,9.99008,70.38619,5.64108,237.68027
OUT,-27.86207,4.95313,6.9042,1.82221,-0.57375,-4.86937,-53.125,213.0,17.22883,48.714256,-0.54301,525.5,15.17734,48.714256,-4.93408,-6.18612,1.72219,0.71592,0.76832,-5.90056,-4.79662,74.90114,19.38639,298.4245
OXY,-66.81312,4.19628,9.45881,1.07248,-15.65,-75.98967,-44.49161,5492.0,30.83834,666.4794,-11.55,9341.0,10.61261,666.4794,-83.27812,-59.58215,0.53545,-4.7256,-6.87853,-81.32568,-51.25651,66.75795,6.79152,200.82378
OII,-19.36317,3.1492,5.55941,2.67724,-5.01,-27.17621,16.04792,153.261,8.38459,17.69899,-2.43,163.941,5.30623,17.69899,-27.17621,-13.19206,2.2429,-0.19879,-0.26496,-61.27282,-60.81799,63.71551,6.39512,175.59988
OIS,-28.69771,3.31919,12.41916,2.61264,-7.83,-73.40563,-6.0957756,-15.632,-2.44987,-6.0957756,-1.44,107.47,20.7867,-6.0957756,-73.40563,-13.4983,1.45034,-4.95529,-5.72208,-47.27326,-47.27326,22.52897,-6.0957756,29.08052
ODC,-1.54545,8.04965,9.92882,2.3464,1.23,6.6166,2.99891,24.454,8.63406,47.30539,0.575,68.706,7.84075,49.86916,6.67309,2.91086,1.64047,2.98424,4.23547,13.32403,13.21999,12.50791,0.86501,14.29605
ORI,12.59049,1.27427,20.34249,11.44894,1.87,7.79525,-45.36424,759.0,10.59183,-46.72365,1.87,4674.6,-1.50156,-47.1223,7.79525,7.7872,11.44894,2.08497,6.26253,9.16737,9.16737,16.40408,1.59947,19.62306
OLN,5.27489,8.33587,9.18228,1.43223,-6.14,-16.84439,-39.99007,483.2,8.3918,49.602116,-1.57,383.4,2.8608,49.602116,-16.84439,-4.30537,0.81383,-0.17971,-0.2654,-50.14606,-50.14606,74.46179,8.75435,291.57016
OHI,-4.35413,0.77735,16.61718,9.99961,0.7,18.22092,0.0,0.0,0.0,-55.6962,0.75,845.147,55.42639,-53.29339,17.75099,19.02986,9.99961,2.51396,2.59423,3.99451,3.90639,56.15176,46.88241,128.05933
OMC,-0.19926,1.68403,14.34605,1.00419,4.37,7.7503,-15.34965,1992.5,15.12782,-27.88779,5.11,2315.0,12.49611,-29.40034,7.17784,8.36465,0.86401,4.06458,10.27315,31.84076,27.71052,65.90614,3.67368,204.64088
OMF,-10.27614,0.31014,25.61373,235.52171,5.41,14.7983,-2.93132,2318.0,46.98966,-13.71611,5.85,2345.0,53.87949,-14.61988,14.7983,15.97585,235.52171,5.66927,5.95376,18.7878,18.7878,83.92507,7.75022,235.52171
ONIT,0.0,74.24258,47.80985,8.78038,-4.59,-4.08462,47.9837,417.243,42.41818,74.24258,-3.12,883.6,-56.24971,74.24258,-4.08462,-2.77508,8.3411,2.36332,2.59313,-9.71207,-9.71207,95.72977,22.3174,74.24258
ONTO,20.69855,4.07828,25.93925,6.09256,0.63,5.57506,141.9883,122.388,21.99261,950.0,1.0,289.131,20.47459,1524.3456,5.57506,8.82953,4.35481,2.34893,2.66112,2.45376,2.45376,1.62756,0.17097,1.65448
KAR,-11.78793,0.90891,12.45798,1.41082,-0.16,0.02286,-37.74483,340.1,15.54601,46.159912,0.01,582.6,17.72809,-99.73475,0.02286,0.0591,1.36341,1.3902,1.67202,0.03062,0.02621,62.02501,10.40018,163.33118
OPY,35.9948,1.02702,54.93694,1.27325,9.3,10.26023,50.36808,192.823,16.08645,143.4555,9.72,1077.877,0.49472,132.25502,10.26023,10.25222,0.90668,4.45772,7.997,19.24076,19.24076,55.86291,4.50065,126.56679
ORCL,8.12232,7.31268,3.93675,3.0314,3.08,26.36173,1.36881,17107.0,43.78776,3.7037,3.22,31130.0,26.05201,-8.55364,25.94195,26.46519,2.87128,7.88489,10.71513,59.86592,58.71722,85.28329,4.30789,2114.8032
ORC,0.0,8.543604,27.29556,0.08596,0.15,1.82161,-33.2047,106.276,90.97415,-93.02326,0.15,10.101,37.03689,-91.23017,1.82161,1.72601,0.08596,1.67308,1.69133,0.52492,0.52492,89.64588,33.83253,8.543604
ORA,-3.46546,4.64507,32.25953,3.13358,1.65,14.43357,2.86115,356.67,50.56696,-4.06977,1.39,276.275,-6.20493,-2.99563,12.11554,10.16218,2.83106,3.44608,3.94988,5.34366,5.85778,43.19763,4.16048,76.43405
OSK,-17.2334,4.69017,41.82917,2.23065,4.72,4.73253,-35.34304,590.9,8.61772,-42.50914,4.99,1105.6,1.21795,-43.99379,4.73253,4.95951,1.21608,5.46577,8.57099,11.90716,11.90716,25.75722,1.67372,34.69323
OVV,-24.34555,6.04769,14.76905,0.51465,-23.47,-100.16429,-99.249214,-3444.0,-56.5796,-99.249214,-23.29,1863.0,-57.1012,-99.249214,-100.16429,-99.40434,0.47421,-18.44963,-22.09924,-88.57413,-88.57413,67.61752,-99.249214,208.80898
OMI,3.86628,12.33034,9.6915,1.58715,1.39,1.03859,64.62913,332.834,3.92485,90.649895,1.75,1280.834,4.97346,90.649895,0.35225,1.30769,0.60858,4.28979,7.37041,15.00143,15.00143,62.35238,3.54324,165.62102
OC,19.35065,8.35406,36.94129,1.80972,-3.53,-5.45712,4.66201,1347.0,19.09284,145.8237,3.75,1636.0,11.76116,145.8237,-5.42877,5.7725,1.14097,5.70893,7.35343,-8.97797,-8.94101,45.57382,2.44989,83.73509
PBF,-38.57485,22.42882,13.67837,1.57757,-11.64,-8.82051,-110.48203,-1624.0,-10.74365,-110.48203,-11.81,-714.5,-1.30856,-110.48203,-9.21149,-9.34571,0.86576,-11.40219,-16.26711,-59.47377,-46.07277,71.69426,-110.48203,253.2852
PCG,13.66133,3.95609,10.58156,0.70702,-1.05,-7.06048,15.2462,7045.0,38.145,603.2107,1.65,5887.0,-4.0216,603.2107,-7.06048,11.2299,0.4982,2.44261,6.25079,-9.97819,-9.78942,66.71782,6.04741,200.4611
PJT,2.48334,4.56844,6.47712,2.37783,4.4,20.18683,171.08871,263.566,25.04666,263.63635,4.66,1030.486,40.85607,297.63547,11.17067,10.8478,2.37783,14.62253,18.94837,126.63575,33.6553,20.04245,0.65417,25.06637
PNC,0.0,914.2219,119.08726,0.88851,6.36,16.44398,-35.37328,6051.0,33.13438,-44.16155,6.37,13726.0,914.2219,39.59769,41.04151,14.89426,0.88407,0.64911,2.77495,6.18281,5.80941,42.09872,6.49347,72.70776
PPG,-2.7027,5.65978,24.03607,1.40716,4.44,7.73788,-5.63895,2326.0,16.80514,-14.94253,5.63,6091.0,12.26519,-14.8029,7.65118,9.63214,0.96336,6.09503,9.59629,19.24724,19.09431,53.18412,2.84007,113.60275
PPL,8.14442,6.13715,17.39222,0.46311,1.91,19.31116,2.57171,4148.0,54.52872,-19.40928,2.13,2788.0,-8.45931,-15.86483,19.31116,21.52092,0.34934,3.8128,4.80711,11.14398,11.14398,65.04339,5.9988,186.06895
PRG,-41.19183,30.04111,14.56132,2.60343,3.43,9.40302,-12.85604,2083.917,83.87351,645.65216,3.27,793.673,87.14395,164.38203,-2.47384,8.85229,2.26261,8.10314,10.6445,17.15704,17.15704,7.46172,0.03816,8.06339
PVH,-4.67987,13.04502,80.38814,1.43755,5.6,4.18912,-5.73658,1171.6,11.8236,-41.96891,7.68,5388.4,4.49024,-44.09164,4.21132,5.75089,0.53725,4.20136,5.59714,7.17053,7.13384,44.54891,3.9837,80.31145
PKG,-1.56102,7.93588,34.23284,3.51431,4.84,6.92379,-14.54521,1260.8,18.93605,-34.05995,5.81,1369.4,8.84117,-33.80241,6.92379,8.21124,2.45042,7.29174,9.07254,14.59484,14.59484,45.75215,2.17156,84.33909
PARR,-51.18137,18.36134,4.56038,0.72435,-7.68,-13.0913,-8.902209,-146.588,-4.69101,-8.902209,-6.12,177.173,-0.19044,-8.902209,-13.0913,-10.43773,0.20879,-5.98774,-9.60205,-91.46533,-91.46533,81.42174,-8.902209,-8.902209
PGRE,7.99394,2.19468,16.69512,0.83934,-0.09,-2.02323,0.0,0.0,0.0,29.252895,-0.09,428.303,35.14308,29.252895,-3.54269,-2.86832,0.83934,0.93376,0.96248,-0.53882,-0.30877,45.70133,29.252895,84.16658
PKE,16.81993,5.91942,6.90458,16.67555,0.5,17.00437,36.5,12.285,20.47022,61.29032,0.51,18.673,-11.65207,-91.58748,15.91629,17.42688,15.30722,3.72293,4.45898,6.78781,6.78781,0.29558,0.03419,0.29645
PK,-85.55556,8.07767,20.74043,3.55782,-6.11,-173.5577,0.0,0.0,0.0,-27.671846,-3.77,-168.0,-5.48377,-27.671846,-173.07692,-106.9375,3.42517,-3.35969,-3.53535,-25.28756,-25.5711,52.55682,-27.671846,110.77844
PH,-12.46901,6.78163,47.55891,1.55166,9.29,8.81093,1.09557,2576.639,18.81374,-19.07666,10.91,3462.02,10.23998,-20.23475,8.80829,10.22992,0.9168,6.83075,9.16665,19.97923,19.95098,58.39448,3.33829,140.35274
BTU,-36.10032,12.41853,9.50511,1.79648,-18.99,-64.55173,-60.780872,-1226.2,-42.56013,-60.780872,-18.73,356.2,-32.92015,-60.780872,-64.91618,-63.51467,1.21047,-18.04097,-30.35961,-104.77508,-101.80087,62.19517,-60.780872,164.51646
PEB,-79.39297,14.80142,24.92583,0.65597,-3.25,-88.64386,0.0,0.0,0.0,-14.577974,-3.19,-50.871,-29.7479,-14.577974,-88.44877,-94.07478,0.65597,-3.97729,-4.19677,-11.39056,-11.38568,43.71758,-14.577974,77.67536
PFSI,906.1206,0.46898,47.80115,2.6427,20.92,41.40867,237.22128,2550.88,64.13842,327.81186,22.05,4704.624,434.29935,319.09177,41.40867,41.67057,1.53114,7.55142,13.30784,60.42619,60.42619,78.29177,4.79207,434.29935
PMT,-16.19277,0.1818,20.40763,0.59865,0.27,7.09293,-28.54512,348.762,47.23321,-88.84298,0.26,1075.017,106.89588,-76.86266,7.09293,3.49913,0.59865,1.87399,1.93151,2.525,2.20621,79.03258,24.82369,66.08083
PAG,-15.97418,23.13705,41.07945,0.94308,6.74,2.66534,-1.08881,754.0,3.68814,27.65152,6.04,3184.5,6.34101,24.73612,2.65898,2.38112,0.18319,2.93537,3.59923,17.82182,17.75584,68.63442,9.65279,218.82085
PNR,-23.22118,6.27728,12.68366,1.26227,2.13,11.83312,-0.10693,560.5,18.57313,0.4717,2.39,1057.6,14.19701,0.81529,11.88283,13.18626,0.64686,7.27806,9.95292,17.59027,17.59027,30.5562,1.65352,44.00133
PFGC,0.0,169.75314,15.31302,1.31894,-1.01,-0.47578,-7.88714,414.6,1.72882,169.75314,0.65,2923.7,2.46302,169.75314,-0.47578,0.30628,0.70104,1.39717,2.16205,-6.89676,-6.89676,60.8886,7.54969,155.6799
PR,-46.47738,7.4344,9.3482,0.49736,-2.46,-118.04495,-24.42162,-315.34,-54.32625,-24.42162,-2.85,360.448,-73.60569,-24.42162,-117.63803,-136.18584,0.45771,-11.35084,-12.05719,-23.29674,-23.32727,29.16632,-24.42162,41.17577
PRGO,-15.40764,4.34053,42.4876,2.26737,-1.19,-3.19714,2.40445,902.9,17.75335,116.8155,1.35,1494.9,8.47482,116.8155,-3.19714,3.61271,1.24305,2.84173,3.45926,-2.83797,-2.83789,39.93202,4.1637,66.47805
PFE,-9.11175,5.03248,11.35944,1.35289,1.24,16.75337,-30.57215,14064.0,33.55923,-56.79443,1.62,33266.0,24.60568,-40.90825,22.9455,21.47347,0.77747,3.60836,5.23705,11.05536,11.06366,39.40178,2.93451,65.02135
PM,-5.68182,9.58864,-8.06935,1.09569,5.16,29.94354,1.18915,12679.0,44.18694,11.93059,5.19,19125.0,30.15003,12.12248,28.07556,28.16209,0.56314,16.67522,33.36871,1533.3041,1533.3041,149.19028,2.54302,1533.3041
PSX,-22.88503,9.81767,43.45448,1.39483,-9.06,-5.79145,318.16037,-149.0,-0.23234,318.16037,-1.5,6422.0,-4.9533,318.16037,-6.19844,-1.02808,0.94936,-1.72557,-2.48316,-18.11182,-15.25507,44.29577,318.16037,79.51958
PDM,0.16129,3.37121,15.31245,0.6175,1.85,43.28097,0.0,0.0,0.0,1.64835,1.91,320.091,19.34995,1.4948,43.28153,44.66845,0.6175,1.57356,1.6742,12.53192,12.52026,46.08012,28.586756,85.46034
PNW,10.24041,8.83046,49.99204,0.88084,4.87,15.89225,11.05727,1402.53,39.10056,2.09644,4.59,1634.653,-12.70135,2.27356,15.34881,14.41705,0.35721,2.55896,4.09861,9.95212,10.08408,54.60297,4.9335,120.27874
PIPR,-13.37595,4.37407,60.20797,1.67324,2.72,3.9401,1.54592,161.26,12.87343,-55.04132,3.97,1098.472,58.41886,-63.74216,3.23344,4.36756,1.08881,3.64855,5.00026,5.19047,5.6973,32.48114,2.76267,48.10676
PBI,4.95289,3.80236,0.38607,1.12642,-1.12,-5.39266,-20.70688,306.77,8.6315,64.071976,0.17,1149.415,6.70717,64.071976,-5.10805,0.82042,1.01457,1.70937,2.98293,-108.74547,-108.74547,97.68968,9.15162,64.071976
PLNT,-61.47161,13.75219,-8.52284,5.06561,-0.19,-3.73914,-57.73843,118.026,29.02626,21.558334,-0.14,204.565,-6.08185,21.558334,-3.68675,-2.76486,4.9552,2.24963,3.31815,21.558334,21.558334,156.40718,16.57861,21.558334
PII,35.06275,31.38753,18.4895,1.16836,1.99,1.77794,20.65497,796.4,11.33666,-61.73077,7.18,1616.1,9.65025,-61.47673,1.77651,6.32658,0.47412,7.38837,11.82469,11.08103,10.96143,57.68978,1.98104,136.34949
POR,7.11463,8.18702,29.18347,0.88466,1.72,7.22611,11.54856,850.0,39.62704,-28.03347,2.76,1144.0,-7.9021,-27.57009,7.22611,11.51415,0.64785,2.83457,4.34668,5.95696,5.95696,56.43548,3.98235,129.54459
POST,-3.54331,14.2753,42.98946,2.34791,0.01,0.50889,-6.5614,1065.2,18.69198,-99.39759,0.86,1449.4,5.86362,-99.35846,0.01404,1.03978,1.67796,3.60658,4.34643,0.02768,1.00584,71.65189,6.71282,252.75716
PRI,2.45618,0.51491,46.7075,8.7857,9.57,17.41406,5.5404,553.266,24.94953,11.02088,9.6,1402.99,29.80586,5.39669,17.41406,17.34462,8.75911,2.34128,9.73867,22.14005,22.14005,49.14136,3.20622,96.62343
PRMB,-20.66307,8.39854,8.39682,0.80631,-1.01,-8.02662,7.3472,330.2,16.903,23.050592,-0.12,0.0,8.89493,23.050592,-6.74175,-0.95488,0.6148,2.28894,2.79119,-12.47861,-12.47861,55.11979,5.00969,122.81535
PRIM,12.75499,6.74923,14.85668,1.45898,2.16,3.00682,10.43023,249.876,7.1567,34.16149,2.26,370.214,6.27653,27.50859,3.00656,3.12659,1.14477,5.50582,8.47613,15.62977,15.61873,42.46198,2.11106,73.79811
PRA,-7.98408,1.41463,25.03498,31.70633,-3.26,-18.20161,-99.68959,0.033,0.00372,2.6735978,-0.97,102.928,2.02239,2.6735978,-19.81449,-5.89124,31.70633,-0.09338,-0.2543,-12.28378,-11.28389,18.42937,2.6735978,22.59315
PUMP,-60.29654,5.32497,8.62893,1.61023,-1.06,-13.56002,-73.96834,131.223,16.62667,8.131,-0.66,204.953,6.16368,8.131,-13.56002,-8.43189,1.46901,-1.10918,-1.39678,-11.63213,-11.63213,0.09167,0.00609,0.09176
PG,-15.61301,15.54387,18.83419,0.84871,4.96,18.46794,12.06441,19488.0,27.46723,246.85315,5.41,35700.0,17.08844,234.28278,18.36082,18.96436,0.61739,8.73375,12.85824,27.68286,27.74384,43.17061,1.82733,75.96527
PGR,11.88018,3.6971,28.27187,2.93913,9.66,13.37911,36.52517,7722.0,18.11056,43.75,9.71,8673.1,11.95797,43.68184,13.37911,13.31996,2.93913,7.76323,22.46474,38.3838,36.87834,24.65364,0.72198,32.72041
PLD,120.60465,34.42808,43.15448,0.69579,2.01,34.12665,0.0,0.0,0.0,-18.29268,2.23,3566.001,59.41038,-5.79449,31.28071,34.28561,0.60939,2.2181,2.31411,5.43867,5.18181,32.30683,173.9102,47.72539
PB,0.0,111.56233,66.22667,0.76718,5.68,41.46823,41.12805,797.962,62.56347,25.66372,5.53,1142.267,194.83957,59.044,41.46823,40.34758,0.76511,1.44645,6.65006,8.74113,8.74113,6.78981,0.55965,7.28441
PRLB,0.74326,7.53328,24.06379,4.81558,1.89,11.70985,-16.5199,92.43,21.27787,-19.57447,1.92,217.827,8.12383,-20.08955,11.70985,11.8176,4.37991,5.27516,5.95796,8.27008,8.27008,2.02665,0.14421,2.06858
PFS,0.0,38.935333,20.87071,0.95412,1.39,22.24974,-4.20109,197.272,45.27287,-20.11494,1.47,355.282,97.76943,-13.9231,22.24974,23.46251,0.9537,1.02438,4.27614,6.39173,6.39173,43.42202,6.3017,76.74721
PRU,0.0,741.34283,170.07747,1.78259,-1.0,-0.256,-76.09151,1714.0,3.00538,741.34283,1.42,13648.0,6.57932,741.34283,-0.65578,0.98549,1.78259,0.08552,0.79999,-0.573,-0.22133,32.17187,18.87573,47.43146
PEG,5.60567,6.0188,31.71429,0.65737,3.76,19.83755,10.85126,3555.0,37.01968,12.91291,3.73,3432.0,-1.82495,12.52215,19.83755,19.57638,0.39641,2.90192,4.3566,12.26145,12.26145,52.30508,4.9308,109.66592
PSA,0.0,121.87181,27.3016,121.87181,6.29,45.10529,0.0,0.0,0.0,-13.71742,6.29,2128.103,49.55616,-10.74103,44.97228,36.36872,121.87181,8.1635,8.44697,27.79956,15.41893,24.90824,121.87181,33.1704
PHM,0.0,215.8528,24.6562,5.34825,5.18,12.74763,29.14333,1811.044,16.41021,41.53006,4.97,2786.067,10.37509,38.37307,12.74763,12.09404,1.33382,9.51614,11.81157,23.39241,23.39241,33.13313,1.79758,49.55089
PSTG,21.10058,3.92523,3.14429,3.0751,-0.79,-12.22965,53.81179,-101.573,-6.18051,53.81179,-0.79,1133.554,6.66507,53.81179,-12.22965,-12.15303,2.85941,-5.51282,-9.14364,-25.63777,-25.63777,41.84267,53.81179,71.94736
PRSU,-85.87124,5.76661,4.68988,0.93374,-18.55,-90.2921,-32.408398,-94.106,-22.6524,-32.408398,-10.91,-116.175,-20.25269,-32.408398,-90.04874,-53.25596,0.6154,-8.46062,-10.89544,-132.13063,-87.08244,55.19501,-32.408398,125.31466
QGEN,-0.39911,4.79776,13.01305,2.7107,1.62239,19.20436,27.82816,724.7,38.74684,106.65735,1.86627,1295.879,15.73307,106.65735,19.20436,21.49504,2.11491,6.087,7.43174,13.46678,13.46678,42.06921,2.80362,72.61976
QUAD,-12.49726,6.85126,1.56611,0.99487,-2.1,-3.63872,-23.98082,253.6,8.65647,37.953964,-0.09,594.8,8.16835,37.953964,-4.37944,-0.15545,0.66545,2.07144,3.52526,-68.49051,-64.78274,92.26207,3.98699,37.953964
KWR,-0.80004,3.78574,73.96583,2.07,2.22,2.80649,31.06448,216.626,15.28035,6.73077,5.09,514.472,10.73345,25.41269,2.79739,6.36215,1.4489,2.91781,3.76294,3.09692,3.10438,41.21224,4.27468,70.10343
NX,7.01137,9.99042,10.84466,1.59172,1.17,4.52058,1.80299,104.514,12.27305,21.957535,1.23,192.823,8.46058,21.957535,4.52058,4.72155,1.07423,5.35696,7.06972,11.22421,11.22421,32.30227,1.6242,47.71545
PWR,-5.35248,3.43688,31.41129,1.67795,3.07,4.03439,-3.67336,930.838,8.30907,12.45421,3.1,1660.847,6.30396,10.83265,3.97759,3.91226,1.56938,4.69874,6.82858,10.61641,10.75734,25.04339,1.56097,33.41052
DGX,42.99153,7.30701,50.81955,1.72185,10.47,15.88429,59.19948,2466.0,26.13119,70.79935,10.99,3642.0,13.15964,66.78322,15.16372,15.60517,1.50957,9.79288,11.62367,23.08065,23.69211,40.31699,1.88767,68.3654
REVG,-9.54635,9.43496,7.44917,1.81534,-0.48,-1.33913,-32.77712,56.4,2.47629,17.245584,-0.14,228.1,1.658,17.245584,-1.33913,-0.38753,0.53812,0.76145,1.17378,-6.24169,-6.24041,43.76042,6.51596,77.81071
REX,13.98313,34.33967,21.24428,8.58049,0.39333,2.78542,-52.93401,16.234,3.88342,-75.96741,0.39333,20.402,3.32434,-76.53026,1.77665,1.78341,7.14713,-0.87111,-0.92578,1.87091,2.59079,3.3295,0.96236,3.44418
RH,21.76561,59.34881,0.96954,0.60733,9.07,8.32532,13.13162,420.896,15.90059,59.6831,11.58,1095.011,11.26668,46.29346,8.32532,8.34778,0.09852,10.5015,14.67456,91.392685,91.392685,99.01143,4.43816,91.392685
RLJ,-66.43529,17.65723,13.9366,4.97547,-2.61,-87.18877,0.0,0.0,0.0,-10.410375,-2.58,-30.235,-10.14298,-10.410375,-86.25866,-90.51983,4.97547,-2.77338,-2.9071,-15.75239,-13.82519,50.21246,-10.410375,100.85347
RPM,-7.23872,4.55654,9.74778,2.21605,2.34,5.5399,1.29685,726.421,13.19088,16.41791,3.11,2113.155,7.27471,14.19091,5.52724,7.25506,1.28406,6.46118,8.90286,22.81407,22.82465,69.16301,3.90471,224.28584
RTX,8.34086,3.06763,47.49319,1.21,-2.29,-5.17433,-58.84517,5146.0,9.09396,625.44135,0.76,8531.0,7.99963,625.44135,-6.21874,1.82361,0.78071,0.51927,0.7902,-5.4574,-4.9539,31.40151,6.57229,45.79565
RDN,56.37492,9.02311,22.36022,15.03525,2.0,27.36142,-40.02179,581.794,40.4412,-37.5,2.05,836.445,7.7571,-41.45162,27.36142,27.85023,12.5542,4.72975,6.31614,9.44732,9.44732,27.62806,2.81123,38.1751
RL,-30.39437,18.24585,37.14621,1.61338,4.98,6.23884,-9.16238,901.2,14.63035,-5.50285,6.47,3812.8,10.76192,-10.81457,6.23884,7.96172,1.21085,5.97174,7.79399,12.8522,12.8522,54.50845,3.58067,119.82102
RRC,-7.42323,7.48578,6.64724,0.41005,-2.95,-36.18507,39.809284,294.107,14.95171,39.809284,-1.19,412.023,3.49031,39.809284,-36.18507,-14.6023,0.35807,-1.17219,-1.43971,-35.7226,-35.7226,65.82039,10.72207,192.57213
RNGR,-36.76815,5.38881,11.91758,1.08182,-1.21,-9.85091,-62.28814,17.8,9.47817,-0.674029,-1.35,39.9,13.37859,-0.674029,-5.48456,-6.13395,0.90303,-4.02546,-4.4829,-9.58585,-9.541,15.61644,1.92135,18.50649
RJF,-1.02113,0.34079,34.73031,1.24363,3.88667,9.69638,-19.38406,1335.0,16.34427,-18.68898,4.15333,7263.0,35.83956,-20.88975,10.01469,10.4952,1.00129,1.76105,7.4539,11.94597,11.46248,33.91657,2.7588,51.32386
RYN,80.93413,22.54731,10.70648,1.87156,0.27,3.46667,8.87175,261.069,30.38675,-41.30435,0.41,161.921,13.04139,-37.25742,4.31634,6.38827,1.46584,1.8224,1.95093,2.5452,1.68728,42.44392,5.62892,78.89517
RMAX,4.68161,9.07404,28.14768,1.41901,0.61,7.72403,-18.04006,75.79,28.49237,-56.42857,1.11,201.599,24.31387,-55.07189,4.22931,7.58219,1.30013,5.70441,8.10447,2.21555,20.54261,73.33153,3.68823,274.97467
O,58.03472,4.85164,30.40518,4.28579,1.14,24.00702,0.0,0.0,0.0,-17.3913,1.18,1542.484,48.47689,-9.39237,23.94527,24.66846,4.24619,2.07723,2.15997,3.81009,3.80855,44.78992,81.6832,81.12635
RWT,-43.73427,0.04623,9.91078,16.07555,-5.12,-101.55231,-10.58189,451.574,78.81519,-4.017083,-4.47,-330.763,-4.017083,-4.017083,-101.55231,-88.8893,16.07555,1.92082,1.9578,-39.60662,-39.60662,89.08351,20.07521,-4.017083
RRX,-6.37191,6.50772,62.66995,2.25219,4.64,6.66667,-3.97799,453.8,15.6106,-18.0212,5.45,824.8,11.59701,-20.76183,6.51187,7.61163,1.26922,4.468,5.50878,7.73363,7.81862,30.82065,2.52997,44.5518
RM,-8.44517,0.37303,24.89233,7.45223,2.4,7.14886,-17.87006,86.744,23.19941,-36.84211,2.86,239.754,36.19292,-40.24412,7.14886,8.36034,7.39125,4.3949,4.53307,9.29891,9.29891,74.41424,9.12396,290.84238
RF,0.0,327.43005,17.13217,0.83663,1.03,16.50075,-25.44643,2171.0,32.7451,-31.33333,1.07,4955.0,327.43005,-30.84703,16.50075,15.47707,0.82095,0.99176,5.54245,6.95929,6.35936,18.51069,1.89498,22.71548
RGA,1.38269,1.24065,211.19237,2.33518,6.31,2.85302,-41.13731,751.5,5.16637,-53.67107,6.35,1556.0,6.10047,-52.29885,2.85302,2.85401,2.33518,0.53443,2.57517,3.19809,3.19809,21.62944,5.27079,27.59894
RS,-13.25155,8.83797,80.43082,5.07798,5.66,4.2261,-22.94165,950.9,10.79109,-45.26112,7.83,2813.3,9.82209,-47.38418,4.18865,5.716,2.62953,5.5703,6.47121,7.15172,7.20533,26.53205,1.94553,36.11377
RNR,16.80888,0.86476,138.45915,2.99155,15.31,19.36786,0.0,0.0,0.0,-6.01596,16.14,1322.257,25.73051,1.81718,14.86938,14.8272,2.99155,2.29518,5.79575,12.34003,9.93493,9.79617,71.40472,15.72724
RNST,0.0,41.350224,37.94899,0.97798,1.48,11.40181,-24.3548,219.011,29.85168,-48.61111,1.77,575.479,106.62195,-50.08771,11.40181,13.57565,0.9429,0.96633,4.73773,3.92873,3.92873,20.96868,2.5837,26.53211
RSG,-3.0731,9.15894,26.61198,0.66687,3.02,9.54932,5.20018,3024.4,29.78648,-9.30931,3.73,4053.1,10.22482,-9.8854,9.52569,11.72906,0.59882,5.11164,6.78645,11.65154,11.67511,51.94049,3.03343,108.07535
RMD,-10.07267,5.78438,17.23431,2.52747,4.27,21.02372,22.39798,962.654,32.55495,52.5,4.3,1767.389,19.86719,53.65455,21.02372,20.9892,1.57152,11.63102,14.16552,27.21138,27.21138,34.22455,1.34967,52.0324
QSR,0.83333,10.30705,7.11147,1.41412,1.6,15.09662,-18.38402,1798.0,36.19163,-32.48945,1.64,1973.0,13.97444,-24.4168,9.78261,9.9694,1.30918,4.4725,5.7051,20.87181,18.79699,79.05196,7.80979,171.37599
RVTY,59.28495,4.02357,33.32583,1.35512,6.5,19.24787,93.11801,1241.042,32.80797,218.62746,6.64,1739.947,17.2583,219.86877,19.2423,19.57449,0.94282,8.57424,11.27521,22.23432,22.23432,37.27,1.78832,59.41335
REXR,0.0,22.737926,22.84795,3.24833,0.51,24.50361,0.0,0.0,0.0,8.51064,0.51,250.419,52.57777,23.2724,23.14296,18.67289,3.24833,1.42947,1.49067,2.8741,2.62943,25.72038,22.737926,34.62643
RHI,-14.24525,6.60521,10.65421,1.76065,2.7,5.99483,-40.40203,408.851,8.00256,-30.76923,2.72,2012.611,17.85599,-32.60261,5.99483,6.00162,1.6197,8.86637,14.75602,26.07745,26.07745,20.07373,0.7404,25.1153
ROK,5.97268,5.21443,8.8451,1.48321,8.77,16.16481,-14.9095,1288.1,20.34977,50.42882,8.83,2595.2,11.764,47.0825,16.16797,16.15397,1.07925,10.4222,21.88226,142.93295,116.87036,63.70301,1.83503,175.5049
ROG,11.23117,5.25017,54.65305,4.25235,2.67,6.22864,-4.89394,156.342,19.47985,5.5336,3.46,291.82,14.26131,5.64467,6.22864,8.05353,3.19048,4.18362,5.00349,5.11497,5.11497,3.27586,0.22112,3.38681
ROL,3.46128,14.64807,1.91484,0.66618,0.53,12.06837,13.76141,456.421,21.11867,28.22581,0.54,1112.628,16.83374,28.26548,12.06837,12.28316,0.52598,12.81559,17.24877,29.68784,29.68784,30.70618,0.91395,44.31302
RCL,0.0,-159.46646,36.90272,0.95033,-27.05,-261.45947,-159.46646,-1704.07,-77.14896,-159.46646,-19.24,-486.999,-219.13686,-159.46646,-262.47052,-186.69849,0.8747,-5.93952,-7.00658,-55.41311,-53.7359,69.53475,-159.46646,228.2428
R,-2.75329,7.27913,41.97791,0.77711,-2.15,-1.3301,3.31367,2301.908,27.33828,178.13396,2.31,1275.0,13.22124,178.13396,-1.45189,1.43652,0.64956,1.8722,2.59731,-4.73369,-4.73369,75.29783,2.98685,178.13396
RHP,-49.12799,3.84952,3.7785,1.62777,-7.59,-87.72062,0.0,0.0,0.0,-19.563377,-6.32,-10.117,-1.10219,-19.563377,-79.45341,-66.12247,1.43571,-3.78771,-4.37488,-98.20618,-77.64295,89.60634,-19.563377,-19.563377
SPGI,1.01459,4.69527,2.11554,1.66936,9.66,34.04999,14.28155,3921.0,52.68745,12.32558,10.95,5348.0,38.89411,10.17428,31.42972,35.46023,1.59576,19.44212,29.78672,441.8827,82.32619,58.64792,1.21245,441.8827
SFL,-16.07171,6.15848,6.22526,0.61824,-2.06,-47.64387,-3.81239,302.233,64.16196,41.278786,0.32,310.784,6.87434,41.278786,-47.64387,7.40288,0.59846,3.42036,3.49032,-23.5986,-23.5986,73.6348,7.35246,279.28778
SLG,0.0,49.98606,70.52144,2.60265,5.01698,41.08435,0.0,0.0,0.0,52.58065,4.74121,603.693,38.83709,37.20723,36.7553,33.06203,2.60265,0.60892,0.64621,7.4906,7.0859,49.65412,49.98606,105.50302
SM,-16.89282,7.28164,17.57125,0.3489,-6.72,-67.87025,8.649002,-386.28,-34.28778,8.649002,-8.74,754.356,0.0,8.649002,-67.87025,-88.2315,0.27832,-13.65088,-15.73171,-32.09189,-32.09189,52.60595,8.649002,110.99695
SPXC,7.16672,4.57197,13.97229,1.16704,2.2,6.4572,22.44356,184.4,11.8243,31.73653,2.68,395.5,5.58192,37.0945,6.23277,7.66932,0.7668,4.09503,9.06593,17.79781,17.79781,41.77309,2.44794,71.74189
STAG,35.08126,7.14771,16.69431,1.07595,1.32,42.73887,0.0,0.0,0.0,277.14285,1.31,394.052,55.33533,310.19257,41.77825,40.28385,1.07595,1.86403,1.93598,8.29877,8.05442,38.4517,58.535126,62.47404
SAFE,47.29441,0.2819,25.92044,24.36427,1.17,37.47724,76.47189,127.238,80.15952,31.46067,1.17,156.251,-93.93691,114.11187,37.35502,37.36193,24.36427,2.68032,2.79234,4.79932,4.80789,55.03221,13.2858,122.3814
CRM,28.87721,2.90733,37.94513,1.07531,0.15,0.73693,-1.05634,1405.0,8.21734,-89.51049,0.3,12863.0,33.26412,-88.64865,0.73693,1.45456,0.98148,0.73227,1.06362,0.50919,0.50919,15.58717,4.45338,18.4654
SBH,-17.49351,89.28004,0.13739,2.54383,0.99,3.22238,-29.09247,400.763,11.40368,-56.19469,1.24,1715.594,7.35872,-58.30802,3.22238,4.01819,1.01281,7.41608,9.50931,104.84855,104.84855,99.34568,5.85064,104.84855
SD,-43.70466,5.58801,3.56452,0.73772,-7.77,-241.22687,-67.3548,-172.021,-149.6147,-67.3548,-6.61,61.911,-91.82232,-67.3548,-241.22687,-205.17699,0.6946,-33.11751,-47.30658,-104.55932,-104.55932,13.50749,-67.3548,15.61695
SLB,-32.27056,3.6326,8.66967,1.23144,-7.57,-44.43032,-35.44497,3801.0,16.10525,290.11337,0.7,2601.0,13.52538,290.11337,-44.56591,4.12271,0.78667,2.09629,2.90457,-58.70894,-57.19896,58.89884,4.7085,143.30211
STNG,-64.58063,17.94618,35.55967,0.59634,1.67,10.27676,51.27843,479.244,52.32538,66.011955,1.82,574.185,41.06263,66.011955,10.27676,10.86287,0.54294,3.17482,3.2089,4.65643,4.65643,59.60222,6.3596,147.53835
SMG,112.05896,11.82654,12.49462,1.28009,6.78,9.36441,36.2999,699.9,16.94017,-12.74131,7.36,1363.0,14.16279,-15.91057,9.37651,9.92236,0.54051,11.80335,15.89286,54.48125,54.25987,70.53077,2.40363,239.33704
SEE,-2.53369,8.92383,1.11369,1.37597,3.1,9.87314,12.8426,1008.7,20.57228,64.02116,3.36,1609.3,8.34175,91.21673,10.25657,10.63534,0.90083,8.80454,13.5122,142.08673,142.08673,95.69922,3.80529,142.08673
WTTR,-51.65229,3.04823,6.82961,3.96026,-3.98,-66.39046,-99.39965,0.95,0.157,-8.279672,-1.26,76.503,20.13481,-8.279672,-55.97111,-17.73252,3.40112,-5.66368,-6.34023,-44.27491,-44.17808,9.65127,79.37263,10.68224
SRE,25.13878,8.00986,35.05737,0.6596,3.29,19.83289,7.22116,4499.0,39.56904,7.34095,3.705,4498.0,-17.00308,78.9354,34.59103,18.96993,0.43325,2.67693,3.62399,11.04573,9.64933,49.72883,5.48233,98.92115
ST,3.3651,5.36892,17.16298,1.99308,1.04,5.39425,-24.61283,655.26,21.51513,-40.57143,1.31,972.392,16.4494,-41.88968,5.39425,6.76911,1.63102,3.40656,3.9543,6.22385,6.22385,59.97248,6.18622,149.82812
SXT,9.8175,5.9553,22.08467,3.43398,2.59,8.21861,5.05094,221.377,16.61988,33.50516,3.02,423.782,13.40495,33.42596,8.21861,9.59076,1.19887,6.16689,7.14879,12.05689,12.05689,37.08544,2.48784,58.94571
SCI,21.47949,52.32429,10.26698,0.46101,2.88,14.69844,24.50894,1013.504,28.86235,44.72362,3.0,992.439,15.78237,39.58674,14.69189,15.09684,0.40824,3.70555,9.43836,28.85337,28.86772,68.61772,3.78107,218.65115
NOW,20.84765,4.89998,14.47316,1.20997,0.59,2.62205,97.53855,484.406,10.71817,-81.44654,0.86,3532.0,40.13163,-81.09089,2.62205,3.67437,1.10167,1.81006,3.24189,4.77602,4.77602,42.96416,4.40781,75.32836
SFBS,0.0,46.502285,18.39597,0.97994,3.13,40.4566,14.55433,254.235,60.65663,13.4058,3.15,325.373,46.502285,13.6194,40.4566,40.46605,0.97801,1.49742,9.44244,18.48635,18.47626,48.2833,3.64599,93.36115
SHAK,-29.21997,76.79057,10.52012,1.85211,-1.14,-8.70852,-88.28954,7.911,1.513,11.982955,-1.13,161.126,-7.67377,11.982955,-8.06285,-8.02418,1.76138,-2.41825,-3.44915,-11.94054,-12.03842,46.97878,48.66351,88.60373
SHW,-0.4347,8.60134,13.43919,0.99935,7.36,11.0578,14.86455,3472.7,18.91274,33.89933,7.55333,8682.6,14.9562,31.73295,11.0578,11.15939,0.51295,8.83697,12.78201,52.50514,52.50514,73.69046,2.91229,280.0903
SIG,4.76191,141.8956,23.37667,1.90899,1.4,1.71905,12.36032,492.7,8.02822,141.8956,3.75,2203.4,6.21201,141.8956,1.71905,3.15907,0.25602,3.66982,5.80859,8.7039,5.77055,56.47977,4.84555,129.77821
SLGN,22.6836,8.75385,11.38386,1.50987,2.77,6.27236,20.61555,731.321,14.85838,59.1954,3.1,867.399,5.22012,59.28777,6.27236,6.97653,0.86354,5.59555,7.82522,27.12615,27.12615,73.45199,4.73992,276.6761
SPG,48.61894,4.66162,9.12442,0.54551,3.59,26.48856,0.0,0.0,0.0,-47.28341,3.72,3715.149,46.30172,-47.06069,23.07184,23.81718,0.54551,4.1399,4.65546,40.59446,37.63172,88.15993,181.20326,181.20326
SSD,18.48684,8.32827,22.64098,3.88094,4.27,14.74827,36.04791,290.231,22.88987,43.28859,4.28,576.384,10.76371,39.57099,14.74827,14.75415,2.26613,13.53297,16.1025,19.96903,19.96903,4.5468,0.161,4.76338
SPNT,11.14038,1.38832,16.36196,21.6557,1.53,16.31428,-21.44429,157.417,17.85194,-29.16667,1.54,207.2,3.33229,-28.46291,16.27561,16.15635,21.6557,2.74617,6.11147,9.63849,9.65697,7.46401,0.80205,8.06607
SITC,6.92414,6.61339,33.48593,0.47049,0.32,7.7237,0.0,0.0,0.0,-75.75758,0.6,323.04,33.19906,-64.52696,7.54026,6.12162,0.4481,1.6329,1.71976,2.18482,1.86384,50.36343,19.366575,101.46435
SITE,3.31687,9.38737,17.95434,2.31036,2.75,4.48512,34.69731,240.3,8.88519,51.0989,2.89,901.3,5.67619,56.11326,4.48512,4.57987,0.96256,6.89312,8.52239,20.41744,20.41744,41.67278,2.36371,71.44654
SKX,-3.9521,7.29337,16.04715,2.75776,0.64,3.16959,-53.95328,290.075,6.28762,-71.55556,0.67,2205.798,-0.42579,-71.55933,2.13646,2.23919,1.78165,1.95785,2.45296,4.11017,5.55809,42.37577,6.90994,73.53811
SMBK,0.0,26.355314,23.64255,1.01781,1.62,18.28937,20.29032,56.35,42.356,-14.28571,1.87,107.609,229.29037,-8.34715,18.28937,21.02079,1.012,1.09333,7.21749,7.26421,7.26421,25.98168,2.22488,35.10169
SW,0.0,0.0,0.0,0.0,0.0,0.0,0.0,0.0,0.0,0.0,0.0,3515.5964,0.0,0.0,0.0,0.0,0.0,0.0,0.0,0.0,0.0,0.0,0.0,0.0
SNA,0.0,143.23119,70.69794,2.64658,11.44,16.39694,-3.97853,1001.6,25.40713,-7.81628,11.91,1997.1,19.55285,-9.58904,15.90483,16.40488,1.89441,9.23307,11.29882,17.33481,17.76459,28.24311,1.51158,39.35943
SGI,3.14516,9.73111,2.45778,0.99344,1.64,9.51345,39.17902,647.6,17.61266,90.14493,1.85,1638.4,13.77451,84.06333,9.48625,10.46031,0.4603,10.78425,15.70968,80.82493,80.05493,76.83285,2.62971,123.79777
SAH,-14.11372,24.2838,19.48036,1.02793,-1.19,-0.51872,-3.4821,392.962,4.02335,92.17549,3.55,1423.6,4.61215,92.17549,-0.52611,1.54412,0.33589,4.82823,5.51795,-5.75868,-5.75868,75.03527,6.2322,92.17549
SON,-6.27093,7.16618,18.91152,1.21098,2.05,3.95691,0.38306,776.474,14.82544,-28.81944,3.21,1046.339,11.51805,-28.89868,3.96115,6.1865,0.87806,6.27876,8.45032,11.20729,11.12335,51.32336,2.59431,105.43735
SSB,0.0,65.2851,65.488,0.92599,2.19,9.8784,16.03218,409.43,33.52771,-59.14179,2.88,901.616,65.2851,-35.31207,9.8784,12.91363,0.91525,0.84495,4.77083,3.43637,3.43637,21.70074,3.14624,27.71513
SO,6.60813,9.11429,26.46358,0.71339,2.93,15.22945,3.1678,8663.0,42.51779,-34.88889,3.26,9897.0,-3.1362,-34.07657,15.3816,16.928,0.36427,2.66156,3.91429,11.29838,9.61053,61.07867,5.89184,156.92851
SCCO,26.57318,8.16828,8.98566,3.47718,1.95189,19.7598,11.55683,3923.9,49.14151,5.72917,1.98074,4169.5,27.19023,5.6939,19.66712,19.94497,2.69425,11.79885,13.27518,22.37818,22.32599,50.83518,1.91728,103.39747
SBSI,0.0,36.33218,26.56359,0.64333,2.47,29.1778,4.15013,125.202,44.46725,12.27273,2.47,216.796,83.67977,10.19261,29.1778,29.12575,0.64267,1.02781,3.55277,9.78084,9.78084,56.34943,9.02493,129.09207
LUV,-50.90909,73.56098,15.03199,2.02145,-5.44,-33.97436,-231.78618,-3718.0,-41.09195,-231.78618,-6.88,-860.0,-36.54123,-231.78618,-33.97436,-42.96198,1.92699,-10.27768,-17.81007,-32.86295,-32.86295,57.88375,-231.78618,137.43803
SWX,9.28693,5.69867,46.77064,0.95509,4.14,7.24444,11.84849,755.031,22.88754,5.07614,4.15,818.491,-6.05491,8.59509,7.04253,7.04458,0.75433,3.12764,4.73298,8.96854,8.80057,51.09475,3.93076,110.94946
SR,-8.47603,16.58829,44.18159,0.40754,1.44,4.77525,14.56129,552.3,29.76717,-59.09091,4.34,700.7,-11.26913,-52.00433,4.77525,11.97629,0.17762,2.79785,3.98522,3.8679,3.49362,55.86524,5.78852,126.7494
SPR,-21.1496,3.65361,8.11525,2.62373,-8.38,-25.56097,-51.445633,-374.1,-10.98743,-51.445633,-6.74,-407.0,-29.25869,-51.445633,-25.56097,-20.56761,1.7794,-5.09462,-8.44355,-66.48841,-66.46302,82.15587,-51.445633,-51.445633
JOE,27.03752,9.14843,9.35104,2.90832,0.77,28.32674,43.89089,59.873,37.29127,71.11111,0.77,80.779,-51.10764,68.8254,28.15422,28.3004,2.73138,3.02361,3.45073,8.44807,8.28536,37.25331,5.63406,59.37096
SMP,46.13699,6.76703,24.62016,1.97796,3.52,7.12545,12.54252,138.308,12.25496,16.17162,3.7,336.655,7.55986,-0.90474,5.08538,7.33517,0.71886,7.48855,11.76288,15.25268,15.25268,6.9977,0.29934,7.52423
SXI,-16.1788,5.13833,37.72736,2.70186,3.31,6.78439,-13.35762,97.756,16.17045,-11.49733,3.6,215.455,9.22372,-70.27417,3.33943,7.33893,1.90679,4.5173,6.12247,8.85884,8.85884,34.52874,2.49048,52.73876
SWK,2.43921,10.81041,60.27483,1.32418,7.46,8.4949,8.01209,2502.1,17.21478,17.48032,9.05,4377.1,9.62032,29.08558,8.48871,9.5998,0.63851,5.44575,8.28065,14.24251,12.21955,30.17031,1.91092,43.20556
STWD,5.83846,0.0994,15.77027,6.10518,1.16,31.1964,0.0,0.0,0.0,-35.19553,1.17,551.756,-31.3244,-34.92007,28.26561,28.11437,6.10518,0.49462,2.27177,7.21901,7.32192,72.50185,40.330902,263.6608
STT,0.0,855.0024,67.19127,0.61004,6.32,20.03643,-0.52593,6809.0,56.37523,17.47212,6.76,11615.0,855.0024,7.93934,20.03643,19.74969,0.6085,1.2754,8.0807,10.70844,9.55936,45.86665,3.26024,84.72901
SCS,-4.58622,9.76452,8.27972,1.72065,1.66,5.36295,26.31976,335.0,8.99643,58.09524,1.5,1215.2,7.00949,58.49206,5.36295,4.72514,1.33362,6.62199,10.22601,21.94264,21.94264,43.31113,2.21313,76.40148
STEL,0.0,27.321106,26.46856,0.97636,1.56514,18.21958,-5.83216,95.344,38.15011,-10.12146,1.57219,183.465,170.25594,-14.02028,18.21958,18.21616,0.97452,0.9928,5.65407,6.20129,6.20129,26.65301,2.8915,36.33825
SCL,8.84154,6.46794,43.90571,2.17415,5.45,6.82744,14.14135,232.894,12.45589,23.30317,4.76,365.613,3.90076,22.92372,6.78005,5.84235,1.56344,5.66655,7.85775,13.49711,13.57421,20.90733,1.12182,26.43396
STC,0.0,87.4954,37.60521,2.75178,6.22,7.42569,131.33717,267.361,11.70105,87.91541,7.22,1227.528,10.76696,97.04255,6.77941,7.83417,2.75178,8.68524,14.02582,17.679,19.21361,17.90868,0.82608,21.81556
SF,7.54096,0.31299,35.90695,0.8527,4.16,13.18736,3.70168,762.871,19.98175,13.6612,4.49,3497.44,42.9175,12.28289,13.18736,12.48668,0.79148,1.71433,6.4376,14.36735,12.73234,38.38926,3.46212,62.30936
SRI,-1.31275,4.70748,10.984,2.29147,-0.29,-1.22684,-55.49754,34.691,5.3535,11.109959,0.0,158.05,-3.90554,11.109959,-1.22684,0.0,1.44243,0.20258,0.27494,-2.71082,-2.71082,35.51603,4.70952,55.0773
SYK,0.0,577.48236,34.78862,1.92561,4.2,11.14208,-9.07153,3839.0,26.75075,-23.35766,6.51,9158.0,21.81033,-23.23572,11.14208,17.03369,1.13569,5.86655,7.30552,12.35178,12.35178,52.43738,3.75749,110.24916
INN,-19.79555,5.88868,9.35254,2.13199,-1.52,-63.61463,0.0,0.0,0.0,0.63456327,-1.52,78.757,5.3493,0.63456327,-61.09724,-67.47183,1.95468,-2.97603,-3.07266,-13.25782,-13.00353,51.41139,0.63456327,105.80954
SUI,20.92195,11.06596,51.33774,1.20189,1.34,10.53156,0.0,0.0,0.0,-25.55556,1.62,768.9,35.11337,-18.532,9.40042,11.28387,1.04897,1.97814,2.07518,2.81678,2.99525,44.95317,44.347687,85.50015
SXC,-22.18487,25.19849,5.6661,1.44556,0.04,0.66017,-16.83407,207.0,15.52888,32.472073,0.0,284.8,5.0422,32.472073,0.27757,0.0,0.63059,2.68027,3.60856,0.77035,1.72668,57.8367,3.31932,137.1731
SHO,-75.67099,12.36971,8.62108,4.79272,-1.93,-151.62257,0.0,0.0,0.0,-27.363281,-1.82,-8.15,-86.9287,-27.363281,-149.47404,-145.1566,4.67773,-6.55629,-6.91463,-19.07344,-17.42959,27.57082,-27.363281,38.0659
SYF,-12.26643,0.21502,20.49109,1.29143,2.27,8.40821,-41.68893,2838.0,17.22924,-59.17266,2.4,5852.0,60.22037,-63.0371,8.40821,8.58184,1.29136,1.52846,4.83801,10.52392,9.96797,55.39753,5.55849,124.20282
SNV,0.0,120.399216,31.23629,0.89388,2.3,16.18703,-22.79723,873.967,37.85688,-33.71758,2.76,1664.239,120.399216,-33.71617,16.18703,17.62384,0.89288,1.0648,6.82864,8.27791,7.39769,21.79165,1.64552,27.86359
SYY,-30.80437,14.95165,2.27957,1.83812,0.42,0.40738,-29.49929,2373.302,4.48696,-86.875,1.92,9901.664,2.61438,-87.13022,0.40738,1.85171,1.35151,5.07209,7.63391,11.77068,11.55081,92.66843,6.35298,530.7928
SNX,-3.21514,5.83876,84.85438,1.55755,10.21,2.14447,-3.23743,1216.618,4.93046,4.82546,11.02,1193.858,6.65683,5.68151,2.14447,2.27317,1.01703,4.34595,7.53189,13.02178,13.02178,43.76503,2.77551,77.8253
TEL,2.4569,5.18288,28.37675,1.56748,-0.78,-2.12783,-17.25424,2441.0,20.05422,287.63327,4.27,3735.0,8.00403,287.63327,-1.97995,11.64673,0.90027,5.55399,7.55089,-2.5961,-2.58161,32.67867,1.88816,49.12075
TJX,11.54006,113.89384,4.96056,1.2434,2.67,7.84379,4.71137,5274.409,12.64332,9.87654,2.71,11871.197,5.9057,6.94147,7.84379,7.84842,0.5039,14.34914,22.1358,59.51163,59.51163,65.83978,2.1736,192.73814
TXNM,17.87028,9.75605,23.8768,0.3861,2.15,12.29905,39.59884,578.076,37.9561,121.64949,2.34,859.851,-13.3037,122.49711,11.37897,12.31556,0.24665,2.48106,3.54488,9.29697,9.67221,61.98068,5.97866,163.02415
TALO,25.96347,4.18013,11.40011,0.55279,-6.88,-79.2538,-98.71953,7.694,1.30965,8.758079,-6.73,328.318,-31.17028,8.758079,-79.2538,-77.51312,0.46784,-9.36557,-13.0117,-46.44722,-46.44722,53.54187,138.79453,115.24756
SKT,27.40964,5.19261,3.6485,1.16491,-0.4,-9.69616,0.0,0.0,0.0,17.744225,-0.39,277.508,0.0,17.744225,-9.2536,-9.21356,1.16491,0.65305,3.58562,-9.36695,-9.32844,82.20598,17.744225,17.744225
TPR,-35.15599,20.19292,8.24185,1.46553,-2.34,-13.14347,-62.84525,437.2,8.81203,178.90123,-0.14,3351.7,2.2408,178.90123,-13.14347,-0.78615,0.96074,1.59528,1.98661,-22.52582,-22.52582,66.3737,10.27745,197.38622
TRGP,0.91228,9.6173,11.63675,0.82067,-7.26,-16.04058,46.09176,2063.4,24.97972,242.57648,1.24,3073.8,6.32574,242.57648,-18.81167,3.48569,0.62133,4.30482,4.87751,-41.02869,-17.7539,55.73992,3.78691,125.93721
TGT,0.0,1340.9788,23.46891,0.89059,6.34,4.18502,10.03949,7245.0,9.27514,15.27273,6.39,23248.0,4.23206,11.71263,4.20038,4.17945,0.24429,6.90058,11.47649,28.26632,28.26632,54.1481,1.92878,118.09347
TMHC,0.0,75.95576,27.0669,8.22652,1.88,4.07104,25.01641,478.144,7.80093,-20.0,2.7,1064.3,-19.94505,-4.40326,3.97171,5.63019,0.80225,4.54266,5.29724,8.0579,8.12863,45.59363,6.29859,83.80202
TISI,-20.36854,3.79247,69.5093,2.13326,-77.4,-27.82313,-65.6424,20.92,2.45385,9.433152,-20.6,238.711,4.71993,9.433152,-27.82313,-7.4031,1.69445,-1.82002,-2.17593,-72.84288,-72.84288,64.03388,18.26377,178.03944
FTI,0.11805,5.65335,9.24182,1.09885,-7.33,-25.02744,-37.2733,989.2,7.64605,77.00723,0.19,694.8,3.98573,77.00723,-25.4116,0.65897,0.783,1.56787,3.00734,-55.65836,-54.02262,54.54157,5.16458,121.22535
TECK,23.54049,7.53833,37.72786,1.23267,-1.27139,-10.54984,-48.19198,618.42725,8.80644,78.92875,-0.91822,1078.3236,-26.02118,78.92875,-9.65579,-6.98729,0.5473,-1.29608,-1.85254,-4.17967,-4.41307,27.56655,10.00127,38.05776
TK,-63.24858,4.65972,4.76128,0.76406,-0.82,5.02512,10.15918,736.044,40.65317,62.338036,-0.6,380.744,44.09287,62.338036,-4.58055,-3.34882,0.63863,3.95726,4.3146,-17.21904,3.60833,60.89324,5.22802,155.71028
TNK,-62.1508,13.4461,31.97884,1.24497,2.57,9.85037,32.11945,334.829,37.77258,108.94309,4.63,368.635,38.30827,111.1044,9.85037,17.61202,0.71758,6.68403,7.29308,8.44123,8.44123,36.38197,1.84274,57.18814
TGNA,-5.33033,5.18804,9.37629,1.58565,2.19,16.43292,44.77394,1024.293,34.86623,67.17557,2.36,1434.493,22.54839,68.66491,16.43343,17.61151,1.42808,8.05752,9.56737,26.46467,26.35597,63.8709,3.57789,178.06792
TRC,-53.84925,5.20286,16.36271,5.29523,-0.03,-1.97462,-2.461322,-1.809,-4.78192,-2.461322,-0.07,2.683,-36.43636,-2.461322,-1.95612,-4.84911,4.84605,-0.78397,-0.83544,-0.17205,-0.16769,11.32627,-2.461322,12.77297
TDY,-5.56817,4.80342,87.37281,2.2639,10.62,13.02249,1.84849,617.1,19.99546,-1.02516,11.67,1180.9,14.31493,-0.09943,13.02249,13.87755,1.70482,6.47854,7.97713,13.52447,13.52447,22.10481,1.48469,28.37763
TFX,-5.63734,6.23576,71.47509,2.63399,7.1,13.23533,-3.11488,693.711,27.34207,-27.62487,7.76,1324.874,11.63051,-27.33506,13.21653,14.21855,1.42762,4.33114,5.33263,10.63372,10.63372,43.67507,3.72941,77.54127
THC,2.66544,5.33333,0.26398,1.47452,3.75,4.35374,-16.37011,2115.0,11.9898,425.07162,-0.7,6231.0,7.43906,425.07162,2.26191,-0.41671,1.1962,3.11652,4.18753,425.07162,31.48832,85.40541,7.99338,425.07162
TNC,-9.74596,4.8604,21.87635,1.94102,1.81,3.36663,-16.07787,116.4,11.62837,-27.01613,1.77,407.8,11.12263,-26.41921,3.36663,3.24471,1.34054,3.67047,5.22665,8.81391,8.7829,46.53765,3.03694,87.04753
TDC,-14.82412,4.98236,3.67647,1.09664,1.16,7.02614,29.85782,274.0,14.92375,76.99337,0.25,1033.0,17.04112,76.99337,7.02614,1.48829,0.99265,3.0,6.46552,38.97281,38.97281,61.64909,2.34672,160.75
TEX,-7.42454,7.03901,13.43295,2.59726,0.13,0.29255,-55.35319,181.4,5.8965,-95.54795,0.94,539.3,5.71854,35.419357,-0.34456,2.12664,1.57805,2.75597,3.86404,0.97098,0.97098,58.17068,7.0645,139.06674
TRNO,-24.86939,4.95676,23.22721,2.44394,1.16,42.49908,0.0,0.0,0.0,36.47059,1.17,137.788,53.89633,43.73334,42.49908,42.22623,2.44394,2.031,2.12676,5.13927,5.13927,22.44067,20.671984,28.93355
TTI,-63.69786,3.13989,-0.07652,1.16724,-0.22,-7.10695,-75.96893,41.357,10.94926,-5.3852873,-0.12,106.313,45.43892,-5.3852873,-13.5401,-3.99787,0.16464,0.16337,0.28208,-217.94363,-22.95458,77.60557,5.95445,-5.3852873
TXT,-3.59447,5.46739,25.81212,2.51234,1.35,2.65213,-25.42838,1088.0,9.33825,-61.42857,2.57,1591.0,4.45777,-62.08589,2.65213,5.04109,1.32379,2.90946,4.3926,5.43871,5.43871,44.68629,4.34007,80.787
TMO,30.69467,5.64041,86.99149,2.13092,15.96,19.78708,56.16585,10207.0,31.68105,74.0458,16.23,16004.0,17.43319,72.48377,19.78708,19.94872,1.63111,7.73151,9.36398,19.86538,19.86538,39.51658,2.20878,65.33457
THO,12.1808,11.80949,42.0258,1.38738,4.02,2.7104,1.99683,583.021,7.13793,62.75304,4.19,1118.207,4.81457,67.3037,2.72987,2.83027,0.89461,4.22998,5.9444,10.1255,9.97046,42.61188,2.98726,74.25209
TDW,0.0,3.4702992,20.19691,2.12169,-4.86,-49.54085,-16.60941,52.913,13.32694,3.4702992,-3.93,121.894,27.08355,3.4702992,-49.4265,-39.94458,1.78342,-2.81714,-3.42264,-21.36649,-21.3837,19.27163,3.71427,23.87218
TKR,2.62494,5.14265,28.44891,2.35884,3.72,8.3229,-6.66763,648.1,18.44757,-21.01911,3.91,1017.7,10.84304,-21.43054,8.09803,8.38649,1.23903,6.07231,7.83184,14.15036,13.99043,42.83365,2.5726,74.9281
TWI,4.19784,6.65859,2.9207,1.9975,-0.99,-5.16766,67.33426,45.786,3.63579,24.813637,-0.85,119.404,6.2758,24.813637,-4.79531,-4.10504,0.97691,-0.45511,-0.6573,-29.16485,-27.97489,70.97075,10.7468,279.15524
TOL,0.0,100.79855,38.53118,6.72063,3.4,6.18325,-20.92684,657.045,9.0964,-15.63275,3.43,1473.585,8.04535,-24.30192,6.18325,6.17774,1.12067,3.36535,4.0819,8.98003,8.89143,45.31416,6.21425,82.86271
TR,-8.5139,10.92282,9.97776,4.58251,0.76772,12.51935,-13.14309,76.428,16.22458,-7.40404,0.76772,170.361,6.20045,-9.12662,12.5238,12.5664,3.6339,3.70996,4.72218,7.74629,7.74573,1.18997,0.12024,1.2043
BLD,-0.35071,6.34919,40.84903,1.8861,7.42,9.08828,22.21305,421.833,15.51976,33.45324,7.61,746.361,9.7115,29.3348,9.08828,9.21643,1.52544,8.29043,10.91018,19.74855,19.74855,37.05334,1.88217,58.86466
MODG,-1.40472,11.39655,7.17229,2.33246,-1.35,-7.98598,-33.58179,127.96,8.05053,43.08094,0.66,657.6,11.97209,43.08094,-7.98598,3.91156,1.29928,2.8054,3.56779,-17.59311,-17.59311,56.99852,6.9988,132.55013
TTC,-2.67222,14.14417,10.36249,1.66821,3.03,9.75479,7.62219,530.092,15.68371,19.76285,3.12,1193.725,10.94366,20.3363,9.75479,9.93799,0.86589,10.47685,15.30526,33.39749,33.39749,43.92323,1.64728,78.32697
TT,-17.99435,4.8912,26.83202,1.59156,4.02,7.96005,-26.59437,1929.1,15.48893,-28.34225,4.51,3803.4,13.6578,-39.40747,6.86408,8.69432,1.28708,5.30609,8.02118,14.29146,14.43138,46.94705,2.94821,88.49092
TDG,-31.99604,5.46448,-72.99592,4.30693,8.14,12.79639,-9.01195,2111.0,41.36782,-37.09428,10.51,2647.0,35.62242,-21.44037,13.69783,11.80135,3.38676,6.59457,7.57529,232.42024,232.42024,124.56966,9.53008,232.42024
TRU,2.29059,6.03153,13.33438,1.66471,1.79,13.08989,0.71861,981.1,36.115,-2.18579,1.99,1676.7,21.07644,-1.06659,12.63344,13.91081,1.4602,5.31377,6.26446,14.34303,14.29404,57.22145,3.59403,133.762
RIG,-10.85627,5.0962,18.58439,1.97691,-0.92,-18.02031,27.33246,969.0,30.74239,104.09301,-0.8,1174.0,10.49334,104.09301,-17.98858,-15.60914,1.54618,0.51188,0.56567,-4.86821,-4.87512,42.2708,8.64087,73.22256
TNL,-20.43505,0.80703,-11.34631,4.54412,-2.95,-10.69767,-51.52091,510.0,21.56448,80.68576,0.73,932.0,27.41015,80.68576,-10.78224,2.65763,3.27696,3.18598,4.42886,80.68576,80.68576,117.26413,12.89216,80.68576
TRV,-1.64716,1.54677,115.69334,6.67966,10.52,8.46755,8.18728,4321.0,13.56629,6.04839,10.83,8085.0,24.5789,2.86041,8.46755,8.61953,6.67966,1.94591,6.39911,9.78166,9.78166,19.13992,1.59963,23.67042
TG,-20.0161,8.13916,3.25956,1.33877,-0.51,-2.22868,18.27225,101.422,13.42822,22.673586,-0.08,170.637,9.55985,22.673586,-9.98875,-0.35379,0.71743,7.63479,13.39764,-6.92996,-6.92996,58.06964,1.48914,138.49068
THS,14.11678,15.0183,33.36315,1.44221,0.87,1.13083,5.10656,498.1,11.44847,62.993557,2.39,588.0,8.2663,62.993557,0.31718,3.10368,0.67972,3.46938,4.39551,2.66241,2.66241,56.20009,4.80426,128.31099
TREX,32.96879,8.69592,5.08231,3.02763,1.51,19.93924,27.36686,257.574,29.24216,22.26721,1.56,359.457,-1.79968,21.34408,19.93924,20.52458,2.30507,21.98114,26.88145,33.84986,33.84986,5.65662,0.137,5.99578
TPH,0.0,65.6598,18.31705,14.30026,2.17,8.65547,43.16881,405.686,12.44265,47.61905,2.27,743.768,12.65223,36.20884,8.65547,9.00698,2.7129,5.96696,6.57173,12.77224,12.77217,38.47675,3.44168,62.54017
TRN,-23.49097,8.71009,15.65077,1.69298,-1.27,-11.30839,-19.93335,528.6,26.43793,55.872066,0.37,422.3,-35.71321,55.872066,-7.36721,2.14479,1.2377,1.88615,2.27391,-7.8113,-10.2892,71.72471,9.67442,253.66568
TSE,-2.42384,6.83286,15.3724,2.84474,0.2,0.26025,-2.18042,228.8,7.53747,-91.15044,1.03,321.1,7.14915,-91.41304,0.26025,1.29959,2.09844,2.45807,3.666,1.25477,1.25477,67.96722,5.47421,212.18025
TRTN,-18.55942,2.46178,29.90257,0.70004,4.16,23.66234,-5.01805,1145.716,82.20755,-8.37004,4.46,1266.789,23.53849,-6.49528,23.66234,22.09732,0.70004,3.89811,4.1574,15.93834,12.93711,71.41103,5.59419,249.78519
TROX,12.0332,5.39726,11.82805,3.14162,6.69,36.07687,7.34266,614.0,22.26251,81.637856,0.57,621.0,6.48568,81.637856,35.13416,2.96274,1.50311,3.14718,3.99936,79.2314,71.40294,64.51062,5.53909,181.77444
TBI,-18.6852,5.9498,12.31764,1.40867,-4.01,-7.6822,-63.40868,38.527,2.08665,17.576273,0.13,440.645,6.74116,17.576273,-7.6822,0.249,1.31149,0.38361,0.66985,-26.68283,-26.68283,13.58601,1.78407,15.722
TFC,0.0,1384.1892,46.52395,0.82957,3.08,18.38497,70.71327,10842.0,44.37441,-16.98113,3.9,20370.0,242.59915,39.01985,18.34404,21.50212,0.79972,1.17504,4.6758,7.22664,6.53524,40.15714,4.38895,67.1043
TPC,8.54482,1.67766,30.57147,1.80203,2.12,2.86414,64.51165,343.678,6.46162,49.969772,2.45,486.153,1.13781,49.969772,2.03796,2.33339,1.69187,3.10348,5.99317,7.24075,10.24641,41.27499,3.15546,70.2852
TWLO,63.02453,8.69511,51.52556,7.5224,-3.35,-27.86841,31.39202,-321.476,-18.24727,31.39202,-3.27,915.661,13.15605,31.39202,-27.86841,-27.23039,7.34087,-4.02324,-4.21273,-7.71247,-7.71247,6.70239,31.39202,7.18388
TWO,0.0,-22.589964,30.85706,0.19149,-24.96,-22.589964,0.0,0.0,-22.589964,-22.589964,-24.88,-626.333,122.49354,-22.589964,-22.589964,176.21829,0.19149,-2.61124,-2.65588,-53.40861,-40.45305,83.91054,-22.589964,-22.589964
TYL,1.9605,2.95604,48.9926,1.97256,4.69,17.44662,8.47935,253.526,22.7039,28.49315,4.87,542.512,23.28836,32.95843,17.44662,17.4601,1.91347,4.50433,5.92446,10.81381,10.81381,1.10457,0.0875,1.11691
TSN,-10.17027,20.93818,41.79178,1.79452,5.65,4.79565,18.23776,4804.0,11.12423,2.35507,6.69,5384.0,6.16678,1.92878,4.77249,5.62341,0.79641,6.70955,8.48592,14.051,13.98757,43.5459,2.47044,77.13506
UDR,2.8259,8.12652,10.75289,0.3698,0.2,5.44665,-55.58438,167.088,13.19516,-68.25397,0.35,849.977,51.18866,-65.25505,5.07517,8.14121,0.3698,1.0187,1.05555,1.97688,1.61847,55.69211,30.95459,158.7232
UGI,1.63284,9.9281,19.81244,0.8792,2.54,8.11099,48.65893,1563.0,23.82985,80.14184,2.95,3410.0,3.78145,107.65027,8.11099,9.39682,0.58291,4.93476,6.31245,13.39123,13.35979,62.18119,4.35189,164.41866
UMH,19.23077,3.9813,2.23894,1.22603,-0.72,3.18217,0.0,0.0,0.0,9.755555,-0.72,86.017,23.88475,-81.78378,3.18217,-18.76213,1.22603,1.39385,1.42294,4.29948,0.96456,52.74415,9.755555,111.614
USB,0.0,1311.8174,31.25987,0.80419,3.06,19.74961,-17.83314,10390.0,41.16319,-26.44231,3.19,19242.0,290.37823,-28.27596,19.64661,19.071,0.78468,1.17492,5.45977,10.6667,9.38724,50.26476,5.22589,101.06468
USFD,-25.2349,17.57681,15.97285,1.74823,-1.15,-0.98755,-52.74034,526.0,2.29845,202.8828,-0.45,3769.0,1.61296,202.8828,-0.98755,-0.43228,1.04087,0.54827,0.69444,-6.24396,-5.82624,59.92676,11.51141,149.5431
USNA,0.0,61.223877,20.99297,2.53037,5.86,10.98706,18.25473,190.059,16.75054,32.87982,5.89,925.533,12.76171,24.0117,10.98706,10.9822,1.89999,19.05422,26.25007,31.42676,31.42676,4.63636,0.11298,4.86177
UAA,-24.03295,7.02154,3.68344,2.2805,-1.21,-12.27303,-63.36316,153.937,3.44019,106.885445,-0.21,2160.095,5.51793,106.885445,-12.27303,-2.13108,1.47088,-0.09448,-0.13082,-28.70703,-28.70703,54.47557,13.02826,119.66225
UNF,-6.16396,9.14951,92.15248,4.61377,7.13,7.52539,-10.84984,278.892,15.45828,-23.57985,7.18,639.227,8.04528,-24.20758,7.52539,7.52918,3.16881,5.08464,6.30547,8.02813,8.02813,2.3461,0.14999,2.40246
UFI,-41.3427,8.1344,17.13949,4.62765,-3.1,-9.43712,-53.10626,16.893,2.78528,0.5138455,-0.69,39.04,7.68476,0.5138455,-9.43712,-2.10182,2.55633,-0.7635,-0.86309,-16.14584,-16.14584,25.32224,6.34606,33.90868
UNP,-5.64263,12.60194,25.25951,1.00983,7.88,27.38443,-3.66776,10322.0,52.84391,-5.96659,8.14,11430.0,20.35786,-9.63001,27.38443,28.22517,0.80781,8.17274,11.21037,30.49079,30.49079,62.55768,2.74491,167.07748
UIS,-7.88321,3.84745,-5.66349,1.61052,-5.05,-15.66188,-26.60661,244.4,12.06735,51.31096,-3.59,505.2,12.1624,51.31096,37.06611,-11.15518,1.5007,3.57835,51.31096,51.31096,51.31096,174.79031,2.98445,51.31096
UCB,0.0,59.04626,22.04913,0.85007,1.91,22.97827,-3.98163,327.583,45.87323,-17.31602,2.08,577.434,278.7029,-11.64758,22.97827,24.22931,0.8431,1.33336,9.66222,9.25279,9.00791,15.20755,1.09911,17.93503
UNFI,5.59494,24.7426,20.93114,1.56321,-4.81,-0.95801,48.63378,583.126,2.19929,220.1536,2.14,3889.0,0.86324,220.1536,-1.03393,0.43405,0.51326,2.4938,3.93833,-19.48062,-19.14743,76.20764,6.27427,220.1536
UPS,12.26588,8.11663,0.75989,1.18806,1.54,1.58695,9.89534,11550.0,13.64797,-69.86301,2.7,17966.0,3.50002,-69.75225,1.58695,2.76611,1.01934,9.20052,18.48078,68.45056,67.96559,97.64627,2.40294,1291.3523
PRKS,-38.84733,10.77589,-1.34967,1.60014,-3.99,-72.33353,-17.622856,-105.191,-24.36223,-17.622856,-4.05,27.26,-35.3139,-17.622856,-72.33353,-73.3444,1.46832,-6.56831,-7.78686,-17.622856,-17.622856,104.77783,-17.622856,-17.622856
URI,-14.05229,5.99649,62.95275,1.0672,12.2,10.43376,-10.03735,3854.0,45.18171,-19.25877,14.82,3232.0,20.35756,-24.1908,10.43376,12.62358,0.80265,6.33178,7.54293,21.25373,21.25373,69.60679,2.70083,229.0209
X,-15.548,8.97375,17.17537,1.66868,-5.92,-11.95976,12.273664,-91.0,-0.9342,12.273664,-5.7,253.0,-2.3958,12.273664,-11.95976,-11.51124,1.12274,-3.87671,-5.41011,-29.57604,-29.2273,56.84246,12.273664,131.7092
UNH,8.86483,20.82788,69.22939,0.74176,16.03,6.13243,12.90337,25296.0,9.8374,11.86322,16.23,67000.0,7.24262,11.3014,5.9901,5.98982,0.62393,7.54523,12.91527,25.02376,23.76621,38.12694,1.71834,63.61521
UTL,7.4215,3.84037,25.9126,1.02351,2.15,7.69231,0.63949,125.9,30.07645,-27.60943,2.15,149.8,-13.01362,-27.14932,7.69231,7.67909,0.90963,3.13301,4.7524,8.4117,8.40731,60.33024,4.70135,152.08119
UVV,-7.44316,5.38917,51.0468,5.53337,2.86,4.08397,-17.80608,179.657,9.40623,-30.41363,3.5,356.812,-0.89566,-31.15702,3.75292,4.5779,1.67593,4.15123,4.94089,5.54852,5.84476,27.23297,2.68575,37.42488
UHT,0.94313,7.48296,11.54637,6.76192,1.41,24.39535,-0.76509,30.61,38.39882,2.17391,1.42,75.575,48.97574,2.54693,24.39535,24.48073,6.76192,3.52438,3.73496,11.4146,11.4146,65.65871,9.93169,191.19463
UHS,10.76858,6.77609,74.26432,1.32278,10.99,8.54835,-19.22019,1457.212,13.07398,20.3724,7.45,4657.668,7.47374,15.84321,8.46906,5.68554,1.1904,4.70627,5.77416,15.97044,15.89342,39.56603,2.87834,65.51658
UVE,-11.59735,4.4291,14.42856,4.94073,0.6,1.7809,-57.47015,29.033,2.70636,-55.88235,0.6,313.96,-7.11286,-58.92635,1.7809,1.78327,4.94073,0.87438,3.16327,4.05126,4.05126,1.84743,0.29126,1.8822
UNM,45.70983,0.85303,53.37032,11.61518,3.89,6.02455,-23.23576,1308.6,9.94165,-25.76336,3.9,3102.0,-39.72379,-27.92875,6.02455,6.0337,11.61518,1.07973,5.35948,7.61183,7.61183,24.09898,2.63763,31.75053
UE,0.0,25.815092,8.13206,5.3505,0.79,28.49273,0.0,0.0,0.0,-13.18681,0.36,200.253,54.85582,-14.54854,27.27986,12.35314,5.22894,1.56877,1.7109,9.752,9.72313,62.57997,25.815092,167.23654
VVX,18.50051,4.96012,26.23123,1.41599,3.14,2.64781,-6.51403,55.368,3.96753,5.01672,3.48,124.154,2.09202,6.43795,2.64781,2.89242,1.33035,3.98924,6.9557,13.04954,13.04954,39.3163,3.56823,64.78891
VFC,-22.18001,7.35556,8.63485,1.66244,1.57,6.00657,-30.39808,1612.751,15.39721,-50.0,2.66,5817.436,7.2285,-46.06657,6.48682,10.04165,0.88638,7.82416,10.74155,16.43569,16.43569,60.81846,3.23133,155.22221
VICI,-94.37042,38.81783,17.54493,1.44522,1.75,72.72238,5.62571,915.082,74.2539,41.12903,1.3,1199.258,41.64209,63.32103,72.35447,53.39174,1.43388,3.75608,3.87109,10.26032,10.21743,42.67464,7.72326,74.44286
MTN,-60.62548,10.40208,32.73442,1.10212,2.42,5.55354,-28.66551,510.924,26.01838,-66.93989,2.73,820.719,8.86179,-67.18289,5.03299,5.59887,0.84305,3.37828,4.33292,7.01598,6.69356,63.84689,5.29422,176.60138
VLO,-40.345,9.34551,46.03507,1.70678,-3.5,-1.84147,-95.41456,245.0,0.40755,85.84774,-4.03,1563.0,-1.34347,85.84774,-2.3638,-2.72845,1.01497,-1.60335,-2.45517,-6.99931,-5.24918,44.65327,64.68163,80.67916
VHI,6.49531,6.22271,23.94737,4.569,1.79,4.57912,0.0,197.0,10.65038,6.54762,1.72,412.1,0.74539,12.19512,2.98427,2.65016,2.76391,2.82606,4.4325,15.53724,8.52542,44.70621,4.13249,80.85212
VMI,2.23507,4.60849,55.69197,2.30895,6.57,4.90955,6.6853,347.777,12.01155,-6.94051,8.18,772.251,5.36996,-8.50367,4.85927,6.02195,1.55336,5.81074,8.07341,12.2686,12.02245,41.62285,2.47626,71.29991
VVV,5.18135,5.94192,-0.41081,3.23874,1.69,13.47216,7.91855,477.0,20.27199,53.63636,1.6,301.0,4.19146,52.40385,13.47216,12.71568,2.68919,10.04399,15.53523,52.849064,52.849064,103.4188,4.81971,52.849064
VEEV,31.38187,2.96759,11.17129,2.77794,1.9,27.27318,29.54231,307.378,27.84017,29.2517,2.04,800.712,33.68289,31.01657,27.27318,27.30813,2.73827,9.15539,12.14936,20.74285,20.74285,3.18689,0.17837,3.2918
VTR,-20.51379,4.0406,27.17545,0.69762,1.17,11.61869,0.0,0.0,0.0,0.0,1.2,1825.596,40.25476,1.41635,11.56507,11.79926,0.69762,1.94786,2.06569,4.2582,4.13621,53.51839,91.32264,117.77684
VRE,-8.661,3.09843,15.42042,0.69696,-1.51,-37.29279,0.0,0.0,0.0,14.17082,-1.24,163.946,0.61549,14.17082,-20.40236,-36.28577,0.69696,-0.67062,-0.70254,-9.48973,-5.36252,57.29782,14.17082,177.43246
VZ,0.0,9.76459,16.39436,1.37655,4.3,14.30175,-2.8541,45644.0,35.57821,-7.52688,4.35,77091.0,12.06106,-7.59927,13.87538,14.03751,1.21069,5.94451,8.69535,27.54784,27.77748,68.4868,3.29829,217.32735
VIPS,-72.64594,130.79788,6.38953,1.17329,1.3,5.81135,13.09269,957.35,6.17671,52.94118,1.26,3260.3174,7.41883,55.80916,5.79918,5.49049,0.83254,6.14566,11.53874,24.06163,23.49632,8.42681,0.42981,9.20227
VRTS,13.98451,7.61385,93.78096,2.25009,10.02,19.86484,7.44839,179.932,29.7952,-14.65077,10.62,259.587,0.41085,-16.40582,13.24019,13.40039,2.05631,2.71947,2.9526,12.53248,15.12245,74.28601,13.42984,32.78221
V,4.92866,13.82658,14.65348,1.90524,4.89,49.73908,-7.35505,14876.0,68.09485,-8.08271,5.07,21119.0,67.68115,-10.04967,49.73908,49.64172,1.69773,11.48994,15.70976,36.01233,30.65422,40.49302,1.65636,68.0475
VSH,3.18264,7.50398,10.89615,3.0179,0.85,4.94756,-15.79385,379.795,15.18028,-24.77876,0.9,586.466,7.35355,-25.01769,4.91319,5.21014,1.98602,4.25412,6.40474,8.0306,8.0718,24.16387,1.32487,31.86327
VPG,4.95625,6.0949,18.99249,4.66667,0.79,4.00279,-14.02851,38.725,14.35259,-51.53374,1.02,104.271,3.93997,-51.38363,3.99797,5.1285,3.02389,4.24349,5.31211,4.32186,4.32338,19.92417,1.65679,24.88162
VST,-6.30037,8.65583,17.1079,1.12945,1.3,5.45312,-11.72578,3335.0,29.14446,-30.10753,1.43,4647.0,11.755,-31.46552,5.55798,6.10675,0.56127,3.85439,5.32198,7.78935,7.64659,54.19383,2.96612,118.31121
VTLE,-31.05235,10.13245,-1.78394,0.69126,-74.92,-129.0879,-75.90549,-627.819,-92.70916,-75.90549,-74.62,317.333,-95.30802,-75.90549,-129.0879,-128.57005,0.57053,-28.63971,-32.95116,-213.10092,-213.10092,101.81958,-75.90549,-75.90549
VNO,-10.28786,1.23344,27.963,0.78997,-1.83,-47.10868,0.0,0.0,0.0,20.125845,-1.79,409.773,-39.22099,20.125845,-30.29482,-34.8998,0.78997,-2.08092,-2.28264,-5.30761,-5.86309,50.79971,20.125845,112.26008
VOYA,0.13171,0.62924,81.37672,45.34551,1.34,4.83723,-36.43337,663.0,8.6678,-71.36752,1.82,3196.0,-4.63132,174.49849,-2.69316,3.03135,45.34551,0.21741,2.60864,2.1826,3.45665,26.48954,6.07542,36.03507
VMC,-3.58394,9.29574,45.48379,2.17311,4.41,12.10657,4.64828,1318.515,27.14767,-5.56745,4.58,1281.5,11.73708,-5.37219,12.0342,12.50214,1.67504,5.15827,6.2003,10.09504,10.09504,38.23028,2.82925,61.89162
WRB,11.96093,1.63374,15.77282,16.84379,1.24889,6.62532,-10.15504,862.889,10.72622,-20.17046,1.27556,3245.731,1.68856,-22.18276,6.59654,6.66866,16.84379,1.83232,5.53932,8.56905,8.56604,31.72241,3.40603,46.46094
WTI,-35.29772,5.48311,-1.46366,0.93242,0.26,10.90199,-52.89551,125.785,36.28755,-50.0,0.03,162.83,11.93326,-48.99171,10.90199,1.22569,0.81214,0.35366,0.75892,15.880526,15.880526,148.57938,5.06452,15.880526
WEC,2.23544,6.08725,33.19131,0.50216,3.79,16.59003,9.12642,2682.0,37.0355,5.86592,3.9,2895.7,-7.57902,5.80514,16.58589,16.98579,0.29594,2.96281,4.44111,11.67074,11.48725,57.3314,5.34176,134.36436
WEX,-25.01695,0.66882,43.10888,1.27801,-5.56,-17.98125,-29.56288,490.815,31.46514,82.70303,0.16,1087.039,48.8144,82.70303,-15.61913,0.4497,1.24841,1.73593,2.78564,-12.7165,-13.58757,60.57002,6.36952,163.00273
WPC,-21.47111,1.41456,39.20544,2.37215,2.6,39.13083,0.0,0.0,0.0,46.06742,2.61,1116.824,76.81507,49.17918,38.24098,38.24907,2.35874,2.16994,2.32797,6.5905,6.74001,49.88742,69.60273,99.55069
GWW,3.4386,8.13867,34.80314,2.71964,12.82,6.39993,-6.99257,1503.0,12.74053,-16.31854,16.28,4238.0,6.08417,-18.13899,5.89133,7.38306,1.42887,13.48577,18.00445,37.74097,36.35926,55.5532,1.74052,124.98806
WNC,-41.35536,10.81521,7.7067,2.31498,-1.84,-6.5735,-63.31322,67.923,4.58354,12.39902,-0.24,159.754,5.33707,12.39902,-6.5735,-0.85747,1.42968,1.01138,1.34396,-21.04233,-21.04233,53.15635,6.76415,113.47613
WD,-28.46305,2.20911,38.99283,1.33295,7.69,21.79157,21.40975,552.781,48.97671,41.10092,7.85,1037.678,-96.32624,41.9927,21.81142,21.17424,0.35933,6.54793,8.59723,22.05975,21.97474,70.83,5.2546,242.81796
WMT,0.01592,82.98337,8.78719,0.79452,1.73,2.91528,-0.03317,30139.0,5.78011,129.64603,1.8,129359.0,2.5349,123.10345,2.8539,2.95152,0.20246,5.25242,8.20841,20.22356,18.86144,47.039,2.4033,88.81818
DIS,-13.61722,5.57443,46.17845,1.32383,-1.57,-3.73463,-43.47826,9139.0,13.97657,1398.9052,1.26,21508.0,9.31631,1398.9052,-4.38001,3.48394,1.15011,1.19902,1.53071,-3.28424,-2.43756,38.99209,6.81946,70.61056
HCC,-16.25901,8.56533,14.16874,2.74477,-0.7,-4.56871,-80.58302,93.957,12.00363,10.528133,-0.76,123.832,0.53484,10.528133,-4.56871,-4.96816,1.81343,-1.23891,-1.48523,-4.79748,-4.79748,36.58402,4.45293,57.68896
WM,7.59364,7.52249,17.62527,0.99634,3.52,9.83046,-1.16097,4427.0,29.09055,-9.97443,3.99,5877.0,9.26699,-10.41916,9.83046,11.09062,0.91528,5.80464,7.74367,20.60606,20.60039,65.77594,3.23605,192.19211
WAT,-2.45315,4.07453,3.72569,1.74045,8.36,22.05034,-1.90061,814.171,34.42052,-3.79747,8.96,1358.676,24.11955,-11.92625,22.05034,23.5212,1.26271,15.95361,26.54572,116.074196,116.074196,86.2198,1.78399,116.074196
WTS,-10.10009,7.22856,31.81751,2.26822,3.36,7.57656,-4.96032,239.5,15.87565,-12.72727,3.89,625.4,10.04988,-13.07985,7.57656,8.74128,1.33152,6.96993,9.06478,11.1632,11.1632,19.47915,1.08059,24.19144
WBS,0.0,78.7405,34.25302,0.76578,2.35,17.13793,-33.74025,427.227,33.18717,-42.11823,2.35,1038.92,221.75027,-42.35492,17.13793,16.42338,0.7652,0.77527,4.06869,7.17196,6.84904,36.43997,4.3407,57.33159
WMK,1.7861,73.09731,42.60967,1.80843,4.42,2.89153,49.18717,253.378,6.16102,74.70356,4.42,1124.934,3.12698,74.92167,2.89153,2.89085,0.94721,5.83448,7.75014,10.78681,10.78681,15.3749,0.82181,18.16825
WFC,0.0,3505.0364,39.72625,0.82691,0.41,4.46559,-49.81058,20137.0,25.07627,-89.87654,0.78,60172.0,219.81075,-83.11423,4.11068,3.9999,0.80246,0.64829,2.5456,1.99236,1.91814,59.82983,13.75135,148.94093
WELL,0.0,103.75879,38.26708,2.50682,2.33,22.59413,0.0,0.0,0.0,-23.60656,2.43,2036.925,32.06046,-20.57623,21.28901,21.95675,2.50682,1.12767,1.16392,6.21229,6.07381,45.21648,103.75879,84.21601
WCC,109.39775,6.71047,66.78762,1.84365,1.51,0.81161,51.83982,624.751,5.06856,-70.62257,4.77,2371.359,-8.44043,-54.99181,0.81584,1.78687,1.06282,3.72201,4.99923,3.58554,3.57598,61.99313,8.71066,163.1103
WST,20.67022,6.09395,25.0537,2.72884,4.57,16.12558,32.83019,528.0,24.5936,42.3676,4.74,767.8,11.51486,43.23542,16.12558,16.3159,1.98808,10.19678,12.82546,20.20013,20.20013,14.939,0.61686,17.56269
WAL,0.0,107.97879,33.84931,0.92162,5.04,38.01591,0.15144,776.4,58.26204,4.13223,5.06,1114.1,287.8053,1.48827,38.01591,38.04683,0.92158,1.48836,12.44517,15.75678,15.75678,15.98779,0.83668,19.03032
WU,0.0,169.67856,0.45379,1.01989,1.79,15.394,-6.87727,1232.2,25.48501,-27.23577,1.89,2013.0,11.91236,-29.67023,15.394,16.11679,0.29437,6.89271,18.1807,169.67856,169.67856,94.6513,2.67984,169.67856
WAB,-15.10908,4.9123,53.58918,1.20255,2.17,5.45652,-15.35416,1325.3,17.53947,17.93478,2.67,2182.0,9.17223,26.8442,5.48431,6.71025,0.62338,2.87376,3.72983,4.12774,4.09306,29.45644,3.19882,41.75638
WLK,15.44277,7.52281,47.27372,2.56227,2.56,4.97068,-14.30734,1132.0,15.08529,-21.23077,2.03,1023.0,6.20169,-21.6152,4.39766,3.45866,1.8622,2.14515,2.77605,5.54482,5.74686,38.03693,3.56714,61.38644
WHG,-25.02846,5.61806,15.69725,8.16636,-1.12,-13.81456,-91.97405,0.668,1.03142,-3.3344293,-0.07,22.97,2.21763,-3.3344293,-13.81456,-0.86337,7.98177,-0.75261,-0.8331,-6.41367,-6.41367,5.65789,11.73503,5.9972
WY,45.63107,19.84717,11.68207,1.69368,1.07,10.58152,77.99326,2111.0,28.02708,207.47838,1.27,2085.0,8.30457,207.47838,10.58152,12.5943,1.08105,6.26204,7.05274,9.42749,9.42749,39.11012,2.65656,64.2309
WHR,41.44677,7.3322,60.50037,1.08223,17.07,5.50473,29.0181,2352.0,12.08882,-7.47968,18.05,3842.0,5.56576,-8.69932,5.55613,5.8169,0.72545,5.68428,10.54623,30.91221,24.26646,57.53832,2.71301,135.50648
WTM,12.25807,8.19939,1259.1876,5.88719,227.72,98.70996,0.0,226.7,33.61507,75.14229,84.77,888.6,32.19529,70.97708,105.086,38.73225,5.88719,2.59938,2.982,19.83955,19.12217,9.79776,1.82929,10.86199
WMB,0.66815,8.56715,9.67354,0.61621,0.17,2.5651,4.73416,4314.0,55.88807,-76.05634,1.04,4785.0,13.01496,-75.17647,2.73352,16.35155,0.4972,3.5932,4.26609,1.68382,1.27961,60.70967,5.22323,154.51553
WSM,4.32765,53.90271,8.01081,1.09076,2.245,6.03699,4.62129,653.633,11.08227,10.8642,2.24,2139.092,6.61583,6.70635,6.03699,5.93292,0.33792,8.48045,13.50042,29.77637,29.77637,56.7606,2.482,131.27052
WGO,39.70224,12.43527,24.59549,2.37561,1.84,2.60841,-6.86601,168.132,7.13775,-47.72727,2.23,312.928,5.85703,-45.04195,2.60841,3.14648,1.70902,5.76802,7.18652,8.41857,8.41857,39.82989,3.25783,66.19547
WT,9.7511,9.01352,1.8346,1.91707,-0.25,-14.05406,-4.1661,56.519,22.27798,11.619343,-0.14,113.29,9.00979,11.619343,-14.05406,-8.20479,1.39029,3.78692,5.52634,-11.81261,-8.20773,31.94528,3.31243,46.94058
WOLF,-11.55935,7.44257,19.07077,5.46978,-1.78,-21.0864,6.192006,-23.1,-2.55559,6.192006,-1.52,158.5,-12.3465,6.192006,-21.2081,-18.15037,4.72734,-3.03825,-3.39511,-9.30741,-9.22913,28.00579,6.192006,38.90006
WWW,-18.99155,5.97531,6.83451,2.22709,-1.7,-7.73826,-0.44786,155.6,8.6874,49.53448,0.77,735.6,17.4083,49.53448,-7.64335,3.48222,1.5165,3.32438,4.77019,-20.61592,-20.51206,60.74805,5.69923,154.7644
WK,14.43515,5.44474,1.31745,2.24662,-1.0,-13.76531,7.393915,-33.506,-9.52974,7.393915,-1.0,261.417,15.06461,7.393915,-13.76531,-13.77953,2.13672,-3.49139,-6.06834,-74.67675,-74.67675,83.68124,7.393915,7.393915
WKC,-57.1804,9.85826,30.35453,1.56728,1.71,0.53836,-36.20944,259.5,1.27466,-36.43123,1.16,851.8,3.29344,-38.73672,0.53836,0.36296,1.12654,2.0693,4.1137,5.76888,5.75812,26.288,2.6289,35.66313
WOR,-32.41812,7.1212,15.02895,2.53241,1.41,2.77091,-15.93152,199.381,6.5424,-45.97701,1.83,443.337,4.01909,-48.65205,2.58558,3.30016,1.28977,2.70344,3.8498,9.53908,8.82001,43.24155,3.69282,76.18521
WH,-2.96053,4.34057,10.34372,2.60116,-1.42,-10.15385,-48.49498,308.0,23.69231,54.970127,0.72,588.0,2.23077,54.970127,-10.15385,5.17292,2.27746,2.86041,3.78351,-12.13793,-12.13793,73.06294,8.48052,271.23572
XPO,15.44,6.03491,26.53549,1.04211,0.78,0.71991,-24.93781,1207.0,7.42678,-78.15126,2.77,1310.0,4.00105,-73.74702,0.67684,1.56805,0.95867,1.84424,2.51237,4.06654,4.07311,75.9253,7.44408,108.86884
XYL,-10.90734,4.97805,16.45652,1.80113,1.4,5.20919,-21.13821,776.0,15.91468,-36.65158,2.08,1830.0,11.91551,-36.65835,5.20919,7.68337,1.43047,3.98694,5.52958,8.57384,8.54787,53.05253,4.33376,113.00403
YEXT,45.61175,4.397,1.73713,1.54254,-1.09,-40.67343,-5.630146,-111.284,-37.24003,-5.630146,-1.06,221.799,7.47949,-5.630146,-40.67343,-39.64292,1.37452,-17.95867,-36.42471,-85.06689,-85.06689,38.09604,-5.630146,61.54056
YUMC,63.33333,209.18987,14.77619,2.388,1.95,9.83904,-14.29688,1097.0,13.27605,5.97826,1.52,1634.0,12.50605,9.95792,9.48808,7.17415,2.13788,4.53717,5.67464,16.89109,16.85673,26.99684,2.1814,37.04908
YUM,-8.56164,10.11091,-26.30333,1.00836,2.94,15.99434,-7.6195,1952.0,34.53645,-28.98551,3.71,2687.0,18.02238,-30.1391,15.99434,19.82343,0.92955,19.81639,31.34366,235.87932,235.87932,235.87932,5.96568,235.87932
ZBH,6.51074,4.98793,58.73892,1.98807,-0.67,-1.95601,-25.05568,1884.4,26.82611,291.01636,3.29,4303.2,14.69731,291.01636,-1.97737,9.69507,0.88185,2.17021,2.56458,-1.13008,-1.11743,40.83332,4.46789,69.01405
ZTS,-6.72192,6.37161,7.92943,3.04654,3.42,24.46538,9.06931,2754.0,41.18439,9.96785,3.58,4637.0,20.93054,9.2,24.49529,25.45681,2.12765,11.4942,14.08374,50.57897,50.48604,66.23714,2.68773,196.18341
ZWS,0.11965,6.18326,10.95064,2.77563,1.46,8.80917,6.51696,436.4,21.09945,-4.57516,1.63,470.4,11.01206,425.07288,8.70763,8.80206,2.0011,6.39448,8.2591,14.32509,14.31996,54.11457,3.55018,117.93408
