,IQ_ACCT_RECV_1YR_ANN_GROWTH_CS,IQ_AR_TURNS_CS,IQ_BV_SHARE_CS,IQ_CURRENT_RATIO_CS,IQ_DILUT_EPS_EXCL_CS,IQ_EARNING_CO_MARGIN_CS,IQ_EBITDA_1YR_ANN_GROWTH_CS,IQ_EBITDA_CS,IQ_EBITDA_MARGIN_CS,IQ_EPS_1YR_ANN_GROWTH_CS,IQ_EPS_NORM_CS,IQ_GP,IQ_LFCF_MARGIN_CS,IQ_NI_1YR_ANN_GROWTH_CS,IQ_NI_MARGIN_CS,IQ_NI_NORM_MARGIN_CS,IQ_QUICK_RATIO_CS,IQ_RETURN_ASSETS_CS,IQ_RETURN_CAPITAL_CS,IQ_RETURN_COMMON_EQUITY_CS,IQ_RETURN_EQUITY_CS,IQ_TOTAL_DEBT_CAPITAL_CS,IQ_TOTAL_DEBT_EBITDA_CS,IQ_TOTAL_DEBT_EQUITY_CS
MMM,2.21951,6.59853,16.98998,1.89246,8.89,16.36808,3.3232,9172.0,27.99329,12.10593,10.87,16110.0,14.24615,10.10704,16.32535,19.52387,1.13929,12.89487,19.14262,50.08662,49.95808,59.87778,1.60238,149.23842
AOS,8.17179,5.11825,10.21058,2.08646,2.58,13.93394,5.58754,623.6,19.56147,51.76471,2.63,1305.5,9.21335,49.8145,13.93394,14.0735,1.64561,11.00091,17.25098,26.39491,26.39491,11.42179,0.35504,12.89458
AIR,-19.64996,7.71195,26.97027,2.82838,2.11,4.21552,-14.64238,126.5,7.2356,45.51724,1.73,294.1,3.42333,-72.38938,0.8923,3.3842,0.73387,3.54926,4.91991,7.96542,7.96542,15.91379,1.40079,18.92556
ABM,-2.31192,6.27834,22.03806,1.4776,1.45,1.48862,77.16122,303.3,4.70802,8.20896,1.82,694.8,3.40625,2473.6843,1.51812,1.86741,1.32896,3.2056,4.82062,6.77667,6.77667,39.22961,3.09595,64.55383
ACCO,-8.71511,4.32483,7.68572,1.46896,1.0,5.4966,-9.14816,274.1,14.12013,-15.96639,1.11,627.8,7.87528,-18.98254,5.4966,5.99258,0.82677,4.55197,7.52508,13.64625,13.64625,52.77479,3.21963,111.7513
ACM,6.65162,3.80416,26.07149,1.16276,0.84,0.97803,2.78002,796.762,3.95307,-60.56338,1.58,479.033,3.02521,-59.79021,0.67708,1.2472,1.05754,2.32805,4.2405,3.3742,4.64207,45.87879,4.55192,84.77045
AES,9.02256,7.02158,4.84374,1.14003,1.48,12.5652,2.10907,3389.0,31.56669,295.553,1.86,2574.0,0.73002,295.553,11.20529,11.46908,0.81996,4.53659,5.78886,34.7259,22.17838,74.85553,5.6949,295.553
AGCO,-13.64528,9.84577,38.32003,1.27856,3.58,3.03358,13.13117,790.9,8.45702,54.31035,3.94,1996.7,5.3399,53.16524,3.05282,3.31985,0.43604,4.01491,6.76165,9.57652,9.31875,32.77566,1.84537,48.75564
ALE,6.88379,10.72344,41.85288,0.82523,3.38,11.61751,-0.4427,404.8,27.01188,0.0,3.39,462.7,3.06703,1.10337,11.61751,11.60463,0.53024,2.43045,3.45196,8.24337,8.24337,40.804,3.67095,68.93033
AME,18.3977,6.64145,18.67775,1.45876,3.34,16.05352,13.57759,1275.03,26.31167,13.60544,3.32,1659.562,13.22655,14.15514,16.05352,15.81413,0.90973,8.16865,10.28119,18.81439,18.81439,38.29604,2.06482,62.06415
AMN,6.25939,5.29044,13.69959,1.56919,2.91,6.63559,4.46264,257.163,12.03905,8.58209,3.17,696.383,8.67558,6.92753,6.63559,7.03,1.48729,9.82669,13.75699,23.59367,23.59367,40.81217,1.71334,68.95366
T,67.75209,7.72209,25.28129,0.79831,2.85,11.68174,14.61275,56574.0,33.12198,-40.12605,3.01,91337.0,10.54353,-34.2275,11.34042,11.94449,0.53457,3.60465,5.19844,11.92183,11.88064,47.65395,3.1199,91.03639
ATI,6.18008,7.19844,15.0035,2.68455,1.61,5.84936,48.27891,504.0,12.4549,64.20694,1.71,630.3,5.81816,64.20694,5.49597,5.29066,1.16083,4.23521,6.54186,12.27001,12.34066,43.63981,3.05972,77.43021
AXS,6.46736,0.73729,50.9065,5.6449,0.0,0.84514,57.347515,305.292,5.9974,57.347515,0.71,758.952,5.68312,57.347515,0.84514,1.16466,5.6449,0.30999,1.15786,0.97539,0.82961,21.06017,4.39566,26.67877
AZZ,2.17953,5.78965,21.77291,2.49853,1.73,5.57346,-36.97302,98.774,12.18785,-25.75107,1.02,171.143,2.25664,-25.85644,5.57346,3.26856,1.23229,3.00641,3.61752,8.25124,8.25124,34.74145,3.0463,53.23663
ABBV,0.0,1986.723,-5.7113,0.98295,3.66,17.3633,17.43758,14345.0,43.79752,10.90909,6.84,25035.0,39.15061,7.11999,17.3633,32.1816,0.80823,12.08333,21.15594,1986.723,1986.723,126.5064,2.81004,1986.723
ABT,-1.27643,5.86291,17.38646,1.62361,1.31,7.63294,7.76685,7562.0,24.7302,555.0,1.77,17882.0,16.74488,396.43607,7.74413,10.17614,1.02841,3.73371,4.89891,7.60001,7.55095,38.90789,2.58741,63.68726
ANF,0.0,114.357155,18.21804,2.49148,0.1,0.30134,48.40014,264.731,7.57957,66.66667,0.54,2083.842,4.6909,79.32255,0.20311,1.05738,1.48811,1.89827,2.81698,0.57076,0.84048,19.34165,1.13451,23.97972
AAMI,-23.61978,5.0528,0.98231,2.05141,1.26,14.02715,6.6198,182.0,19.60784,3050.0,0.79,298.0,13.19759,3147.6191,14.69511,9.14364,1.73885,6.60422,17.09375,152.54617,74.95682,69.16477,2.17033,294.33682
ACN,8.87565,5.78564,16.21929,1.33825,6.34,10.1304,13.79511,6434.699,15.46675,16.54412,6.87,12493.364,9.05602,17.84416,9.75859,10.37767,1.23732,15.48889,35.64241,42.04083,41.24921,0.23269,0.00389,0.23323
AYI,11.2681,6.07678,42.92966,1.77399,8.52,9.49974,-9.71466,547.4,14.8746,14.67026,7.83,1485.4,7.41964,8.67268,9.49974,8.70213,1.12348,9.91568,14.25441,20.67171,20.67171,17.20679,0.65181,20.78285
ADNT,-5.98022,8.08297,25.61138,1.02791,-18.06,-9.18057,-35.03521,738.0,4.23189,79.70681,4.37,950.0,0.6236,79.70681,-9.66225,2.33798,0.7438,1.50859,2.54513,-50.51716,-43.36403,55.37617,4.6477,126.24218
ATGE,-15.36438,7.69295,25.36667,1.88091,1.83,9.29516,-11.14795,277.939,22.57444,-4.18848,2.98,512.092,6.84752,-72.38455,2.74275,14.87615,1.6482,6.03979,7.76946,7.14576,7.14438,16.08993,1.05445,19.29018
ASIX,-15.24427,8.82471,14.32401,1.09251,2.14,4.34391,-10.41128,178.992,11.7373,-54.66102,2.99,171.587,4.18175,-54.84359,4.34391,5.91575,0.59733,7.74995,12.79174,16.63037,16.63037,32.3137,1.12112,47.74039
AAP,2.64025,15.96566,49.00377,1.56524,5.73,4.42403,4.99404,954.442,9.96228,-10.74766,6.77,4219.413,6.07451,-10.86382,4.42403,5.20991,0.39154,5.08007,9.82903,12.16901,12.16901,22.75372,1.09586,29.45607
WMS,-0.84902,8.31612,5.44649,2.07217,0.99,4.87028,2.0746,184.114,13.83947,98.0,1.04,302.481,5.3811,88.18513,4.66094,4.35402,0.85674,6.63105,8.69921,23.38568,16.52343,46.67553,2.06241,89.27441
AER,-2.42164,4.30775,61.87523,0.40113,6.83,22.35455,-1.0834,3807.769,83.65722,6.22084,7.0,2674.419,-80.63558,-5.62365,22.31358,22.32461,0.39664,3.10978,3.51376,11.66873,11.61564,76.86629,7.74931,293.24472
AMG,-7.6533,5.70086,66.48846,1.3157,4.52,22.38059,2.16182,973.5,40.93088,-62.42727,4.56,1391.2,29.7306,-64.67005,10.24218,10.27649,1.3157,6.18381,7.45106,6.69268,10.27705,26.91301,1.8794,44.24775
AFL,80.77623,3.13434,31.06373,2.47339,3.77,13.41419,-1.31938,4338.0,19.92834,-34.66205,3.89,7193.0,3.81064,-36.57689,13.41419,13.75274,2.47339,1.93158,9.06946,12.15148,12.15148,19.7606,1.33195,24.62706
A,7.18232,6.552,14.37452,3.28608,0.97,6.43061,9.68037,1201.0,24.44037,-53.80952,2.77,2680.0,13.90415,-53.80117,6.43061,18.09463,2.58155,7.2862,9.35419,6.72484,6.71912,28.24176,1.49792,39.35682
AL,0.0,132.18509,43.32492,0.29804,4.6,31.31652,13.19379,1516.353,92.95936,-32.55132,4.88,1097.717,-110.75166,-32.44282,31.31652,31.32749,0.29804,3.42551,3.871,11.43531,11.43531,70.59246,7.60964,240.04878
APD,2.82794,7.50059,49.46109,2.17346,6.59,16.6928,13.27476,2862.0,32.04855,27.71318,7.5,2740.7,6.39529,-50.07999,16.7723,18.41784,1.88782,6.27997,8.11377,13.90012,13.95669,25.43616,1.33215,34.11326
ALK,0.0,144.0503,30.44791,0.60741,3.52,5.288,-32.97143,1173.0,14.1941,-57.84431,4.39,2089.0,-0.74419,-57.73694,5.288,6.54622,0.54453,4.47418,7.97719,11.697,11.697,35.92415,1.79284,56.06505
AIN,0.0,51.110935,18.75811,3.13275,2.57,8.44995,28.29557,231.213,23.53363,149.51456,2.84,349.749,8.31177,150.34279,8.43692,9.32292,2.54082,6.88051,8.6043,14.1089,14.05559,46.32244,2.27034,86.29759
ALB,13.36001,5.92077,33.94676,1.68904,6.34,21.90074,7.74139,940.425,27.86486,1193.8776,5.16,1234.756,-2.146,1164.4703,20.55029,16.57753,1.05919,6.03073,8.31574,19.10673,19.51058,31.20627,1.81323,45.36209
AA,2.34279,16.33516,29.16599,1.41624,1.2,6.49855,32.34153,3069.0,22.89786,3.44828,3.87,3353.0,9.62378,4.6083,1.69365,5.37726,0.72593,8.74644,16.78354,4.58031,12.27452,19.59548,0.58716,24.37111
ALEX,29.38689,11.82304,16.70278,1.39645,-1.01,-10.7889,0.0,0.0,0.0,14.868705,1.47,257.9,-98.74688,14.868705,-11.22544,16.18054,0.75734,4.28036,5.8074,-7.72309,-7.38015,39.0162,14.868705,64.39626
ARE,21.35809,3.06225,65.55714,1.35406,3.52,26.70682,0.0,0.0,0.0,122.78481,3.54,953.881,52.4179,124.32153,25.14993,24.17814,1.33162,2.60034,2.80608,5.76773,5.60295,40.96514,67.66921,69.48637
ALLE,9.54147,8.79067,6.87892,1.78879,4.54,15.93879,9.11334,619.0,22.65988,59.29825,4.48,1175.0,12.54393,59.12916,15.92049,15.58004,1.21141,12.52989,16.8431,82.63348,82.18971,68.83934,2.33409,220.91743
ALSN,26.24434,10.852,5.21976,1.70188,4.78,23.55326,26.27315,1091.0,40.21379,42.26191,4.83,1422.0,20.15297,26.78571,23.55326,23.67822,1.23474,13.72601,18.0575,94.80712,94.80712,79.28976,2.31256,134.66673
ALL,3.85956,1.72513,58.39552,11.08843,5.96,5.72096,-24.89123,3280.0,8.33249,-28.70813,6.57,9188.0,2.13329,-29.38225,5.72096,5.80491,11.08843,1.59901,6.34,11.2076,10.26834,23.23596,1.96677,30.26933
ALLY,5.7967,0.08312,32.76859,1.07451,2.95,12.12092,-0.49741,4601.0,44.15547,45.3202,2.97,5912.0,42.61037,35.95264,12.12092,12.11843,1.07202,1.25644,3.18309,9.43876,9.43876,80.32855,11.7757,473.0017
MO,0.0,138.2183,7.89036,0.20285,3.68,35.49702,-0.50383,9874.0,50.30825,-30.6968,4.03,12176.0,36.69817,-31.88222,35.47664,38.74566,0.08017,12.20027,17.25489,46.16762,46.0689,63.45443,2.60745,174.08885
AMBC,-60.42567,0.05874,35.11552,11.1147,3.99,53.56046,91.973656,611.355,122.45542,91.973656,3.97,730.0,91.973656,91.973656,53.56046,36.31349,11.1147,1.66543,2.55487,17.98762,16.31275,83.38723,13.40878,91.973656
AMCR,-7.26703,8.6653,3.53153,0.69958,2.49,7.89132,-0.9496,1324.7,14.21489,22.05882,2.47,1856.8,1.77016,21.27303,7.76899,7.66715,0.38888,6.67057,10.90903,78.54198,74.20787,80.46924,3.39171,153.4071
AEE,-1.30208,8.24509,31.21063,0.57053,3.32,13.05039,-1.7842,2312.0,36.75091,55.14019,3.4,2795.0,-10.72167,55.83174,12.95502,13.17628,0.32229,3.19084,5.21057,11.00236,10.87489,53.75692,3.9083,116.24855
AAT,0.53642,6.76097,16.96371,0.46308,0.42,8.21552,0.0,0.0,0.0,-32.25807,0.42,211.52,41.14107,-31.79276,6.03947,5.95564,0.46308,2.23674,2.33944,2.4436,3.30399,61.66374,20.334143,160.84969
AXL,-6.69949,7.26169,13.28469,1.49602,-0.51,-0.78125,6.27191,1121.7,15.42831,120.38779,3.55,1140.4,4.50629,120.38779,-0.79088,5.44922,1.07068,5.32124,7.57755,-3.80807,-3.75376,71.92853,3.3952,256.2336
AEO,-19.4516,56.42974,7.03146,1.99606,1.13,5.37901,-6.01933,478.637,12.61048,-2.58621,1.14,1372.174,4.55742,-3.90023,5.37901,5.3444,1.0138,10.94469,16.06848,16.65712,16.65712,0.0,0.0,0.0
AXP,8.51939,0.32476,26.31641,1.71325,7.91,15.99085,6.67498,10260.0,23.70555,166.32997,7.33,25513.0,-11.84613,152.96053,15.99085,14.49708,1.69879,3.03135,6.95669,34.16344,34.16344,73.40508,5.99639,276.01166
AFG,0.01717,1.19993,55.66008,7.57923,5.85,7.39734,-16.03053,770.0,11.01731,10.79546,5.95,1112.0,1.62756,11.57895,7.58335,7.57691,7.57923,0.564,4.70557,10.29126,10.03299,32.53731,3.11429,48.23009
AIG,0.0,899.71875,65.03625,33.36302,0.04,0.21657,18.69524,7587.0,15.95248,899.71875,0.56,11038.0,-12.16253,899.71875,-0.01262,1.05784,33.36302,0.28085,1.43955,0.05924,0.16746,39.83244,5.00066,66.20252
AWR,31.62283,7.17916,15.18644,0.89687,1.72,14.62195,-10.43546,141.323,32.35298,-8.51064,1.73,226.673,1.40108,-7.92308,14.62195,14.54802,0.70337,4.32198,6.68929,11.73918,11.73918,42.75399,2.95003,74.68467
AMT,-5.8568,11.77921,12.09835,0.50856,2.77,17.79663,7.88225,4023.9,56.62361,3.74532,3.19,5262.3,34.32997,-0.20179,17.3984,19.73352,0.4214,4.22916,4.98144,21.35849,17.02302,75.39793,5.25856,417.24643
AWK,0.0,177.02258,32.45445,0.37297,3.15,16.42442,-1.75029,1684.0,48.95349,32.35294,3.3,1961.0,-16.36628,33.09859,16.48256,17.26744,0.30802,3.73619,5.16132,10.0809,10.04534,59.48877,5.11342,146.84515
AMP,3.79288,1.34985,40.98848,1.38616,14.2,16.25097,9.39247,2935.0,22.73431,50.42373,14.55,6663.0,19.68435,41.75676,16.25097,16.40961,1.38616,1.21142,15.89579,36.21612,36.21612,46.26406,1.63918,86.0952
ABCB,0.0,53.04553,30.65994,0.96172,2.8,22.76065,25.72914,266.713,50.15873,41.41414,3.21,439.637,153.8451,64.55512,22.76065,26.044,0.94848,1.60098,10.6955,10.70644,10.70644,15.21489,0.97987,17.94524
APH,13.67447,4.80239,3.36432,1.86497,0.9625,14.83663,20.36656,1989.9,24.26116,86.8932,0.995,2654.9,9.41066,85.24212,14.69154,14.61566,1.26827,10.57046,13.92329,30.09942,30.01875,46.76813,1.79441,87.85739
AMPY,0.0,23.04967,18.7791,2.09443,2.09,16.05467,28.65511,136.175,40.03452,30.892004,2.31,202.508,20.06294,30.892004,16.05467,16.95026,1.57767,5.56701,6.59663,13.47554,13.47554,41.37593,2.15899,70.57841
AU,22.22222,131.43333,6.42489,1.54729,0.32,3.80421,1.57553,1096.0,27.79609,100.461136,0.54,756.0,11.31118,100.461136,3.37307,5.71255,0.67213,3.98572,5.6865,5.0047,5.55761,43.21248,1.87044,76.09503
NLY,8906.737,34.13772,37.55303,0.05733,-0.24,2.82751,0.0,0.0,0.0,443.36868,-0.24,380.237,-41.96039,-96.53365,2.84109,-3.7898,0.05733,0.9526,0.97412,0.42708,0.37357,86.32991,443.36868,443.36868
AM,0.0,228.15619,0.16572,0.1727,0.33,228.15619,228.15619,-43.851,228.15619,1000.0,0.33,0.0,0.0,2764.86,228.15619,0.0,0.16754,-70.76029,-117.95767,286.67715,286.67715,0.0,228.15619,0.0
AR,56.97664,9.61677,24.84108,0.94502,-1.26,-1.10399,-8.23028,1606.284,38.80264,165.37784,-1.26,1845.099,-15.93408,165.37784,-9.60273,-9.61936,0.61614,0.33122,0.36899,-5.02709,-0.5264,39.17777,3.40356,64.41358
HOUS,-4.57516,40.66221,20.16228,0.50295,1.09,2.30301,-9.30233,663.0,10.9064,-64.95177,1.54,2797.0,4.24001,-68.21346,2.25366,3.14131,0.40275,3.99945,4.77239,5.55894,5.67146,62.01182,5.69985,163.23975
AON,11.38015,4.11226,17.28863,1.08093,4.29,10.21356,14.61754,2862.0,26.57382,180.39217,6.96,4668.0,12.69731,-7.50408,10.52925,15.84579,0.27835,5.4323,13.53371,24.27296,24.8111,59.67696,2.18169,147.99716
AIV,0.0,35.35229,13.47959,0.76074,5.37545,72.87557,0.0,0.0,0.0,114.79592,5.38822,79.551,31.1015,110.98222,67.75254,66.89093,0.76074,2.30937,2.40386,42.8089,39.56704,68.60699,43.124207,231.0938
APO,-81.96931,0.86765,4.08133,1.16271,-0.3,1.76119,-81.03835,252.463,23.0968,66.54532,-0.34,1033.691,165.03941,66.54532,-0.94926,-6.21939,1.03542,2.29472,3.00017,-1.02707,0.71971,47.47275,8.77716,90.37739
ATR,14.70576,5.04558,22.6104,1.93103,3.0,7.04459,12.74878,545.615,19.73462,-12.02346,4.07,951.8,5.4399,-11.49162,7.04383,9.19134,1.24165,7.1726,8.84736,14.24463,14.24291,47.5504,2.36424,90.65924
APTV,1.92623,5.85955,13.30431,1.29318,4.02,7.66886,7.98661,2258.0,15.64254,5.51181,5.03,2733.0,3.56339,-21.25461,7.39176,9.21359,0.9104,8.17477,12.85077,31.57739,30.80562,54.20514,1.92383,118.36512
ARMK,10.7946,9.2705,12.27814,1.16516,2.24,3.60008,11.85947,1300.014,8.23334,50.33557,1.95,1791.722,2.01503,51.87218,3.59657,3.03524,0.80837,4.64037,6.36698,20.69318,20.63861,70.44186,5.57224,239.11026
ADM,5.93392,21.06778,33.95528,1.7483,3.19,2.82091,21.50185,2961.0,4.60204,14.33692,3.51,4181.0,1.29292,13.47962,2.81314,3.07679,0.87916,3.12516,4.73725,9.70666,9.7007,30.57631,2.83283,44.15667
AROC,30.47983,6.91995,6.50336,1.69957,0.19,3.22409,23.06927,327.811,36.2446,-26.92308,0.19,440.074,-10.93392,11.1328,2.32884,2.29622,1.12017,3.85204,4.22396,2.60258,3.69771,64.50665,4.6658,181.7429
ARCO,-24.07148,32.55255,1.86014,0.94172,0.17513,1.20176,-4.39093,290.403,9.42386,-70.4918,0.17513,352.92,-1.83292,-71.47314,1.19572,1.22161,0.62216,6.82344,10.71769,8.29857,8.33231,61.6212,2.17152,160.56055
ASC,0.7152,7.68128,10.47145,1.44919,-1.31,-20.42973,-36.20592,29.159,13.87341,8.84791,-1.25,41.38182,3.04033,8.84791,-20.42973,-19.52978,1.12725,-0.71112,-0.73013,-11.8036,-11.8036,57.65015,16.18022,136.12833
ARGO,0.0,0.0,0.0,0.0,0.0,0.0,0.0,0.0,0.0,0.0,0.0,0.0,0.0,0.0,0.0,0.0,0.0,0.0,0.0,0.0,0.0,0.0,0.0,0.0
ANET,36.69839,7.34928,1.77039,4.47615,0.25375,15.25145,45.32981,712.802,33.13248,-24.11215,0.53125,1373.377,25.23586,-22.46828,15.25145,29.53352,3.78277,15.47248,22.08846,17.24514,17.24514,1.73043,0.05295,1.7609
AWI,12.31527,15.08585,5.35158,1.36997,3.63,19.44017,3.25694,256.8,26.33036,-11.02941,3.91,347.6,44.59013,20.09044,19.0608,20.56629,0.74122,6.38844,10.184,55.72373,55.72373,75.83719,3.19237,43.311264
ARW,9.47696,3.46761,62.50649,1.54808,8.1,2.43144,17.04016,1397.861,4.71029,80.80357,8.24,3700.912,0.75286,78.1748,2.41332,2.42884,1.07558,4.4218,8.82907,13.93846,13.90773,39.33057,2.49336,64.82766
AJG,125.17615,1.97408,24.45466,1.05525,3.4,9.76198,9.41271,1088.0,15.71391,33.85827,3.83,1868.9,5.41971,36.79551,9.1496,10.10853,1.02928,2.90612,5.48844,14.72554,15.47638,44.13638,3.31838,79.00738
APAM,0.0,24.48287,2.49331,3.07311,2.84,30.67575,6.47943,310.609,37.48442,278.66666,2.84,415.469,45.30665,219.17781,19.10479,16.74659,2.95572,23.21176,51.23977,129.50247,147.15094,53.2689,0.64163,141.86081
AHT,-16.26183,35.29906,4476.256,0.62782,-1750.0,-10.89104,0.0,0.0,0.0,73.311806,-1700.0,393.986,14.19176,73.311806,-8.84653,-11.52304,0.59875,1.24071,1.30328,-23.41386,-24.36397,88.0333,73.311806,73.311806
ASH,11.27451,5.78964,54.93548,1.59256,1.66,2.80524,15.68266,627.0,16.75127,567.53033,2.87,863.0,8.1619,11300.0,3.04569,4.83062,0.93488,2.43035,3.37171,3.0828,3.0828,42.61163,4.03349,74.25132
ASPN,-4.4799,3.98865,2.93043,1.61497,-1.45,-33.00083,-10.551703,-15.773,-15.11388,-10.551703,-1.14,12.669,-1.26628,-10.551703,-33.00083,-25.93158,1.25258,-14.89872,-18.53423,-40.23435,-40.23435,5.61698,-10.551703,5.95126
ASB,0.0,103.096,21.43136,0.86651,1.89,22.09452,20.94088,670.108,44.38669,33.09859,2.06,1234.6,21.8424,45.49253,22.09452,22.83431,0.86316,1.17747,4.83464,10.10536,9.50545,54.49069,6.75571,119.73526
AC,-29.04234,0.65605,38.35501,27.02133,-2.52,-251.91185,-42.325947,-13.459,-59.08512,-42.325947,-2.52,-3.828,-42.325947,-42.325947,-255.0551,-255.21928,14.6388,-0.8591,-0.88884,-6.5119,-6.1032,1.03433,-42.325947,1.10523
AIZ,-0.75502,0.69844,82.52597,2.45214,3.98,3.13614,136.38098,1486.6,18.45676,-57.61448,5.84,767.7,-2.33115,-51.69361,3.11627,4.29526,2.45214,0.93323,4.74641,5.35198,5.36568,39.29121,2.2351,64.72078
AGO,-6.69701,0.71847,63.22765,107.66667,4.68,48.78277,-25.17695,740.0,69.28839,-21.47651,4.94,992.0,46.23127,-28.63014,48.78277,50.88015,107.66667,3.29933,5.81067,7.7796,7.7796,15.83205,1.66622,18.81007
ATKR,18.14398,7.49688,2.59259,2.37267,2.48,7.44603,7.33224,242.324,13.20467,95.27559,2.03,438.084,5.82716,61.44449,7.44603,5.72903,1.43653,8.63645,11.16984,56.58998,56.58998,88.10696,3.73156,49.803944
AUB,0.0,63.150677,29.17048,0.89732,2.27,24.37156,59.7305,300.493,49.01503,35.92814,2.52,517.196,106.32074,100.55127,23.8553,27.07139,0.89671,1.48481,5.76306,10.0584,10.0584,47.71381,5.84466,91.25508
ATO,3.86839,15.48586,42.86672,0.25004,5.43,19.35661,3.55523,1084.217,34.80022,50.83333,4.0,1352.903,-14.596,52.12716,19.35661,14.25265,0.13945,3.99539,5.71093,13.91373,13.91373,43.31202,3.36136,76.40424
ALV,-23.41461,4.55632,21.6157,1.14654,4.31,4.34998,-4.4936,1239.1,14.27831,-11.49897,7.16,1711.3,6.35011,-55.42028,2.194,7.18624,0.80859,7.34293,11.63578,12.7019,12.44601,54.03369,1.79945,117.55061
AZO,-8.04929,41.64677,-59.06126,0.92189,48.77,11.91985,3.17275,2479.365,22.09561,10.66485,53.62,5973.746,11.53883,4.42411,11.91985,12.88764,0.10647,14.33807,35.84282,419.701,419.701,141.7694,2.08127,419.701
AVB,0.0,88.210075,76.76528,0.46715,7.05,42.35951,0.0,0.0,0.0,11.02362,7.15,1523.717,44.62915,11.13031,42.37472,42.85593,0.46715,2.84203,2.95069,9.27207,9.26464,39.89808,88.210075,66.40429
AVNS,-25.86207,3.69052,27.41799,2.69996,-0.18,-1.30308,218.90756,75.9,11.63575,35.38784,0.25,393.7,81.96574,-27.49054,8.81496,1.80898,2.02422,1.31537,1.58626,-0.67659,-0.67659,16.0334,3.26351,19.09497
AVY,0.79641,6.04135,11.27308,1.15246,5.28,6.52885,11.74291,964.9,13.47814,68.6901,4.64,1915.5,6.84628,65.86231,6.52885,5.65822,0.75115,9.54976,17.75031,46.70964,46.70964,67.30565,2.03772,205.86327
AVNT,5.35168,8.76992,6.94981,1.79125,2.0,4.55086,4.08216,405.4,11.47337,-5.21327,2.33,643.6,4.96901,65.5084,4.52256,5.25559,1.04788,7.297,10.41174,28.3004,28.21053,71.49035,3.34386,250.75842
AVA,-10.68597,7.94845,26.99458,0.54242,2.07,9.7787,-4.8055,448.507,32.10747,15.64246,1.93,902.157,-7.69176,17.69644,9.7666,9.07363,0.28218,2.93025,4.3931,7.78916,7.79551,54.26264,4.69273,118.63966
AXTA,5.19915,6.11737,5.11503,2.21949,0.85,4.54216,5.73929,821.7,17.49787,466.66666,1.25,1600.0,8.20699,464.30518,4.41014,6.3618,1.5418,4.93415,6.34889,16.69354,15.69363,74.67388,4.70245,294.8493
AX,0.0,47.606106,15.24135,1.10736,2.36,27.91334,8.38987,306.597,56.15175,14.00966,2.39,413.635,38.62044,13.11489,27.91334,28.25594,1.1016,2.06488,12.33222,17.08037,16.984,34.75064,1.66848,53.25821
BGS,7.29532,11.60539,13.71211,2.26763,2.6,10.13868,-5.45637,310.59,18.26179,-20.2454,1.84,425.8,16.17709,-20.70605,10.13868,7.15601,0.63744,4.85485,5.70057,19.36528,19.36528,64.50813,5.26701,181.75465
BJ,0.0,0.0,-11.82751,0.90951,0.4,0.4075,0.0,384.333,3.01329,0.0,0.23,2241.097,0.0,0.0,0.39438,0.22701,0.15359,0.0,0.0,0.0,0.0,158.82635,7.16136,121.10112
BWXT,-31.58173,11.29604,2.47422,1.43753,2.27,12.62883,-1.60899,342.811,19.04623,54.42177,2.28,504.013,7.44477,53.51181,12.60956,12.54863,0.47737,10.28966,19.2688,87.11463,87.18056,76.51316,2.23985,56.029858
BXP,0.0,96.29603,36.79428,3.19629,3.7,26.11789,0.0,0.0,0.0,26.27986,3.81,1700.952,29.17453,26.0376,21.36335,21.56568,3.19629,2.91728,3.07503,10.3185,8.7343,57.26727,96.29603,134.01266
BW,-32.3962,4.34597,-16.9515,0.77195,-51.8,-61.93829,-60.354668,-324.752,-30.56812,-60.354668,-46.0,-129.644,-7.20692,-60.354668,-68.26997,-55.05774,0.42437,-21.39156,-125.24067,-60.354668,-60.354668,-60.354668,-60.354668,-60.354668
BMI,13.89796,6.96702,10.42285,2.74363,0.95,6.40718,5.4608,81.498,18.78994,-20.16807,0.98,162.349,10.50358,-19.61471,6.40718,6.55085,1.32277,9.47263,11.54584,9.56701,9.56701,5.61632,0.2216,5.95052
BALL,-4.69099,8.87152,10.31444,0.96215,1.29,3.89343,4.3379,1828.0,15.71122,22.85714,1.8,2306.0,6.76085,21.39037,3.90202,5.33419,0.61783,4.17371,6.6055,12.27193,11.90852,65.38723,3.68107,188.91072
BANC,0.0,102.532166,59.63147,0.89995,5.66296,35.51379,10.04079,808.758,61.72288,27.83505,5.67819,1144.549,0.45909,30.04908,35.51379,35.19617,0.89969,1.85083,7.4762,9.49363,9.49363,27.44075,2.2565,37.8184
BAC,0.0,6061.5073,25.13102,0.85698,2.61,25.28636,9.14553,51043.0,45.85538,67.30769,2.7,87738.0,86.71,54.38241,25.28636,24.49,0.85042,1.32072,4.3548,11.53987,10.57222,62.19591,8.55195,164.52162
BOH,0.0,57.867203,30.55904,0.72199,5.23,30.53862,1.21525,370.048,51.46017,20.78522,5.26,641.85,-40.88208,18.91462,30.53862,30.51344,0.72061,1.28911,11.29741,17.56768,17.56768,33.54427,1.72988,50.47611
NTB,0.0,52.180885,16.30798,0.65411,3.5,36.3526,19.93792,337.708,62.89738,26.81159,3.6,517.811,-23.26496,27.36147,36.3526,36.84086,0.65354,1.68909,18.52106,22.89248,22.89248,13.97357,0.4244,16.24334
BK,0.0,1137.1251,38.62453,0.73512,4.04,22.14126,6.29482,9338.0,48.60251,8.60215,3.97,16403.0,24.56345,4.30318,22.20372,20.72347,0.72847,1.36106,5.54159,11.40566,10.2985,54.3068,5.20154,119.22728
BKU,0.0,106.41362,29.49166,0.8021,2.99,20.54598,16.39657,845.294,53.46017,-46.41577,3.01,1156.19,87.53529,-47.11374,20.54598,19.7495,0.80047,1.56177,5.91777,10.92006,10.92006,64.76283,6.35725,183.79124
BBWI,5.44218,41.82782,-2.68929,1.62137,3.42,7.78182,-10.05477,2299.0,18.19981,-14.07035,3.24,5668.0,4.04726,-15.11226,7.78182,7.28436,0.89857,13.23611,21.48826,389.46454,389.46454,114.89193,2.52023,389.46454
BAX,0.0,341.3057,15.19301,2.08709,2.99,14.64905,11.64835,2540.0,22.82736,130.0,2.87,4811.0,9.47021,126.4993,14.59513,13.77352,1.28491,6.74386,9.23352,19.26942,19.25349,30.78898,1.3689,44.48567
BZH,-32.14492,69.12032,19.21207,14.25126,-1.4,-2.13779,20.93675,95.355,4.52534,36.29136,1.83,351.514,-5.77935,36.29136,-2.1534,2.79138,1.35561,2.34382,2.62372,-6.79188,-6.79188,65.65704,12.91232,191.1805
BDX,31.76136,7.83673,78.26294,1.02702,0.6,1.94582,44.28033,4591.0,28.72427,-86.95652,6.32,7805.0,15.07539,-71.72727,1.94582,10.21584,0.49501,3.73208,4.60253,1.83275,1.83254,50.58956,4.68199,102.3864
BDC,-1.61138,5.50366,35.21033,1.75573,3.08,6.21618,8.71723,463.916,17.94391,124.81752,4.02,847.873,9.23285,72.61453,6.22325,6.32457,1.23661,5.17203,6.74098,11.40534,11.38803,51.32616,3.15402,105.44917
BHE,39.32632,4.91282,27.37687,2.61291,0.49,0.88904,-13.34178,117.025,4.55977,19.693474,1.25,205.836,1.45151,19.693474,0.88904,2.25661,1.98554,2.12351,3.00265,1.85425,1.85425,11.97781,1.31656,13.60772
BRKa,0.0,9.52486,141.66891,3.80982,1.63,1.91763,-44.19706,19800.0,8.78509,-91.05379,1.49,10403.0,-4.98443,-91.05251,1.78408,1.63007,3.4263,0.88846,1.38483,1.1538,1.22705,21.66493,4.92374,27.65674
BHLB,0.0,46.631737,33.29777,0.90357,2.28,18.2165,12.59051,237.298,40.87117,64.02878,2.65,405.073,-50.80062,91.44026,18.2165,21.00648,0.89403,1.16454,4.83658,7.12722,6.93727,49.60873,6.44254,98.44705
BERY,0.0,0.0,0.0,0.0,0.0,0.0,0.0,0.0,0.0,0.0,0.0,228.0,0.0,0.0,0.0,0.0,0.0,0.0,0.0,0.0,0.0,0.0,0.0,0.0
BBY,-22.12324,35.18447,12.76379,1.25739,3.26,2.37005,10.4315,2636.0,6.25371,-12.83423,4.51,9876.0,3.31605,-18.56678,2.37242,3.21417,0.56045,9.07359,22.11077,24.01154,24.01154,27.28005,0.51404,37.51384
BIO,-15.57588,5.34105,134.90591,4.48869,12.1,15.96976,23.24971,354.513,15.48487,197.2973,22.46,1227.251,6.44227,199.0732,15.96976,29.27021,2.75715,2.73704,3.45726,10.52039,10.52039,9.85322,1.23953,10.9302
BKH,8.38521,6.78,36.35738,0.77724,4.78,15.93536,-2.6284,593.365,33.82408,35.79546,3.64,646.952,0.85649,45.98439,14.73219,11.29182,0.45246,3.64328,4.69255,13.63962,13.61121,57.87141,5.29556,137.36847
BLK,-1.55613,5.30172,204.2266,2.31028,26.58,30.30004,5.14959,5799.0,40.84378,-12.0741,26.83,7205.0,30.36959,-13.38028,30.32117,30.29212,2.24836,1.84148,9.21346,13.41142,13.06983,13.11556,0.87308,15.61064
BXC,55.46423,16.71708,-1.57769,3.04853,-5.21,-1.6785,54.04084,49.786,1.73904,33.072704,-1.94,343.654,-5.16608,33.072704,-1.6785,-0.62547,1.10472,2.05986,2.9794,33.072704,33.072704,102.24387,13.4201,33.072704
BA,43.4965,8.29794,0.59721,1.07648,17.85,10.34343,15.00294,13698.0,13.54534,32.91139,17.54,19637.0,6.92409,27.60766,10.34343,10.04595,0.28102,7.07585,57.54091,1605.4102,1605.4102,97.12422,1.01088,1605.4102
BCC,-12.97544,21.64473,17.37555,2.66553,0.52,0.40993,15.24859,255.747,5.11976,-75.4717,2.25,687.696,-0.70365,-75.31613,0.40993,1.75359,1.13814,6.42595,9.11908,3.04007,3.04007,40.68552,1.80393,68.5929
BAH,13.97869,5.8163,3.86643,1.43676,2.05,4.94359,6.15234,584.841,9.47594,22.75449,2.01,1440.02,3.71628,20.84083,4.94359,4.75367,1.36794,9.31855,14.10172,54.08719,54.08719,76.6296,3.10953,101.92616
BWA,0.14451,6.08208,20.29393,1.58598,4.44,9.35078,5.25347,1715.0,16.28742,113.46154,4.47,2230.0,4.82153,111.57081,8.83889,8.83833,1.14144,8.07038,12.86551,23.43654,24.10075,32.72325,1.23225,48.63975
SAM,0.96003,29.36065,40.03105,1.92153,7.82,9.30679,-0.58644,168.333,16.90686,-3.33745,7.51,512.243,7.80106,-6.44731,9.30679,8.84999,1.2477,12.04376,16.48107,20.96828,20.96828,0.0,0.0,0.0
BSX,3.94057,6.223,6.30226,0.76103,1.19,17.0111,10.71146,2801.0,28.51471,1387.5,1.03,6993.0,5.52403,1506.7307,17.0111,14.48061,0.46521,5.95015,8.38643,21.23523,21.23523,44.70566,2.51874,80.85033
BYD,35.57611,55.30598,10.25207,0.85108,1.0,4.36668,7.32231,599.877,22.83741,-31.03448,1.09,1495.824,10.43404,-39.19014,4.37989,4.74724,0.71076,4.47282,5.02117,10.21054,10.21054,77.64426,6.63353,99.93665
BRC,7.78145,7.55082,14.48263,2.46869,1.73,7.75737,9.57187,173.472,14.77803,-5.97826,2.08,588.291,8.10143,-4.79377,7.75737,9.15688,1.79497,8.78139,11.47424,12.54052,12.54052,6.53859,0.30332,6.99603
BDN,19.98452,2.53832,10.34846,1.51118,0.76,25.71836,0.0,0.0,0.0,16.92308,0.76,314.322,25.78606,12.8043,25.53759,25.41605,1.51118,0.64903,0.68777,7.47097,7.46304,52.53163,28.84305,110.66659
BFH,1.80478,0.39919,43.67229,2.15184,17.49,12.36138,11.5399,2381.6,30.56782,24.04255,16.72,4108.3,7.92064,22.11234,12.36138,11.7816,2.10981,3.87715,4.29052,45.9999,45.9999,91.52438,10.57411,300.40005
BRSP,298.48276,0.15438,21.17913,31.19567,-1.41,-35.41479,0.0,0.0,0.0,40.040302,-1.2,270.071,40.040302,40.040302,-33.64657,-28.91691,31.16334,1.37782,1.41328,-8.20969,-8.34058,66.28687,40.040302,196.62032
BV,0.0,0.0,11.74813,1.60245,-0.15,-0.64102,1.47601,283.045,12.02603,49.27321,0.08,626.1,0.0,49.27321,-0.64102,0.33408,1.36409,0.0,0.0,0.0,0.0,48.68363,4.11369,94.86958
EAT,20.1554,63.78179,-17.60648,0.35982,2.72,4.01484,-8.18162,390.117,12.44227,-7.48299,3.05,547.6,5.29035,-16.5366,4.01484,4.4457,0.14857,10.72028,18.22382,58.6785,58.6785,191.10938,3.86221,58.6785
BCO,-7.92262,6.11069,3.09256,1.42041,-0.65,-0.78821,5.84601,445.4,12.7662,64.25235,2.46,785.6,6.7704,64.25235,-0.95446,3.58893,1.31669,5.65871,10.8102,-14.13713,-10.8954,90.31733,3.489,64.25235
BMY,7.45342,5.00355,8.59743,1.61066,3.01,21.92722,16.67321,5941.0,26.33305,393.44263,3.14,16151.0,14.21646,388.57993,21.80754,22.72781,1.37657,9.55323,15.85927,38.18097,38.09194,34.21959,1.237,52.02095
BRX,2.66868,6.17907,9.50152,0.93345,1.21,29.66201,0.0,0.0,0.0,23.46939,1.31,920.722,40.37578,21.97554,29.66201,32.04552,0.87225,2.96056,3.15842,12.75263,12.75263,63.2723,60.337296,172.27406
BR,4.3257,7.18954,9.40929,1.27506,3.56,9.88245,12.6748,757.4,17.49232,31.85185,3.84,1162.5,12.90388,30.93635,9.88245,10.35848,1.13084,11.49973,17.44993,40.78929,40.78929,49.04782,1.39081,96.26245
BKD,3.83372,34.47708,5.29697,1.00089,-2.82,-11.65973,-21.42063,525.52,11.59723,76.74518,-0.45,1067.869,2.40438,76.74518,-11.65766,-1.86168,0.74316,0.68998,0.79948,-41.438,-41.46044,81.59407,8.59084,76.74518
BN,-8.34538,8.76817,28.90929,1.03703,4.2,9.89818,-4.50476,5013.507,17.76399,-10.6383,4.3,13648.958,3.85924,-8.80411,9.52902,9.79241,0.83904,4.84775,6.38337,14.88085,15.31493,51.14876,3.95022,104.99545
BRO,-11.13147,2.08252,10.7323,1.21555,1.22,17.09101,5.80398,526.67,26.14725,-13.16726,1.25,940.943,13.53757,-13.85657,17.09101,16.81591,0.95384,5.0642,7.80764,12.33167,12.33167,33.43252,2.86136,50.22349
BFb,-9.24994,5.69361,43.69534,1.85267,4.88,6.50175,-24.93905,10884.54,14.89448,-38.69347,5.24,19537.44,-10.70166,-26.24807,7.37439,6.58591,0.62806,4.25144,6.38847,11.16108,11.43179,36.7441,2.20627,58.08801
BC,14.68138,10.00912,18.24176,1.49638,2.98,5.09963,5.56852,633.2,12.27322,43.26923,4.1,1047.0,4.8588,81.21585,5.14227,6.96154,0.68038,8.05871,13.04063,17.16523,17.16523,43.54712,1.92799,77.13889
BKE,4.60414,108.74866,8.01475,3.68296,1.85,9.82143,-11.16914,164.823,18.04539,-8.867,1.88,380.023,11.00492,-8.4258,9.82143,9.93124,2.29309,14.99133,20.39428,21.83218,21.83218,0.0,0.0,0.0
BLDR,3.50922,12.01213,5.18203,1.87861,1.76,2.65627,21.88538,486.074,6.29241,417.64706,1.9,1922.94,1.14478,429.10187,2.65627,2.81838,1.00229,8.17067,11.23624,42.19662,42.19662,72.36146,3.21205,261.8136
BG,9.06063,29.15424,38.85594,1.54322,1.57,0.60556,43.22581,1554.0,3.39724,76.40449,2.64,2276.0,0.27791,66.875,0.5837,0.81359,0.45538,3.04209,4.78931,4.3045,3.91271,44.12683,3.45689,84.22703
BURL,65.65477,106.35317,1.2785,0.98285,5.48,6.29868,21.01483,688.837,11.27385,82.0598,4.43,2541.815,3.58474,78.27704,6.29868,4.95098,0.20787,11.23037,26.36903,179.08972,179.08972,92.85073,1.63605,179.08972
CACI,6.53999,5.7126,85.27979,1.72769,11.93,6.74083,11.9139,414.5,9.27737,82.69525,8.72,1489.252,4.78103,84.01,6.74083,4.80435,1.61984,5.36024,6.87522,15.44333,15.44226,33.52048,2.56294,50.42226
CBL,-7.60781,9.83487,5.58401,0.17056,-0.72,-11.33927,0.0,0.0,0.0,33.437954,-0.72,605.945,24.85059,33.437954,-8.97826,-14.19164,0.17056,1.13457,1.18731,-7.46812,-8.70028,79.60708,33.437954,33.437954
CBRE,23.95565,5.94192,14.65897,1.16384,3.1,4.99505,5.84595,1571.896,7.36593,52.70936,3.15,4890.876,2.3391,53.76013,4.98226,5.0087,1.0776,5.61287,9.25655,23.73726,23.45462,38.26652,1.97562,61.98666
CF,-23.90572,16.9369,13.27541,1.80709,1.24,9.66358,47.81801,1592.0,35.94491,-18.95425,1.21,917.0,21.42131,-18.99441,6.54775,6.35462,1.33192,3.44511,4.12749,8.87257,6.89489,45.04746,2.95101,81.97522
CMS,0.0,0.0,0.0,0.0,0.0,0.0,0.0,0.0,0.0,0.0,0.0,0.0,0.0,0.0,0.0,0.0,0.0,0.0,0.0,0.0,0.0,0.0,0.0,0.0
CNA,2.48723,1.34785,41.32146,206.55394,2.98,8.00985,-16.97852,1198.0,11.80296,-9.69697,2.96,3227.0,3.26232,-9.56619,8.00985,7.91764,206.55394,1.23001,4.82344,6.93065,6.93065,19.28474,2.23706,23.89231
CNH,-3.79585,1.3949,3.72498,1.81317,0.78,3.94883,10.32986,2542.0,9.1337,254.54546,0.84,6190.0,-0.96161,262.0339,3.83745,4.09572,1.4332,1.59603,2.51616,22.64391,23.08096,82.7438,9.61644,409.88486
CNO,48.4009,0.63507,20.78211,115.26019,-1.9,-7.30265,-79.41076,181.0,4.19613,115.26019,-1.89,2034.9,-57.44117,115.26019,-7.30265,-7.24965,115.26019,-0.21534,-0.85961,-7.66573,-7.66573,54.14178,21.98785,118.06343
CNX,60.96724,8.50595,21.79549,0.95929,3.71,50.73916,123.55521,1025.602,58.92598,189.84375,1.72,1259.644,-23.64905,109.2027,45.76482,20.98489,0.82256,4.28511,4.89328,19.35715,19.6648,32.06448,2.33863,47.19839
CDP,-2.81443,3.28112,14.38119,1.66596,0.69,13.43941,0.0,0.0,0.0,21.05263,0.7,321.448,31.54463,3.15304,12.35562,12.43443,1.46566,2.63281,2.80236,4.86638,5.02829,52.46215,26.727354,112.13984
CRH,7.77558,7.92714,22.5005,1.56457,1.96,5.36021,0.0,3834.261,12.50093,-23.4375,1.97,9101.0,5.88475,26.49224,9.3953,5.34637,0.96513,4.03207,5.51811,9.16678,8.89698,36.01082,2.78173,56.27642
CTO,-49.51769,92.61645,12.98271,17.84311,2.34667,44.94111,12.84661,57.22,66.00607,-5.88235,1.48,34.897,-72.01966,-10.9087,42.87511,28.14918,8.73887,5.06841,6.1739,19.67929,19.67929,53.90347,4.3276,116.93607
CTS,12.74935,6.26613,11.53946,2.30168,1.39,9.89026,14.01405,88.614,18.83469,223.25581,1.52,164.973,4.77879,222.06534,9.89026,10.66914,1.73585,7.59395,9.74312,12.8945,12.8945,11.68418,0.56425,13.23
CVI,-5.42809,40.97785,12.39431,2.60686,3.12,5.76923,105.7172,806.0,11.31387,15.55556,3.12,924.0,5.22986,23.29352,4.05671,4.0511,1.6875,9.60953,12.54549,26.69993,23.01232,38.51218,1.45161,62.63383
CVS,-30.54397,17.42291,44.96139,1.02804,-0.57,-0.3063,7.87351,13509.0,6.94268,2029.3785,6.37,30878.0,6.97724,2029.3785,-0.30527,3.41778,0.5503,4.62598,6.85861,-1.23858,-1.2386,55.63983,5.43556,125.42746
CABO,-40.66324,28.39313,135.95616,2.3772,28.77,15.36518,14.73315,486.62,45.38117,-29.34676,29.93,702.026,11.29831,-29.59817,15.36518,15.86524,2.27931,7.98643,9.54182,22.77619,22.77619,59.99265,2.3893,149.95409
CBT,20.87287,5.57045,19.11641,1.45588,-1.85,-2.28254,7.89474,533.0,16.44047,67.32929,3.97,741.0,3.30043,67.32929,-3.4855,7.55549,0.85294,7.31931,9.92967,-8.58011,-5.09116,43.95267,1.8818,78.42064
CADE,0.0,73.85196,22.10224,0.8646,2.23,23.73296,17.45434,424.359,45.5062,33.53293,2.21,852.759,36.96462,44.62044,23.73296,23.45369,0.85501,1.46326,7.05231,11.29393,11.29393,40.75311,3.57532,68.78522
CWT,2.02067,11.11149,15.19103,0.58755,1.36,9.39335,6.27752,212.91,30.4943,-2.85714,1.36,355.651,-26.25001,-2.37716,9.39335,9.3615,0.53142,2.89367,5.18929,9.2137,9.2137,54.65413,4.13338,120.52723
CALX,-16.62603,5.98733,2.81594,1.21631,-0.37,-4.37279,8.48459,-10.326,-2.3398,8.48459,-0.39,197.382,3.49143,8.48459,-4.37279,-4.64912,0.81641,-3.98452,-6.80038,-12.9998,-12.9998,17.29773,8.48459,20.91566
CPT,-50.53192,69.15822,32.12479,0.10627,1.63,16.53787,0.0,0.0,0.0,-23.47418,1.63,598.062,46.1851,-20.514,16.06796,15.97132,0.10627,2.55093,2.77417,4.64889,4.67826,40.68201,35.955513,68.58292
CCJ,0.02699,5.32484,12.61589,2.37788,0.3078,7.94751,34.79189,317.0475,20.68328,51.499844,0.16856,612.8307,40.20709,51.499844,7.95172,4.35216,1.72616,0.64069,0.78805,3.37624,3.37422,23.0484,3.45721,29.95181
CWH,10.16351,36.16166,1.19738,1.44674,0.28,1.36855,-25.83563,293.573,6.12629,-73.83178,1.18,1362.932,-4.30632,-63.33827,0.21699,0.91073,0.21261,5.68749,7.43548,20.58337,105.98607,98.44989,7.12125,77.98787
COF,-3.35748,0.13109,101.14663,1.02963,11.84,18.92809,16.73342,9327.0,29.30162,214.89362,10.97,22220.0,71.98721,203.48132,18.89667,16.53892,1.02483,1.42655,4.796,13.14383,12.00223,53.2725,6.31554,114.00674
CPRI,9.2927,16.96423,13.47847,1.31428,3.82,12.54821,9.88057,1012.0,21.44704,16.10942,4.22,2859.0,16.83524,7.13122,12.54398,13.61926,0.48245,15.525,21.71821,32.78952,32.74437,30.19441,0.86403,43.25501
CAH,-3.39464,17.17951,19.60841,1.07251,0.81,0.18932,-2.08401,3007.0,2.19796,-79.90074,2.08,7181.0,1.73655,-80.12422,0.18712,0.47588,0.41886,3.10224,7.65999,3.97917,3.97941,59.75206,2.99734,148.75392
CSL,6.17303,6.60693,44.81521,3.45316,5.88,8.00536,0.05549,721.3,16.10224,2.97723,6.29,1190.2,7.53683,67.0041,13.62652,8.48023,2.52166,6.31577,8.0274,13.99224,13.99224,37.93845,2.2013,61.13036
KMX,-12.51214,125.84267,18.45277,2.60758,3.6,3.69419,6.92923,1299.59,7.22911,10.42945,3.73,2750.041,2.75073,5.92405,3.69419,3.78992,0.4917,4.22393,4.49726,20.67137,20.67137,79.81865,10.09423,190.27223
CCL,0.0,713.65155,35.11925,0.24174,4.44,16.69403,12.5553,5343.0,28.29829,23.67688,4.45,10778.0,2.14501,20.95165,16.69403,16.71019,0.14548,4.99826,6.0981,12.95547,12.95547,29.6928,1.93206,42.23295
CRS,30.33747,6.45149,31.48627,3.2447,3.92,8.73615,38.86603,303.7,14.07517,295.9596,2.51,382.3,1.09839,301.06384,8.73615,5.49066,1.19653,3.97402,6.09812,14.04358,14.04358,26.8606,1.79684,36.72522
CAT,0.0,6.67626,24.39262,1.36803,10.26,11.23497,31.33312,12344.0,22.55766,714.2857,10.82,14903.0,5.78469,715.252,11.23314,11.69356,0.90301,7.70079,12.05969,44.32507,44.15715,72.19205,2.9612,259.60938
CE,3.14402,7.14428,23.29503,1.61551,8.95,17.02306,29.91453,1672.0,23.36827,44.58805,9.83,1972.0,8.43641,43.17912,16.86932,18.45169,1.00506,8.91199,12.12996,41.28769,36.47799,51.09986,2.11184,104.49837
COR,9.81142,15.53734,13.75511,0.92912,7.53,0.96219,-8.29114,2238.794,1.33309,359.14633,5.77,4576.379,0.34701,355.00076,0.9875,0.74856,0.4954,2.97856,16.01951,66.37224,63.18962,60.45404,2.08259,152.87032
CNC,50.89364,14.04087,26.46687,1.00226,2.26,1.48713,40.68924,2327.0,3.87085,-3.62473,3.135,10631.0,2.82121,8.69565,1.49711,2.03511,0.93676,4.4521,8.02059,10.13114,9.98939,37.75481,2.87323,60.71007
CNP,9.88087,7.07112,12.6058,2.1275,0.74,3.47531,2.79886,2167.0,20.46463,-82.08232,0.99,2502.0,2.76702,-79.46429,3.47531,4.19625,1.91975,2.32184,3.7561,6.68726,5.77436,53.21101,4.22889,113.72549
CPF,0.0,27.030125,16.97477,0.80484,2.01,25.0892,1.99691,119.572,50.43147,50.0,2.02,212.921,-97.09788,44.36948,25.0892,25.05639,0.80347,1.19654,9.52655,11.99634,11.99605,39.35991,2.66924,64.90742
CCS,0.0,42.33269,28.49806,6.26341,3.17,4.49168,51.23416,129.954,6.05165,56.15764,3.12,379.004,-18.6154,91.77851,4.49168,4.37108,0.18178,3.695,4.19831,12.09777,12.09777,55.95721,8.40168,127.05191
SKY,0.0,0.0,0.0,0.0,0.0,0.0,0.0,0.0,0.0,0.0,0.0,177.111,0.0,0.0,0.0,0.0,0.0,0.0,0.0,0.0,0.0,0.0,0.0,0.0
SCHW,2.77487,0.284,13.41687,1.09989,2.45,31.91373,25.06712,5124.0,46.62845,52.17391,2.47,9890.0,233.72691,48.98046,31.91373,30.29903,0.30569,1.11578,9.14912,20.86941,17.89514,24.96733,1.34231,33.27528
GTLS,-4.00462,4.26051,28.20112,1.80497,1.67,5.12773,43.20602,159.5,14.70995,87.64045,2.12,261.5,5.92548,214.2857,8.11584,6.07083,1.00218,3.75097,4.96492,6.35561,6.56357,37.97963,3.41317,61.23735
CLDT,11.06993,75.81737,17.14022,0.79463,0.66,9.53319,0.0,0.0,0.0,-9.58904,0.66,156.689,23.56902,3.94532,9.46247,9.39078,0.79463,2.71653,2.8089,3.82862,3.81771,41.94161,19.012663,72.2404
CC,-6.72963,8.10996,5.93746,1.92686,5.45,15.00452,17.49634,1605.0,24.17897,39.38619,6.36,1971.0,6.37805,33.37802,14.98946,16.95575,1.16501,11.28455,16.58893,106.18997,105.67639,79.56731,2.47477,177.7291
LNG,54.0,17.9685,-2.04669,2.43054,1.9,15.02442,40.24873,2481.0,31.06298,279.4895,2.03,2778.0,-35.67986,279.4895,5.89708,6.24224,2.14753,4.2409,4.4577,279.4895,75.73367,93.65544,11.47723,279.4895
CPK,13.46807,6.75586,31.6546,0.3626,3.45,7.88584,19.69553,146.402,20.40477,-2.8169,3.96,153.237,-14.73484,-2.65639,7.88584,9.03501,0.22526,4.24287,6.33115,11.26269,11.26269,54.55686,4.2514,120.0552
CVX,-1.97356,10.45305,81.22289,1.25211,7.74,9.35168,55.13766,33865.0,21.31188,59.58763,7.81,64324.0,8.95843,61.21805,9.32902,9.32678,0.94719,3.55694,4.77481,9.79523,9.74551,18.12668,1.01754,22.13991
CIM,-8.0835,0.10036,59.39851,0.84599,5.88,31.25079,9.26211,1187.253,90.13426,-24.90422,5.58,452.74,153.85204,-21.54334,31.25079,26.42653,0.84599,3.033,3.16909,11.21883,11.21809,85.94352,19.07411,92.780266
CMG,54.03555,94.68175,1.04079,1.81069,0.1262,3.62906,16.03206,554.038,11.38828,2.26904,0.152,1591.023,6.42294,0.17021,3.62906,4.34646,1.6425,10.20766,15.68452,12.58493,12.58493,0.0,0.0,0.0
CHH,10.01658,7.90454,-3.30056,0.76556,3.8,20.77731,24.36733,357.224,34.30545,88.11881,4.06,507.038,15.74084,88.30999,20.77731,21.88485,0.66431,20.10695,38.27697,66.43543,66.43543,132.19331,2.11243,66.43543
CB,7.16248,1.20078,109.56374,1.82136,8.49,11.98935,0.0,0.0,0.0,3.663,8.65,8224.0,10.00537,2.6159,11.98935,12.13578,1.82136,1.95643,5.03494,7.80813,7.80813,22.15862,369.05835,28.46637
CHD,-0.17346,11.99624,9.939,0.81294,2.27,13.71475,0.0,923.3,22.2702,-21.72414,2.3,1840.8,13.79646,-23.51359,13.71475,13.61948,0.49913,8.14817,10.55366,24.3418,24.3418,47.17785,2.37366,89.31453
CIEN,26.09543,4.38483,12.50225,2.22492,-2.49,-11.13957,2.10941,358.984,11.60151,80.59346,1.2,1314.69,10.70567,80.59346,-11.13957,5.57433,1.77284,4.18186,5.5158,-16.9561,-16.9561,28.39935,2.13169,39.66353
CI,-16.47358,4.1931,107.70652,0.64054,10.54,5.45691,10.49645,5453.0,11.24585,20.18244,13.47,16329.0,41.56974,17.88109,5.43835,6.85187,0.52265,2.77585,5.80649,9.63059,9.64708,50.84141,7.78984,103.51651
CNK,6.5367,34.95541,12.35749,1.17768,1.83,6.68289,7.77405,722.985,22.44086,-19.02655,1.86,1592.936,4.62443,-19.06011,6.63701,6.70013,1.10513,6.41459,8.24395,15.07133,15.0468,58.35215,2.82183,140.10844
C,3.03238,0.11991,75.05277,1.18451,6.69,18.70141,14.84262,41449.0,42.85463,4891.1426,6.54,65500.0,77.25406,4891.1426,18.65695,16.85916,1.02039,1.25321,3.31751,10.05047,9.07244,72.56502,12.57586,264.4981
CFG,0.0,411.73587,42.86836,0.98864,3.52,23.38633,9.07,3319.0,45.10124,8.30769,3.57,5802.0,3.00822,4.17676,23.38633,23.22863,0.97758,1.3261,5.70157,8.605,8.37735,45.30335,5.19494,82.82654
CIA,8.39509,2.59016,3.74851,3.06861,-0.22,-4.5335,22.15334,5.911,2.42248,2.4745283,-0.22,49.634,-22.43254,2.4745283,-4.5335,-4.51548,3.04567,0.07676,0.60852,-5.37975,-5.37975,0.0,0.0,0.0
CIO,29.90989,5.60755,7.21761,1.4159,0.82,29.86392,0.0,0.0,0.0,48.37626,0.82,79.612,41.02563,563.09937,29.477,23.63475,1.4159,0.97813,1.03179,14.32096,10.20009,61.83145,48.37626,161.9958
CLH,17.15512,5.38126,20.94573,1.99602,1.16,1.98879,12.66379,492.405,14.91999,-34.09091,1.22,994.752,5.04227,-34.84549,1.98879,2.07558,1.56258,3.08893,4.13607,5.56719,5.56719,57.34417,3.19362,134.43452
CCO,7.10366,3.98559,-6.18965,1.39186,-0.6,-7.45287,3.41912,576.029,21.16427,106.409424,-0.59,1251.037,3.40573,106.409424,-8.0185,-7.84165,1.23055,3.49563,4.86814,106.409424,106.409424,166.17953,9.16158,106.409424
CLW,2.43128,11.99106,25.8704,0.9881,-8.72,-8.3381,-4.93831,178.754,10.36725,26.902504,2.35,187.5,-4.9906,26.902504,-8.3381,2.24707,0.38795,2.67385,3.81036,-28.70088,-28.70088,65.00709,4.43137,185.77216
CWENa,0.0,0.0,0.0,0.0,0.0,0.0,0.0,0.0,0.0,0.0,0.0,0.0,0.0,0.0,0.0,0.0,0.0,0.0,0.0,0.0,0.0,0.0,0.0,0.0
CLF,61.23755,12.70569,1.4497,3.16019,3.42,44.56587,50.21268,741.6,31.78195,159.09091,1.97,809.0,6.35982,207.3842,48.34576,25.08943,2.49295,12.89141,18.88701,110.83878,110.83878,83.14727,2.82214,110.83878
CLPR,-45.5016,21.67642,3.65924,3.18747,-0.22,-8.18295,0.0,0.0,0.0,7.188237,0.27,60.336,25.86537,7.188237,-3.30282,4.3724,3.18747,1.88438,1.92781,-5.18652,-5.18676,84.97882,7.188237,7.188237
CLX,6.19469,10.51331,5.67263,1.0925,6.26,13.43893,0.85938,1291.0,21.08099,17.00935,5.96,2675.0,9.56891,17.40371,13.43893,12.58306,0.60917,14.59826,23.63445,129.81073,129.81073,77.38318,1.92409,194.99336
KO,-7.39024,9.02053,3.97868,1.04828,1.57,21.1169,1.55898,10814.0,33.94651,481.48148,1.87,21233.0,21.9935,415.54486,20.19714,25.00104,0.66249,7.12107,9.42564,39.55011,35.37268,69.56223,4.02765,228.5392
CDE,-12.51062,113.49121,4.19316,1.84492,-0.26,-7.82149,-38.22679,122.647,19.59518,19.87127,-0.13,168.352,-2.61256,19.87127,-7.73361,-3.91734,0.89776,-0.61748,-0.83065,-5.8717,-5.8717,34.98915,3.74103,53.82047
CNS,7.19606,6.10246,4.76065,3.49803,2.4,28.73756,-4.20083,152.382,39.98363,22.44898,2.45,199.776,29.92491,23.88214,29.88526,30.08187,2.07148,21.94037,28.0059,45.72466,33.17999,0.0,0.0,0.0
COHR,11.19718,5.67465,16.18262,3.22175,1.35,7.59428,13.17816,222.257,19.18003,-8.78378,1.6,462.203,-0.72607,-7.63272,7.59428,8.62952,1.95406,5.46036,6.42361,9.14366,9.14366,31.07787,2.07811,45.09129
CL,-5.40541,10.79444,-0.1182,1.13529,2.75,16.45651,-0.66104,4358.0,28.03654,20.61404,2.97,9262.0,15.61696,18.57708,15.44004,16.6346,0.63933,19.36124,35.93178,662.72534,662.72534,96.99832,1.46076,662.72534
CBAN,0.0,21.555693,11.3312,0.76791,1.4,20.32127,2.76401,25.914,44.18942,60.91954,1.43,50.217,29.46537,53.7479,20.32127,20.57836,0.76542,1.21381,9.25192,12.81295,12.81295,41.6231,2.6329,71.30063
CMA,0.0,258.46692,46.89413,0.96608,7.2,34.35327,6.66667,2120.0,58.97079,73.91304,7.53,3329.0,-56.74548,66.21804,34.35327,35.18887,0.96601,1.7558,9.39532,15.96639,15.96639,46.43214,3.06934,86.6791
FIX,28.03408,4.63583,13.4994,1.30541,3.0,5.17221,40.44391,193.182,8.84987,104.08163,3.02,446.279,4.31098,104.26798,5.17221,5.14687,1.26481,9.67834,17.85718,24.65153,24.65153,13.37786,0.39816,15.44392
CMC,6.06981,6.37839,12.76233,3.83289,1.14,2.91225,54.26277,377.879,8.13742,322.22223,1.42,622.165,0.25186,198.94241,2.98265,3.57232,2.53155,4.89287,6.32311,9.34553,9.34437,43.67978,3.06544,77.55612
CBU,0.0,50.453007,33.43445,0.74629,3.24,28.72392,6.76499,311.284,53.01971,6.93069,3.27,558.595,9.72797,11.89249,28.72392,28.49714,0.74613,1.62111,8.14757,10.07083,10.07083,19.44483,1.32895,24.13853
CYH,-1.1825,5.61261,-13.20453,1.4837,-6.99,-4.97351,47.63231,1590.0,11.23278,376.49927,-6.87,5416.0,0.95726,376.49927,-5.56694,-5.47115,1.13002,3.33994,4.21641,376.49927,376.49927,107.58883,8.55094,376.49927
CMP,-9.55007,4.55296,15.95723,2.54571,2.02,4.60632,-4.05215,272.3,18.23112,61.6,1.93,293.9,7.11452,61.12412,4.60632,4.37377,1.48288,3.42688,4.27183,11.14351,11.14351,71.64156,5.01175,252.62866
CRK,0.0,0.0,5.37986,0.77073,-0.27,-7.33682,0.0,284.112,72.80238,0.0,-0.25,311.21,0.0,0.0,-7.33682,-6.75546,0.63644,0.0,0.0,0.0,0.0,68.60024,4.37983,218.47372
CAG,3.40788,13.85393,9.40616,0.82994,1.95,10.04623,2.00998,1532.7,19.30766,56.0,2.13,2351.5,12.02084,26.45081,10.18354,10.83742,0.30417,7.80541,10.91721,20.71475,20.35893,50.39089,2.48959,101.57589
COP,-6.19766,8.99296,28.0573,1.795,5.32,17.31334,0.0,15188.0,41.7058,1521.0409,4.73,17984.0,16.76381,1521.0409,17.18154,15.151,1.58107,7.67047,11.27276,20.00767,20.05886,31.82514,0.98552,46.68164
ED,4.70312,7.08616,52.10592,0.62252,4.42,11.20208,0.53165,3971.0,32.18773,-10.52632,4.31,6237.0,0.0,-9.37705,11.20208,10.88941,0.50282,3.10322,4.90968,8.59881,8.56682,55.15579,5.21556,122.99424
STZ,5.31886,10.02511,42.05902,1.78639,11.55,30.72907,13.16993,2747.2,36.21885,53.59043,10.94,3850.3,-0.29779,51.05856,30.57218,28.09539,0.61573,7.81627,8.9007,31.04845,31.18649,55.81937,3.70803,126.34353
CPS,-5.2983,6.14572,47.36343,1.53087,5.89,2.8818,-16.64332,375.486,10.34598,-18.30791,6.43,548.305,-2.65955,-20.3521,2.96934,3.17045,1.02832,5.34676,8.65581,12.99925,12.19988,49.16085,2.21347,96.69879
CPA,0.0,51.27638,43.62212,1.01616,2.07,3.29004,-15.72432,503.098,18.78895,-76.23421,6.52,958.644,-2.77834,-76.16851,3.29004,10.338,0.81263,5.12871,6.71826,4.70305,4.70305,41.15339,2.55864,69.93332
CLB,-2.96025,5.34479,3.53722,2.2524,1.8,11.39295,2.27814,140.972,20.11455,-4.25532,1.77,203.882,10.49919,-4.32962,11.34714,11.16431,1.52385,11.94484,17.8313,52.77401,51.57542,64.2976,2.05552,180.09323
CNR,-33.41518,13.93177,14.94041,0.96298,5.38,11.71238,34.25368,495.921,32.48826,124.16667,6.32,530.642,12.18454,126.19882,10.02161,11.56301,0.80028,6.73616,13.88811,49.8135,39.94071,61.1719,1.75237,157.54544
CXW,6.45546,6.99626,11.92392,1.01946,1.34,8.67251,1.24749,417.166,22.72436,-10.66667,1.44,520.516,11.29073,-10.57796,8.67251,9.29875,0.94088,4.667,5.23678,11.10746,11.10746,56.43725,4.39457,129.5539
GLW,7.36027,6.02615,14.58376,2.12443,1.13,9.44198,10.04566,3133.0,27.75022,359.0118,1.65,4558.0,3.63153,359.0118,9.44198,11.9256,1.29719,4.18189,5.63974,8.56569,7.1891,30.16496,1.91446,43.19458
CMRE,272.76343,106.6434,12.06719,0.76009,0.33,17.67601,-16.23348,216.642,56.95155,-36.53846,0.33,245.338,-0.30669,-7.73506,17.67601,9.57693,0.60576,2.71563,2.76276,5.2211,5.2211,54.83573,7.60581,121.41396
CTRA,68.53725,7.59078,4.94023,1.89563,1.24,25.45728,127.4267,1204.47,55.04518,463.63635,1.22,1393.141,-8.75111,454.8624,25.45728,24.84093,1.64985,11.02083,13.36591,24.15591,24.15591,36.99477,1.01796,58.71699
COTY,4.46848,6.2522,11.7886,0.90282,-0.23,-1.35986,31.65906,1384.0,14.72654,262.6952,0.17,4186.0,5.33664,262.6952,-1.79613,1.35613,0.46939,1.79013,2.37539,-1.85858,-1.31853,44.15462,5.43663,84.97041
CUZ,0.0,17.515564,26.25211,0.82235,0.76,16.56936,0.0,0.0,0.0,-63.46154,0.76,322.51,36.76744,-63.3966,16.2409,16.38327,0.82235,1.72044,1.84147,2.86613,2.86083,27.35955,17.515564,37.66435
CXT,0.0,0.0,0.0,0.0,0.0,0.0,0.0,0.0,0.0,0.0,0.0,0.0,0.0,0.0,0.0,0.0,0.0,0.0,0.0,0.0,0.0,0.0,0.0,0.0
CRDb,0.0,0.0,0.0,0.0,0.0,0.0,0.0,0.0,0.0,0.0,0.0,229.30795,0.0,0.0,0.0,0.0,0.0,0.0,0.0,0.0,0.0,0.0,0.0,0.0
BAP,0.0,287.52075,88.7702,1.09211,14.8,24.0674,-0.8111,2703.1,53.97856,-7.03518,14.94,3414.8262,18.82116,-7.04223,23.5505,23.71108,1.09211,3.05448,9.03169,17.08826,17.11551,57.86197,3.64916,137.31532
CCI,22.62581,10.07445,28.99759,0.86733,1.34,12.37323,27.11976,3030.0,55.87313,32.67327,1.61,3526.0,7.93454,50.93915,12.37323,12.26129,0.70642,2.85513,3.24436,5.50608,5.50607,58.09305,5.50561,138.6239
CCK,74.36209,9.87688,6.93181,1.04242,3.28,4.735,16.72727,1605.0,14.39333,37.81513,3.91,2123.0,2.91005,35.91331,3.93687,4.686,0.58012,5.68949,9.08028,57.08713,47.80444,87.11165,5.41558,180.92561
CUBE,3.16479,106.90761,9.13558,0.0678,0.88,27.71627,0.0,0.0,0.0,18.91892,0.89,410.513,42.53679,22.04292,27.44846,27.52419,0.05386,3.75346,4.00259,9.8172,9.56037,49.64235,38.102673,101.78537
CFR,0.0,102.51415,51.19282,0.62856,6.9,32.55723,15.30387,694.843,49.72801,25.22686,6.93,1287.493,-22.31321,24.92634,32.55723,31.5952,0.62852,1.25832,8.34907,14.26565,13.64731,32.23424,2.30627,47.56716
CMI,0.0,401.16016,46.62437,1.53791,13.15,9.20029,18.72763,2986.0,12.56153,120.26801,13.4,5737.0,2.84328,114.31431,9.00677,9.14189,0.86278,8.00415,14.21909,29.31471,26.63338,23.06474,0.8292,29.97942
CWK,0.0,107.2241,6.27932,1.34561,-0.89,-2.26037,125.47307,309.8,3.7689,107.2241,-0.26,1577.5,-0.47933,107.2241,-2.26037,-0.65971,1.30588,0.2005,0.33484,-19.93562,-19.93562,66.36912,8.66398,197.34578
CUBI,0.0,42.601776,23.84753,0.99891,1.78,15.03201,-16.41839,194.583,40.79744,-9.64467,1.91,311.233,126.92809,-9.0592,15.03201,12.64259,0.99864,1.14641,4.02167,9.93805,7.63615,63.54617,8.57176,174.31963
DKS,-20.06942,126.97843,18.84422,1.40777,3.01,3.76516,7.33054,727.495,8.46863,17.57813,3.04,2489.06,0.69842,12.54332,3.76516,3.78571,0.11635,7.65826,16.05296,16.71123,16.71123,3.25326,0.08974,3.36266
DNOW,13.94799,6.9105,11.19647,2.76417,0.47,1.66294,39.436024,114.0,3.64567,39.436024,0.47,630.0,1.97074,39.436024,1.66294,1.62773,1.35601,2.57477,3.38841,4.33514,4.33514,9.80684,1.1579,10.87315
DHI,0.0,254.88867,23.87804,5.73862,3.81,9.09215,27.77812,2096.2,13.03356,39.0511,4.23,3462.8,-1.4408,40.62982,9.07972,9.90492,0.71012,9.68661,11.08496,17.4557,17.29867,25.91325,1.52824,34.97691
DTE,1.76337,8.01353,56.27044,0.73457,6.17,7.86659,1.27055,2710.0,19.06839,-2.37342,6.26,3150.0,-5.56924,-1.23457,7.88066,7.97256,0.44457,2.82992,4.14194,11.34235,10.79828,57.06158,5.25535,132.89166
DXC,316.4903,8.38518,47.26046,0.97615,6.04,7.25688,360.47794,5010.0,20.40235,518.2661,7.3,5416.0,16.93833,518.2661,7.13064,8.47039,0.86896,8.94115,13.92394,22.77724,22.27082,37.71606,1.67246,60.55503
DVA,8.38945,6.38327,22.258,1.72232,3.62,6.92756,-3.47903,2116.981,18.56211,-23.14225,3.61,3216.638,5.22536,-75.98106,1.3976,5.40592,0.5756,5.01185,6.28087,14.87635,14.45644,66.74626,4.77199,258.4746
DAN,7.14286,7.90967,9.29747,1.664,2.91,5.40341,16.89962,920.0,11.29805,309.85916,2.67,1157.0,2.92583,284.6847,5.24377,4.75439,1.01946,7.02733,12.92761,36.21713,32.55642,53.62406,1.93804,123.64771
DHR,1.41405,5.60888,40.2201,1.46521,3.74,13.32579,8.21301,4781.5,24.03609,6.85714,3.91,9505.0,14.98995,6.37214,13.32579,13.7704,0.90042,4.59589,5.80073,9.71513,9.71124,25.65465,2.03708,34.5074
DRI,-6.08899,195.1715,17.76591,0.39986,4.79,7.47268,12.45918,1102.1,13.63968,25.06527,4.89,1745.4,8.24974,24.39992,7.37615,7.50436,0.16656,8.952,15.13045,28.1066,28.1066,33.38594,0.9981,50.11846
DAR,-1.55928,8.71347,13.80441,1.66132,0.6,3.12729,-1.24401,431.379,12.73359,-22.07792,0.85,741.352,2.6394,-20.99511,2.99599,4.13465,0.92427,1.39866,1.71052,4.49298,4.54352,41.75378,3.88158,71.68495
DECK,-9.41674,12.59043,5.14982,4.81424,0.59667,6.01018,30.61737,285.028,14.97516,1888.8889,0.96333,931.642,13.20854,1903.3976,6.01018,9.64417,3.04415,12.03383,15.08205,12.07303,12.07303,3.2977,0.11256,3.41015
DE,8.71405,1.05613,35.44551,1.90576,7.24,6.481,41.85457,6492.4,17.74961,8.38323,9.73,8985.0,-7.70671,9.69385,6.47498,8.58145,1.66107,4.19931,5.53069,22.72381,22.70722,78.89297,6.50855,685.8794
DK,-11.24914,18.70768,20.93077,1.45494,4.14,3.74862,99.82469,797.9,7.79725,1.47059,4.61,1134.1,1.61913,17.76316,3.32353,3.73,0.97265,6.37622,10.51315,21.74098,20.33773,49.65473,2.23499,98.62839
DELL,19.41149,5.67164,46.86432,0.84888,-18.4,-4.90084,88.71545,5803.0,7.37732,1262.8147,-18.38,20561.0,10.01255,1262.8147,-4.73939,-4.74338,0.6804,-1.47149,-2.60447,-33.03647,-22.27616,77.14078,8.93865,1262.8147
DAL,-2.6504,18.94607,20.1296,0.34126,5.67,8.85503,-9.05498,7593.0,17.08673,14.54546,5.53,11452.0,1.95694,10.00839,8.85503,8.59901,0.22225,5.7944,12.42494,28.51759,28.51759,54.69981,2.17661,120.74962
DLX,36.35514,11.28305,20.50335,1.14793,3.16,7.4889,-5.17927,494.382,24.74353,-33.05085,5.6,1207.743,13.42507,-34.98729,7.4889,13.12873,0.67354,10.06004,12.78589,15.50228,15.50228,49.90289,1.84445,99.61231
DBI,1.21014,146.42508,11.87543,2.65929,0.83,2.40389,1.02289,272.979,9.74997,-45.39474,1.53,799.132,5.3446,-45.95576,2.40389,4.38049,0.98535,8.47805,12.76344,7.13025,7.13025,0.0,0.0,0.0
DVN,-47.47105,8.57691,20.41333,1.99326,1.52,7.11757,-1.66617,3305.0,30.79001,-10.58824,2.31,2965.0,-8.54994,241.20267,28.54481,10.63108,1.49641,3.74696,4.70764,8.28633,6.56076,39.29822,1.7994,64.73982
DRH,0.0,23.908571,9.2057,2.154,0.43,10.14385,-8.07936,126.526,14.61866,-6.52174,0.38,250.745,25.18371,-4.45487,10.14246,9.0208,2.108,2.50677,2.79943,4.72396,4.71484,34.09259,7.72937,51.728
DBD,-11.19142,5.84266,-2.44703,1.40487,-7.48,-12.36186,-12.22455,167.3,3.65396,55.85978,-2.75,1001.9,2.71207,55.85978,-12.42083,-4.56471,0.78367,0.36995,0.6987,55.85978,-116.73714,101.32109,13.38613,55.85978
DLR,0.0,105.75778,41.70543,0.2823,1.21,11.06461,0.0,0.0,0.0,22.22222,1.22,1981.474,49.47296,33.42759,10.74449,8.15335,0.2823,1.6223,1.74014,3.74107,3.10424,50.99435,105.75778,104.20984
DDS,-17.78976,146.16924,60.77546,1.6638,7.51,3.44598,-11.78713,502.801,7.82853,52.33266,4.91,2222.958,2.68411,30.79069,3.44598,2.25422,0.21802,4.48345,6.81218,12.92187,12.92187,29.95053,1.45255,42.75625
DIN,0.0,43.04677,-11.46412,1.20875,4.37,10.28951,-1.73936,206.367,26.42577,43.04677,4.82,353.539,20.6395,43.04677,10.28951,10.82158,1.02213,6.17716,8.74987,43.04677,43.04677,116.35072,6.97477,43.04677
DFS,0.0,0.0,0.0,0.0,0.0,0.0,0.0,0.0,0.0,0.0,0.0,664.9526,0.0,0.0,0.0,0.0,0.0,0.0,0.0,0.0,0.0,0.0,0.0,0.0
DLB,62.78439,15.03132,21.20836,4.78436,1.14,10.47892,10.13285,380.835,32.49656,-41.53846,2.35,927.038,19.10629,-39.4228,10.43122,20.72967,4.56763,7.21072,8.62773,5.65131,5.65927,0.0,0.0,0.0
DG,0.0,432.03766,22.79502,1.43272,5.63,6.55687,-0.21294,2436.849,10.3824,27.08804,4.56,7221.359,4.05484,23.00531,6.55687,5.29908,0.0902,10.50374,14.31457,26.6901,26.6901,32.91772,1.23354,49.07066
D,5.36145,7.96773,29.5257,0.67491,3.74,18.76887,3.28413,6227.0,45.85082,-20.76271,3.64,5108.0,-3.68898,-18.40614,18.01782,17.53397,0.32313,3.41993,4.63825,13.13861,12.30866,61.47004,5.64879,159.53828
DCI,7.41411,5.31086,6.62411,2.39817,1.36,6.57741,14.83408,463.7,16.91595,-21.83908,2.03,935.8,5.90116,-22.55155,6.57741,9.64939,1.57499,12.22733,16.87539,21.17316,21.05939,38.76794,1.17123,63.31313
DFIN,4.66102,5.69654,6.62757,1.25504,2.16,7.64278,-13.2098,145.2,15.07788,644.8276,1.62,375.7,8.78894,658.7629,7.64278,5.68598,1.10988,7.05085,10.38532,39.21151,39.21151,61.61033,2.49793,160.48672
LPG,-35.91024,4.64623,17.41538,1.64867,-0.38,-12.60223,-12.49826,69.171,42.72874,14.38261,-0.46,92.67682,46.01659,14.38261,-12.60223,-15.35569,1.59399,0.13787,0.13939,-2.10818,-2.10818,44.17197,10.97428,79.12151
DEI,18.53561,7.54918,14.11352,1.02769,0.68,14.30405,0.0,0.0,0.0,17.24138,0.68,606.849,45.74183,22.91647,12.91093,12.84878,0.99929,2.03486,2.10511,4.79709,3.31881,51.78892,41.211468,107.42121
DOV,-10.42014,5.32377,19.10518,1.3701,3.89,8.45445,-14.26208,1184.195,16.93614,-24.46602,4.32,2576.477,12.21694,-29.74109,8.15586,9.25979,0.89602,5.92437,8.10205,16.53126,16.53126,53.42104,2.68145,114.6892
DCO,108.58177,5.507,22.49299,2.27123,0.77,1.43571,33.89286,64.132,10.19089,-55.74713,2.03,122.717,2.42211,-54.99826,1.43571,3.67415,1.30199,4.10858,5.32283,3.66972,3.66972,47.16796,3.5753,89.27908
DUK,0.0,879.2455,60.27098,0.64584,3.73,10.70511,-4.77423,9195.0,37.49847,-14.64531,4.31,10717.0,-11.03544,-12.84734,10.87231,12.44435,0.24713,2.25948,3.23374,6.18776,6.13526,56.92964,6.30114,132.17822
DD,10.13788,7.23256,125.04,2.007,4.95,4.65706,45.8285,16343.0,19.00857,73.68421,11.1,8920.0,9.22398,163.28767,4.47096,9.9023,1.27777,3.48506,4.85987,3.9497,4.04228,29.61293,2.47592,42.07155
CTA,0.0,0.0,0.0,0.0,0.0,0.0,0.0,0.0,0.0,0.0,0.0,37.385,0.0,0.0,0.0,0.0,0.0,0.0,0.0,0.0,0.0,0.0,0.0,0.0
EME,10.3051,4.80883,31.09004,1.37581,4.89,3.5166,1.82921,487.211,5.99229,27.67624,4.97,1205.453,2.12833,24.79577,3.4872,3.55227,1.23376,6.30525,12.62892,16.7482,16.74233,14.51867,0.60708,16.98461
EOG,19.88871,9.68552,33.38521,1.35646,5.89,20.09876,70.69659,7866.578,46.24352,32.06278,5.81,9592.66,-3.51746,32.38859,20.09876,19.69243,1.0457,8.34701,11.06178,19.18252,19.18252,23.90519,0.77331,31.41501
EPR,0.0,46.092873,38.53332,3.45143,3.27,38.08189,0.0,0.0,0.0,-0.6079,3.98,533.848,125.15751,1.5268,38.08189,42.17548,3.23271,4.70527,4.91076,9.21894,9.21847,51.03426,46.092873,104.22443
EQT,71.23295,4.63415,43.06261,0.83638,-9.12,-52.23758,-5.32412,2146.076,47.08509,230.35147,0.92,2843.683,-32.89508,230.35147,-49.24601,5.26688,0.5288,1.33268,1.58664,-19.61393,-16.21171,33.40734,2.5616,50.16669
ESE,1.96787,4.75815,29.3084,1.97488,3.54,11.94118,18.83471,138.181,17.90879,71.01449,2.79,263.937,8.68317,71.56583,11.94118,9.3559,0.96852,4.97047,6.39229,12.8742,12.8742,23.87409,1.72354,31.36132
EXP,4.86935,10.18384,29.36209,2.55806,5.28,18.50907,12.82334,411.566,29.68338,28.78049,4.76,338.756,12.92761,29.46892,18.50907,16.52707,1.09019,8.05912,9.46763,19.58171,19.58171,30.45808,1.50868,43.79815
DEA,48.56548,5.84733,36.73696,1.07946,0.2,4.14656,0.0,0.0,0.0,-20.0,0.225,112.368,50.85894,28.23741,3.55188,2.99892,1.07946,1.12424,1.16991,0.73036,0.73323,42.7747,17.268509,74.74789
EGP,5.96598,7.02067,24.74067,0.20459,2.49,29.49146,0.0,0.0,0.0,2.04918,2.46,212.624,52.61988,6.39914,29.44821,29.00699,0.20459,3.32662,3.51146,10.71157,10.70591,55.00087,26.530794,122.22652
EMN,18.51852,9.05531,41.53099,1.81794,7.56,10.67875,-5.50089,2113.0,20.81568,-20.16896,7.77,2479.0,7.54359,-21.96532,10.63935,10.80804,0.92329,5.90736,7.8534,19.27539,19.08787,51.20372,2.91907,104.93365
KODK,-16.66667,5.12573,-0.07009,1.12854,-0.68,-0.67925,19.559072,-22.0,-1.66038,19.559072,-0.61,180.0,-5.14151,19.559072,-1.20755,-1.96581,0.63239,-3.57365,-9.62343,-33.33333,-4.60358,70.22767,19.559072,235.88235
ETN,0.22825,5.4741,38.02408,1.47264,4.91,9.93105,13.23617,3807.0,17.61766,-26.49701,5.45,7098.0,9.82172,-28.1407,9.92642,10.95347,0.85215,5.81888,7.61231,12.85971,12.838,31.7838,1.97557,46.59274
ECL,3.43421,5.60219,27.81651,1.26918,4.88,9.8192,2.29905,3021.3,20.59762,-4.87329,5.54,5351.6,8.42648,-5.25723,9.74285,10.90007,0.79265,6.50338,8.6474,18.29634,18.29847,46.66066,2.33184,87.47889
EPC,1.07095,9.91744,32.28349,1.32664,1.9,4.62317,-7.10964,419.4,18.77014,1800.0,3.52,1034.7,10.24045,1712.2806,4.62317,8.57,0.7643,4.94498,6.3626,5.92605,5.92605,42.64015,3.09228,74.33796
EIX,30.46286,11.82345,32.10143,0.62261,-1.4,-2.76527,-4.70588,4050.0,31.9981,399.23776,4.22,4454.0,-14.61938,399.23776,-2.38603,10.86924,0.25134,2.49211,4.81764,-3.0366,-2.63783,55.01351,3.82025,122.28897
EW,8.37287,8.47536,5.03996,2.60883,1.12667,19.39938,-5.327,1116.1,29.98012,25.18519,1.51667,2783.4,12.78876,23.74914,19.39938,25.56839,1.70408,11.78252,16.80353,23.69189,23.69189,15.90167,0.53203,18.90842
ESI,-66.92042,2.5494,7.29893,2.1726,-0.27,-3.92657,-45.56127,412.7,21.04539,66.44034,-0.4,837.7,-10.81655,66.44034,-16.54258,-5.87863,0.53917,1.62881,2.0138,-3.23558,-3.05489,71.1384,13.02641,246.48112
ELV,9.02359,14.24903,110.88362,1.56253,14.19,4.07144,11.73531,6842.0,7.42848,-1.11498,14.48,20196.0,2.13688,-2.41491,4.07144,4.05764,1.46674,5.12979,7.73995,13.62549,13.62549,40.23078,2.80781,67.31019
LLY,15.40154,5.01505,9.76004,1.72859,3.13,13.16191,19.2745,7657.9,31.18584,1130.8019,5.15,16811.6,12.32906,1130.8019,13.16191,21.55411,1.20215,8.74626,15.86795,30.17614,28.63091,53.93117,1.66768,117.06649
ELME,0.0,22.863274,13.36663,0.94671,0.32,7.60783,0.0,0.0,0.0,28.0,0.33,186.138,40.76961,30.3132,7.60783,7.73451,0.94671,1.97468,2.06731,2.36975,2.36897,53.7789,22.863274,116.35139
EBS,82.732,3.85274,19.74414,3.0978,1.22,8.0138,-1.37019,181.9,23.24898,-28.65497,1.74,320.4,-3.78662,-24.0865,8.0138,11.14187,1.91367,4.56873,5.51935,6.52023,6.52023,44.00997,4.36833,78.60323
EMR,8.85417,5.42643,14.21964,1.07382,3.46,12.77574,12.7381,3788.0,21.76011,36.22047,3.37,7432.0,12.33054,45.12517,12.6551,12.23484,0.71983,9.47372,13.93693,24.94198,25.04505,34.61818,1.2566,52.94772
ESRT,0.0,29.016924,7.08064,2.37631,0.39,15.85846,0.0,0.0,0.0,0.0,0.38,388.392,36.1677,4.7185,8.8728,8.61231,2.37631,3.0564,3.27853,5.45155,5.90867,49.07704,29.016924,96.37509
EIG,-3.06579,0.93336,31.0749,12.32309,4.24,17.65367,11.50943,177.3,22.15142,38.56209,4.28,171.0,19.29504,39.62451,17.65367,17.58468,12.32309,2.75476,10.65607,14.3751,14.3751,1.92641,0.1128,1.96425
ENS,12.26333,4.99896,28.52618,3.13223,2.77,4.64129,-3.26495,332.637,12.88346,-23.9011,4.92,661.861,3.28926,-25.35359,4.63203,8.12006,2.18202,7.27831,9.90143,10.40341,10.37749,33.23938,1.79782,49.7889
ENR,0.08688,7.80591,0.41102,1.55897,1.52,5.20109,0.78869,370.6,20.61523,-52.79503,3.46,831.1,13.15153,-53.59802,5.20109,11.5096,1.0426,8.1336,11.13414,170.62044,170.62044,99.01313,6.63276,71.03539
EPAC,-1.29176,6.25795,9.16162,1.99691,-0.36,-1.83053,16.66573,145.908,12.33779,28.687101,0.96,283.284,3.50781,28.687101,-1.83053,4.90638,1.32414,4.38587,6.1053,-4.08742,-4.08742,48.8081,3.6509,95.3434
ENVA,22.02922,1.42405,10.35486,11.15244,1.99,6.29204,35.38417,198.262,17.79613,131.39536,2.99,311.485,-8.00984,139.73325,6.29204,9.12319,10.81674,9.19906,10.04157,22.2726,22.2726,71.15627,4.32725,246.69579
ENOV,1.98093,3.74238,83.6434,1.63293,4.2,4.98588,8.41913,455.961,12.43481,61.06593,5.73,729.376,8.4619,-7.21027,3.82338,6.26566,1.02926,3.00897,4.23289,4.97907,5.07545,25.63777,2.62905,34.47687
NPO,9.51471,5.58818,41.35487,2.50719,0.93,1.27937,17.29155,209.6,13.68146,-96.24394,3.37,421.6,8.99396,-96.36903,1.27937,4.59745,1.59521,4.91407,6.22385,2.22664,2.22664,35.15046,2.21803,54.2031
ETR,-9.28445,11.06335,23.3907,0.54341,2.315,7.83468,-22.86019,2759.636,25.06606,103.07018,3.395,3844.937,-15.76787,102.78569,7.83468,11.18833,0.29308,1.31826,2.40495,10.24606,9.99831,66.67308,6.57067,200.05772
EPD,-15.69423,9.09252,10.91759,0.84558,1.91,11.60146,32.04078,6541.3,17.90459,46.92308,1.9,5183.7,-0.00363,49.05155,11.42053,11.31912,0.57007,5.5309,6.2986,17.98421,18.01141,51.86842,4.00199,107.76381
NVRI,9.52422,5.70796,3.37247,1.45094,1.64,8.40343,14.86049,320.424,18.60356,1722.2222,1.4,335.132,2.3948,1652.199,7.95742,6.56083,1.04748,7.4181,13.87197,62.35634,54.76926,65.77389,1.87948,192.17458
EPAM,14.25517,4.88528,23.34682,4.56216,4.24,13.03676,38.46001,284.869,15.45755,221.21211,3.94,655.991,13.23758,230.20341,13.03676,11.46417,4.46264,10.82346,13.54139,21.47498,21.47498,1.94396,0.08787,1.9825
EFX,5.46313,7.46712,25.76949,1.09132,2.47,8.97688,-7.18036,1149.2,33.68014,-48.86128,4.82,1971.7,17.66251,-48.95284,8.78638,17.00794,0.95924,7.28803,8.93519,9.54443,9.57981,45.5087,2.29333,83.51554
EQBK,0.0,38.97096,28.86982,0.78123,2.28,19.76214,44.98832,84.418,46.56748,40.74074,2.7,140.744,185.19067,73.49509,19.76214,22.92783,0.7786,1.36189,5.80607,8.63165,8.63165,50.47441,5.50447,101.91582
EQC,-49.48485,3.23145,25.19937,41.83961,2.15,110.95896,0.0,0.0,0.0,1164.7059,2.22,117.106,52.25235,819.9251,110.92034,110.40157,41.83961,0.97311,0.99354,8.73891,8.41725,7.94908,112.56404,8.63553
ELS,-29.17719,23.16115,6.23632,0.46076,1.19,23.12971,0.0,0.0,0.0,9.67742,1.145,524.65,33.98981,7.60316,21.72243,20.81472,0.46076,5.34488,5.8871,19.74566,19.74251,66.30586,41.69033,196.78752
EQR,0.0,91.671074,27.43851,0.05017,1.77,26.59083,0.0,0.0,0.0,8.58896,1.85,1698.047,43.54919,8.96191,25.51752,26.42412,0.05017,2.61482,2.71903,6.46509,6.33863,44.99708,91.671074,84.79074
ESNT,24.45999,22.08162,24.10578,11.07095,4.77,64.96991,37.43552,560.282,77.88694,19.54887,4.8,571.951,53.62692,23.0722,64.96991,64.99374,6.36618,11.95153,14.56756,21.70675,21.70675,8.63774,0.3992,9.45439
WTRG,3.38116,8.7989,11.28273,0.36887,1.08,22.90778,16.74386,543.173,64.81074,-20.0,1.41,543.797,-10.39286,-19.91758,22.90778,29.93048,0.2628,3.73338,5.71841,9.67929,9.67929,56.09648,4.72669,127.77217
ESS,11.13278,33.25113,95.11418,0.24826,5.9,27.3509,0.0,0.0,0.0,-10.19787,5.91,1068.933,48.37204,-9.90766,25.80044,25.81032,0.24826,2.82499,2.90905,6.22031,6.42966,46.57931,64.37419,87.67718
EL,6.59498,9.50104,12.76876,1.86344,2.95,8.15864,18.45238,2786.0,20.34913,-11.9403,4.61,10857.0,12.68899,-11.28903,8.09291,12.39121,1.26949,11.73607,17.4544,24.42681,24.51712,42.93676,1.27208,75.24416
ETD,0.57756,62.19605,14.46459,1.76831,1.32,4.74332,-19.25007,68.698,8.95924,2.32558,1.26,415.964,2.9536,0.48903,4.74332,4.48946,0.28639,5.55987,7.62798,9.27315,9.26926,0.43574,0.02446,0.43765
EVR,68.6053,8.38186,19.07268,1.9763,8.33,21.2656,42.49999,591.935,28.42458,197.5,9.39,1943.162,38.06895,200.69986,18.11498,18.30451,1.94214,19.02954,32.04938,57.94403,49.08821,16.11874,0.32721,19.21614
EG,25.45558,2.02357,194.43074,24.10323,2.53,1.42166,0.0,0.0,0.0,-77.72887,2.52,-182.879,-13.28178,-77.91918,1.42166,1.3973,24.10323,-0.746,-2.05791,1.27268,1.27268,7.4216,-2.4879243,8.01656
ES,3.89687,7.35655,36.24905,0.55733,3.25,12.31646,-6.39297,2519.86,29.82718,4.50161,3.24,3974.019,-0.76871,4.55508,12.22746,12.17157,0.31083,2.8537,4.17226,9.1525,9.09378,55.68875,5.80656,125.67633
EVTC,5.76927,7.88193,2.92155,1.58146,1.16,19.07357,16.33204,188.195,41.46461,52.63158,1.19,256.912,30.27305,56.70069,19.00769,19.03684,1.25783,8.54662,10.30623,48.52477,47.62007,71.4017,2.86036,249.67116
EXPD,23.06422,5.15775,11.57953,2.06115,3.48,7.61566,15.01034,850.582,10.45151,29.36803,3.55,1074.301,5.81856,26.33193,7.59611,7.59578,2.00836,15.48151,25.00453,31.07546,31.12886,0.0,0.0,0.0
EXR,0.0,60.872982,18.99015,0.20453,3.27,36.75593,0.0,0.0,0.0,-13.03192,3.29,909.807,44.94882,-13.30319,34.14229,34.10424,0.20453,4.97154,5.11464,17.43273,16.23022,63.33493,60.872982,172.73918
XOM,-7.69014,13.65526,45.26646,0.8396,4.88,7.66865,27.84747,40869.0,14.63098,5.39957,4.81,90308.0,4.27851,5.73313,7.46066,7.35279,0.48554,3.97978,5.84475,10.98339,10.9005,15.9933,0.92481,19.03812
FBK,0.0,41.667645,21.86679,0.92944,2.55,21.67293,17.69858,178.444,48.20036,37.09677,2.64,329.312,100.85711,53.12798,21.67293,21.87515,0.86194,2.16592,11.58684,12.64968,12.64968,25.31877,1.27646,33.90245
FMC,13.25177,2.16981,23.59429,1.34636,4.75,13.85211,120.30101,1288.1,27.24523,160.09875,6.2,1949.4,12.43073,-6.28966,10.62016,17.6259,0.90355,7.40527,12.00675,22.2475,22.13435,45.92646,2.11684,84.93334
FNB,0.0,101.76833,13.87848,0.81169,1.12,25.81418,9.12765,663.244,45.91856,77.77778,1.13,1148.5,30.89954,87.17395,25.81418,25.36388,0.80964,1.17841,4.19601,8.47086,8.26993,50.79026,7.17082,103.21181
FCN,6.06834,3.76409,35.35861,2.00044,3.93,7.42703,37.22415,265.703,13.10252,42.90909,4.09,699.803,8.67518,39.50371,7.42703,7.48225,1.89579,6.09327,8.82101,11.85542,11.85542,16.45018,0.9995,19.68906
FN,-6.5962,5.36683,20.33591,3.16274,2.21,6.13496,-5.2302,125.008,9.11187,-14.00778,2.32,153.412,5.48827,-13.33265,6.13496,6.30036,2.1569,5.65281,7.68529,11.83357,11.83357,8.0828,0.52121,8.79357
FDS,5.60099,8.85428,13.76954,1.94867,6.78,19.78195,6.81389,435.304,32.24128,4.14747,8.07,690.849,21.54622,3.4175,19.78195,23.15124,1.78408,16.68001,21.1377,49.20546,49.20546,52.22023,1.3204,109.29359
FICO,23.89226,5.47078,9.08968,0.80175,4.57,13.79355,8.42105,235.664,22.82515,14.82412,5.28,687.248,13.80515,11.03964,13.79355,15.19398,0.70791,10.27787,12.53249,41.26332,41.26332,74.33669,3.24167,289.6613
FDX,11.60679,8.14055,72.99276,1.38579,16.79,6.98549,7.36342,9040.0,13.81207,51.67118,14.18,18005.0,-0.15317,52.55255,6.98549,5.78466,1.22011,7.36628,11.09059,25.76573,25.76573,46.06817,1.83462,85.41924
AGM,1.1806,13.8554,51.34483,1.05734,8.83,19.43801,35.88757,505.87,90.97989,33.78788,8.91,184.59,-24.57704,27.93258,19.43801,17.07249,0.35617,1.73307,1.90308,20.56346,14.79835,95.57222,32.11042,50.549316
FRT,-28.14745,4.42151,29.43965,0.42469,3.18,27.27617,0.0,0.0,0.0,-19.89924,3.18,632.103,48.61936,-16.55905,26.49642,25.52206,0.42469,3.45458,3.72596,11.27088,9.69688,55.3634,41.34226,130.87848
FSS,5.24535,8.98186,8.80565,2.06864,1.53,8.60028,42.79359,160.5,14.73153,53.0,1.46,282.1,10.919,52.5974,8.62781,8.02699,1.01889,7.72531,10.55718,18.97722,18.97722,28.38422,1.30903,39.63403
FHI,77.77757,15.28903,8.50217,1.67845,2.18,19.57414,2.68171,362.68,31.93514,-24.04181,2.53,780.912,21.50157,-24.38517,19.39786,21.59778,1.57616,15.47606,20.1064,27.22513,24.28155,11.49294,0.37223,15.7504
FERG,11.68112,8.38971,1.75046,1.64442,0.34,4.05262,-13.02347,1678.0,8.08597,-29.97712,0.37,6063.0,5.05405,22.62315,6.10544,4.38073,0.89343,7.94432,13.10436,19.57001,19.5783,32.02078,1.13886,47.10377
FNF,-3.47003,24.34992,16.8135,2.80964,2.26,8.37179,17.23301,966.0,12.73566,-1.73913,2.49,5321.0,6.28543,-5.13595,8.2795,8.96203,2.80964,5.42624,8.79988,13.83717,12.9817,14.39394,0.86542,18.06396
FAF,0.0,194.51749,33.56068,0.45933,4.19,8.28351,2.07817,773.726,13.46752,11.43617,4.15,3495.375,18.23488,12.161,8.2591,8.13462,0.45933,4.00789,9.23364,13.14059,13.16743,17.75103,1.04473,21.58206
FBMS,0.0,32.761776,24.49289,0.87503,1.62,17.92032,40.13263,60.435,51.02541,45.94595,2.33,103.328,157.2744,99.93406,17.92032,25.54637,0.86886,1.45662,8.10146,7.24747,7.24747,31.36763,2.7471,45.70383
FCF,0.0,45.883694,9.90052,0.88229,1.08,28.22255,12.03185,191.747,50.3413,86.2069,1.1,327.248,17.07801,94.86631,28.22255,28.60103,0.8799,1.51701,6.43972,11.53712,11.53712,48.18012,4.72956,92.97614
FFWM,0.0,34.685936,12.56706,0.92637,1.01,17.67259,28.66879,99.874,41.08739,29.48718,1.09,187.161,71.37265,55.7465,17.67259,18.87479,0.82926,1.13186,5.02129,9.0046,9.0046,55.87192,7.08893,126.61307
FHN,0.0,172.69348,13.79378,0.89846,1.65,24.52843,65.70605,1192.888,52.57737,153.84615,1.89,1935.0,130.61232,229.30067,24.02311,27.02143,0.87787,1.70171,8.44675,12.69938,11.88373,32.50775,1.93219,48.16516
FE,-15.1743,8.32914,13.17211,0.51619,1.33,9.07557,-14.82592,3694.0,32.80348,542.54565,1.9,7764.0,5.84096,542.54565,11.97052,8.30122,0.41865,4.112,6.41828,19.16011,19.03343,74.10898,5.27991,286.23422
FLG,0.0,0.0,0.0,0.0,0.0,0.0,0.0,0.0,0.0,0.0,0.0,0.0,0.0,0.0,0.0,0.0,0.0,0.0,0.0,0.0,0.0,0.0,0.0,0.0
FND,0.0,47.152508,5.98745,1.38382,1.1,6.79517,21.77569,188.415,11.0194,7.84314,1.25,702.268,-1.37126,13.03557,6.79517,7.07446,0.17932,7.48806,12.66052,22.62276,22.62276,19.91851,0.77135,24.8728
FTK,-19.49455,4.28034,21.09527,2.31171,-7.55938,-41.31167,-9.455139,-22.146,-12.45746,-9.455139,-3.47971,17.965,-38.42456,-9.455139,-39.56731,-18.92138,0.51332,-6.36641,-7.19889,-31.33129,-31.4602,19.78516,-9.455139,24.66522
FLO,1.97278,15.28107,5.96629,1.35816,0.74,3.97687,-2.13478,403.696,10.21536,4.22535,0.86,1885.024,4.51036,4.68958,3.97687,4.59212,0.82958,5.89373,7.44363,12.52798,12.52798,44.57835,2.50705,80.43492
FLS,19.17823,4.08225,12.57939,2.20463,0.91,3.26274,11.00924,466.523,12.17228,4450.0,1.57,1190.869,4.49361,4412.481,3.1224,5.35899,1.51779,4.67939,6.97639,7.2596,7.5066,47.1733,3.17894,89.29822
FLR,61.36755,9.15076,21.21802,1.53156,1.59,1.52848,-6.21901,624.18,3.2566,16.91177,1.53,569.38,2.13235,17.48173,1.17305,1.12087,1.28526,2.79259,5.13624,7.13134,8.86348,35.1285,2.70507,54.1509
FLUT,0.0,0.0,0.0,0.0,0.0,0.0,0.0,0.0,0.0,0.0,0.0,1788.7867,0.0,0.0,0.0,0.0,0.0,0.0,0.0,0.0,0.0,0.0,0.0,0.0
F,4.36084,2.49831,9.03143,1.19965,0.92,2.30451,0.12234,17187.0,10.71923,-51.57895,1.19,14835.0,-0.76167,-51.63115,2.29328,2.94943,1.04389,1.92161,2.60385,10.38378,10.39644,81.04573,8.97265,1394.4341
BLX,0.0,1.980777,25.12937,1.47202,0.28,4.02906,-63.80775,34.978,12.65293,-86.53846,0.54,67.138,-62.00469,-86.41691,4.02906,7.7243,1.47202,0.29293,0.52074,1.09389,1.09389,78.17151,101.72717,1.980777
FTV,4.50332,5.51819,19.71749,1.44665,2.52,14.23125,-2.39876,1513.6,23.45685,-14.86487,2.7,2187.8,16.0828,178.966,45.15629,14.45674,1.08275,6.69054,8.74489,17.68376,17.62386,34.15545,2.26632,51.87286
FBIN,2.95336,9.73398,15.50331,1.13002,2.66,7.11017,-0.21026,854.3,15.57492,-12.78689,3.35,1971.5,6.37318,-17.56242,7.10288,8.83138,0.55995,7.6758,10.21577,16.31748,16.31424,51.7058,2.73206,107.06422
BEN,-15.3708,6.8322,19.06908,4.58998,1.39,11.75326,-5.0045,2219.0,35.11576,-53.8206,3.22,2782.1,62.36331,-54.94784,12.09666,27.38409,3.6502,8.37432,9.56125,6.78887,5.68483,6.08097,0.3283,7.13663
FCX,-33.4671,17.9547,6.76191,3.22019,1.79,15.61628,14.24506,6825.0,36.63839,47.93388,1.6,6930.0,12.52013,43.20308,13.96822,12.44578,1.69691,7.55961,11.24733,29.44585,19.93285,38.37358,1.63238,62.26805
FDP,5.43478,12.19346,34.92837,1.94335,-0.45,-0.35381,-22.4,184.3,4.10112,26.34046,0.33,285.9,1.52735,26.34046,-0.48733,0.35707,0.84437,1.76641,2.32219,-1.26612,-0.89306,27.23684,3.59414,38.56095
FF,-18.06848,14.45119,8.89464,9.175,1.22,18.26622,245.62259,74.416,25.57093,125.92593,1.22,73.398,19.90126,126.09842,18.26622,18.33031,8.09947,8.84322,10.7063,14.35395,14.35395,0.0,0.0,0.0
GATX,-2.86251,6.47893,48.83918,0.69028,5.52,15.52649,-0.75094,634.4,46.61621,-56.70588,5.35,809.5,-38.49842,-57.90837,15.52649,14.7814,0.55268,2.5974,3.11973,11.80183,11.80183,71.79609,7.17497,254.56071
GME,23.66864,244.03703,5.4652,1.32528,0.085,0.37617,-12.98051,642.9,6.96941,-90.0,0.765,2484.9,3.10732,-90.17554,0.37617,3.36366,0.54662,6.12803,10.06105,1.55306,1.55306,26.97204,1.2722,36.93385
GAP,-15.8209,51.39384,8.08226,1.85616,2.14,5.34847,2.07147,1971.0,12.43141,26.62722,2.14,6066.0,0.0,25.44379,5.34847,5.30445,0.83909,11.33887,20.54297,28.04233,28.04233,28.4316,0.63369,39.72646
GRMN,-3.5623,5.7679,21.97272,2.89301,3.66,20.73463,15.3837,864.937,25.83873,-0.54348,3.68,1979.719,18.10499,-0.12591,20.73463,20.73752,2.12149,9.36128,12.21438,17.42729,17.42729,0.0,0.0,0.0
GTES,3.99272,4.59804,6.71869,2.67246,0.84,8.11626,14.24839,743.3,22.20397,58.49057,1.12,1333.0,4.50435,62.12822,7.32764,9.6464,1.73034,4.83195,6.11587,16.60365,14.44406,56.30348,4.04547,128.85118
GNRC,16.47524,6.67661,12.23948,1.99885,3.54,11.92114,32.62952,404.589,19.99487,38.28125,3.6,725.04,7.265,49.48427,11.77471,10.97046,0.982,10.04157,13.61747,36.09678,33.8311,52.91175,2.28369,121.37178
GD,16.68737,3.77168,40.63762,1.23407,11.22,9.27804,13.03595,5220.0,14.42268,17.36402,11.59,6657.0,4.11371,14.86951,9.24212,9.45511,0.76654,6.92476,13.96828,28.98951,28.98951,52.05166,2.43985,108.55779
GE,-20.708,3.90123,28.47547,0.90528,-19.44,-17.03491,7.36731,19339.0,15.90182,1869.679,3.28,21576.0,10.65411,1869.679,-18.38178,2.92999,0.70842,2.02216,3.63904,-43.32367,-30.18915,67.95039,5.68582,213.58948
GIS,17.76799,10.10847,10.35424,0.56167,3.64,13.74171,-2.85383,3353.0,21.30187,31.40794,3.12,5460.9,11.69745,28.56712,13.53841,11.4331,0.31301,6.51787,8.95512,40.71067,33.62612,68.51675,4.71775,243.64796
GM,16.43368,4.7371,27.75714,0.91556,5.58,5.49137,-5.59647,23717.0,16.12864,2436.3635,6.64,14278.0,-7.15994,1777.6427,5.44988,6.37137,0.75747,3.00548,4.75243,21.88977,20.44899,71.0434,4.42514,245.34447
G,14.94348,4.02861,7.41596,1.38793,1.45,9.3728,6.13111,452.161,15.06807,8.20896,1.47,1079.022,7.33438,7.18632,9.39816,9.34062,1.19332,6.24491,8.13014,19.94317,19.85601,48.22017,2.892,93.12539
GPC,2.9763,7.62332,23.64343,1.28386,5.5,4.32597,11.74511,1381.65,7.37467,31.57895,5.74,5519.755,4.51099,31.40897,4.32597,4.49324,0.47912,5.6784,10.69478,23.62002,23.36957,47.51551,2.27502,90.53249
GNW,0.93458,0.32397,24.86022,2.97586,0.24,3.52397,-25.27076,828.0,9.8244,-85.45455,0.19,393.0,11.73173,-85.43452,1.41196,1.1281,2.97586,0.45643,2.44945,0.92006,2.0124,23.40621,5.23672,30.55888
GTY,0.54371,0.8523,14.22539,2.72857,1.19,35.56447,0.0,0.0,0.0,-0.83333,1.12,112.461,39.13093,1.10202,35.04728,33.05308,2.72857,3.58938,4.09646,8.53146,8.53146,43.17912,18.384066,75.99163
GBCI,0.0,59.287804,17.93443,0.82556,2.17,30.9411,22.01314,316.546,53.85084,44.66667,2.24,538.718,69.75786,56.28346,30.9411,31.8589,0.82157,1.68557,8.08234,13.39845,13.39845,39.38861,3.11198,64.98548
GBLI,5.8239,2.50454,44.21275,4.95662,-4.02,-11.51728,0.2181449,-42.581,-8.64995,0.2181449,-3.18,-23.565,0.32751,0.2181449,-11.51728,-9.10133,4.95662,-1.56489,-3.21122,-8.41528,-8.41528,31.44698,0.2181449,45.87249
GLOB,38.48748,5.4699,9.39543,2.29304,1.41,9.87843,62.29584,87.643,16.77988,67.85714,1.34,205.534,9.31102,69.21641,9.89393,9.17073,2.23768,10.55993,13.81134,17.18785,17.16205,0.0,0.0,0.0
GL,10.06465,4.33793,48.92068,0.98546,6.09,16.25812,5.17403,977.825,22.66196,-50.32626,6.29,1233.332,16.24929,-51.77251,16.2571,16.45421,0.98546,2.58968,8.16436,12.04661,12.04661,23.51672,1.70279,30.74753
GDDY,0.0,112.559166,4.70308,0.75671,0.45,3.08259,32.31649,416.4,15.65355,-34.78261,0.66,1766.2,14.79033,-43.47507,2.89839,3.85153,0.51834,1.9276,3.64157,12.05441,11.96207,74.6674,5.83622,294.74832
GS,-13.57822,0.16448,207.35626,1.50777,25.27,19.97212,27.8397,26955.0,51.47227,180.46616,23.94,31427.0,89.31719,144.02707,19.97212,17.61854,0.94532,1.73289,2.8241,14.00396,11.98403,83.77366,17.57388,2578.7036
GGG,7.03172,6.53438,4.55209,2.4123,1.97,20.62878,15.90032,483.127,29.22212,35.86207,2.01,882.539,16.45428,35.11798,20.62878,20.34738,1.35664,19.12847,27.48249,46.24662,46.24662,26.95631,0.57433,36.90437
EAF,112.49904,10.38494,-3.70612,1.95047,2.87,45.03843,1103.4376,1197.637,63.16951,5640.0,2.94,1190.212,25.06252,10600.476,45.05588,46.17198,0.97029,52.28252,69.57255,971.7875,971.7875,199.7133,1.80074,971.7875
GHC,-10.36195,4.7371,550.2324,1.88674,50.2,10.06719,11.16398,358.406,13.29416,-6.84728,64.0,1109.332,4.00586,-10.20977,10.0597,12.6601,1.69934,3.27605,4.65496,9.30073,9.27699,14.04819,1.33211,16.36862
GVA,-7.28774,7.44183,28.96398,2.08808,0.96,1.61948,44.31598,229.054,6.90251,-43.85965,1.88,334.84,-2.46446,-38.6234,1.27802,2.46806,1.14489,3.34638,4.85496,3.69306,4.49633,21.48296,1.6695,27.36088
GPK,74.74265,16.11936,5.2669,1.50456,0.71,4.88129,35.13132,957.0,15.88909,-26.04167,0.75,952.4,0.71289,-26.3491,3.67093,3.85398,0.5572,5.51912,7.46218,15.40015,16.39619,56.3107,3.08997,146.49988
GRBK,201.68224,193.4689,9.25906,12.94144,1.02,10.348,28.74904,76.943,12.33759,240.0,1.05,154.302,-19.23217,244.84302,8.2776,8.528,0.84274,6.62486,7.43263,11.6702,13.92039,28.85124,2.60434,41.26293
GDOT,-20.39664,4.84339,17.19319,1.02888,2.18,11.39449,19.78969,196.503,18.86263,35.40373,2.55,1060.529,13.26387,38.20834,11.39449,12.78283,0.9862,3.4886,8.63095,14.17889,14.17889,6.06133,0.29875,6.45243
GBX,18.30307,8.24472,38.83387,2.87717,4.68,6.82935,-10.69207,279.616,11.09823,28.21918,4.03,409.055,-1.91628,30.77016,6.02434,4.93572,1.76042,5.36214,7.13362,13.38321,13.0895,24.70455,1.65917,33.51575
GEF,2.17002,8.5732,23.10371,1.45733,4.36,5.92442,12.86741,518.4,13.38221,75.80645,4.33,788.9,3.86765,76.55987,5.40555,5.35678,0.82199,7.61813,11.75853,19.76684,20.07435,43.16813,1.75579,78.85982
GNTY,0.0,16.880575,18.79528,0.86355,1.60909,19.84946,13.30746,41.449,39.94661,34.09091,1.69091,81.969,-72.77385,42.64146,19.84946,20.72761,0.86227,1.0882,6.93225,9.11473,9.11473,36.43183,3.38184,57.31142
GES,12.34424,9.82393,11.26715,2.36981,-0.11,-0.17028,54.78505,64.485,2.81471,45.407913,0.48,828.848,1.0283,45.407913,-0.34457,1.72199,1.34112,0.03515,0.05633,-0.8371,-0.4054,4.28506,0.65195,4.50371
GPOR,27.70604,6.53175,20.41751,0.58757,2.45,31.77461,-3.44443,883.103,65.17154,1.65975,2.47,1108.619,-19.02317,-1.05526,31.77461,31.84027,0.52832,4.13533,4.64581,13.39351,13.39351,38.54746,2.36373,62.72721
FUL,2.53726,6.33926,22.70252,1.99173,3.29,5.63078,55.45269,436.564,14.35593,191.15044,3.08,828.158,6.86154,193.95969,5.62999,5.12398,1.21411,4.26782,5.28302,15.59702,15.59357,66.10967,5.14822,195.06938
HASI,-6.65581,0.16351,13.23913,4.26344,0.75,26.12865,0.0,0.0,0.0,31.57895,0.75,62.522,81.26821,34.74527,25.9905,24.74527,4.26344,1.24691,1.26476,5.77345,5.77598,62.02221,23.615114,163.3118
HCA,4.43009,7.02438,-14.43591,1.34932,10.66,9.40292,8.93991,8920.0,19.11005,79.15966,10.51,17528.0,5.15966,70.8935,8.1132,7.81989,0.9708,10.95317,14.32305,1276.9438,1276.9438,109.75822,3.67948,1276.9438
HEI,13.04213,7.50212,10.51862,2.5982,1.9,16.07035,21.29514,451.019,25.37063,38.72664,1.86,690.715,11.51282,39.38382,14.58232,13.86775,1.1014,9.07115,11.10185,20.25787,18.95432,24.56582,1.18059,35.42696
DINO,-6.80307,25.44417,34.38611,2.82187,6.19,6.64548,51.09849,2079.638,11.73964,36.9469,6.29,2351.741,6.2818,36.32565,6.19803,6.2141,1.59268,9.46611,11.86682,19.45117,19.0551,27.45482,1.17542,37.84514
HNI,-1.08876,8.78068,12.91664,1.22467,2.11,4.13332,9.38281,220.985,9.78721,5.5,2.46,835.038,4.51385,3.98909,4.13558,4.75451,0.76877,6.54213,11.38956,17.34019,17.31729,30.74341,1.13145,44.39059
HPQ,15.83598,12.27501,-0.40955,0.85102,3.26,9.11034,11.20275,4854.0,8.30141,120.27027,3.04,10669.0,6.41119,110.88678,9.11034,8.3965,0.55231,8.00696,55.41039,762.7949,762.7949,111.94839,1.23342,762.7949
HAL,3.93169,4.67283,10.93226,2.32216,1.89,6.90561,21.68303,4338.0,18.07877,346.8913,1.85,2986.0,3.46635,346.8913,6.90144,6.7462,1.50812,6.68729,8.69134,18.56086,18.52121,52.28239,2.41056,109.56622
HBI,-3.59121,7.6699,2.68531,1.7326,1.52,8.12886,5.36941,1094.058,16.07974,794.1177,1.75,2691.574,7.72252,793.59875,8.12886,9.34968,0.65343,8.50011,12.52868,66.77803,66.77803,80.40178,3.63837,246.92056
THG,-35.25569,1.09332,69.85106,4.79897,5.56,5.31785,-2.53651,380.4,8.46405,17.54757,6.16,877.9,41.02725,109.98926,8.69991,5.81145,4.79897,1.59584,5.91643,8.03037,8.03037,20.8407,2.04495,26.32755
HOG,3.5001,2.3068,11.11093,1.24651,3.19,9.29618,-1.21803,1277.887,22.35289,5.62914,3.69,2077.922,12.70877,1.85756,9.29618,10.69342,1.0518,6.13557,6.95548,29.37633,29.37633,81.07429,5.94675,157.01678
HIG,8.16436,1.61598,35.54772,14.61901,4.06,7.92127,18.89551,2196.0,11.71387,400.7263,4.15,6376.0,10.27764,400.7263,9.63888,7.93386,14.61901,0.82416,6.49013,11.30955,11.16751,26.60915,2.16302,36.25677
HVT,-23.87874,30.213509,13.3724,2.28787,1.42,3.70576,-1.33118,71.527,8.74589,44.89796,1.42,446.542,4.47361,43.80546,3.70576,3.63701,0.92537,5.78489,7.73568,10.65701,10.65701,15.61094,0.71026,18.49878
HE,0.0,64.371895,19.85948,0.81623,1.85,7.11901,5.12164,588.985,20.58777,21.71053,1.8,606.93,-2.29046,21.81808,7.11901,6.84898,0.81623,1.62529,4.96981,9.56244,9.41091,48.44023,3.50378,93.94967
HCI,16.55259,1.69695,21.71126,5.17065,2.34,7.8236,3075.7896,42.238,18.64335,160.80753,2.34,83.021,9.85846,160.80753,7.8236,8.13678,5.1495,3.00455,5.82927,9.44286,9.44286,57.95997,5.92239,137.86852
DOC,-22.78374,1.94792,12.44919,2.44173,2.24,58.21143,0.0,0.0,0.0,154.54546,2.35,811.526,49.22604,156.19807,57.54004,59.96409,2.44173,2.05511,2.15572,18.87152,17.73234,46.09005,66.11726,85.49451
HL,-71.73928,59.73321,3.50375,1.20527,-0.06,-4.6837,-35.69332,130.549,23.01895,16.729412,0.01,213.143,-4.41809,16.729412,-4.6837,0.76422,0.39067,-0.23637,-0.28292,-1.67338,-1.67334,24.40586,4.18183,32.28539
HLIO,101.73586,8.97923,16.60466,2.11696,1.49,9.198,43.08137,125.159,24.63542,27.35043,1.75,197.124,2.45837,48.07656,9.198,10.78463,1.1154,7.11126,8.39589,11.63247,11.63247,39.9212,2.8179,66.44805
HP,33.26514,5.36838,40.21079,2.9577,4.47,19.76651,53.31656,606.482,24.316,77.276375,-0.03,839.711,2.74931,77.276375,19.35202,-0.13093,2.46799,0.22403,0.29735,11.53601,11.53601,10.12914,0.81448,11.27077
HLF,-24.4373,59.72894,-5.06583,1.13608,1.98,6.06321,9.43772,768.8,15.7161,53.48837,2.77,2608.5,9.00947,38.66293,6.06321,7.93888,0.80658,14.69683,22.80419,178.24268,178.24268,141.80536,3.19173,178.24268
HRI,-13.95289,5.50077,20.09474,1.33824,2.39,3.49573,16.96335,670.2,33.90499,-57.32143,2.4,522.0,-13.22786,-56.89333,3.49573,3.44817,1.20388,3.93511,5.00036,12.75967,12.75967,79.8968,3.39615,54.90382
HRTG,-11.80483,1.19344,14.42883,3.2017,1.04,5.68806,60.74653,93.839,19.6561,22.109896,1.34,158.08,37.17255,22.109896,5.68806,7.28124,3.2017,2.35771,7.33179,6.74534,6.74534,25.91657,1.58563,34.98294
HSY,1.00007,13.17832,6.66918,0.92583,5.58,15.03068,14.30051,2035.827,26.13027,52.45902,6.03,3586.648,12.82483,50.39471,15.11426,16.25268,0.48878,16.74045,22.83894,101.77459,100.13986,76.00513,2.18958,268.6323
HES,4.5977,6.45863,33.03653,2.02406,-1.1,-1.81876,338.2558,2543.0,40.21825,338.2558,-0.66,4381.0,0.37166,338.2558,-4.45991,-3.11264,1.67726,1.79313,2.16516,-2.72754,-0.98959,37.99544,2.62367,61.27847
HPE,3.22431,4.70664,14.92233,1.0043,1.3,6.52146,14.8434,5060.0,16.40088,400.0,0.49,9231.0,2.76441,454.65115,6.18436,2.4284,0.78445,2.65614,4.3762,9.00123,8.98636,36.33398,2.39941,57.06966
HXL,25.2111,7.81682,15.58962,2.06856,3.11,12.63533,10.06235,511.9,23.38404,0.64725,3.17,580.8,8.37616,-2.60563,12.63533,12.72866,1.05326,8.67306,10.60528,19.63722,19.63722,41.98701,1.86912,72.37519
HIW,8.9568,3.00135,21.41664,1.19378,1.64,24.52731,0.0,0.0,0.0,-7.86517,1.64,479.858,40.53801,-7.29911,23.72714,23.42404,1.19378,2.84195,2.98551,7.79515,7.4768,46.80858,33.738213,92.1183
HTH,5.28843,0.19762,20.82545,1.34147,1.28,7.84706,-3.65098,312.905,19.52949,-5.88235,1.39,1308.341,24.51521,-8.37684,7.57956,8.23901,1.08885,1.25409,4.80273,6.28975,6.46627,42.37828,4.63947,73.54568
HGV,7.60778,1.62785,6.51452,4.43016,3.05,14.90745,28.60963,481.0,24.06203,-7.0122,3.11,587.0,4.47099,-8.8685,14.90745,15.12372,3.22173,10.8283,15.61623,52.55732,52.55732,68.87317,2.83368,221.26624
HLT,15.23046,8.29237,1.86896,0.75832,2.5,8.63463,2.32423,1761.0,19.77319,-35.06494,2.53,2336.0,14.89586,-39.31692,8.57849,8.57916,0.63251,6.34208,10.86759,58.25391,58.41246,92.88265,4.13515,189.04825
HOMB,0.0,76.9051,13.76456,0.97206,1.73,38.11254,34.8287,482.018,61.15428,94.38202,1.76,659.523,10.70009,122.38402,38.11254,38.77649,0.97095,1.94445,6.92498,13.19242,13.19242,45.78956,4.11782,84.46631
HD,-50.96107,66.73545,1.25561,1.16914,7.29,8.55268,9.48876,16662.0,16.51273,13.02326,7.59,34356.0,9.3745,8.45796,8.55268,8.86092,0.34253,21.21693,32.90512,298.2547,298.2547,94.89502,1.62213,2255.7126
HTB,0.0,21.387484,21.49155,1.0079,0.44,6.03854,22.2838,62.443,45.78805,-32.30769,1.44,120.302,12.25564,-30.48873,6.03854,19.03718,1.00427,1.07492,3.26691,2.04117,2.04117,60.88136,10.19993,155.63261
HMN,14.72616,4.90512,31.49988,6.091554,0.44,1.55952,-68.75337,29.589,2.51566,-89.21569,0.52,237.951,-1.39736,-89.17555,1.55952,1.83783,6.091554,0.12501,0.82041,1.31391,1.31391,18.74595,10.06252,23.07078
HRL,-2.8969,15.66424,10.48576,1.80005,1.86,10.60773,-3.85923,1319.086,13.81864,18.47134,1.8,1979.473,5.98902,19.53445,10.6031,10.00802,0.93385,9.56817,12.6674,19.21168,19.20585,10.03009,0.47369,11.14827
HLI,27.24233,13.96412,12.96226,1.4929,2.6,17.88348,16.14172,222.351,23.08068,59.5092,2.57,917.907,18.39987,59.01627,17.88348,16.67174,1.38616,9.55796,16.46857,21.81585,21.76296,1.37173,0.05334,1.39081
HWM,1.15942,13.49856,11.41802,1.8696,1.3,4.56875,6.04099,1966.0,13.99089,177.62515,1.56,1664.0,5.08113,177.62515,4.56875,5.36075,1.07415,4.64436,7.33649,12.37829,12.2181,53.12631,3.21974,113.3393
HUBB,34.15196,7.34464,32.54318,1.95842,6.54,8.16878,13.87439,719.8,16.06087,48.97494,6.84,1308.6,6.89498,48.16948,8.03713,8.33309,1.10044,8.41412,11.48494,21.0964,21.24289,49.92066,2.49125,99.68314
HPP,37.38622,5.40455,22.95459,1.22005,0.63,15.30961,0.0,0.0,0.0,43.18182,0.63,460.173,37.22902,43.9758,13.52529,13.41262,1.22005,1.36805,1.42738,2.75028,2.83916,41.7059,35.66018,73.84068
HUM,13.02895,59.50026,74.95187,1.68185,12.16,2.9572,-8.64756,3634.0,6.3853,-27.66211,14.45,11030.0,0.38437,-31.25,2.9572,3.49078,1.45718,7.3967,12.55163,16.82748,16.82748,37.39372,1.67006,59.72837
HII,5.63973,6.69341,36.18138,0.95407,19.09,10.22505,5.48204,1116.0,13.64971,82.50478,18.96,1791.0,9.81378,74.53027,10.22505,10.15714,0.81739,8.94607,19.55535,51.06903,51.06903,45.8378,1.14964,84.63061
HUN,-0.15924,7.47331,10.81573,1.83613,3.16,9.00949,15.33898,1361.0,14.51114,61.22449,2.89,1764.0,19.23979,-47.01258,3.59313,7.3367,1.00062,7.16464,12.14146,29.72763,27.61438,45.7684,1.70463,84.39433
H,22.0,11.44402,34.42002,1.26767,6.68,17.29645,-1.96375,649.0,14.59739,239.08629,6.99,1004.0,5.41779,208.83534,17.29645,17.80658,1.08011,2.62814,3.90663,21.37596,21.30784,30.76633,2.51772,44.4384
HY,2.75938,6.91214,31.8459,1.45787,2.09,1.08052,-31.77496,86.1,2.71232,-28.91157,1.99,497.0,-1.28489,-28.60082,1.09312,1.03688,0.70755,1.55236,3.05232,6.35008,6.06061,35.01742,3.50174,53.8874
IEX,5.85384,8.3199,26.2615,2.99602,5.29,16.53093,12.67952,661.715,26.64267,21.33028,5.56,1117.895,15.72245,21.73891,16.53093,17.10579,2.13513,10.62363,13.06509,21.15711,21.15711,29.85161,1.28276,42.55495
IQV,20.12042,4.74675,33.99494,1.09621,1.24,2.72762,6.38298,1950.0,18.72839,-78.91157,1.92,3666.0,11.47594,-80.2139,2.48751,3.75628,0.96237,2.23278,2.76721,3.49457,3.70951,61.28278,5.64462,158.283
ITT,-12.2843,4.997,20.80365,1.88637,3.75,12.14163,-2.37461,402.9,14.67706,190.69768,2.57,887.2,9.14038,194.0088,12.15621,8.21059,1.2627,5.01027,10.16574,19.44713,19.47585,6.41059,0.31025,6.84969
IDA,-2.57566,9.23485,47.03749,2.31113,4.49,16.59841,-0.9283,462.112,33.7123,6.65083,4.5,501.475,8.81198,6.77058,16.54574,16.55617,1.62984,2.98638,4.51918,9.81452,9.82412,43.57546,3.97044,77.22786
ITW,-0.22831,5.62591,9.91771,1.63128,7.6,17.35509,4.76561,4045.0,27.3903,56.3786,7.54,6164.0,14.31727,51.9265,17.35509,17.10387,1.21485,14.15482,19.01932,65.39099,65.32433,69.37394,1.82448,226.51933
IMAX,-1.27442,1.44902,8.33677,14.13638,0.36,8.973,31.85601,108.859,29.07551,800.0,0.65,208.529,18.27482,874.57336,6.10148,10.95049,12.42524,4.98854,6.85671,4.39347,5.58536,5.92566,0.34681,6.36732
IRT,0.0,22.052702,6.9855,0.35938,0.3,13.91875,17.69493,55.246,28.89722,-26.82927,0.3,107.906,39.77533,-12.97093,13.75032,13.66564,0.35938,2.0827,2.13057,4.21588,4.17031,61.0008,17.83818,156.4155
IR,1.62223,4.97512,8.45739,2.23206,1.29,10.01562,97.87168,641.5,23.84936,1333.3334,1.46,1012.5,13.56374,1364.1305,10.01562,10.94267,1.28471,6.32802,8.39573,17.08957,17.08957,49.94176,2.60655,99.7673
NGVT,24.0,10.12143,8.12367,2.30606,3.97,16.0374,32.40548,318.7,28.11397,33.67003,4.19,416.8,7.25785,33.67589,14.91708,15.53767,1.20349,14.72848,18.14229,56.12347,58.96854,68.95793,2.36084,222.1435
INGR,5.58511,8.13583,35.89574,2.26004,6.17,7.21895,-7.03704,1004.0,15.96438,-12.60623,7.01,1368.0,4.54166,-14.64355,7.04405,7.90283,1.35835,8.01364,10.18678,16.78348,17.05164,46.58385,2.09163,87.2093
INVX,5.49812,1.95344,30.22728,10.36958,-2.58,-24.88001,-85.75109,4.978,1.29424,-3.912532,-0.61,0.0,15.7047,-3.912532,-24.88001,-5.87993,7.54048,-1.46269,-1.58609,-8.00586,-8.00586,0.0,0.0,0.0
NSP,19.61128,10.54254,1.89759,1.12197,3.22,3.53693,38.55127,211.184,5.51603,60.19901,3.42,681.909,2.9622,60.43814,3.53693,3.68187,1.07519,10.43788,59.93618,188.07753,188.07753,65.02279,0.68376,185.9004
ICE,5.5371,6.75754,30.23023,1.00883,3.43,32.21177,8.02969,3202.0,51.06044,-18.91253,3.3,4979.0,29.21384,-20.92283,31.70148,30.25833,0.03774,1.91459,6.85218,11.65128,11.79424,30.07315,2.32386,43.1838
IFS,0.0,0.0,0.0,0.0,0.0,0.0,0.0,0.0,0.0,0.0,0.0,9.71196,0.0,0.0,0.0,0.0,0.0,0.0,0.0,0.0,0.0,0.0,0.0,0.0
IBM,-1.16806,2.61211,18.81949,1.28564,9.51,10.93842,12.85751,17441.0,21.91328,54.88599,11.81,36937.0,8.34611,51.71215,10.96606,13.5333,1.13156,6.51338,12.72783,50.72986,50.24528,73.01764,2.62668,270.61255
IFF,41.37476,4.96598,56.5842,2.60731,3.79,8.54249,10.21492,840.143,21.12218,1.88172,5.59,1682.707,-1.17637,14.08249,8.48017,12.30434,1.515,4.84132,6.04473,8.74162,8.6962,42.63867,5.41939,75.33969
IGT,8.16029,4.26166,8.85309,1.14214,-0.1,2.37303,0.18137,1480.329,30.64067,165.08568,0.67,1717.618,-9.66775,165.08568,-0.44191,2.83023,0.92414,3.36164,4.4077,-1.11988,4.19662,74.57045,5.45139,293.24323
IP,20.78223,6.99775,18.37716,1.49041,4.02,7.17412,19.75207,4347.0,18.65185,-20.39604,5.26,7751.0,6.17384,-6.15672,8.63297,9.2331,0.95974,5.6036,7.82479,24.01325,24.01609,69.66098,3.8997,229.60857
INSW,62.6188,3.53853,34.60185,2.22692,-3.05,-32.89676,-42.24497,38.883,14.38188,6.442226,-2.92,63.187,-60.60379,6.442226,-32.89676,-31.46905,2.10153,-1.19357,-1.2122,-8.48863,-8.48863,44.52937,20.84888,80.27558
IPG,12.04441,1.44694,6.23879,1.00726,1.59,6.56448,10.25913,1246.7,12.83353,8.90411,1.68,1379.3,3.26538,6.89119,6.37095,6.62876,0.95625,4.6079,12.79782,26.94267,25.06387,58.94518,2.99511,153.4857
IPI,66.8944,10.35216,32.41709,4.17924,0.9,5.65756,195.9302,49.518,23.77587,22.474274,1.0,39.982,17.05418,22.474274,5.65756,6.14928,1.69575,1.88594,2.10398,2.87455,2.87455,10.63214,1.0025,11.89705
IVZ,0.0,149.18784,21.60363,1.0622,2.14,16.61805,-6.08203,1408.3,26.5012,-22.18182,2.26,1805.4,0.16936,-21.68899,16.61241,17.5387,0.144,2.52645,4.79017,10.22061,9.53095,44.99741,5.42129,85.43676
IRM,1.33379,5.0228,6.58066,0.82596,1.31,8.9209,13.75617,1435.869,33.97895,84.50704,1.45,2431.807,14.08355,97.66566,8.59848,9.81063,0.69949,4.36127,5.09635,17.97285,17.34666,80.63044,5.67101,186.4043
SJM,-12.10394,17.85054,69.48042,1.50416,11.78,18.19467,1.47272,1681.2,22.8514,130.9804,6.46,2840.0,12.00456,126.00034,18.19467,9.92212,0.56984,5.13115,6.35767,18.16122,18.16122,37.97817,2.87414,61.23354
JBGS,0.0,27.287281,24.70003,1.66208,0.31,6.67083,0.0,0.0,0.0,27.287281,0.58,338.53,41.31505,27.287281,5.71356,9.89212,1.64401,1.12482,1.18208,1.34024,1.30762,37.76242,27.287281,72.01073
JBTM,2.30721,5.99813,14.49464,1.27447,3.24,5.43835,24.6864,248.5,12.94473,25.5814,4.48,537.6,8.91611,29.31677,5.42272,7.4445,0.75562,8.41596,14.28571,23.23098,23.23098,45.89698,1.55976,84.83257
JELD,4.06044,9.39923,7.57888,1.71793,1.36,3.31914,7.34509,396.814,9.12908,1260.0,1.48,909.536,1.7613,1237.7815,3.32114,3.55916,0.8936,5.92979,8.13389,18.50934,18.49839,65.80989,3.7244,192.48222
JPM,0.0,7455.137,70.34904,0.89578,9.0,24.71159,13.7931,67089.0,51.05242,42.63075,9.08,103744.0,15.14036,32.8669,24.71159,23.46765,0.88878,1.43756,4.81117,14.11692,12.68001,67.53558,7.95402,208.02956
JBL,21.17067,14.29804,11.84933,1.04412,0.49,0.3962,1.47331,1352.758,6.12235,-28.98551,1.58,1706.792,0.1345,-33.12418,0.39072,1.23163,0.40814,3.12778,8.10682,4.01183,4.04186,56.19488,1.8619,128.28383
J,69.07764,5.29729,41.16459,1.44852,1.17,1.15546,67.94959,1112.142,7.42188,-51.65289,4.6,2162.437,2.55146,-44.35956,1.09066,4.22209,1.3823,5.70212,8.9064,3.17876,3.31953,26.57833,1.93485,36.19958
JHG,0.0,106.821175,25.21927,2.77197,2.61,21.66146,23.89742,758.5,32.88675,-19.44444,2.77,1504.8,24.22715,-20.09153,22.71072,23.41962,2.66982,6.27,8.2648,10.82612,9.92974,6.00263,0.4207,6.56476
JEF,0.0,0.0,0.0,0.0,0.0,3.25242,0.0,1635.0863,31.28902,0.0,0.0,2424.192,0.0,0.0,17.93443,0.0,0.0,0.0,0.0,0.0,0.0,0.0,0.0,0.0
WLY,12.55996,8.95687,20.73744,0.54897,3.32,10.70017,13.41669,384.258,21.39399,70.25641,3.32,1303.379,16.14612,69.1138,10.70017,10.54409,0.43709,6.23663,11.63624,17.52168,17.52168,23.21746,0.93687,30.23795
JNJ,4.50704,5.91424,22.44355,1.474,5.61,18.75069,11.09891,28318.0,34.71151,1093.6171,6.79,54490.0,21.04933,1076.6923,18.75069,22.31817,1.08181,8.61745,14.45414,25.51371,25.51371,33.77959,1.07635,51.01085
JCI,5.9856,4.57359,22.87983,1.05093,2.32,7.58917,-1.76511,4341.0,13.82484,32.57143,2.85,7667.0,5.96338,34.20236,6.88535,8.40205,0.64631,4.04247,5.93269,10.39148,10.82296,32.86701,2.53283,48.95806
JLL,75.11921,5.60067,80.95572,1.09328,10.54,3.01316,26.81002,931.8,5.71012,89.90991,12.34,6138.6,3.20512,90.59795,2.96904,3.442,1.05792,5.16699,10.2219,13.97321,14.00935,21.48804,1.09691,27.36913
JNPR,-11.43193,5.78551,13.92379,2.48673,1.6,12.19796,-29.98096,809.0,17.40721,100.0,1.31,2741.2,8.74664,85.14043,12.19796,9.83733,2.36212,3.89642,5.3741,11.92959,11.92959,31.31204,2.7178,45.58592
KBH,67.34339,65.208786,24.01496,3.69404,1.71,3.74675,21.21358,357.614,7.86483,-7.56757,3.21,835.533,-4.35313,-5.66461,3.74675,6.19642,0.72106,4.38805,5.28467,8.48894,8.48894,49.67167,5.76114,98.69523
KBR,24.52408,4.90075,12.19305,1.38055,1.99,6.30979,69.71154,353.0,7.18502,-34.96732,1.28,584.0,5.862,-35.25346,5.71952,3.64747,1.32488,4.14475,7.64445,19.07024,20.95303,42.31663,3.6119,73.36018
KKR,-21.65374,4.42119,15.26401,1.009,2.06,41.18006,9.34492,3918.796,65.84243,5.64103,2.78,4199.336,30.22763,11.07311,19.00378,24.0131,0.98651,5.01382,5.34367,15.2153,10.64578,47.19429,5.78885,93.50926
KAI,20.91069,6.40223,33.57048,1.95956,5.3,9.63196,34.41766,115.204,18.17711,92.72727,5.75,281.781,7.13703,94.304,9.53208,10.05773,1.19764,7.70391,10.182,17.16378,17.26719,31.94469,1.52617,46.9393
K,-7.01613,11.32219,7.56402,0.69706,3.83,9.92102,-10.83488,2403.0,17.73825,5.80111,3.45,4825.0,7.86152,5.27975,9.86196,8.83701,0.37448,6.91108,10.30112,55.51631,49.8979,73.78858,3.70079,281.51315
KMPR,88.93327,3.28033,47.1007,186.0893,3.19,5.12179,121.78478,422.5,11.48597,38.09524,2.91,1216.4,-11.09756,57.23739,5.16801,4.6002,182.61607,1.50908,4.5078,7.29427,7.29427,22.99672,2.15598,29.8646
KMT,5.48466,6.0581,14.62809,1.74406,2.42,8.66017,45.57877,432.12,18.24944,296.7213,2.69,823.623,4.26092,307.3833,8.45407,9.26381,1.07999,7.56941,10.18234,18.10258,17.96424,44.63055,2.29498,80.60499
KEY,0.0,429.18536,13.87441,0.84368,1.7,25.41353,4.62428,3258.0,44.53862,51.78571,1.67,6178.0,16.77717,43.98148,25.50923,23.76331,0.83225,1.46857,6.72474,13.2111,12.14199,48.34222,4.47974,93.58169
KEYS,14.07678,6.6234,13.02184,1.62654,0.86,4.25477,41.27907,729.0,18.79835,53.57143,3.66,2111.0,12.86423,61.76471,4.25477,17.64879,1.09097,4.48669,6.14158,6.95762,6.95762,42.44145,2.46091,73.73613
KRC,9.86606,2.70258,39.00768,0.92383,2.55,37.21863,-12.2935,205.834,27.56438,68.87417,2.69,536.515,61.12166,56.9843,34.6058,36.01321,0.92383,1.59178,1.72528,6.77304,6.8106,41.10818,14.24741,69.80288
KMB,-6.98649,8.92182,-0.83198,0.77127,4.03,7.81673,-0.41975,4033.0,21.81651,-37.03125,6.64,6138.0,12.80428,-38.1036,7.62739,12.49984,0.41356,13.27564,24.86428,490.98648,490.98648,99.75913,1.8485,490.98648
KIM,-5.96375,6.16448,12.65757,1.07768,1.02,39.38928,0.0,0.0,0.0,17.24138,1.03,836.203,39.63226,16.83272,39.33649,34.23686,1.07768,2.48916,2.65689,9.28033,9.08524,47.27964,52.208675,90.07252
KMI,0.0,914.50665,14.8875,0.75718,0.66,13.56759,7.52965,6255.0,44.2237,6500.0,0.72,7201.0,10.48236,779.235,11.37585,11.28054,0.63901,3.1329,3.40062,4.78058,5.45783,51.46647,5.96707,108.08838
KFS,-84.70141,2.2208,0.57197,26.06786,-1.13,-48.25733,-3.50409,2.271,4.9224,-3.50409,-1.14,28.867,43.85892,-3.50409,-65.24406,-53.68892,26.06786,-0.64323,-0.96335,-93.96606,-56.10322,89.39057,111.51739,-3.50409
KNSL,16.80744,2.95323,12.42755,14.66881,1.56,15.21156,5.31561,41.111,18.50896,34.48276,1.6,30.2,6.66235,35.68531,15.21156,15.1922,14.66881,3.51167,10.07617,13.45627,13.45627,0.0,0.0,0.0
KEX,-7.64625,6.83024,53.67478,1.80408,1.31,2.66193,19.09361,487.624,16.41446,-76.69039,2.82,809.751,-16.19887,-74.95043,2.64086,5.65358,0.8715,2.98495,3.75943,2.48109,2.49831,30.48074,2.89196,43.84503
KRG,-0.46119,6.08154,16.85785,1.13848,-0.56,-13.12524,0.0,0.0,0.0,20.919014,-0.56,261.45,38.60951,20.919014,-13.15801,-13.24309,1.13848,0.32405,0.34167,-3.12728,-2.99939,51.40144,20.919014,109.19044
KNX,5.76827,8.90663,31.59467,1.47622,2.36,7.87133,120.3737,966.894,18.09285,-45.62212,2.37,1369.696,-0.21158,-13.42744,7.84541,7.85044,1.26126,4.30261,5.32413,7.83768,7.86033,14.53598,0.96093,17.00831
KN,1.88816,5.94892,13.43044,2.57405,0.72,7.93325,26.0788,134.4,16.25348,928.5714,0.6,325.4,-4.86455,-0.87848,8.18721,6.53404,1.50776,3.30891,3.76603,5.59799,5.59799,12.34264,1.26935,14.08056
KSS,0.0,465.1355,32.29762,2.01094,5.12,4.49856,11.38362,2407.0,12.60539,64.63023,4.21,7908.0,4.73161,54.4964,4.49856,3.68196,0.51679,6.5765,8.97202,16.20296,16.20296,45.41248,1.87536,83.19204
KOP,19.15829,9.80338,2.73493,1.80884,1.08,1.68401,-4.30622,180.0,10.52509,-20.58824,3.19,301.8,-2.15399,-19.58763,1.36826,3.89302,0.78038,6.0259,8.77622,29.46829,33.33333,93.6637,5.50222,29.041727
KOS,-16.2219,7.17074,2.36165,1.32628,-0.23,-10.6005,56.1014,260.591,29.38999,56.368454,-0.23,663.021,-11.64398,56.368454,-10.6005,-10.49488,0.82759,-1.18881,-1.6512,-10.22425,-10.22425,69.25309,8.13745,225.23596
KR,-0.72771,74.65733,7.96667,0.78305,2.09,1.54,-7.94668,5317.0,4.33468,1.95122,1.67,28176.0,0.58983,-3.44304,1.55468,1.21851,0.22153,4.88623,8.32063,27.98445,27.74881,69.30293,2.93192,225.76395
KRO,-9.3,5.80982,7.2454,5.14739,1.77,12.33528,-2.61214,369.1,22.20952,-42.15686,1.74,562.2,5.62835,-42.17207,12.33528,12.13467,2.9443,10.72532,15.81063,25.71984,25.71984,35.22061,1.23706,54.37009
LHX,17.97753,9.10457,28.0859,1.24329,5.94,11.66289,2.849,1444.0,23.35814,16.01563,6.6,2102.0,9.31333,29.83725,11.61436,12.66192,0.66946,7.42636,10.51883,23.072,23.072,53.29021,2.62465,114.0879
LCII,48.26734,24.27631,28.40815,2.96568,5.83,6.0001,-1.69698,265.37,10.71853,11.25954,5.89,520.344,-1.79037,11.78998,6.0001,5.9899,0.77001,11.29375,14.52132,21.86181,21.86181,29.40126,1.10835,41.64558
LH,8.46875,6.33292,70.48938,1.50907,8.61,7.79907,-1.69099,2034.8,17.95401,-29.48403,9.33,3176.4,10.88133,-30.31856,7.79731,8.34756,1.21832,5.69256,6.99278,12.80595,12.77192,46.43418,2.97808,86.92372
LW,21.97624,16.65629,-2.28795,1.79372,2.82,12.66758,12.21657,727.5,21.24894,27.02703,2.68,879.5,1.67582,27.50077,12.17396,11.45206,0.5427,14.05063,18.70774,91.73519,91.73519,113.25862,3.27835,91.73519
LVS,11.61525,23.54889,7.32982,1.76307,3.07,21.49465,7.61194,5047.0,36.7616,-13.27684,3.21,10845.0,19.56078,-14.0057,17.57593,18.3776,1.70637,11.27874,13.54326,39.63209,41.04312,63.98825,2.37468,177.68718
LAZ,19.92911,4.5686,8.17223,1.43879,4.06,18.54121,5.75827,763.194,26.57633,112.56545,4.43,2556.575,23.93172,107.8708,18.35581,18.35846,1.42389,9.14344,18.65521,49.80739,47.77474,59.71846,1.88443,148.25269
LEA,-7.56512,6.68062,66.74134,1.39548,17.22,5.89498,4.73278,2226.2,10.52652,-7.36955,17.8,2383.4,4.03321,-12.45622,5.43679,5.5274,1.01051,9.24656,16.89231,27.53616,27.81354,30.29387,0.88213,45.03509
LEG,4.4036,7.99831,8.8659,1.86907,2.26,7.16946,5.80772,592.1,13.86813,5.60748,2.51,893.3,0.0,4.54546,7.16477,7.89537,1.02942,8.42553,12.65957,26.0651,26.06881,50.24499,1.97433,100.9848
LDOS,2.51229,5.49838,22.65753,1.37883,3.8,5.70924,0.39177,1025.0,10.05493,59.66387,4.06,1504.0,2.3482,58.74317,5.69943,6.01393,1.09082,5.40541,7.42517,17.40042,17.38871,48.54701,3.04781,94.35216
LC,-42.37065,0.45281,10.11543,11.22311,-1.5,-10.86222,-15.43602,482.873,40.9282,80.81227,-0.65,1080.02,84.06657,80.81227,-10.87536,-4.66003,8.43996,6.38268,6.99591,-14.32252,-14.24921,75.0579,5.42799,80.81227
LEN,96.22549,24.50786,44.9717,4.87891,5.44,8.34894,71.70504,2566.604,12.47642,60.94675,6.06,2334.185,-23.34564,109.23786,8.24354,9.07214,0.62046,6.35381,7.37528,15.10503,15.15291,40.79456,3.94181,68.90341
LII,-6.17966,7.9126,-3.75332,1.08022,8.77,9.27676,3.09727,569.2,14.65537,22.3152,8.77,1111.2,10.29539,17.43539,9.24329,9.16764,0.51711,16.96012,32.32604,93.37599,93.37599,116.77694,1.82941,93.37599
LNC,84.6133,0.61662,69.70655,8.95216,7.4,10.12838,0.0,0.0,0.0,-19.7397,8.18,5167.0,-86.91288,-21.06782,10.12838,10.90209,8.95216,0.45718,6.09553,10.36247,10.36247,30.18051,233.02364,43.22648
LNN,-6.42248,7.66251,25.73583,4.13328,1.88,3.70218,13.92254,64.798,11.83082,-13.36406,2.94,151.462,4.6927,-12.51995,3.70218,5.76561,2.8703,5.99779,7.73116,7.41497,7.41497,29.66536,1.80214,42.17744
LOB,0.0,21.647066,12.29107,0.89607,1.24,19.31173,18.18844,100.55,37.74286,-53.20755,1.34,198.409,134.4586,-48.80745,19.31173,20.14768,0.67758,1.63643,10.97584,11.05822,11.05822,0.29433,0.01449,0.2952
LMT,38.50982,5.24022,4.96085,1.11842,17.59,9.38581,25.54277,8616.0,16.02619,164.90964,18.15,7370.0,8.51508,152.04794,9.38581,9.60469,0.88123,10.1959,31.90588,790.58527,790.58527,90.68347,1.63696,790.58527
L,6.37944,2.05743,59.33944,82.33533,1.99,5.02706,-21.46135,2225.0,15.84307,-42.31884,1.97,6236.0,-0.11393,-45.36083,4.52862,4.47556,82.33533,1.03941,2.38343,3.37204,3.07277,34.72316,5.11281,53.19368
LPX,-30.5578,26.98473,12.42537,4.92049,2.76,14.10184,-1.02797,654.7,23.15064,3.37079,2.8,744.0,9.56904,1.2314,13.95332,14.15842,3.84557,13.46824,16.57471,24.13532,24.13532,17.14829,0.5375,20.69757
LOW,0.0,1348.958,7.0759,1.05589,4.09,5.02339,3.0385,8003.0,11.66295,17.86744,4.39,22434.0,5.04343,11.51731,5.02339,5.36762,0.05704,11.7577,18.21071,56.0169,56.0169,74.31782,2.12358,289.37512
LUMN,0.0,1035.0078,18.35642,0.69065,-1.63,-7.3924,39.8698,8809.0,37.57625,1035.0078,1.19,12581.0,16.34123,1035.0078,-7.3924,5.41049,0.56156,3.16127,3.93767,-8.00111,-8.00111,64.52254,4.09365,181.86906
LYB,-1.01724,11.07754,27.30126,1.91656,12.03,12.04492,-1.34157,6545.0,16.78033,-2.03583,12.12,6475.0,4.6726,-3.91474,12.01928,12.08768,1.03882,12.26277,17.88726,48.90139,48.56818,47.44983,1.43423,91.31323
MTB,0.0,437.76154,102.72681,1.01203,12.74,29.71597,6.44718,3745.21,58.02289,46.43678,12.65,5796.302,-5.2842,36.19767,29.71597,28.21968,1.01122,1.86759,8.43141,13.11597,12.09725,45.37707,3.42926,83.07331
MHO,0.0,43.812904,31.08384,5.23926,3.7,4.70909,20.96862,174.692,7.64088,63.71681,3.89,451.456,-6.83062,49.36391,4.70909,4.80388,0.09772,5.41343,6.51086,13.43603,13.43603,48.97564,4.69948,95.98482
MBI,-17.16393,0.05061,12.45797,3.19703,-3.33,-214.49275,0.0,0.0,0.0,-13.284465,-3.35,53.0,299.27536,-13.284465,-214.49275,-216.08472,3.19703,-0.19655,-0.28797,-23.38073,-23.15213,79.06418,-13.284465,-13.284465
MDU,-0.56188,6.25052,13.09405,1.20088,1.38,5.94467,-2.00724,623.428,13.75749,-4.82759,1.38,790.566,-3.86792,-3.15964,6.00938,5.96029,0.78788,3.78321,5.71502,10.78446,10.78446,45.10124,3.38242,82.15348
MTG,91.24119,3.72089,10.0793,114.2225,1.78,59.62523,6.62896,903.143,80.36167,87.36842,1.83,918.043,35.54402,88.35595,59.62523,59.5003,114.2225,9.92652,13.35283,19.89476,19.89476,18.84195,0.92077,23.21637
MGM,21.30181,26.69524,12.34603,0.85686,0.81,4.96378,-2.2208,2431.137,20.66749,-75.8209,0.67,4844.221,-0.71026,-77.0616,3.78681,3.09995,0.75025,2.63832,3.11163,6.30723,5.23706,58.86919,6.22401,144.52454
MRC,12.45211,7.5239,8.08355,2.57469,0.54,1.77373,56.69291,199.0,4.7699,100.0,0.52,689.0,-0.57227,48.0,1.77373,1.12301,1.10721,3.43004,4.85761,10.19986,6.84868,39.51473,3.43719,65.32951
MSM,11.0423,6.43551,24.81848,2.33935,5.8,10.27577,9.36868,484.045,15.1081,43.20988,5.13,1392.961,6.75461,42.25536,10.27577,9.02348,1.16225,12.00586,14.31177,25.2047,25.2047,27.84441,1.10596,38.5894
MSCI,44.51689,3.58035,-1.97797,1.77389,5.66,35.41776,17.18178,772.433,53.86622,70.99698,5.17,1146.649,34.77441,67.08282,35.41776,31.43099,1.70284,13.03342,17.76754,117.463005,117.463005,106.91131,3.33427,117.463005
MAC,9.62158,8.74144,20.89074,0.23583,0.42,6.68253,0.0,0.0,0.0,-58.82353,0.6,660.161,39.42104,-58.92698,5.81519,8.20494,0.23583,2.0946,2.20651,1.81006,1.92755,62.70568,38.354843,168.13734
M,0.0,583.85034,18.61434,1.4668,5.04,6.18432,0.04214,2374.0,9.55832,153.26633,3.43,10460.0,5.12894,149.91924,6.22861,4.21759,0.36552,4.40648,7.60325,30.95238,30.77231,50.96154,2.4781,103.92157
MAGN,0.0,0.0,0.0,0.0,0.0,0.0,0.0,0.0,0.0,0.0,0.0,0.0,0.0,0.0,0.0,0.0,0.0,0.0,0.0,0.0,0.0,0.0,0.0,0.0
MTW,-4.12946,10.52308,16.89567,1.69734,-1.88,-3.62248,72.40356,116.2,6.29196,27.788094,0.62,328.1,3.3091,27.788094,-3.63331,1.19223,0.66754,3.16697,5.46037,-10.46293,-10.46293,31.23285,2.35026,45.41826
MAN,-1.75775,4.13112,43.20681,1.43612,8.56,2.50919,0.69452,913.4,4.15348,6.46766,9.11,3579.0,1.81243,2.07187,2.53147,2.6761,1.40521,5.94424,13.64956,20.61928,19.86285,28.49572,1.17736,39.85177
MPC,-12.14058,21.88299,51.72794,1.36373,5.28,3.73663,39.88313,7660.0,7.9375,-21.19403,6.92,9237.0,-1.45681,-18.99767,2.88071,3.71442,0.5734,4.55147,6.01997,11.29898,10.78333,37.92386,3.59321,62.48496
MPX,75.44379,160.3738,2.19098,3.5559,0.83,9.54001,18.9292,37.207,12.45982,50.90909,0.82,66.323,4.57306,47.60622,9.54001,9.21833,0.88264,22.47878,30.5448,39.34372,39.34372,0.0,0.0,0.0
HZO,38.06336,41.1244,15.57461,1.62681,1.71,3.33897,27.90993,73.616,6.25258,80.0,1.79,298.233,3.74963,66.9512,3.33897,3.38564,0.28958,6.14424,7.00977,11.99835,11.99835,37.62077,2.8927,60.30978
MKL,9.94496,1.04754,653.8489,15.66196,-9.55,-1.90485,9.53098,437.711,6.39628,191.43193,8.76,3011.267,-9.71017,191.43193,-1.8731,1.78229,15.241,0.45545,1.20195,-1.37941,-1.37632,24.50009,6.87572,33.07118
VAC,110.15217,12.41389,75.25058,3.257,1.61,1.75202,47.04632,415.0,13.98248,-80.31785,5.03,1100.0,-18.65458,-75.74721,1.8531,5.6435,2.52502,3.70046,4.68208,2.44118,2.30547,52.41626,9.2,110.1558
MMC,8.86924,3.83579,14.9076,1.20512,3.23,11.17057,1.91458,3460.0,23.14381,12.54355,4.39,6560.0,14.34448,10.58981,11.03679,14.85846,1.11596,8.82591,14.07715,22.19233,22.22814,43.43675,1.68324,76.79325
MLM,6.92049,8.58794,79.12282,1.73602,7.43,11.08263,4.0818,1044.771,24.61606,-33.95556,7.57,970.6,5.11045,-34.11323,11.07372,11.21785,0.72217,4.75062,5.57434,9.76522,9.76706,38.75075,2.99717,63.26731
MTZ,20.39749,3.92359,18.28885,1.68976,3.26,3.75185,14.5611,681.831,9.86814,-22.74882,3.79,970.109,4.0953,-25.21622,3.75805,4.31663,1.52024,6.89031,10.465,18.41098,18.35019,50.26535,2.06338,101.06708
MAS,14.29971,7.64077,-0.37768,1.64252,2.37,9.37911,9.52012,1415.0,16.92786,42.77108,2.52,2367.0,6.5573,37.71107,8.78096,9.19488,1.02494,14.53221,25.0634,194.82857,194.82857,97.73622,2.1053,194.82857
MA,17.62316,6.97783,5.23583,1.39489,5.6,39.19064,22.5,8869.0,59.32442,53.42466,6.52,14950.0,48.34783,49.65517,39.19064,45.40013,0.97481,22.75975,46.03679,107.87075,105.97811,53.60494,0.71508,117.05426
MTDR,-2.39888,6.8364,14.51502,0.92626,2.41,33.32196,82.80094,629.943,70.02487,95.93496,2.63,629.343,-118.07917,117.85456,30.48103,33.2054,0.69733,8.10698,9.24991,19.27346,19.73948,42.17188,2.06025,72.92624
MTRN,5.2607,9.48973,27.36419,3.14318,1.01,1.72593,18.72986,115.688,9.57829,80.35714,0.58,251.361,6.21318,82.04524,1.72593,0.97059,1.43928,6.29656,9.26965,3.97488,3.97488,3.02647,0.14943,3.12093
MATX,14.95375,10.62778,17.68853,0.85868,2.53,4.90373,-0.2736,218.7,9.83894,-52.88641,2.62,347.8,-9.59151,-53.01724,4.90373,5.03302,0.74164,3.39362,5.04449,15.20753,15.20753,53.13644,3.91587,113.38541
MMS,-9.67102,5.83499,16.83782,2.91453,3.35,9.23053,-5.64667,361.528,15.11256,5.67823,3.4,594.385,10.42376,5.40764,9.22781,9.30942,2.78227,13.30306,18.40275,21.81386,21.73186,0.03441,0.00103,0.03443
MKC,-6.66547,10.07995,12.00189,0.73932,3.5,17.31775,19.68792,1081.5,19.99482,88.17204,2.515,2093.3,9.75961,95.51739,17.25674,12.22883,0.30709,5.70494,7.60907,32.57486,32.56331,59.60958,4.34249,147.58344
MCD,23.54519,9.51862,-8.15852,1.36311,7.54,28.17714,2.82521,9888.7,47.03261,18.36735,7.8,10832.6,16.04682,14.0978,28.17714,28.86993,1.11233,16.11089,21.00849,1005.38544,1005.38544,125.2183,3.14251,1005.38544
MCK,0.0,29.48518,48.53465,1.01229,0.3,0.14014,-7.08007,3911.0,1.87707,-98.71134,9.69,11184.0,1.56552,-98.6785,0.03216,0.96734,0.55562,3.19839,9.57364,0.59333,2.42163,40.62693,2.01483,78.35339
MDT,7.08281,5.17412,37.45335,2.27886,2.27,10.33286,1.12513,9617.0,32.10697,-21.45329,3.98,20914.0,21.06842,-22.93942,10.3629,18.02713,1.70706,4.55849,5.43285,6.14568,6.11431,33.63455,2.67828,50.68081
MRK,2.88084,6.06627,10.29909,1.16523,2.32,14.64274,5.33595,13404.0,31.69244,166.66667,2.71,28943.0,19.02604,159.81621,14.70658,17.06966,0.72458,6.66167,10.23541,20.38108,20.1559,48.29987,1.87362,93.42311
MCY,45.74105,5.13691,29.23173,13.95735,-0.1,-0.16894,-94.24637,11.821,0.34865,16.493647,-0.1,271.951,-6.19832,16.493647,-0.16894,-0.16321,13.95735,-0.16112,-0.41177,-0.33903,-0.33903,18.68557,31.44692,22.9794
MTH,0.0,56.537437,22.5981,10.22062,2.79,6.44259,11.79137,273.786,7.7591,63.63636,2.755,659.897,3.99537,58.69045,6.44259,6.26285,1.24837,4.86429,5.46314,13.78781,13.78781,43.22462,4.78497,76.13269
MET,0.0,1246.0529,55.01797,7.27938,4.91,7.54595,44.14197,8366.0,12.31073,8.38852,5.03,20021.0,-7.17991,27.75561,7.53859,7.44541,7.27938,0.67366,6.33943,9.19608,9.17123,24.62782,2.06837,32.67495
MTUS,9.07877,10.2848,12.0,2.22554,-0.71,-1.96821,72.45763,81.4,5.05402,16.558176,-0.67,126.6,-1.85024,16.558176,-1.96821,-1.85533,0.83786,0.44601,0.72399,-5.7852,-5.7852,26.10797,2.3231,35.33259
MEI,22.56503,4.93776,17.09541,3.50319,1.52,6.29748,11.095,153.2,16.86667,-38.70968,3.07,240.4,2.39183,-38.42842,6.29748,12.60109,2.85796,9.65337,12.42353,9.76859,9.76859,8.77498,0.39556,9.61905
MCB,0.0,21.490139,32.19107,1.12661,3.06,26.72985,49.59417,49.025,51.28084,30.76923,3.07,80.246,-160.80402,106.59714,26.72985,26.12042,1.12661,1.51141,7.27677,10.19316,10.19304,46.52787,4.69485,87.01331
MTD,1.30776,5.51728,23.67639,1.42404,19.88,17.46197,11.24515,767.448,26.14292,39.60674,20.38,1684.378,12.5364,36.34287,17.46197,17.50595,0.97168,16.51739,27.08625,90.14185,90.14185,63.68293,1.34822,175.35263
MTX,1.12272,4.69324,38.46263,2.29458,4.75,9.58177,0.17138,350.7,19.40142,-13.32117,4.86,461.4,5.75072,-13.37776,9.34941,9.49093,1.57083,5.36938,6.99372,12.97405,13.00105,42.31762,2.89792,73.36317
MOD,16.53465,6.41091,9.70495,1.24753,0.43,1.13166,50.23511,191.7,9.11512,48.27586,1.57,356.5,2.83272,56.33803,1.05559,3.72512,0.77226,4.75537,7.52618,4.91096,5.1756,49.02342,2.50078,96.16851
MC,-4.07757,15.94141,8.86429,1.51882,2.78,23.48099,37.15822,235.967,26.63766,256.41025,3.34,813.829,35.26176,378.5034,15.88097,16.2943,1.51882,17.92301,40.38741,38.59497,58.10095,0.0,0.0,0.0
MHK,2.43217,6.79202,102.80905,1.38058,11.47,8.66273,-8.16742,1707.491,17.1029,-11.63328,12.34,2885.133,1.38641,-11.3143,8.63117,9.19762,0.52819,5.90089,7.2233,11.89133,11.89906,30.54889,1.91661,43.98618
MOH,52.69805,17.16493,26.56452,1.5219,10.61,3.74272,238.5013,1310.0,6.93489,225.34619,12.52,3007.0,-2.24921,225.34619,3.74272,4.04961,1.37471,9.536,22.53819,47.38606,47.38606,46.95652,1.11298,88.52459
TAP,1.05726,14.70955,62.50532,0.64319,5.15,10.53521,-14.24547,2252.6,20.91628,-21.01227,4.38,4184.8,9.66529,-21.05077,10.36715,8.78473,0.44849,2.95286,3.6275,8.35282,8.35161,43.49593,4.69395,76.97841
MCO,12.19491,3.65008,2.40403,1.61396,6.74,29.69816,6.39228,2117.1,47.65345,30.87379,6.75,3197.0,25.98139,30.88147,29.47757,29.11068,1.47944,13.28061,20.46674,271.66965,271.66965,89.63285,2.68103,271.66965
MOGa,0.0,0.0,0.0,0.0,0.0,0.0,0.0,0.0,0.0,0.0,0.0,4457.726,0.0,0.0,0.0,0.0,0.0,0.0,0.0,0.0,0.0,0.0,0.0,0.0
MS,0.0,2639.8225,42.19601,1.42439,4.73,17.70566,24.03487,21912.0,43.65549,53.57143,4.81,35698.0,71.31697,43.15169,17.42873,16.36778,0.79517,1.47103,2.89601,12.44977,11.11764,81.06749,15.9079,2639.8225
MOS,25.13807,15.17338,26.97305,1.70592,1.22,4.90128,70.83579,2025.6,21.12795,172.75452,1.51,1498.4,3.97336,172.75452,4.90232,6.0606,0.742,3.54621,4.58076,4.69653,4.64241,29.92659,2.23588,42.70748
MSI,-15.10177,5.2152,-7.90826,1.37985,5.62,13.19624,9.59476,1839.0,25.04426,296.47842,6.27,3539.0,11.7578,296.47842,13.15539,13.86692,0.82364,10.49413,27.23556,296.47842,296.47842,131.55292,2.89288,296.47842
MOV,24.31074,7.57548,20.50462,4.80179,-0.66,-2.68068,12.48109,76.585,13.48439,22.353468,1.99,299.378,7.27171,22.353468,-2.68068,8.08434,2.97468,6.26256,7.8534,-3.22452,-3.22452,5.04709,0.32644,5.31536
MLI,11.69223,9.67897,4.83534,3.01811,0.91,4.25938,13.40356,210.79,8.40511,22.14765,0.885,357.478,3.49266,22.03439,4.16524,4.00754,1.50535,7.95784,10.38514,19.51653,19.4344,46.86016,2.35636,88.18272
MUR,36.30274,8.84587,27.90551,1.0399,2.37,16.62341,25.72581,1636.862,64.32557,148.96,1.37,1325.526,-24.14885,148.96,16.15522,9.31264,0.8501,3.468,4.54096,8.77542,8.61714,38.38268,1.978,62.29204
MUSA,-38.3845,68.80033,25.02402,1.19243,6.48,1.70553,1.45506,411.8,3.28809,-4.42478,5.33,548.0,0.64628,-12.91017,1.70553,1.39055,0.67622,7.34787,10.47951,27.63793,27.63793,51.67605,2.09641,106.9367
VYX,9.89457,4.94977,3.32772,1.32472,-0.72,-0.53084,-12.02652,929.0,14.50429,139.57878,1.98,1777.0,8.19477,139.57878,-1.37393,3.66014,0.80719,4.88972,8.39833,-6.4632,-2.4122,71.33198,3.40689,251.58983
NL,21.4149,10.22241,5.83075,2.04916,-0.84,-33.00118,-29.28994,2.868,2.42605,0.24611959,0.14,38.271,37.23396,0.24611959,-34.69636,5.77056,1.82258,-0.06916,-0.11557,-13.24332,-11.88269,0.16444,0.17434,0.16471
NNN,-6.59429,16.19143,21.80596,7.51177,1.65,46.83724,0.0,0.0,0.0,13.7931,1.78,597.562,55.04813,10.3686,46.83116,44.39375,7.51177,3.31634,3.37484,8.69105,7.31623,40.69933,43.33568,68.63216
NPKI,-3.73978,3.89898,6.27181,3.68722,0.35,3.41039,58.56218,113.345,11.97456,169.23077,0.4,179.573,1.32394,27.466595,3.41039,3.80313,2.24526,4.63592,5.8572,5.77911,5.77911,22.11387,1.42703,28.39256
NRG,-5.5607,9.03527,-4.35043,1.50125,1.49,4.85335,-34.19801,1522.0,16.05824,207.13281,2.0,2370.0,2.16159,207.13281,2.8276,6.41486,0.68265,4.05423,5.79327,207.13281,110.70999,122.89861,4.28449,207.13281
NUS,60.50729,61.95814,14.11312,1.81787,2.16,4.54971,15.43139,393.486,14.68775,-8.47458,3.53,2044.868,6.12504,-5.83295,4.54971,7.26949,1.02703,12.13288,17.13772,16.3996,16.3996,35.99973,1.11769,56.24934
NBR,8.2813,4.2035,378.42636,1.91516,-97.5,-19.55976,37.96772,748.737,24.48758,99.590454,-87.5,1080.645,4.38902,99.590454,-20.96232,-19.1389,1.48799,-0.90838,-1.0614,-22.31687,-18.99228,53.19847,4.78999,130.40073
NBHC,0.0,51.590496,22.58786,0.86428,1.95,21.03291,66.97088,121.483,41.58013,267.92453,2.2,263.036,-108.86837,321.50354,21.03291,23.15314,0.85227,1.30656,7.41098,10.01309,10.01309,34.60078,3.02682,52.90703
NFG,22.48459,10.58441,22.53836,1.23754,4.53,24.58271,-6.30508,728.047,45.71242,37.27273,3.37,845.077,-3.26755,38.11141,24.58271,18.16138,0.89826,5.01538,7.46505,21.50585,21.50585,52.38449,2.92751,110.01559
NGVC,0.0,23.840666,6.55817,1.3923,0.56,1.49121,2.00417,44.483,5.2392,80.64516,0.37,225.573,2.47763,83.73241,1.49121,0.9745,0.17739,3.0995,4.74244,9.02394,9.02394,27.02377,1.22146,37.03093
NNI,2.59414,0.07602,57.24239,46.99243,5.57,13.50007,28.74832,971.652,57.6527,34.54106,5.56,974.739,-22.89559,31.61533,13.52315,13.33361,46.99243,2.24852,2.30139,10.2341,10.15695,90.56483,22.86697,105.20912
NJR,4.28086,14.37881,16.07124,1.02544,2.64,8.0078,13.21574,281.777,9.66609,73.68421,1.98,330.972,-7.38433,76.75841,8.0078,5.95601,0.27756,3.0363,4.42395,17.58052,17.58052,50.64582,5.16761,102.6171
NYT,20.32561,8.58526,6.30429,1.3277,0.75,7.28927,2.48136,255.567,14.61554,2400.0,0.74,777.714,4.53749,2825.6052,7.1877,6.97618,1.24151,5.71796,10.05363,12.97008,13.14018,19.56613,0.99242,24.32573
NEU,-11.02267,7.79321,43.80427,2.99822,20.34,10.25185,-7.04711,363.087,15.85758,26.49254,19.74,585.363,5.63208,23.21413,10.25185,9.92744,1.42978,10.73032,14.83874,43.00906,43.00906,61.14643,2.12346,157.3766
NEM,104.83871,38.37566,19.70357,2.95299,0.53,4.39818,-18.6106,2226.0,30.69075,262.59204,0.22,3276.0,6.04577,262.59204,4.7015,1.61671,2.12199,2.56795,3.3685,2.65265,2.75689,27.01452,1.9142,37.16529
NEE,3.69369,7.39805,17.85774,0.364,3.47,34.531,-8.67103,8226.0,49.17798,21.96837,1.7,9665.0,-2.89577,23.42878,39.68434,19.23692,0.22502,2.67641,3.84795,21.29202,17.14481,49.88822,4.58449,100.79919
NI,17.75503,5.22581,13.08105,0.50917,-0.18,-0.98934,3.48752,1554.9,30.4018,129.78241,1.8,1000.3,-13.95127,129.78241,-0.98934,12.54636,0.29221,2.8591,4.23362,-1.10108,-1.00487,61.36057,5.87343,158.80296
NIC,0.0,26.35094,40.71711,0.92023,4.12,25.05544,9.84718,80.507,48.77852,23.72372,4.3,144.557,76.62038,23.78884,24.86337,25.11542,0.91944,1.66917,11.08812,10.93146,10.99476,16.637,0.96023,19.9573
NKE,-4.8681,10.14551,6.12867,2.50563,1.17,5.31088,-4.82127,5192.0,14.26491,-53.38645,2.44,15956.0,8.75244,-54.41038,5.31088,10.88571,1.44752,12.13288,18.62576,17.39952,17.39952,27.96946,0.73382,38.83
NINE,55.45925,6.50427,19.72029,3.07676,-2.18,-6.4053,152.57056,125.472,15.16876,29.80376,0.46,187.876,-1.701,29.80376,-6.4053,1.35101,2.08725,4.48081,4.96701,-12.01182,-12.01182,41.84344,3.4109,71.94964
NOAH,-5.59448,1.86858,14.11558,3.20796,1.94,24.43282,15.25255,139.028,29.06766,-2.51256,2.01,250.87108,28.10018,0.59612,24.66239,24.61677,3.05911,7.25749,9.30851,15.42403,14.69296,2.29425,0.15165,2.34812
NE,6.81676,4.94875,17.23369,1.80338,-3.59,-104.40597,-33.01102,342.589,31.63842,27.688934,-3.93,406.145,14.15366,27.688934,-81.7352,-89.50589,1.70321,-0.89696,-0.97109,-18.57528,-21.32039,45.44553,11.31794,83.30305
NAT,0.45937,7.79187,4.24121,3.11229,-0.67,-32.97603,-43.30064,30.866,10.67969,2.9967306,-0.65,43.593,9.06689,2.9967306,-32.97603,-31.9292,2.39724,-1.6855,-1.74359,-14.51624,-14.51624,42.03209,14.14268,72.50922
JWN,0.0,337.2539,5.8503,1.06507,2.59,2.82336,-1.04615,1608.0,10.38894,28.21782,3.14,5588.0,4.19951,23.44633,2.82336,3.38385,0.40316,7.37182,16.00299,47.31998,47.31998,73.69413,1.70211,280.1433
NSC,-22.51309,13.51976,57.29994,0.71864,9.51,23.26759,10.97996,4983.0,43.48927,-48.89844,9.58,5122.0,12.8371,-50.66617,23.26759,23.21908,0.56156,6.74253,9.10828,16.80905,16.80905,42.65129,2.2928,74.37183
NOC,62.82696,5.75981,47.98748,1.16993,18.49,10.72936,22.12507,4609.0,15.31484,61.20314,17.22,6820.0,0.49967,60.24814,10.72936,9.93891,0.97329,6.56091,10.55733,42.38924,42.38924,64.06847,3.16728,178.30707
NWN,-4.59753,5.5688,26.40699,0.58128,2.33,9.53221,-3.34076,217.318,30.77535,36.487976,2.34,293.926,-7.6256,36.487976,9.1439,9.54467,0.26804,2.62961,5.01624,8.94255,8.94255,55.57015,4.38922,125.07389
NCLH,25.67731,122.06685,27.39708,0.17468,4.25,15.76917,13.66775,1780.121,29.39858,28.39879,4.31,2678.05,4.10156,25.6584,15.76917,15.87314,0.06955,5.20062,6.2165,16.30431,16.30431,52.12399,3.64699,108.87288
NOV,32.30769,3.61162,36.04076,3.10936,-0.08,-0.26026,47.46318,901.0,10.65894,114.78476,-0.06,1444.0,6.43263,114.78476,-0.36673,-0.26831,1.7484,0.65934,0.78797,-0.22212,-0.15687,16.33133,3.00888,19.51904
NUE,23.51553,11.05719,32.04308,3.07746,7.42,9.8977,56.04489,4106.223,16.38081,80.97561,7.41,4295.408,3.55362,79.02392,9.41772,9.3369,1.40065,12.53851,15.46501,25.47895,25.72837,29.60817,1.04504,42.06194
OI,-17.19457,11.36964,5.04953,1.06797,0.89,2.45283,17.02345,1148.0,16.66183,-19.81982,1.99,1283.0,4.29971,42.77778,3.73004,4.6248,0.48074,4.54896,7.10786,18.06775,18.50027,85.57923,4.65244,114.99393
OFG,0.0,42.58763,17.69948,0.95516,1.52,19.16171,46.21251,230.273,52.27371,72.72727,1.68,339.881,-27.0484,60.33507,19.16171,17.31432,0.94471,2.15363,9.67141,10.06688,8.67976,36.32582,2.47717,57.04952
OGE,-7.01411,9.21949,20.05558,0.64102,2.12,18.74202,2.19199,811.2,35.73096,-31.6129,2.13,903.2,3.05191,-31.2601,18.74202,18.73589,0.38141,2.89207,4.31871,10.83221,10.83221,44.00028,3.87932,78.57232
OGS,0.0,53.305836,38.85962,0.77736,3.25,10.54237,-0.63142,448.515,27.45342,5.51948,3.27,507.393,3.41559,5.66827,10.54237,10.54679,0.45321,3.37722,5.05072,8.60554,8.60554,43.69186,3.53385,77.59422
OKE,-31.92092,12.45674,15.98789,0.66335,2.78,9.17187,22.19669,2263.42,17.97336,115.50388,2.8,3170.488,-4.16204,196.95236,9.14544,9.14905,0.3941,6.53858,7.45035,19.02476,18.83476,58.77615,4.14461,142.57805
OUT,14.6257,6.47661,8.05901,1.06682,0.76841,6.71772,8.44778,418.5,26.05529,-16.66667,1.03479,746.3,12.40039,-14.22894,6.71772,8.75937,0.79235,4.48971,4.96431,9.44875,9.09819,66.84998,5.51876,201.65895
OXY,18.04584,3.94424,28.46315,1.33999,5.39,23.17662,83.74468,8636.0,48.45153,217.05882,4.38,11256.0,11.93195,215.10298,23.17662,18.71772,1.10254,6.78127,9.38603,19.71744,19.71744,32.60025,1.19465,48.3685
OII,31.07194,3.46552,14.30129,2.51624,-2.16,-11.11961,-33.93197,148.108,7.75645,15.329168,-1.31,129.226,-0.62753,15.329168,-11.11961,-6.75732,2.00009,-1.40143,-1.75947,-13.8396,-13.78829,35.72314,5.31085,55.57699
ODC,2.60153,8.01784,9.01346,2.68228,0.555,3.09098,-2.057,27.426,10.31053,-24.4898,0.845,71.922,2.67904,-23.64715,3.09774,4.53187,1.7281,4.50269,6.56421,6.38908,6.37557,6.51427,0.33508,6.96819
ORI,2.94124,1.22576,17.00015,11.85316,1.24,6.15265,-37.71919,507.9,8.43436,-35.41667,1.26,3798.0,1.17884,-33.89831,6.15265,6.15686,11.61004,1.55013,4.87729,7.50038,7.50038,16.01606,1.93227,19.07038
OLN,14.43365,10.3211,17.1337,1.52678,1.95,4.72064,26.72761,1164.5,16.7648,-40.18405,1.61,1013.0,6.33035,-40.32757,4.72064,3.86617,0.85934,4.14409,6.07389,11.74028,11.74028,53.2833,2.77398,114.05621
OMC,-5.16712,1.94163,11.37606,0.89893,5.83,9.42107,1.14015,2368.5,15.49031,25.37634,5.74,2764.4,7.82601,21.86696,8.67484,8.50665,0.74158,5.30922,15.71432,51.38894,43.09133,59.96416,2.11919,161.55331
OMF,8.05413,0.29823,27.96837,57.01404,3.29,10.53997,10.63957,1851.0,43.64537,143.7037,3.66,2126.0,-5.86242,144.2623,10.53997,11.71122,56.65263,4.94016,5.23388,12.63247,12.63247,79.98103,8.19989,201.16249
ONIT,0.0,74.59802,62.13465,6.96491,-8.1,-6.71673,2.24783,439.317,40.98011,74.59802,-11.7,931.748,-47.21039,74.59802,-6.60171,-9.72816,6.68967,2.89449,3.15922,-13.12686,-13.07305,93.60373,18.4778,74.59802
ONTO,-1.66812,4.22908,14.5602,7.79949,1.74086,16.47138,11.69987,58.476,21.35844,37.2549,1.7906,148.279,3.29923,37.03242,16.47138,16.65775,5.45391,8.09957,9.36886,12.97648,12.97648,0.0,0.0,0.0
OPY,-12.0145,0.9846,41.81276,1.31776,2.05,3.01371,63.13366,98.12,10.24053,28.125,2.18,814.294,25.98227,26.63044,3.01538,3.01442,0.75239,2.43782,4.00061,5.40607,5.40126,58.97003,7.98777,143.72426
ORCL,-0.39623,7.5302,11.44008,3.95749,0.9,9.94201,9.18171,17052.0,42.81088,-59.27602,2.72,31323.0,26.02056,-59.02517,9.60307,28.1417,3.82089,6.55039,8.14334,7.6818,7.88295,56.73652,3.55495,131.14183
ORA,24.60918,5.80075,26.03229,1.30701,1.92,15.30878,3.83993,341.164,47.43218,-26.43678,2.49,270.435,-19.6112,-26.01538,13.62026,17.53189,0.92409,4.49194,5.22694,7.74063,7.99118,46.58684,3.71643,87.73902
OSK,16.90476,5.63886,34.73076,1.93474,6.29,6.1242,20.98706,757.5,9.83064,66.8435,6.18,1352.0,2.81698,65.23109,6.1242,5.93514,1.16999,7.6902,12.35355,19.57726,19.57726,24.5535,1.07987,32.54426
OVV,1.95531,8.21439,39.09186,1.32738,5.55,17.99966,54.69556,2998.0,50.47988,30.58824,5.65,2673.0,-1.81217,29.26239,17.99966,18.2619,1.02331,6.91745,9.11184,15.08289,15.08289,37.62982,1.49867,60.33302
OMI,5.85488,10.05102,8.32213,1.72457,-7.28,-4.44176,4.74593,224.503,2.28183,61.374836,0.64,1070.526,-1.03204,61.374836,-4.44176,0.39039,0.75413,2.31296,4.00197,-56.98058,-56.98058,76.43112,7.48842,61.374836
OC,-1.48883,8.82125,39.11416,1.5806,4.89,7.75117,1.81245,1292.0,18.30806,91.76471,4.98,1651.0,2.63568,88.58132,7.72283,7.79073,0.68779,5.90257,7.5829,12.90705,12.82833,43.92426,2.62152,78.33025
PBF,-24.60181,32.54341,22.32732,1.51647,1.1,0.64478,-39.80584,529.513,1.94774,-70.50938,1.16,1365.3,1.43944,-69.11919,0.47199,0.4915,0.6163,2.84787,4.46807,5.11917,5.6992,37.31435,3.65184,59.52614
PCG,5.04251,4.79239,24.313,0.22053,-13.25,-40.79599,-6.43742,5741.0,34.25622,502.28436,3.99,5107.0,59.31664,502.28436,-40.79599,12.30879,0.19036,2.33178,4.60047,-42.90421,-42.23629,63.02548,3.83104,170.45648
PJT,14.38056,2.84326,-3.82906,2.51561,1.16,7.33445,179.18028,54.697,9.42649,41.905094,1.35,544.435,21.80008,41.905094,4.68248,5.09058,2.51561,4.54223,5.94276,41.905094,9.35132,5.83687,0.55275,6.19868
PNC,0.0,1113.1737,95.71554,0.81953,10.71,26.73936,6.88352,9332.0,46.67634,3.37838,10.79,15782.0,24.95811,-0.69314,26.51428,25.20347,0.81577,1.34373,4.83983,12.14851,11.21284,54.58651,6.15292,120.19887
PPG,-2.1102,6.07583,19.63021,1.36314,5.4,8.71035,-6.54832,2369.0,15.39912,1.69492,5.79,6373.0,6.82121,-15.87202,8.71685,9.17954,0.87171,7.22284,12.01702,25.97428,25.75932,51.45671,2.11735,106.00169
PPL,-5.31046,6.53378,16.18302,0.53298,2.58,23.46821,-2.87046,3959.0,50.85421,57.31707,2.63,4258.0,-10.83173,61.96809,23.46821,23.798,0.4142,4.21944,5.44909,16.2994,16.2994,65.39512,5.56428,188.97658
PRG,-1.72996,38.66701,26.20725,0.85067,2.78,5.12442,16.90362,2112.141,55.1628,-31.52709,1.96,817.265,52.93396,-32.92791,5.12442,3.53862,0.63765,6.57024,8.46769,11.24828,11.24828,19.43536,0.2011,24.12393
PVH,6.89935,13.98949,71.73454,1.61936,6.84,6.0136,0.0,1136.3,12.74622,0.73638,7.9,4894.4,4.06431,-2.04007,6.03267,6.87666,0.63598,4.46063,6.15232,10.40142,10.36453,35.74346,2.71126,55.64627
PKG,8.57109,8.0972,28.28026,3.04945,7.8,10.52091,13.62527,1536.1,21.89861,10.32532,8.05,1645.3,6.94801,10.3799,10.52091,10.75307,1.84559,11.00672,14.04071,30.40165,30.40165,48.36042,1.62926,93.6499
PARR,31.6069,24.17507,10.90433,1.15653,0.85,1.15597,3.4917,134.355,3.93919,-45.85987,1.38,407.612,1.63192,-45.70854,1.15597,1.8501,0.47105,4.10681,6.60948,8.21355,8.21355,43.76759,2.96798,77.83338
PGRE,21.11617,3.14386,17.1608,4.31588,0.04,2.47452,0.0,0.0,0.0,-89.18919,0.04,456.733,30.71632,-89.41087,1.19172,1.24828,4.31588,0.92091,0.95464,0.22371,0.38317,42.16921,20.933317,72.91828
PKE,14.64207,6.0106,6.6822,11.55377,1.02,18.52135,-19.18258,10.836,9.74496,121.73913,0.32,11.288,5.61464,121.85716,18.52135,5.82381,10.46806,2.04538,2.50425,12.94929,12.94929,0.0,0.0,0.0
PK,22.4,19.68345,27.99233,3.60656,2.31,17.43421,0.0,0.0,0.0,-81.11202,2.07,868.0,13.70157,-82.01905,17.25146,15.35855,3.15847,2.63406,2.8785,8.10788,8.26117,34.54418,41.697227,52.77479
PH,11.12344,7.0174,44.25413,1.59039,7.83,7.42054,32.55408,2428.461,16.97941,8.0,10.55,3609.596,8.60929,7.86944,7.41695,9.81097,1.04115,7.98913,11.20868,19.07656,19.06639,45.80288,2.04122,84.51165
BTU,-37.42076,12.43717,30.75725,1.84752,4.28,11.56795,0.37144,1351.1,24.20545,132.6087,4.73,1510.4,5.81936,38.60665,11.58408,10.10945,1.36892,4.95918,7.78922,19.5705,18.1698,28.36924,1.01177,39.60482
PEB,105.08457,18.60445,28.85122,0.40981,-0.06,1.61488,0.0,0.0,0.0,22.86231,0.56,262.653,45.20429,-86.59198,1.61584,5.01899,0.40981,1.71831,1.84635,0.50939,0.50764,42.15084,22.86231,72.86337
PFSI,-6.91426,0.68888,21.34089,1.6692,2.59,21.64695,-33.36823,425.194,37.65358,-35.73201,2.62,943.256,82.76329,-12.96486,7.76585,7.77815,0.70681,3.47127,4.70231,8.26054,14.4921,69.48048,8.8548,227.65912
PAG,-2.70185,24.188,30.85976,1.00929,5.52,2.06187,8.78981,768.6,3.37326,-22.68908,5.39,3414.9,0.14445,-23.20235,2.06714,2.01465,0.19185,3.87559,4.89035,18.80383,18.55927,69.51355,7.81616,228.01459
PNR,-44.94229,4.01313,10.71462,1.26957,1.81,10.84955,-42.07403,575.9,19.42262,-30.65134,2.1,1047.7,21.25687,-47.87697,11.7163,12.45085,0.73165,4.93662,6.747,9.36004,9.36004,30.01868,1.3676,42.89527
PFGC,0.0,138.4001,11.00097,1.49898,1.9,1.1277,13.98935,406.6,2.30762,104.30108,1.47,2292.8,0.45098,106.33437,1.1277,0.85097,0.73,4.42825,6.88277,19.28377,19.28377,56.00124,3.55386,127.27913
PR,26.24285,10.07958,11.72874,0.52556,0.75,23.87489,132.4323,620.313,69.61635,134.375,0.76,693.585,-75.57308,164.52864,22.43422,22.46117,0.49268,4.48663,4.82104,6.73696,6.8099,17.57414,1.11497,21.32115
PRGO,-2.84754,4.24482,41.70714,1.88773,0.95,2.76856,-17.35537,910.0,19.23199,13.09524,2.62,1831.5,7.32295,9.53177,2.76856,7.63015,1.07916,2.68881,3.30035,2.21312,2.21308,36.38853,3.56308,57.20435
PFE,-2.38414,6.60433,11.08763,1.56714,1.86,20.83807,3.32449,21818.0,40.66956,-47.15909,2.06,31953.0,12.45014,-47.65816,20.78961,22.54799,0.84305,5.8247,8.74368,16.54799,16.51085,39.56473,1.9131,65.46629
PM,-7.63932,9.64356,-8.01438,1.13094,5.08,27.96962,-0.09695,12366.0,41.74177,30.92784,5.1,18867.0,20.29789,31.08534,26.7038,26.76962,0.5924,17.18186,31.51244,1506.983,1506.983,151.08945,2.56825,1506.983
PSX,-15.72229,18.83105,54.04404,1.47834,11.8,5.26911,93.64282,6549.0,5.8756,19.79695,11.95,13562.0,1.46116,9.57697,5.01969,5.04657,1.02876,5.94674,8.51999,22.49789,21.52031,29.12849,1.70408,41.10043
PDM,-1.08957,3.02567,13.5508,1.3757,1.0,24.69934,0.0,0.0,0.0,8.69565,1.01,316.629,23.70374,-2.44677,24.70029,24.92144,1.3757,1.92966,2.06029,7.05249,7.04537,49.60755,26.403858,98.44242
PNW,-3.39222,9.04655,46.59074,0.56095,4.54,14.37292,-7.66092,1356.041,36.73666,4.36782,4.44,1578.387,-1.79276,4.62498,13.84483,13.48739,0.24667,2.7884,4.67967,9.99153,10.12053,49.36539,3.84548,97.49336
PIPR,50.51413,3.61891,52.13113,1.68072,3.72,6.9701,-13.49152,114.699,14.3196,48.30271,4.1,642.635,86.21801,48.30271,7.12066,6.77402,0.56284,3.55647,4.76888,8.32171,7.5874,23.73992,1.98241,31.13021
PBI,-6.71711,2.695,1.27388,1.2515,1.06,5.67736,-9.48065,584.02,16.58027,-23.74101,1.15,1421.248,7.27167,-14.41609,6.34983,6.11429,1.17828,3.76164,6.32523,93.62397,93.44046,93.16786,5.5916,99.8881
PII,-1.5299,30.62509,14.23904,1.2408,5.24,5.51179,10.43126,653.17,10.73844,94.79554,6.32,1588.6,1.9259,94.3609,5.51179,6.49535,0.32966,7.6605,11.7769,37.27824,36.89763,69.19175,3.00469,224.58836
POR,5.47445,7.07282,28.07277,0.8129,2.37,10.64792,-0.41609,718.0,36.06228,12.85714,2.31,1128.0,-2.87544,13.36898,10.64792,10.35091,0.5158,2.63356,4.23131,8.61438,8.61438,50.20862,3.5195,100.83799
POST,-2.26191,15.06851,45.73313,2.77781,6.16,7.48578,20.02397,1201.8,19.20667,1132.0,5.64,1856.5,7.88492,867.4948,7.4682,6.00307,1.83916,4.04012,4.96841,16.02978,16.01313,70.32875,6.03611,237.02663
PRI,-0.34922,0.44907,34.23228,12.75203,7.33,17.05899,8.48066,457.31,24.07094,-3.67937,7.28,1215.525,26.54864,-7.46913,17.05899,16.8044,12.71705,2.21952,10.4266,22.50173,22.50173,47.89353,2.9375,91.91475
PRIM,30.89008,7.21923,11.91379,1.48669,1.5,2.97988,28.84011,222.981,7.58574,7.14286,1.76,325.737,-0.22211,7.05835,2.6352,3.07456,0.98536,6.30424,10.00096,13.34743,14.98384,37.75427,1.65107,60.65359
PRA,6.17174,1.42004,28.39462,11.91277,0.88,6.60555,-84.29347,26.482,3.11376,-56.0,0.49,54.63,-27.57517,-56.12974,5.53298,3.08802,11.91277,0.25029,0.62484,3.01861,3.60376,15.89151,10.86614,18.89407
PG,2.00261,14.40345,21.02804,0.82587,3.67,14.75491,0.62839,17615.0,26.35713,-0.54201,4.42,32400.0,14.13264,-36.38262,14.58882,16.72777,0.58562,7.73985,10.77087,18.06275,18.15003,37.17046,1.7761,59.16079
PGR,19.45581,3.78406,17.70902,3.19467,4.42,8.20224,42.27224,3596.5,11.255,62.5,4.45,3464.2,6.4054,64.257,8.1844,8.11048,3.19467,4.88134,14.58728,26.66945,25.17191,28.52693,1.22477,40.70395
PLD,-10.25063,27.52416,35.30588,0.63289,2.87,58.47746,0.0,0.0,0.0,-6.20915,2.9,2345.021,52.15763,-0.17938,52.9087,52.78049,0.53358,2.1354,2.23031,8.72877,8.19186,30.06127,117.774025,42.9823
PB,0.0,66.024185,58.02431,0.57626,4.61,38.16461,-1.0671,498.978,59.17523,17.60204,4.61,729.255,-69.80261,18.24151,38.16461,38.17206,0.57458,1.32687,5.99487,8.17095,8.17095,24.50972,2.63708,32.46739
PFS,0.0,44.022438,20.48971,0.93356,1.82,28.28807,2.81117,199.1,47.5741,25.51724,1.82,335.652,77.10455,26.01199,28.28807,28.2425,0.93336,1.20713,4.04367,8.90918,8.90918,51.48687,7.24401,106.12974
PRU,0.0,1015.88385,118.37249,2.17159,9.5,6.4891,-20.6422,6401.0,10.16064,-46.80851,9.37,16783.0,-1.08,-48.18772,6.46687,6.21117,2.17159,0.47359,4.79767,7.93487,7.90907,38.53068,4.80144,62.68279
PEG,1.88565,5.84272,28.52579,0.71064,2.83,14.83086,-0.29283,3405.0,35.11757,-8.70968,2.77,3402.0,-18.09122,-8.64041,14.83086,14.39852,0.3769,3.19024,4.90081,10.18991,10.18991,51.84391,4.54567,107.65807
PSA,0.0,131.36246,29.25658,205.68773,8.54,59.53862,0.0,0.0,0.0,26.8945,7.86,2068.235,52.46697,18.63894,59.32393,47.40962,205.68773,9.07632,9.38321,34.18819,18.96531,13.37768,131.36246,15.44369
PHM,0.0,191.83778,17.38581,7.47005,3.55,10.03131,37.6726,1380.026,13.54516,146.52779,3.57,2455.866,8.7603,128.52751,10.03131,9.9366,1.16042,8.37501,10.5315,22.78299,22.78299,41.20541,2.44668,70.08366
QGEN,8.92452,4.36835,12.39009,2.21671,0.86951,12.67554,7.16187,514.063,34.22642,382.35294,0.96495,1059.3,22.635,371.30762,12.67554,13.73166,1.89381,3.56484,4.22104,7.35631,7.35631,45.21048,4.22962,82.51665
QUAD,-4.30769,7.75749,8.57558,1.11195,0.16,0.18838,-13.71566,395.7,9.43558,-92.27053,1.71,781.0,6.74375,-92.0709,0.20269,2.03062,0.70269,4.1908,7.14088,1.76184,1.60798,67.15438,2.37781,204.45459
KWR,-2.98477,4.22668,32.61748,2.76299,4.45,6.89448,9.93678,124.156,14.3116,192.76315,5.08,312.314,9.02619,193.28828,6.85552,7.76944,2.02209,9.11813,13.75113,14.11447,14.13993,7.73913,0.29482,8.38831
NX,5.85007,10.95855,11.82255,1.85303,0.75,2.95892,-5.6827,90.09,10.12492,38.88889,0.63,192.763,8.27166,40.91955,2.95892,2.45696,1.1041,3.15591,3.8238,6.57379,6.57379,34.81945,2.33717,53.42
PWR,47.68334,4.54427,25.4549,1.84157,1.9,2.64968,26.49111,843.468,7.55023,-5.0,2.4,1479.964,0.83967,-6.86778,2.62586,3.28616,1.66871,5.50455,8.12918,7.93285,7.99902,23.4776,1.31146,30.68069
DGX,9.52381,7.77996,38.63704,0.93603,5.29,10.46342,-1.16054,1533.0,20.35586,-3.81818,5.96,2627.0,7.44091,-4.66321,9.77294,10.76298,0.77441,7.11429,8.47364,14.52106,15.18451,42.14572,2.53947,73.91304
REVG,9.72612,9.33583,8.47744,2.02085,0.2,0.54592,-4.32644,124.5,5.22824,-58.33333,0.67,278.0,-3.7405,-58.56045,0.54592,1.79977,0.66827,3.6854,5.58609,2.35541,2.35328,44.21042,3.38876,79.24493
REX,8.50349,36.47828,19.36704,10.93227,2.00667,9.92342,-36.29753,44.063,9.73583,22.60693,1.36333,44.161,0.59141,22.80333,8.77314,5.96078,9.64404,3.02837,3.44443,11.0,10.95148,0.0,0.0,0.0
RLJ,-13.15759,31.51367,17.60051,0.76589,0.93,10.80299,0.0,0.0,0.0,97.87234,0.9,548.984,18.91842,152.07857,10.6774,8.87519,0.76589,2.55441,2.69097,6.08637,5.40133,38.64604,43.734566,62.98865
RPM,11.90439,5.04625,12.20209,2.45442,2.5,6.37504,5.14997,685.092,12.87369,83.82353,2.93,2054.248,3.30476,85.76858,6.3471,7.22248,1.44592,6.75426,9.53995,22.02728,22.08533,57.09889,3.17351,133.09418
RTX,40.98452,4.38199,44.62775,1.13182,6.5,8.50213,0.20534,9760.0,14.67647,14.03509,7.44,7236.0,6.69558,15.75132,7.92319,8.95472,0.76221,4.07994,6.49033,15.48431,15.64666,52.79285,4.66568,112.13248
RDN,9.30914,11.7696,16.34265,3.02706,2.77,47.60473,0.0,785.98,61.74205,403.63635,2.51,1044.976,20.13527,400.47156,47.60473,42.24726,3.02706,7.71743,10.92545,18.67881,18.67881,24.18466,1.41591,31.89942
RL,-6.39716,14.1861,42.52645,2.23564,1.97,2.63332,-3.87589,944.9,15.28396,221.60132,5.81,3759.3,12.88517,221.60132,2.63332,7.678,1.67251,7.03458,9.79542,4.81871,4.81871,19.7726,0.90179,24.64569
RRC,40.67562,7.81825,16.26961,0.7978,-7.1,-53.21508,5.20041,1249.44,38.07029,129.58827,-0.38,1534.294,-1.92554,129.58827,-53.21508,-2.85031,0.65085,0.57715,0.69588,-35.52031,-35.52031,48.59067,3.07087,94.51721
RNGR,27.29659,7.0,12.04876,1.03735,-0.39,-1.91356,283.0,38.3,12.63609,22.32981,0.55,66.2,-19.73359,22.32981,-1.08875,1.52897,0.86757,1.77873,2.10172,-3.21324,-2.992,27.13473,1.86684,37.23958
RJF,15.82254,0.3433,29.15121,1.25818,3.83333,11.38226,14.97566,1543.485,20.64636,32.79446,4.42,6792.0,-3.00057,34.65072,11.45954,12.88349,1.11999,2.49796,9.75066,14.33778,14.01183,30.78804,1.85959,44.4837
RYN,-5.56819,30.31491,12.02321,3.27116,0.79,14.37625,-7.56354,313.049,38.35736,-31.89655,0.79,210.879,15.42849,-31.32584,12.52435,12.49112,2.74665,3.74454,3.95029,6.49012,7.01003,37.02032,3.10676,58.78136
O,21.29788,10.03945,26.63031,0.58648,1.26,27.45802,0.0,0.0,0.0,14.54546,1.31,1261.512,61.48488,14.05781,27.38391,28.55389,0.5362,2.68586,2.79894,4.70386,4.70095,44.47798,71.1362,80.10873
RWT,85.24574,0.05104,15.88985,4.49109,1.34,31.54358,0.0,0.0,0.0,-16.25,1.47,208.69,23.587292,-14.81846,31.54358,30.52178,4.49109,1.95218,1.98943,9.33981,9.33981,88.50261,23.587292,23.587292
RRX,9.00652,6.89019,53.98365,2.6594,5.26,6.46807,11.65593,537.4,14.74106,10.97046,5.92,967.8,6.36315,8.5446,6.34189,7.0801,1.17118,5.47881,6.91391,9.97412,10.04858,35.85418,2.43227,55.8948
RM,13.69654,0.37203,23.70391,23.83337,2.93,11.52407,19.78671,85.366,27.83317,15.35433,3.05,207.858,-16.77462,17.96215,11.52407,11.59017,23.7236,5.57611,5.73478,13.63167,13.63167,69.99914,7.63008,233.32378
RF,0.0,381.42654,13.92432,0.85739,1.36,24.45415,1.38985,2918.0,45.50842,36.0,1.43,5517.0,-53.76248,39.27158,27.43294,24.35371,0.85385,1.45911,6.76239,10.57958,10.02493,48.16927,4.80603,92.93572
RGA,16.09058,1.30975,134.53294,2.17578,11.0,5.55965,-21.67347,1080.574,8.39238,-60.30314,10.27,1809.0,-2.13657,-60.7151,5.55965,5.07755,2.17578,1.02246,5.10167,7.94493,7.94493,29.1084,3.2111,41.06044
RS,14.2555,9.90256,69.84839,4.6989,8.75,5.56418,36.19158,1180.1,10.23105,4.91607,9.04,3281.5,2.50098,3.30942,5.49395,5.61319,1.98312,7.63568,8.94453,13.57148,13.68531,32.01563,1.86738,47.09264
RNR,39.12066,0.54931,104.13154,3.68344,4.91,13.67424,0.0,0.0,0.0,36.717876,2.88,534.362,1.84512,36.717876,11.5613,5.81859,3.68344,0.74235,1.69745,5.42217,4.20687,12.56749,36.717876,20.21942
RNST,0.0,55.498608,34.91123,0.95319,2.79,24.25163,15.92033,277.271,45.76826,42.34694,3.01,533.676,100.84834,59.36998,24.25163,26.08072,0.91302,1.52247,7.68902,8.25649,8.25649,24.16574,2.34905,31.86652
RSG,-0.28936,9.09255,24.58016,0.57544,3.16,10.33374,1.23849,2803.8,27.92379,-16.18037,3.09,3890.9,8.48667,-18.8908,10.32676,10.05997,0.5227,4.87881,6.43635,13.05434,13.05929,51.25407,2.97364,105.14534
RMD,7.35822,5.01,14.43075,2.08454,2.19,13.48554,18.58582,680.634,29.08449,-8.75,3.27,1362.164,22.35708,-7.79937,13.48554,19.94868,1.31518,10.7287,13.02848,15.70384,15.70384,12.02572,0.41352,13.66958
QSR,-3.06604,12.83114,6.40475,1.06534,2.42,21.35524,2.71903,2176.0,40.61975,-4.72441,2.61,3117.0,16.43457,-5.67201,11.42431,12.1316,0.96946,5.91691,7.54435,31.8966,27.97545,77.04023,5.57904,242.02068
RVTY,14.55086,4.68871,23.37274,1.60003,2.13,8.54843,23.53647,565.461,20.355,50.0,2.57,1340.939,9.74838,-18.69441,8.5647,10.2283,1.03545,3.98684,5.35395,9.33445,9.33445,42.25416,3.34502,73.17265
RHI,8.47086,7.59769,8.92859,1.7981,3.57,7.48737,12.3809,653.169,11.26101,53.21888,3.64,2411.012,7.70892,49.45351,7.48737,7.56288,1.30687,19.46731,33.82666,40.05491,40.05491,0.06176,0.00101,0.0618
ROK,4.80845,5.73271,13.35673,1.26546,4.21,8.0333,19.65712,1437.8,21.56916,-33.70079,8.62,2884.9,13.98777,-35.14594,8.0333,16.21584,0.93871,11.8559,20.14277,25.01694,25.01694,52.33816,1.23536,109.81144
ROG,21.18119,5.80808,46.1171,4.53243,4.7,9.97064,-6.34063,166.635,18.95538,8.29493,4.86,310.783,3.61011,8.93871,9.97064,10.15795,3.16502,6.05963,7.33699,10.85531,10.85531,21.58617,1.40145,27.52852
RCL,0.0,329.75772,53.13186,0.17464,8.56,19.12598,11.52867,2971.512,31.29934,13.67862,8.78,4231.642,-7.4774,11.43962,19.07595,19.47371,0.0861,4.84506,5.95636,16.60915,16.24886,48.0607,3.62701,97.04864
R,19.33497,7.92939,54.79191,0.68419,5.21,3.27744,13.34519,2004.385,23.83558,-64.96301,5.59,1628.627,-17.2616,-65.42973,3.24998,3.48261,0.56167,3.06806,4.22855,9.5941,9.5941,69.47399,3.30455,227.58948
RHP,12.5421,7.85681,9.25384,0.48491,5.14,18.76304,0.0,0.0,0.0,49.85423,5.19,429.435,25.73687,50.29529,18.76304,18.87263,0.45094,6.85436,8.4586,62.44183,46.63107,76.33534,38.78909,38.78909
SPGI,9.85595,4.52168,2.52818,1.37086,7.73,33.89262,7.33538,3146.0,50.27165,33.73702,8.23,4420.0,26.52205,30.88235,31.28795,32.99628,1.30278,19.46195,31.53694,292.45706,95.92944,61.38116,1.16402,363.06067
SLG,0.0,66.22671,71.98731,3.08613,2.832,21.90222,0.0,0.0,0.0,206.89655,3.03353,779.201,33.82381,143.91068,19.99434,20.0632,3.08613,1.93927,2.03533,4.23294,3.87235,45.70111,66.22671,89.38964
SM,-9.64706,11.22371,26.01809,0.92106,4.48,30.9975,2931.3591,962.79,58.70116,245.254,4.73,1173.688,-45.73103,245.254,30.9975,32.27401,0.52689,2.47002,2.8603,19.13128,19.13128,47.06354,2.69668,88.90571
SPXC,34.69159,4.90156,9.54891,1.27265,1.75,5.08254,111.98288,148.6,9.65813,-8.37696,2.19,410.0,2.37147,-9.07055,5.27753,6.12819,0.95279,3.71532,10.36984,21.4364,21.4364,47.92268,2.56931,92.02217
STAG,25.6949,9.25692,13.71898,1.05869,0.79,27.41921,0.0,0.0,0.0,243.47826,0.8,281.972,53.30269,197.27757,26.47366,23.56631,1.05869,1.57491,1.63237,6.75128,6.2498,44.26274,45.467487,79.41319
CRM,22.54734,2.94629,12.86354,0.91716,0.17,1.21639,39.25039,987.153,9.41939,-34.61539,0.16,7767.0,24.67948,-29.0338,1.21639,1.09148,0.83635,0.75896,1.38552,1.50963,1.50963,17.73588,2.05047,21.55968
SD,-26.90507,6.6804,23.75434,0.53449,-0.26,-2.59735,16.53426,191.284,54.74721,22.828772,1.01,236.175,-11.38715,22.828772,-2.59735,10.13397,0.47487,3.03299,3.76928,-1.07545,-1.07545,0.0,0.0,0.0
SLB,-2.51113,4.11087,26.14819,1.16647,1.53,6.63416,-1.16558,6190.0,18.86333,486.82724,1.63,4337.0,10.05638,486.82724,6.51531,6.87963,0.7903,2.79924,3.63033,5.85721,5.89597,32.76239,2.87997,48.72629
STNG,11.02352,8.95718,35.78011,1.53699,-5.5,-32.48816,24.24997,169.554,28.98126,29.402039,-4.6,239.809,12.50953,29.402039,-32.48816,-27.38101,1.48339,0.14562,0.1469,-10.78627,-10.78627,61.27847,17.16453,158.25427
SMG,14.31462,12.5721,6.4123,1.44557,2.23,4.79087,-14.62734,428.4,16.0847,-32.21885,3.77,885.1,7.70585,-70.81997,2.39168,7.95502,0.5621,7.43342,9.71546,25.43353,24.98776,84.86532,4.70682,62.31352
SEE,-14.30123,9.22734,-2.23958,1.04447,0.94,3.17578,7.50502,856.6,18.09961,184.8485,2.51,1502.1,4.39099,-76.30384,4.08012,8.45382,0.59438,8.77257,13.86573,126.1225,126.1225,111.15306,4.0558,126.1225
WTTR,-8.54368,4.27467,10.54592,2.4046,0.49,3.55144,137.33752,228.238,14.92796,34.726166,0.89,329.519,3.89493,34.726166,2.38808,4.30805,2.0035,4.34882,5.1405,4.9045,4.99498,3.99409,0.20247,4.16026
SRE,13.84851,8.36279,27.1761,0.48451,1.71,9.63464,7.86458,4142.0,35.44109,238.61386,2.805,3679.0,-12.89895,308.5603,8.98434,12.86801,0.27582,2.91763,4.0944,7.62251,6.5488,56.85369,6.12337,131.76953
ST,4.533,6.18747,15.89075,2.99582,3.53,17.00904,7.80724,914.559,25.96979,48.94515,2.71,1275.764,10.17699,46.68415,17.00904,12.97198,2.04956,6.2245,7.28091,24.18198,24.18198,55.58884,3.56996,125.16863
SXT,30.65458,6.15283,20.36631,3.83263,3.7,11.34686,-2.93992,256.622,18.50442,82.26601,3.55,466.129,2.02537,75.625,11.34686,10.85467,1.33792,7.16265,8.34574,18.38052,18.38052,45.21046,2.76515,82.5166
SCI,-9.99476,54.96604,9.04774,0.59617,2.39,14.02927,3.4432,799.468,25.06033,-15.84507,2.43,760.322,10.36802,-18.19311,14.0183,13.89724,0.51839,3.03051,7.61623,29.31269,29.33602,68.78746,4.52588,220.3841
SFBS,0.0,43.13298,13.39018,0.99273,2.53,39.57037,19.58156,200.445,57.92087,47.09302,2.57,259.967,81.50391,47.10179,39.57037,39.48791,0.992,1.63022,12.04195,20.72018,20.70446,33.07065,1.76303,49.41129
SHW,-1.38694,8.38987,13.35504,1.01088,3.89,6.32323,24.77639,3147.351,17.94948,-38.9325,5.94667,7418.6,12.47703,-37.43893,6.32323,9.46122,0.51908,8.15712,11.68619,29.87353,29.87353,71.46526,2.96874,250.45
SIG,-63.02052,4.94387,41.31901,3.3225,7.44,8.30481,-23.96977,533.2,8.52711,5.08475,6.47,2190.0,21.79134,-4.39985,8.30481,6.51863,0.97127,3.3146,4.93317,20.81363,16.70984,19.03994,1.37322,23.5177
SLGN,12.47039,9.21122,7.9803,1.1956,2.01,5.03485,-0.58181,573.124,12.88245,-16.94215,2.1,689.763,5.96952,-16.93435,5.03485,5.22079,0.54135,5.16799,7.33523,27.19479,27.19479,72.3384,4.02114,261.51202
SPG,2.84688,8.11858,10.52995,0.46764,7.87,46.15239,0.0,0.0,0.0,26.1218,7.82,4637.324,48.71423,25.26209,39.90107,39.59406,0.46764,6.68937,7.46625,70.75684,66.75075,85.26627,233.55092,233.55092
SSD,7.42435,7.65086,19.01227,3.9552,2.72,11.73822,20.53946,207.939,19.27487,40.20619,2.84,480.287,10.82957,36.7276,11.73822,12.16572,2.02027,10.22485,12.05369,14.55308,14.55308,0.32669,0.01349,0.32776
SPNT,-22.54166,0.54364,12.86388,16.50328,-3.27,-84.13921,-57.470337,-313.449,-83.07378,-57.470337,-3.27,-267.598,-208.84969,-57.470337,-84.19831,-84.11206,16.50328,-5.0504,-10.80612,-22.21108,-21.34756,8.63954,-57.470337,9.45654
SITC,-31.13111,6.79849,34.08145,0.4275,1.72,15.75634,0.0,0.0,0.0,35.32582,4.12,489.96,25.73006,35.32582,15.52957,25.79312,0.40612,1.74891,1.85874,5.8519,4.67182,47.61716,35.32582,90.90223
SMBK,0.0,37.608887,20.31082,0.97599,1.45,18.32316,69.95022,43.356,43.8857,163.63635,1.7,80.292,53.14698,260.95712,18.32316,21.37884,0.97469,1.35651,8.75958,7.40576,7.40576,18.01227,1.43408,21.96946
SW,0.0,0.0,0.0,0.0,0.0,0.0,0.0,0.0,0.0,0.0,0.0,3385.6194,0.0,0.0,0.0,0.0,0.0,0.0,0.0,0.0,0.0,0.0,0.0,0.0
SNA,0.0,152.34785,55.72279,2.32868,11.87,17.10397,2.42875,1045.9,25.69526,24.68487,12.02,2099.9,12.87036,21.91142,16.70352,16.62554,1.52342,11.2006,14.04829,22.46601,22.86033,27.35616,1.12286,37.65792
SAH,-9.1138,21.62664,19.25418,1.02443,1.22,0.52645,0.55118,305.389,3.06873,-42.45283,1.86,1446.125,0.43702,-44.45221,0.51901,0.79823,0.2282,3.47598,3.99436,6.50858,6.50858,75.074,8.11792,78.7082
SON,8.40468,7.13343,17.62099,1.40293,3.1,5.8383,9.5974,732.64,13.59021,78.16092,3.41,1041.006,5.23468,78.8246,5.81643,6.35952,0.89546,6.79521,9.80551,18.09269,17.97308,43.86978,1.89065,78.15715
SSB,0.0,63.951527,66.04231,0.94512,4.86,25.08861,16.73197,362.887,50.89886,65.87031,5.58,645.182,1.36619,104.29792,25.08861,28.59042,0.94228,1.40339,7.15617,7.65188,7.65188,18.48872,1.47906,22.68241
SO,-9.40902,9.58588,23.91496,0.6708,2.17,9.78932,-6.7512,8384.0,35.68419,158.33333,3.17,9616.0,-6.70409,154.77274,9.54246,13.76208,0.38184,2.88096,4.29661,9.17161,8.33605,61.49858,5.58791,159.73065
SCCO,0.78543,7.71129,8.16909,2.61449,1.92305,21.81577,8.406,3555.5,50.10075,112.76596,1.96151,3687.7,16.49341,111.80508,21.7425,22.22047,1.66982,12.74195,14.59314,24.34695,24.26228,47.40434,1.6763,90.12975
SBSI,0.0,32.64013,21.68394,0.71031,2.11,27.46483,15.79468,120.687,44.70916,16.57459,2.19,204.4,-11.57516,36.5039,27.46483,28.35566,0.70993,1.05615,3.71802,9.98202,9.98202,55.56674,7.57768,125.05665
LUV,0.0,267.86584,17.83016,0.63605,4.29,11.2224,-10.04287,4407.0,20.06374,-25.90674,4.3,7233.0,9.7331,-29.32913,11.2224,11.21739,0.53852,7.80383,14.66445,24.30607,24.30607,25.52532,0.76628,34.27383
SWX,15.40293,6.28343,42.47052,0.89466,3.68,6.30733,5.56755,606.645,21.06397,-8.91089,3.69,673.443,-10.87157,-5.96571,6.32903,6.33178,0.61417,3.28649,5.2709,8.96413,8.76313,49.55571,3.77868,101.80886
SPR,40.52454,8.46758,11.73503,1.80096,5.65,8.54334,-5.99391,1080.6,14.96261,87.70764,6.25,1086.1,8.33443,73.85179,8.54334,9.34644,1.1388,9.69535,17.44989,40.61081,40.59745,60.48827,1.75403,153.08942
JOE,68.12622,6.70717,8.54053,9.13697,0.52,28.65719,242.26382,38.402,34.82353,-38.09524,0.51,59.058,6.00901,-45.66954,29.35272,29.00927,8.87752,2.05111,2.29144,5.90822,5.61467,31.58753,6.4098,46.17219
SMP,12.47921,7.33925,20.82651,1.74744,2.48,5.20617,-16.87797,105.555,9.66576,31.91489,2.87,312.787,4.0006,13.23731,3.93782,5.90162,0.53961,6.24357,9.86709,12.34809,12.34809,9.53081,0.46629,10.53487
SWK,-1.47283,9.34528,46.8345,1.14189,3.99,4.33259,0.18355,2183.3,15.61463,-50.37313,6.62,4916.8,6.33448,-50.63622,4.3283,7.05061,0.47961,5.44587,8.67194,8.27155,7.50691,34.87536,1.92296,53.5517
STT,0.0,845.675,55.53406,0.58272,6.4,20.03392,11.20484,6987.0,53.85801,22.13741,7.38,12116.0,-28.07947,19.38447,20.03392,21.16114,0.58005,1.59455,9.87753,12.9236,11.03445,38.11319,2.18506,61.58532
SCS,-2.37321,10.05264,7.00167,1.53939,0.68,2.64114,-16.49096,221.8,7.25904,-33.98058,0.83,1005.2,3.03919,-35.23275,2.64114,3.17549,1.08725,5.34071,8.97707,10.21648,10.21648,26.61734,1.33003,36.27198
STEL,0.0,30.874146,22.59174,1.07891,1.6709,22.48397,50.60463,69.495,41.88061,80.91603,1.826,132.044,34.18758,111.59823,22.48397,24.16965,1.07874,1.09022,5.0719,7.38903,7.38903,28.07435,3.94837,39.03247
SCL,-4.60447,6.95249,34.82476,2.37027,4.83,5.65487,3.01028,235.122,11.79232,23.21429,4.86,339.349,3.91991,23.13219,5.65547,5.61158,1.71367,6.51352,9.20074,14.7995,14.78262,26.0304,1.1742,35.19068
STC,0.0,53.559242,28.39601,2.90148,2.01,3.09799,0.12466,113.248,5.94424,-2.42718,2.42,1009.112,3.69723,-2.33461,2.49442,2.99049,2.90148,3.97274,7.00478,7.06275,8.68835,13.71236,0.95398,15.89146
SF,17.75009,0.33221,28.41344,0.74622,3.15333,12.39027,35.18958,647.335,20.35864,121.02804,3.43333,2824.294,44.68944,115.43492,12.39027,11.62697,0.67298,1.6526,6.10079,13.75306,13.00403,50.63097,5.06589,102.55614
SYK,0.0,595.2658,31.33013,2.02476,9.34,26.12308,12.37507,3823.0,28.10823,248.50746,6.62,8981.0,13.15712,248.33333,26.12308,18.20853,1.25463,7.84,9.98943,32.75258,32.73146,45.66678,2.57887,84.04945
INN,52.27157,15.33387,11.35447,2.12031,0.68,16.05747,0.0,0.0,0.0,-13.92405,0.68,269.182,21.49845,-8.3587,16.02135,12.41652,2.07047,2.36775,2.44253,7.37957,7.38006,44.57351,23.563753,80.41914
SXC,10.07299,20.16539,7.15146,1.95792,0.4,3.23937,11.87951,263.7,18.17493,-78.7234,0.37,328.9,5.02275,-78.59477,1.80578,1.64994,1.29632,3.69026,4.97635,5.89228,7.00291,55.11801,3.17937,122.8065
SHO,-1.09588,34.33446,10.83693,3.90364,1.05,22.17111,0.0,0.0,0.0,87.5,1.04,542.122,30.88064,72.27397,21.4339,20.10872,3.85095,3.0553,3.27426,10.3979,9.78809,27.02576,40.912453,37.03466
SYF,13.53751,0.22385,20.42131,1.45123,3.74,15.28516,12.35137,4630.0,25.36569,54.54546,3.76,7739.0,-1.25185,44.18605,15.28516,15.2909,1.45123,2.67029,7.33987,19.29995,19.29995,62.04685,5.18272,163.48276
SNV,0.0,114.499405,25.36087,0.97377,3.47,26.37753,17.78774,792.907,48.81236,59.90783,3.61,1376.809,-0.68771,55.54136,26.37753,26.14475,0.97216,1.55129,9.43277,14.84144,14.05953,44.8159,3.20952,81.21162
SYY,1.52851,14.52547,4.81513,1.21472,2.7,2.43629,6.06108,3200.13,5.44913,29.80769,3.14,11085.391,2.52316,25.23083,2.43629,2.79596,0.71184,8.61999,14.34337,58.53632,57.12826,76.5946,2.60217,635.1618
SNX,35.45079,5.98459,67.70166,1.45058,7.19,1.49896,21.94418,821.455,4.09626,-4.26099,8.64,1926.899,-1.12373,-0.19092,1.49896,1.77572,0.88261,3.88556,6.72405,10.51821,10.51821,50.17371,4.20717,100.69725
TEL,3.10044,6.01505,31.41332,1.40567,7.32,18.47298,10.6488,3138.0,22.43351,56.74518,5.64,4745.0,6.94524,52.40642,18.33715,14.1121,0.72766,7.76282,10.67811,25.10932,25.10932,26.97054,1.2747,36.93103
TJX,26.4014,122.40562,4.09891,1.65558,2.02,7.27164,6.65932,4814.626,13.42443,16.76301,2.08,10362.497,4.75551,13.47617,7.27164,7.38666,0.70077,18.96413,35.19938,54.00089,54.00089,32.26652,0.50939,47.63747
TXNM,3.71139,9.75894,21.19645,0.59035,1.07,7.05006,-15.16085,479.734,33.39341,7.0,1.09,810.976,-11.37424,7.17395,5.99814,6.06149,0.31883,2.20685,3.246,5.09334,5.72684,62.22543,6.05755,164.72836
SKT,10.78998,9.07622,5.11144,0.77381,0.45,9.17741,0.0,0.0,0.0,-36.61972,0.45,369.394,33.13958,-35.80336,8.7931,8.45754,0.77381,2.80162,3.00322,8.22316,8.15199,77.21227,21.970732,21.970732
TPR,17.20149,20.20271,11.26597,2.59284,1.38,6.7602,22.1182,1252.2,21.29592,-33.97129,2.66,3964.9,8.80612,-32.74112,6.7602,12.91095,1.69463,9.91115,13.15294,12.72713,12.72713,33.03476,1.27823,49.3312
TRGP,4.57951,12.38438,26.22794,0.50697,-0.53,0.57612,17.91364,1267.1,12.08604,157.29808,0.18,2245.8,-15.37235,-97.03704,0.01526,0.38493,0.39217,1.78561,2.11866,0.02614,0.82238,46.32672,5.25633,86.31245
TGT,0.0,1245.1051,21.616,0.95175,5.32,4.07351,-7.13795,6752.0,9.39356,16.15721,4.84,21589.0,5.38057,7.19766,4.08186,3.6819,0.27059,7.04403,11.45528,25.84061,25.84061,49.73815,1.71608,98.95807
TMHC,0.0,66.13797,21.37981,7.93059,1.83,4.97896,3.72826,365.583,8.64795,24.4898,2.46,787.093,-19.54426,126.22671,4.88159,6.50254,0.70476,4.69982,5.31963,10.28911,8.8339,47.74067,6.04403,91.35337
TISI,-9.22828,4.32916,151.43785,2.53629,-21.0,-5.06412,120.27507,58.298,4.67533,32.69665,-13.4,328.256,4.7328,32.69665,-5.06412,-3.22725,2.09156,-0.40346,-0.49437,-13.80892,-13.80892,43.87851,6.13028,78.18486
FTI,66.37699,6.34931,23.0897,1.28976,-4.2,-15.22198,-15.02242,1591.8,12.68074,180.72093,-0.04,2279.9,-1.85555,180.72093,-15.30802,-0.14594,0.9603,2.23877,3.71999,-16.15639,-16.00415,28.59062,2.63331,40.18541
TECK,-34.11502,8.45776,40.09862,2.11328,3.91341,25.03184,-1.8791,4056.312,44.05444,24.76636,2.95338,3390.1536,10.87731,23.8342,24.72939,18.40845,1.18919,6.44039,9.07341,14.70178,14.78504,19.3398,0.99711,23.97689
TK,15.73963,10.23869,8.05487,1.30882,-0.79,-3.38486,-31.00036,513.24,30.08376,60.42976,-0.85,594.939,-41.70904,60.42976,-4.64451,-4.96587,1.19588,1.67097,1.78936,-9.99091,-2.00975,63.87172,9.87581,176.79144
TNK,112.16488,13.89883,28.20782,1.14073,-1.6,-6.95297,10.32547,126.743,16.7702,28.461493,-1.52,166.518,3.53682,28.461493,-6.95297,-6.74996,0.8629,0.23601,0.24694,-5.37979,-5.37979,53.97939,8.76336,117.29394
TGNA,4.55989,5.30433,6.21492,1.72046,1.85,18.18254,23.66261,780.849,35.37604,-10.19418,1.8,1141.349,19.53122,48.19138,18.37849,17.62943,1.57694,8.4733,10.46772,34.36182,34.36182,68.70941,3.77085,219.58485
TDY,17.5068,5.58092,61.78679,1.54606,9.01,11.50321,15.3714,537.4,18.51954,43.92971,9.47,1115.7,10.78296,46.91901,11.50321,11.6833,0.97711,6.92948,8.84093,15.98276,15.98276,25.18538,1.39673,33.66372
TFX,5.90127,6.87593,55.19771,2.12234,4.2,8.02293,9.50991,673.314,27.50035,26.12613,6.62,1302.816,16.18923,31.64755,8.20141,12.35351,1.24206,4.64841,6.17523,7.9039,7.9039,45.94415,3.20627,84.99385
THC,5.70745,6.08506,-1.16056,1.20197,1.04,2.52826,7.08278,2419.0,13.2092,462.46176,2.37,6660.0,4.80943,462.46176,0.60613,1.32147,0.91392,4.41379,5.89716,462.46176,20.52305,87.55684,6.12898,462.46176
TNC,2.29634,5.46418,17.34742,1.88306,1.82,2.98511,16.81525,122.649,10.91658,38.373825,2.29,445.0,6.42276,38.373825,2.97389,3.65663,1.21469,4.29325,6.33284,10.93817,10.90975,52.88293,2.89497,112.23732
TDC,7.86106,3.80651,4.23801,1.41526,0.25,1.38632,-10.0,216.0,9.98152,66.56005,0.46,1031.0,11.09057,66.56005,1.38632,2.53383,1.30525,2.18674,4.32596,5.15907,5.15907,52.35804,2.51852,109.89899
TEX,10.0767,7.3382,12.36351,1.99473,1.45,2.17171,47.10328,408.8,7.97659,130.15874,2.21,961.9,0.95707,-11.65501,2.21854,3.2514,0.91661,6.35938,10.30564,10.68908,10.68395,58.61373,2.98288,141.62602
TRNO,248.66087,3.01033,20.451,2.80319,1.09,40.74723,0.0,0.0,0.0,14.73684,1.09,111.669,12.96211,19.19955,40.74723,40.34209,2.80319,1.96508,2.06662,5.56316,5.56316,27.02489,27.80559,37.03303
TTI,8.4491,5.53999,1.37906,1.99995,-0.16,-4.27774,62.22009,148.798,14.89805,32.05543,-0.11,150.645,-5.91751,32.05543,-6.16926,-1.36679,1.17413,1.57161,1.92532,-10.53895,-12.84364,72.92985,5.66257,269.4106
TXT,2.88726,6.31218,22.03539,2.04029,4.83,8.74606,2.00401,1527.0,10.929,323.6842,3.38,2347.0,4.79978,298.0456,8.74606,6.05255,0.91261,4.65731,7.43863,22.54821,22.54821,42.15686,2.47806,72.88136
TMO,18.45837,5.74888,68.60107,1.72849,7.24,12.06175,16.81149,6184.0,25.38796,29.28571,7.83,10869.0,13.28876,32.04494,12.06175,12.92249,1.09192,4.33787,5.2663,11.087,11.087,40.77207,3.07083,68.83927
TDW,0.0,0.0,30.93288,4.315,-6.45,-42.25401,7.7321877,34.587,8.50807,7.7321877,-5.21,131.41,0.0,7.7321877,-42.19153,-34.078,4.05405,0.0,0.0,0.0,0.0,27.71618,12.69275,38.34354
TKR,26.34788,6.02778,20.7968,2.53384,3.86,8.53161,39.5178,607.6,16.96828,49.6124,4.2,1040.1,4.93291,48.86922,8.45621,9.04558,1.19326,7.35257,10.01475,20.03772,19.59841,50.58509,2.76761,102.36805
TWI,6.67349,6.84008,4.65724,2.07824,0.06,0.81409,62.62865,98.444,6.1435,28.110853,-0.07,188.179,-3.0915,28.110853,1.00393,-0.26132,0.89229,2.07782,3.06033,5.36254,3.20836,54.20189,4.68751,170.84862
TOL,0.0,124.555305,32.56774,5.34574,4.85,10.02742,19.96195,858.786,11.51026,52.99685,4.64,1631.902,2.67223,39.71204,10.02742,9.45183,0.83328,5.31865,6.45476,16.10417,16.07889,43.67707,4.30628,77.54758
TR,5.11678,10.68495,9.53036,4.95262,0.72365,10.94677,-1.38927,89.151,17.18011,-28.38281,0.72365,188.173,9.18063,-29.6436,10.96373,11.01369,3.89544,4.69053,5.87305,7.66513,7.65411,1.03815,0.08831,1.04904
BLD,31.95963,6.66351,31.00879,1.58623,3.78,5.65176,44.44639,272.033,11.40959,-12.5,4.39,576.152,2.378,-14.78566,5.65176,6.42983,1.14355,6.91632,9.52094,13.02822,13.02822,40.94985,2.73303,69.34758
MODG,-24.65136,14.96498,7.66656,1.73101,1.08,8.46887,41.17227,152.051,12.23422,157.14285,1.11,578.369,2.53284,156.67793,8.42751,8.44704,0.44872,8.07831,10.6936,15.24372,15.10444,6.44709,0.33281,6.89139
TTC,5.18158,14.50912,6.33437,1.67964,2.5,10.37982,3.41167,435.117,16.60827,3.73444,2.87,941.011,7.09874,1.57704,10.37982,11.6524,0.9055,15.26692,24.23775,42.29196,42.29196,31.84515,0.71831,46.7247
TT,8.14564,6.07695,29.03082,1.32817,5.43,8.80127,13.81117,2367.5,15.11022,5.64202,5.68,3786.5,7.60194,2.68693,8.53704,8.96144,0.84617,6.96488,11.20747,19.19226,19.32496,36.67321,1.72811,57.91105
TRU,40.12856,5.9791,10.17609,1.53418,1.46,12.32252,20.65775,847.5,36.1361,-37.06897,1.75,1527.1,16.23993,-37.30734,11.7938,13.77436,1.26071,5.55793,6.54828,15.37144,15.18336,67.12933,4.77652,204.22258
RIG,1.17253,5.02581,21.49926,2.70782,-4.27,-66.36846,-25.42017,1065.0,35.28827,102.345,-3.13,1219.0,14.40524,102.345,-66.13651,-48.53678,2.27366,0.64223,0.71376,-15.46448,-15.47734,43.20977,9.36901,76.08663
TNL,395.76138,2.07167,-6.04319,5.13622,2.68,6.76673,-25.15198,985.0,25.05724,-66.03295,4.19,2018.0,-72.32892,-22.8473,17.09489,10.54162,3.71517,6.02899,9.15953,175.0,169.42674,112.18676,5.31777,163.51003
TRV,2.1406,1.46333,86.85129,5.31547,9.28,8.43333,6.71408,3751.0,12.53802,26.603,9.37,7610.0,21.97246,22.71401,8.43333,8.37496,5.31547,1.77406,6.16633,10.82252,10.82252,22.28257,1.74993,28.67127
THS,6.5191,17.0668,38.24821,1.69672,-1.1,-1.05642,-10.52365,529.7,9.11375,76.00046,1.87,905.5,9.11891,76.00046,-1.05642,1.80176,0.61734,2.98147,3.66773,-2.78762,-2.78762,51.76444,4.33944,107.31593
TREX,38.87689,7.898,2.9287,2.91269,1.14,19.49613,24.76411,199.136,28.84984,41.61491,1.18,294.894,12.65007,41.46413,19.49613,20.08351,2.23971,28.85405,39.76508,46.87181,46.87181,0.0,0.0,0.0
TPH,0.0,62.55394,14.51994,5.69249,1.81,8.32161,15.05468,401.267,12.29844,49.58678,1.92,710.259,3.5349,44.19016,8.27251,8.72,0.52399,6.04991,6.77227,13.54076,13.61901,40.68366,3.51587,68.58761
TRN,-25.18258,7.76451,16.5976,1.58683,0.7,4.34419,-32.79368,518.9,20.68072,-84.51327,0.69,570.3,-19.40885,-77.40925,6.32498,3.95999,0.88862,1.90362,2.27171,3.13473,2.93801,61.12999,7.76489,157.26776
TSE,-6.26882,8.45119,18.47837,3.0378,6.7,6.32733,-18.35184,419.1,9.06593,-8.21918,7.31,528.8,2.71481,-10.90466,6.32733,6.76793,2.04916,6.71056,9.75339,40.5265,40.5265,60.30467,2.78645,151.91882
TROX,-1.85759,5.68438,5.55583,8.48,-0.06,1.64926,30.64516,486.0,26.71798,55.923897,0.56,498.0,7.4354,55.923897,-0.38483,3.78303,6.71667,3.76078,4.36775,-0.92593,3.19659,78.5732,6.50412,55.923897
TFC,0.0,754.68866,35.46191,0.89066,3.91,25.06156,0.95482,5921.0,45.56017,42.70073,4.11,10992.0,21.07379,35.21303,24.90766,24.44504,0.88452,1.49942,5.716,12.06395,10.8797,48.90714,4.87874,95.72205
TYL,31.60567,3.55594,34.61387,1.22401,3.68,15.76658,-0.16804,213.87,22.8669,-11.96172,3.85,439.578,16.17703,-10.05398,15.76658,15.82552,1.13751,5.65994,7.67826,11.83512,11.83512,0.0,0.0,0.0
TSN,2.86567,23.57387,34.98087,1.13059,8.2,7.55768,4.16769,4249.0,10.60871,71.18998,6.24,5197.0,5.43731,70.46223,7.55019,5.68661,0.39634,7.24967,9.54058,25.90816,25.90501,43.52407,2.32361,77.06658
UDR,117.05789,33.97288,10.3773,0.6186,0.74,21.12864,0.23198,228.995,21.83944,68.18182,0.76,717.049,43.8714,67.08567,19.37038,19.4381,0.6186,1.7993,1.86531,7.20359,5.77006,47.66414,15.49286,121.38412
UGI,19.65318,10.88364,21.18804,1.09006,4.06,10.74864,9.89723,1593.4,20.82549,65.04065,3.54,3576.0,4.13563,64.61292,9.3933,8.04625,0.70902,6.03857,8.3846,21.00019,20.97718,52.82042,2.88076,111.9561
USB,0.0,1474.3754,28.00723,0.83429,4.14,27.63919,1.39877,12686.0,49.21824,17.94872,4.15,20813.0,6.8162,14.1203,27.53055,26.30883,0.8284,1.64337,7.42482,16.00614,14.06196,51.78371,4.37325,107.3988
USFD,3.48555,18.25471,14.88018,1.43497,1.87,1.68356,7.85517,1028.0,4.25233,-5.07614,2.0,4306.0,1.47208,-8.39399,1.68356,1.7879,0.75,4.71927,6.5178,13.61121,13.61121,51.70506,3.36284,107.06101
UAA,9.18136,8.14415,4.4961,1.97088,-0.1,-0.89159,8.79081,358.432,6.90197,128.9862,0.27,2361.271,10.09493,128.9862,-0.89159,2.31785,0.93596,2.71064,3.9368,-2.29473,-2.29473,26.54451,2.0334,36.13687
UNF,7.27825,8.74544,76.53555,3.95443,8.21,9.66084,9.93954,287.836,16.96657,138.6628,7.51,639.765,4.68956,133.48196,9.66084,8.76991,2.37482,6.46916,8.11929,11.23277,11.23277,0.0,0.0,0.0
UNP,17.54856,14.05911,28.16744,0.89991,7.91,26.12999,4.69177,10733.0,47.00858,-40.79341,8.06,11743.0,15.41258,-44.30545,26.12999,26.50777,0.67661,9.12974,12.61907,26.35217,26.35217,52.29831,2.08618,109.63619
UIS,7.07332,5.42122,-26.29159,1.40951,1.3,2.79292,66.16034,393.8,13.93982,64.23421,1.46,602.4,6.90133,64.23421,2.67257,2.63296,1.23893,7.4125,64.23421,64.23421,64.23421,64.23421,1.65769,64.23421
UCB,0.0,62.34673,18.39556,0.81067,2.07,28.03523,19.05559,317.882,53.65025,125.0,2.12,522.211,53.17924,144.92561,28.03523,28.50315,0.80878,1.6226,10.28539,12.03316,12.03316,22.66564,1.34386,29.30862
UNFI,10.28583,18.50417,36.6181,2.55843,3.26,1.61998,2.71353,326.515,3.19278,27.34375,3.03,1520.014,0.83216,27.2867,1.61998,1.49712,0.86241,5.12762,7.02023,9.39205,9.39205,16.32515,1.10301,19.51023
UPS,4.77602,8.00011,3.52098,1.15071,5.51,6.66704,-2.04269,9591.0,13.3466,-1.78253,5.85,14757.0,5.04203,-2.42363,6.66704,7.04986,1.07667,9.67313,18.06545,238.29893,235.60364,88.21635,2.37056,1087.0712
PRKS,50.98958,28.47666,3.18643,0.47178,0.52,3.26374,48.18724,350.408,25.53454,58.203457,0.91,559.732,7.04158,58.203457,3.26374,5.71415,0.29931,5.63663,6.5146,16.20816,16.20816,85.31089,4.3954,58.203457
URI,25.30414,5.79338,42.60514,0.83223,13.12,13.61998,22.23307,3755.0,46.66335,-16.5925,14.52,3430.0,5.78943,-18.57355,13.61998,14.91372,0.75047,7.85514,9.40569,33.67645,33.67645,77.53795,3.12836,327.60342
X,20.30457,9.33377,24.07623,1.51079,6.25,7.8643,52.0277,1537.0,10.84074,185.38812,4.94,1873.0,-1.06679,188.1137,7.8643,6.15437,0.83266,6.09288,10.07297,29.64637,29.63849,36.16343,1.54912,56.65001
UNH,19.02174,21.59258,53.85,0.72717,12.19,5.47278,13.28062,19772.0,8.73912,13.71269,12.45,53846.0,5.22615,13.52529,5.29775,5.29923,0.61219,7.44304,12.28363,24.09924,22.87689,39.39815,1.84878,67.29505
UTL,0.6628,3.66722,23.60019,0.79065,2.23,7.43076,4.28817,121.6,27.38122,8.25243,2.23,144.0,-3.46769,13.7931,7.43076,7.44371,0.71377,3.50366,5.4411,9.59721,9.59163,58.46045,4.06579,140.73442
UVV,-14.15222,4.98268,53.84577,5.93547,4.14,5.71146,-5.62526,206.323,10.14397,370.45456,4.0,371.948,2.05277,-0.60393,5.19492,4.97063,2.28316,4.99434,6.03105,8.03844,8.56734,23.03061,2.00902,29.92178
UVE,100.27249,2.29678,14.42179,3.89187,3.27,14.20839,-13.49007,151.119,18.34378,9.36455,3.21,409.361,-10.88093,9.45995,14.20839,13.58164,3.89187,5.53508,18.98762,24.8616,24.8616,2.22151,0.07542,2.27198
UNM,-0.21413,0.9418,40.18494,8.19077,2.38,4.51238,-45.96017,903.6,7.79019,-45.53776,2.44,2572.2,4.24006,-47.35466,4.51238,4.62025,8.19077,0.79018,4.05024,5.75269,5.75269,26.29113,3.40339,35.66889
VVX,31.17436,6.42748,19.64143,1.39265,3.1,2.759,25.23632,54.32,4.24606,-41.61959,3.04,114.427,1.27743,-40.676,2.759,2.66715,1.3257,5.91441,11.36593,17.44425,17.44425,24.96703,1.35562,33.27474
VFC,0.0,0.0,0.0,0.0,0.0,0.0,0.0,0.0,0.0,0.0,0.0,5886.506,0.0,0.0,0.0,0.0,0.0,0.0,0.0,0.0,0.0,0.0,0.0,0.0
MTN,23.49542,9.6306,39.21914,0.90754,9.13,19.94628,3.46185,620.23,30.83339,74.90422,7.95,907.136,12.12728,80.42868,18.88581,15.96558,0.70056,6.35676,8.44264,24.03969,22.22498,41.26359,2.05203,70.25214
VLO,2.91722,16.26024,51.88495,1.64817,7.29,3.00969,17.52016,5829.0,5.23217,-20.41485,7.2,7611.0,0.53587,-23.19803,2.80234,2.75315,0.96298,5.51898,8.70315,14.30208,14.69615,28.60867,1.5627,40.07303
VHI,-8.42949,6.09035,-1.11897,4.01368,8.04,14.66403,-8.68233,357.6,19.64727,-27.95699,7.08,609.2,4.56019,26.36145,14.4058,11.0862,2.47835,6.65824,10.3912,52.799625,30.40383,44.73008,2.23826,80.93023
VMI,18.42669,5.01224,48.28513,3.27757,4.2,3.63804,-2.72686,339.278,12.30542,-17.80822,7.64,686.572,4.19118,-18.83087,3.42206,6.18096,2.26857,6.24573,8.44564,8.68555,8.77062,39.88131,2.22024,66.33763
VVV,7.28291,6.17568,-1.90426,1.76399,0.84,7.26477,-25.47332,433.0,18.94967,-43.62416,1.29,806.0,5.50875,-45.39474,7.26477,11.12166,1.22871,12.53648,23.28733,65.109924,65.109924,137.13693,3.05312,65.109924
VTR,-52.20108,2.98383,28.65019,0.58501,1.14,11.2711,0.0,0.0,0.0,-69.84127,1.4,2010.286,55.48837,-69.81378,11.09433,13.51399,0.58501,2.49214,2.66257,3.8846,3.86063,50.64634,91.87769,104.49886
VRE,-2.71048,3.42978,16.4599,0.27209,0.8,19.93021,0.0,0.0,0.0,1233.3334,0.85,213.852,24.92779,1288.7275,13.61498,14.39116,0.27209,0.80118,0.84395,4.90632,5.4445,57.93532,133.15775,164.54645
VZ,10.07109,5.30325,12.86171,0.91316,3.76,12.25633,7.36298,47171.0,36.04609,-48.91304,5.03,75355.0,10.71903,-48.41367,11.86584,15.86685,0.78173,7.13424,11.29971,32.26899,32.2726,67.39046,2.39688,206.65875
VIPS,11.75502,15.72164,3.77676,1.05318,0.45,2.5241,-26.2701,371.306,3.02137,-8.16327,0.47,2481.7842,2.4299,3.28977,2.51856,2.52923,0.74125,2.48471,4.62177,13.15178,13.22052,27.83802,2.59984,38.57713
VRTS,6.70089,8.13936,74.18408,1.88793,8.86,13.77674,51.13565,154.243,27.93068,123.73737,10.58,221.293,6.74149,104.06625,13.67697,13.74432,1.5965,2.84967,3.13394,15.1546,11.60862,73.54195,12.63878,41.79225
V,6.71378,17.61453,12.88307,1.61132,4.42,49.98302,11.2927,14369.0,69.72197,57.85714,4.55,19923.0,81.24909,53.76922,49.98302,49.54243,1.39885,12.53262,16.8971,36.94101,30.85702,32.84225,1.15735,48.90314
VSH,16.76132,8.23472,9.58558,2.76955,2.24,11.41919,33.12216,646.983,21.31958,82.17849,2.34,888.524,5.7458,82.17849,11.39352,11.13214,1.80302,9.23632,15.41455,24.60437,22.58346,26.28767,0.76436,35.66251
VPG,13.6079,5.99918,16.21011,3.92227,1.75,7.88708,48.20857,50.963,16.99934,63.5514,2.04,121.267,5.48151,64.83792,7.88742,9.1448,2.6161,7.96529,10.69957,11.49061,11.48493,11.02726,0.53127,12.39397
VST,86.76976,10.95746,15.94234,0.94759,-0.11,-0.61242,0.0,2159.0,23.61111,242.67862,0.46,2811.0,15.1151,242.67862,-0.59055,2.54023,0.49103,2.3539,3.18368,-0.7603,-0.78823,59.177,5.28208,144.95996
VTLE,-24.55556,13.21322,100.389,0.96152,27.8,29.35453,37.34084,565.641,51.15335,-39.30131,28.0,661.779,-33.74484,-40.87243,29.35453,29.41598,0.69574,9.80321,11.72489,33.4667,33.4667,45.58374,1.73898,83.7686
VNO,2.33831,2.10716,18.75738,0.55714,2.01,20.08692,0.0,0.0,0.0,120.87912,1.88,1209.391,25.97979,97.85503,21.41929,17.0235,0.55714,1.87954,2.02179,12.80289,6.8392,62.54183,79.10888,192.57726
VOYA,-5.94455,0.45477,54.39865,13.08727,2.48,6.51868,4.92147,1002.0,11.76885,210.17934,3.14,3392.0,21.16954,210.17934,10.27719,6.01889,13.08727,0.31183,4.17643,4.58786,5.55556,29.14091,3.66966,41.12515
VMC,18.01244,9.26251,39.48713,1.79096,3.87,11.81512,13.35344,1113.82,25.41303,-12.04546,4.09,1100.945,8.32661,-14.20195,11.76866,12.35463,0.97118,4.96182,6.01961,10.1819,10.1819,35.8876,2.61477,55.97606
WRB,9.30699,1.89366,13.20711,7.53943,1.48148,8.56028,-3.30388,886.863,11.69649,17.37089,1.49926,3352.5,2.30266,16.69204,8.45059,8.45518,7.53943,2.11619,6.37907,11.81192,11.87574,34.03744,3.18836,51.60115
WTI,-4.23179,9.09948,-2.30935,1.21428,1.72,42.84905,31.23171,343.083,59.08033,207.14285,1.45,403.23,10.40888,212.27504,42.84905,34.70825,0.80414,13.75142,33.21077,78.505455,78.505455,205.20084,1.84659,78.505455
WEC,-5.16769,5.83637,31.02436,0.67461,3.34,13.80949,-10.43424,2314.2,30.13477,-11.87335,3.36,2518.2,-8.37359,-11.9844,13.80949,13.80402,0.40982,2.82097,4.35294,11.01801,10.97003,54.51996,5.09857,119.87666
WPC,82.29144,0.90767,41.28919,3.53443,3.49,44.79734,0.0,0.0,0.0,36.32813,3.48,880.419,-0.83624,48.42493,43.44869,43.16541,3.5178,2.5777,2.76629,8.21773,8.28596,48.29142,60.773407,93.3915
GWW,4.51363,8.28061,34.38831,2.36975,13.73,7.33446,12.58992,1598.0,14.24116,37.02595,16.86,4348.0,5.90423,33.50861,6.96908,8.43571,1.28115,14.38694,19.80413,43.31052,41.98195,51.47229,1.38924,106.06785
WNC,23.31036,13.82908,8.59419,2.02233,1.19,3.06187,0.7021,176.706,7.79375,-33.14607,1.48,283.651,3.71207,-37.69543,3.06187,3.7205,1.19122,6.40191,8.34605,14.16882,14.16882,51.63622,2.86301,106.76629
WD,0.0,65.14857,30.58359,1.37295,4.96,20.63695,-1.13803,421.845,54.0915,-24.39024,5.3,714.308,-25.88521,-23.53465,20.70068,20.52521,0.57532,7.00611,8.16686,18.86477,18.69057,61.63418,3.4548,160.64868
WMT,-3.78749,86.78225,8.7928,0.75985,1.09333,2.11822,-1.39217,29182.0,5.87417,-25.11416,1.41,126947.0,3.03368,-27.71385,1.98517,2.55017,0.15754,5.78069,9.18751,12.67064,13.04313,36.51509,1.593,57.51776
DIS,3.19448,7.47504,32.77755,0.94205,8.36,21.98405,7.16301,17848.0,30.02995,46.92443,7.1,26708.0,12.66405,40.28953,21.19662,17.90709,0.75504,9.54089,12.65377,27.96821,26.10407,28.04369,1.17817,39.80164
WM,6.98061,7.98394,14.80012,0.85103,4.45,12.89393,5.09383,4312.0,28.91243,0.90703,4.31,5665.0,11.03912,-1.2314,12.90734,12.40057,0.76738,7.68621,10.73897,31.31609,31.2226,61.50166,2.32514,159.75143
WAT,6.46111,4.39132,21.43552,5.93223,7.65,24.53766,5.82106,851.014,35.1669,2960.0,8.28,1427.365,15.49472,2823.5095,24.53766,26.34349,5.13117,10.25497,13.36166,31.24372,31.24372,42.28703,1.34939,73.27128
WTS,-4.90514,7.42362,26.23322,2.06854,3.73,8.17944,6.61047,240.3,15.35561,75.9434,3.7,656.5,8.67707,75.1026,8.17944,8.10978,1.17465,7.07185,9.2966,14.88113,14.88113,28.63891,1.48856,40.13239
WBS,0.0,96.758224,29.74113,0.78014,3.81,26.94241,19.86426,608.413,45.48083,42.69663,3.83,1147.249,23.7344,41.09748,26.94241,26.32,0.77935,1.31628,6.61211,13.60484,12.89862,47.7196,4.33045,91.27626
WMK,-30.8795,50.07449,38.02881,1.75561,2.33,1.78778,9.20852,167.99,4.78704,-36.3388,2.33,965.501,1.83354,-36.25094,1.78778,1.78591,0.61403,3.63593,5.09513,6.2248,6.2248,0.0,0.0,0.0
WFC,0.0,5705.621,38.07997,0.84424,4.28,22.68139,-0.71707,46106.0,45.71378,4.39024,4.28,84696.0,-7.45975,0.94667,22.2025,20.36796,0.832,1.49787,5.39503,12.5202,11.29275,62.95035,7.2622,169.90805
WELL,0.0,120.39555,36.26464,0.28508,2.02,17.65479,0.0,0.0,0.0,60.31746,2.06,2267.482,28.35313,53.97744,17.1272,16.37618,0.28508,2.30418,2.38377,5.8291,5.30001,45.37068,120.39555,85.31139
WCC,-0.29682,6.99846,47.33982,2.24648,4.82,2.7561,8.58129,417.937,5.11138,42.60355,4.83,1567.381,3.55941,39.08173,2.78041,2.75992,1.30403,4.75001,6.45494,10.6858,10.61526,36.82342,2.97017,58.28651
WST,13.82307,6.38604,18.84346,3.15263,2.74,11.96853,9.24908,357.9,20.70342,37.68844,2.96,545.4,7.06456,37.29263,11.96853,12.65367,2.20515,8.2483,10.32402,15.46222,15.46222,12.31475,0.54792,14.04426
WAL,0.0,86.96586,24.9048,0.91801,4.14,40.47821,14.51204,653.353,60.68676,33.54839,4.16,934.0,3.86163,33.88593,40.47821,40.44431,0.917,1.8389,12.26982,17.99501,17.99501,25.05644,1.33751,33.43374
WU,0.0,217.92146,-0.70218,0.81754,1.87,15.23999,2.86197,1401.7,25.07558,217.92146,1.96,2289.1,8.16338,217.92146,15.23999,15.84157,0.17124,7.79699,25.08339,217.92146,217.92146,109.91709,2.44967,217.92146
WAB,-1.71488,3.77214,29.65514,2.70219,3.05,6.685,6.82673,652.691,14.95781,12.13235,3.78,1233.9,7.14885,12.46201,6.75927,8.31565,2.11888,4.48593,5.97961,10.39634,10.23949,57.34319,5.90919,134.42915
WLK,-0.63025,9.09905,43.51278,2.40237,7.62,11.97452,11.05003,2020.0,23.39317,-23.8,7.78,1987.0,6.32889,-23.61963,11.53445,11.65892,1.5131,7.60727,10.03482,19.0367,18.06903,30.51235,1.32079,43.91047
WHG,-14.9169,6.05174,18.09646,5.43837,3.13,22.05286,-11.65385,34.69,28.59757,31.51261,3.16,62.341,34.72381,33.82861,22.05286,21.79104,5.31851,10.4892,12.65608,16.84864,16.84864,0.0,0.0,0.0
WY,-14.89899,20.39836,12.11965,0.8262,0.99,10.00535,-2.58964,1956.0,26.16372,28.57143,0.95,1884.0,6.33695,28.52234,10.00535,9.58839,0.54719,5.2042,5.9095,8.33658,8.33658,42.35279,3.39775,73.46894
WHR,-17.07317,8.63056,36.06284,0.81608,-2.72,-0.75581,-6.59393,1969.0,9.3597,264.4577,14.87,3537.0,5.50221,264.4577,-0.8699,4.75003,0.38727,4.31158,8.45337,-5.64031,-3.81615,65.2838,3.06095,188.04993
WTM,50.94991,5.04061,896.029,3.25852,-36.67,-47.56963,30.82764,-142.1,-38.80393,30.82764,-33.99,46.8,-18.0127,30.82764,-38.55817,-31.01982,3.25852,-2.89456,-3.2285,-3.91439,-5.73121,6.61995,30.82764,7.08925
WMB,0.0,20.15313,12.08678,0.80839,-0.16,2.22197,6.67225,3821.0,43.99033,383.92166,0.81,4335.0,-14.82846,383.92166,-1.78448,9.0794,0.64274,2.85858,3.46923,-1.27672,1.1998,58.35308,5.866,140.11377
WSM,1.48193,59.15828,7.18753,1.62374,1.51,4.90415,-1.28613,651.709,12.31415,-11.43695,1.82,1931.711,5.33062,-15.01112,4.90415,5.88688,0.47653,11.13113,21.2921,21.17191,21.17191,19.92178,0.45944,24.8779
WGO,32.15539,13.95131,16.94875,1.82157,3.22,5.07515,11.04214,181.746,9.01147,38.7931,3.33,299.836,1.925,43.49783,5.07515,5.21684,0.81753,10.39807,13.17726,20.97224,20.97224,35.28828,1.60356,54.53152
WT,21.23516,11.62913,2.36924,1.88335,0.23,13.36405,34.09981,76.048,27.743,15.0,0.41,136.304,44.38399,34.6851,13.36405,21.93394,1.66875,7.8351,10.60428,13.29002,10.71368,28.56399,2.58113,39.98542
WOLF,3.69494,9.88318,20.36828,3.58484,-2.81,-18.74049,-18.65266,108.846,7.2871,18.080215,-1.01,307.4,0.4169,18.080215,-18.74351,-6.73004,2.18852,-1.066,-1.19115,-13.0523,-13.03518,12.35152,2.68269,14.09211
WWW,33.13675,7.08047,10.7521,1.83407,2.05,8.94516,38.51417,283.4,12.65631,0.0,2.08,921.3,3.04238,66600.0,8.93623,8.6388,1.06595,6.87185,9.54196,20.67576,20.57736,36.52135,2.01306,57.53328
WKC,1.25291,14.59982,27.09702,1.35386,1.89,0.32453,21.38258,358.2,0.90113,70.08133,2.12,1018.5,0.37858,70.08133,0.32126,0.35947,1.00525,3.07043,6.67609,7.21999,7.2277,27.67907,1.95701,38.27255
WOR,17.66051,6.76148,15.60489,1.91858,3.09,5.6078,-1.30613,302.324,8.44099,-1.90476,3.17,562.857,1.85378,-4.7532,5.43871,5.39214,1.07638,5.02728,7.23134,20.82908,19.03517,41.99642,2.482,72.40314
XPO,-4.74443,6.49428,30.549,1.11319,2.88,2.56959,9.60444,1463.0,8.46693,17.55102,3.53,2542.0,3.52871,24.04468,2.44227,2.51282,0.9351,3.80957,5.6499,11.89201,11.12782,51.81454,2.91798,107.53149
XYL,7.84519,5.24107,15.40345,1.50756,3.03,10.5435,12.84722,975.0,18.72479,65.57377,2.9,2026.0,6.52967,65.86103,10.5435,10.01255,0.95536,6.33788,9.09879,20.83096,20.71307,45.34381,2.36718,82.9619
YEXT,61.52789,4.70806,0.86673,1.52348,-0.74,-39.10964,-18.447655,-61.517,-36.14374,-18.447655,-0.98,126.106,-4.53603,-18.447655,-39.10964,-51.57752,1.37925,-28.7287,-105.02692,-18.447655,-179.14766,0.0,-18.447655,0.0
YUMC,25.0,143.26624,7.58048,1.55786,1.79,8.74629,11.54879,1246.0,14.80689,77.22772,1.58,1718.0,8.42097,75.68238,8.41355,7.20998,1.22666,11.28423,16.97897,25.03979,25.20116,0.8988,0.02167,0.90726
YUM,40.25,11.83767,-25.90196,0.92775,4.69,27.10971,-18.88997,2499.0,43.9346,24.40318,4.67,2664.0,19.24226,15.07463,27.10971,26.43706,0.79939,30.66413,51.54915,272.54688,272.54688,272.54688,4.03041,272.54688
ZBH,-14.63937,5.7269,55.25147,1.82852,-1.86,-4.78135,-14.72686,2463.2,31.05044,379.20276,4.54,5661.0,19.94179,379.20276,-4.78009,11.64631,0.75108,3.55526,4.23083,-3.29637,-3.2966,44.21859,3.6289,79.2712
ZTS,3.80762,5.75516,4.55624,3.59689,2.93,24.3294,11.9598,2228.0,38.06595,67.42857,2.91,3922.0,19.87015,65.27778,24.39775,24.01697,2.23794,12.38832,15.60061,72.21239,71.71997,74.70186,2.89587,295.28604
ZWS,15.57758,5.93593,11.64054,2.19661,0.5,3.67861,14.37481,366.8,17.75411,-21.875,0.83,708.8,8.38214,2.42915,3.67377,4.17366,1.3428,5.0158,6.63708,6.64827,6.65674,52.78729,3.69684,111.80739
