,IQ_ACCT_RECV_1YR_ANN_GROWTH_CS,IQ_AR_TURNS_CS,IQ_BV_SHARE_CS,IQ_CURRENT_RATIO_CS,IQ_DILUT_EPS_EXCL_CS,IQ_EARNING_CO_MARGIN_CS,IQ_EBITDA_1YR_ANN_GROWTH_CS,IQ_EBITDA_CS,IQ_EBITDA_MARGIN_CS,IQ_EPS_1YR_ANN_GROWTH_CS,IQ_EPS_NORM_CS,IQ_GP,IQ_LFCF_MARGIN_CS,IQ_NI_1YR_ANN_GROWTH_CS,IQ_NI_MARGIN_CS,IQ_NI_NORM_MARGIN_CS,IQ_QUICK_RATIO_CS,IQ_RETURN_ASSETS_CS,IQ_RETURN_CAPITAL_CS,IQ_RETURN_COMMON_EQUITY_CS,IQ_RETURN_EQUITY_CS,IQ_TOTAL_DEBT_CAPITAL_CS,IQ_TOTAL_DEBT_EBITDA_CS,IQ_TOTAL_DEBT_EQUITY_CS
MMM,-32.7579,5.94914,7.12181,1.41116,7.26,17.0292,-16.13352,5427.0,22.96657,759.10187,10.43,10158.0,6.4817,759.10187,17.65976,24.31166,0.97033,5.61649,12.93444,92.70436,91.85118,77.81576,2.51686,759.10187
AOS,-9.16107,6.71373,13.05086,1.5525,3.63,13.97554,-4.79837,795.6,20.83759,-1.62602,3.75,1456.1,10.52389,-4.13223,13.97554,14.3394,0.91117,13.88308,21.73333,28.62738,28.62738,10.79801,0.28658,12.10512
ATEN,3.20293,3.46631,3.14588,2.48669,0.67,19.15964,0.69754,52.114,19.91395,26.41509,0.69,210.277,22.21423,25.44408,19.15964,19.53439,2.20311,6.93117,12.17119,22.8062,22.8062,4.8973,0.22908,5.14949
AIR,25.0457,6.28541,33.33333,2.97623,1.29,1.99466,20.2454,215.6,9.2883,-48.80952,3.04,442.3,-2.33069,-48.66962,1.99466,4.59693,1.11309,4.73594,5.89508,4.04561,4.04561,47.55587,5.00417,90.67911
ABM,2.78553,5.48104,28.64929,1.32654,1.28,0.97375,-12.73993,463.7,5.54705,-66.22691,3.47,1115.1,3.58115,-67.60844,0.97375,2.62344,1.19453,4.45,6.85613,4.5452,4.5452,45.23802,3.17447,82.60845
ACCO,-18.99234,4.2745,6.52555,1.49194,-1.06,-6.09771,-8.16842,218.1,13.08967,44.219086,0.74,555.4,11.64026,44.219086,-6.09771,4.24583,0.86274,3.71932,5.43919,-14.58618,-14.58618,60.36231,4.232,152.2851
ACM,13.03011,3.71554,16.4781,1.12582,3.71,3.50968,13.76687,1095.336,6.80101,358.0247,4.31,1084.341,2.77946,627.0043,2.49769,3.6273,0.99468,4.9594,10.68874,23.01493,23.77945,57.16129,2.88763,133.43375
AES,15.91549,8.00913,5.12464,0.79699,2.37,6.58902,-3.43602,3260.0,26.55156,597.05884,2.43,2314.0,-57.28946,574.2972,13.67487,13.9728,0.43997,2.7466,3.38932,63.69475,10.05531,77.83818,9.31074,302.06696
AGCO,-21.04903,8.11912,50.29226,1.34292,-5.69,-4.16399,-34.36681,1327.3,11.38151,198.15619,6.77,2899.1,6.70796,198.15619,-3.64263,4.3307,0.4914,5.501,9.49219,-10.11489,-11.1636,41.1471,2.12959,75.521
ALE,9.6124,11.31509,49.20355,1.0767,3.1,7.95529,-0.25422,431.6,28.21284,-27.90698,3.11,497.0,1.74533,-27.43828,11.72049,11.7301,0.48021,1.49228,1.92208,6.33838,3.58068,34.80811,4.19439,53.39961
AME,-5.93677,6.2002,41.85239,1.24037,5.93,19.82551,7.16959,2191.72,31.57561,4.58554,6.05,2476.467,22.11933,4.79261,19.82551,20.1565,0.69535,7.62439,9.31722,14.96967,14.96967,19.40331,1.06057,24.07458
AMN,-31.42146,4.776,18.55669,1.09002,-3.85,-4.92593,-43.67442,316.463,10.60611,63.03319,1.7,919.376,10.53199,63.03319,-4.92593,2.17575,0.99969,3.33991,4.47458,-19.11455,-19.11455,60.83943,3.46896,155.35889
ASGN,-12.23196,5.8891,40.56393,2.49986,3.83,4.27348,-14.49735,404.0,9.85438,-14.88889,4.05,1183.7,7.7524,-20.10944,4.27348,4.46521,2.33179,5.61762,6.658,9.55081,9.55081,38.34328,2.7349,62.18833
T,-2.5654,8.95546,14.54481,0.66496,1.49,10.01586,2.98192,44827.0,36.64253,-24.36548,2.17,73115.0,11.03631,-23.97222,8.94912,12.76961,0.40011,3.77983,5.58667,10.5437,10.22617,54.5774,3.22252,122.16669
ATI,14.72007,5.93927,13.08748,2.43691,2.55,8.7733,14.63066,721.6,16.54249,-9.25267,2.55,913.5,1.52077,-10.46738,8.43172,7.62293,1.24617,6.89013,9.37176,22.82062,22.27785,49.22218,2.62652,96.93638
AXS,4.53956,0.55033,66.75237,7.48966,12.35,18.15793,88.0723,1062.411,17.83272,207.21393,10.64,1728.613,6.5307,187.48578,18.15793,15.03135,7.48966,2.09391,9.15084,21.10272,19.05799,19.63923,1.40075,24.43883
AZZ,-5.99662,6.72468,27.91686,1.88877,3.46,6.6082,20.68618,318.066,20.68602,48.49785,4.02,363.461,9.44997,45.111916,6.6082,6.54693,1.24303,6.75356,7.74733,13.07693,11.36575,51.11776,3.07241,104.57329
ABBV,0.0,3031.9094,1.88358,0.6602,2.39,7.60819,2.2561,26696.0,47.38879,-12.13235,8.01,39645.0,34.5595,-12.02961,7.59399,25.153,0.42515,8.48087,16.11047,62.52101,62.29199,95.28739,2.54791,3031.9094
ABT,5.48363,6.21942,27.52443,1.67098,7.64,31.94756,2.35153,10272.0,24.48629,134.35583,3.54,23306.0,12.71126,134.17789,31.94756,14.68319,1.05192,5.7024,7.48032,31.07098,30.90582,24.17849,1.48705,31.88869
ANF,0.0,1205.3087,20.49822,1.59002,6.22,7.83551,178.96246,619.902,14.4814,12340.0,6.56,2693.412,11.16532,11552.095,7.66521,7.70065,1.01284,10.52334,14.85431,37.93327,38.18984,49.96142,1.69118,99.84581
AKR,5.5708,2.17811,17.26313,0.4878,0.19,2.05296,0.0,0.0,0.0,-5.0,0.16,263.791,39.62081,8.94178,5.46094,4.36782,0.46072,1.49001,1.57463,1.16945,0.34888,38.66856,19.678988,63.81928
AAMI,14.85356,3.28205,0.53365,1.73198,2.22,17.16772,17.16868,155.6,30.77532,43.22581,2.28,239.1,15.85493,29.17933,16.81171,17.03236,1.46505,13.03629,20.18789,282.39203,127.08638,80.60566,2.32648,49.30073
ACN,11.75791,5.01285,45.24147,1.09916,11.44,11.43236,1.6245,11112.284,17.1231,6.22098,12.09,21162.316,11.80956,5.72258,11.19443,11.6967,0.98412,11.70287,19.94209,26.9159,26.67488,12.37819,0.37081,14.12683
AYI,1.38664,6.86936,77.23377,2.7206,13.44,11.00234,6.24897,644.4,16.77688,24.90706,13.68,1781.7,12.19214,22.13873,11.00234,10.99992,2.04797,9.57518,12.44266,19.23445,19.23445,19.42553,0.88998,24.10879
ADNT,1.17396,7.79204,25.14523,1.11093,0.2,0.68764,-6.87961,758.0,5.16068,-90.69767,1.74,928.0,2.4663,-91.21951,0.12255,1.06025,0.84421,2.83622,5.04118,0.82531,3.93226,51.12826,3.49736,108.51412
ATGE,23.43964,13.80467,36.33489,0.85733,3.42,8.69043,5.66984,347.807,21.94848,53.36323,4.63,886.104,8.4117,46.50807,8.63136,11.5156,0.74076,6.13493,7.45231,9.74452,9.74452,38.24346,2.43771,61.92618
ASIX,-8.89895,10.28416,28.97296,1.08405,1.62,2.90922,-5.29348,132.663,8.74188,-16.92308,1.68,152.936,-0.83918,-19.17507,2.90922,2.96997,0.46412,2.38249,3.45177,5.83254,5.83254,31.2027,2.64836,45.35455
AAP,-34.63206,13.93658,36.30244,1.31684,-9.8,-6.45408,-30.40584,304.876,3.35238,197.6096,-0.05,3840.049,11.59077,197.6096,-3.69228,-0.03279,0.51732,0.06986,0.12134,-25.03183,-25.03183,65.6535,13.60505,191.15047
WMS,4.49514,9.21812,16.2741,2.95701,6.45,17.85687,1.17429,878.985,30.579,6.08553,6.42,1145.949,15.56701,0.55789,17.73943,17.47722,1.851,14.73269,17.97268,51.57273,45.1134,52.32929,1.59941,109.7724
AER,-3.87466,5.40659,92.00314,0.48698,10.79,29.80375,1.20977,5742.206,81.54828,-21.69811,10.22,4606.249,-31.58809,-33.08128,29.80385,27.55206,0.4768,2.76962,3.14456,12.4277,12.4275,72.51971,7.89771,263.8972
AMG,11.21064,5.24586,113.01689,2.27054,15.13,36.28791,-5.42861,749.1,36.7044,-13.14581,16.22,1125.6,17.51556,-23.97087,25.06737,24.71665,2.27054,4.93768,5.84819,14.75798,15.40958,37.36088,3.70138,64.5084
AFL,-12.76503,1.35236,47.45402,8.31001,9.63,31.21702,15.19411,5163.0,29.61115,23.77892,9.68,9628.0,35.85541,16.82765,31.21702,31.22805,8.31001,2.62137,10.16969,22.64002,22.64002,22.31813,1.45226,28.73017
A,2.55616,4.97897,20.68073,2.08918,4.43,19.80031,7.94857,1847.0,28.37174,5.72792,4.77,3535.0,17.82834,3.95161,19.80031,21.24885,1.4,8.80733,10.93132,21.9535,21.9535,37.73226,1.93503,60.59681
ADC,28.28315,6.51735,49.74448,0.79665,1.78,30.7622,0.0,0.0,0.0,4.70588,1.79,542.246,17.49388,11.3192,30.6593,29.32567,0.79665,2.23539,2.27884,3.65271,3.54468,33.74321,37.0697,50.92794
AL,0.0,185.6089,67.63171,0.16322,3.33,17.19099,0.49438,2268.135,91.16463,-35.21401,3.34,1589.896,-105.59564,-30.41186,17.19099,14.9853,0.16322,2.2405,2.59861,5.82205,5.82201,72.84817,8.9104,268.29932
APD,3.63617,6.24483,76.61261,1.52239,17.24,32.03395,6.83536,4340.4,35.8693,67.37864,12.04,3931.9,-28.63267,66.42901,31.63645,22.13857,1.23287,5.04578,5.98232,24.51147,22.57995,44.55519,3.45731,80.35954
ALG,-15.59252,4.87894,85.32378,4.5058,9.63,7.11876,-9.95853,221.448,13.59817,-15.22887,10.19,412.488,12.1194,-14.85815,7.11876,7.48867,2.64268,7.35943,8.61936,11.88406,11.88406,18.99409,1.07817,23.44778
ALK,0.0,209.91866,35.51036,0.61188,3.08,3.366,16.30435,1498.0,12.76523,68.30601,5.12,2861.0,8.66638,68.08511,3.366,5.50334,0.49829,3.32669,6.11762,9.31055,9.31055,59.3869,4.26769,146.22598
AIN,0.0,34.367443,30.36521,3.22792,2.8,7.15537,-7.74471,237.288,19.28207,-21.12676,3.36,403.481,13.84861,-21.14561,7.12026,8.52713,2.33484,5.31022,6.56392,9.19972,9.19026,28.97885,1.63177,40.80312
ALB,-38.82085,5.50029,65.72314,1.95389,-11.2,-21.11523,1.1508133,-43.568,-0.81019,1.1508133,-2.07,84.239,-23.32,1.1508133,-21.93293,-4.52361,1.14815,-2.26563,-2.84019,-13.76366,-11.43206,26.34537,1.1508133,35.76879
AA,67.07317,13.57877,19.96044,1.44742,0.26,0.20177,210.63396,1519.0,12.77007,176.13594,1.74,1913.0,4.89807,176.13594,0.50441,3.10729,0.71281,3.88479,6.90117,1.27551,0.43628,35.84225,1.89664,55.86581
ALEX,-17.84444,59.36831,13.81644,1.02861,0.88,26.30394,0.0,0.0,0.0,57.14286,0.91,112.202,34.99184,103.1443,24.87948,27.15403,1.02861,3.15915,3.55587,6.37943,6.37943,32.12439,23.649244,47.32832
ALX,-10.75285,1.82704,34.6307,0.94349,8.46,19.19125,-3.17111,81.833,36.14947,-57.63646,8.46,123.134,22.66355,-57.5796,19.19125,19.1792,0.94349,3.72649,4.03293,20.96131,20.96131,85.08449,12.32852,17.154846
ARE,12.74503,2.7268,103.88345,1.02219,1.8,16.63446,0.0,0.0,0.0,233.33333,1.8,2214.188,31.42002,211.60953,10.51838,10.08777,1.0042,0.95435,1.02067,1.77639,2.26884,36.27743,128.35008,56.98106
BABA,-9.14804,29.20079,56.14417,1.78613,4.33,7.57909,12.61916,24537.32,18.82427,8.25,5.31,49144.105,7.16674,4.62817,8.47256,10.27684,1.5184,4.7111,6.28497,7.86879,6.22201,15.59794,1.16056,18.66044
ALLE,1.47771,9.07106,17.39841,2.0409,6.82,15.83956,7.35225,908.2,24.07614,11.43791,7.05,1668.5,12.34326,10.56625,15.83956,16.29712,1.36677,11.25232,13.87565,42.39092,42.39092,58.9007,2.36809,143.31313
ALSN,1.1236,9.00838,19.24758,3.03953,8.31,22.66667,5.03262,1127.0,34.94574,12.2973,8.58,1542.0,16.18992,8.61813,22.66667,23.14605,2.25494,12.13686,16.07029,50.69348,50.69348,59.44485,2.14729,146.57784
ALL,2.52273,3.16253,73.37057,6.49221,16.99,7.17406,596.91675,6781.0,10.57779,1034.9866,17.4,15091.0,6.34516,1034.9866,7.28013,7.17378,6.49221,3.59628,13.92416,26.50951,23.58643,28.02574,1.22696,38.93855
ALLY,-2.55969,0.12182,37.9157,0.91308,1.8,4.08699,-11.90078,3161.0,19.31089,-39.79933,2.23,6751.0,-5.72576,-34.5098,4.08089,4.18117,0.91077,0.66005,3.77504,5.81209,4.83574,58.04008,6.08383,138.32266
MO,149.29578,164.87097,-1.32375,0.51395,6.54,55.09685,2.36995,12181.0,59.58227,43.10722,5.05,14338.0,22.03947,38.54859,55.09685,42.43739,0.38777,20.16184,32.69222,1301.2922,1301.2922,109.62266,2.0463,1301.2922
AMBC,-81.25268,0.1651,18.42733,0.12524,-0.13,-25.82057,-10.956885,-3.9,-1.70678,-10.956885,0.33,103.586,-10.956885,-10.956885,-243.32603,6.78341,0.12524,-0.18121,-0.47443,-5.31771,-4.49011,12.5731,-10.956885,16.30332
AMCR,-1.54667,7.33136,2.68767,1.16522,0.51,5.42522,-0.9245,1929.0,14.14223,-28.16901,0.58,2712.0,1.19868,-30.34351,5.35191,6.11892,0.57123,5.01834,7.42694,18.46465,18.40109,64.87471,3.78486,184.69518
AEE,7.13407,9.05344,44.88329,0.66335,4.42,15.5713,7.47029,3165.0,41.51909,0.91324,4.55,3653.0,-30.61787,2.60417,15.50571,15.9247,0.28977,2.30457,3.33568,10.07544,10.00801,60.55353,5.93807,153.50813
AAT,-1.93114,4.86852,19.23355,1.33942,0.94,15.59674,0.0,0.0,0.0,11.90476,0.81,293.182,36.82848,12.60486,12.33385,10.46717,1.33942,2.76105,2.86926,4.8518,6.39325,64.36919,29.626877,180.65598
AXL,-13.36591,8.01898,4.78571,1.62934,0.29,0.57144,13.15877,682.8,11.14794,74.61184,0.49,741.4,5.71091,74.61184,0.57144,0.94002,1.08279,3.25695,4.86401,5.99469,5.99469,83.37371,4.13328,74.61184
AEO,0.0,65.78117,8.8189,1.60839,0.86,3.23157,26.41911,614.943,11.687,34.375,1.53,2035.528,8.96004,35.88256,3.23157,5.68893,0.78776,6.72319,7.96755,10.19436,10.19436,40.57057,1.92803,68.26681
AXP,7.54969,0.38018,43.11111,1.45042,14.01,13.65076,26.79659,18738.0,25.25303,24.9777,13.5,39383.0,7.33481,20.95773,13.65076,12.954,1.44599,4.00465,12.27228,34.73534,34.73534,64.70547,2.96099,183.33003
AFG,13.77636,1.17502,53.1806,8.93703,10.57,10.71515,8.90653,1235.0,14.91906,5.17413,10.62,1543.0,-2.60027,4.10798,10.71515,10.76369,8.93703,2.37946,11.91755,20.33471,20.33471,27.65268,1.38219,38.22212
AMH,0.0,73.871635,19.37088,0.9047,1.08,27.08063,13.50768,420.101,24.3016,6.93069,1.12,961.301,35.43243,8.4852,23.85762,23.80686,0.9047,1.92132,2.00282,5.83869,6.03995,39.04309,11.96634,64.0503
AIG,0.0,813.59235,70.14826,9.12368,4.07,9.99852,-14.81682,7882.0,29.18827,-18.27309,4.48,9035.0,813.59235,813.59235,-5.19923,10.80761,9.12368,0.76449,4.1346,6.17941,5.7538,18.70462,1.24207,23.00823
AWR,27.39582,7.73338,24.11604,0.81725,3.17,20.02959,-4.56529,228.13,38.31162,-5.65476,3.17,354.268,-13.13892,-4.52526,20.02959,19.94443,0.56183,4.85857,6.49172,14.0633,14.0633,50.48927,4.11272,101.97641
AMT,-26.54849,11.76077,7.23645,0.44926,6.91,32.17573,-1.49065,6549.0,64.66743,117.2956,6.93,7552.8,27.89036,52.02589,22.26677,31.95737,0.40887,4.44534,5.06191,85.30684,31.76839,81.99963,6.71157,637.87085
AVD,-7.04769,3.17695,8.07196,1.6307,-4.5,-22.57244,-39.98454,27.951,4.99385,5.1442,-1.13,120.317,12.36678,5.1442,-22.57244,-5.66485,0.82628,0.50106,0.75414,-41.89548,-41.89548,41.8558,6.00361,71.98619
AWK,0.0,250.21463,53.00609,0.38571,5.39,22.43809,13.49638,2506.0,53.50128,10.0,5.39,2826.0,-26.17955,11.33475,22.43809,22.43916,0.27175,3.57917,4.59978,10.44265,10.44265,57.73369,5.63168,136.59505
COLD,-9.183,6.56306,11.5413,0.54177,-0.33,-3.55159,0.0,0.0,0.0,48.78222,0.07,843.025,16.82954,48.78222,-3.53525,0.74724,0.4888,1.29261,1.42912,-2.73493,-2.72989,52.6719,48.78222,111.29097
AMP,-1.71368,1.0159,54.36376,0.79888,33.05,18.97244,23.78002,4794.0,26.74328,39.39266,33.67,10361.0,9.17592,33.05947,18.97244,18.9706,0.79888,1.61108,26.32664,68.31375,68.31375,52.52883,1.20672,110.65417
ABCB,0.0,92.705505,54.31557,1.01632,5.19,21.47715,21.76874,685.765,41.06188,33.41902,5.29,1082.451,46.91745,33.28812,21.47715,21.79538,0.99196,1.57793,9.72081,9.99364,9.99364,11.29103,0.6963,12.72817
APH,25.56905,5.15473,8.09725,2.37181,1.92,16.03921,27.21114,3792.8,24.91542,23.47267,2.06,5157.9,10.52023,25.72614,15.92359,16.29033,1.62185,10.69196,13.43995,26.72768,26.70955,42.48408,1.91948,73.93017
AMPY,1.57817,7.47836,10.27546,1.05341,0.31,4.39323,3.93547,78.147,26.51919,-96.78089,0.39,133.3031,-11.57981,-96.70376,4.39323,5.2482,0.58283,3.12536,4.40162,3.23671,3.23671,24.46844,1.6951,32.39499
AU,88.0,160.91667,13.16513,2.17639,2.33,18.10806,128.96486,2411.0,41.6192,231.27997,2.42,2070.0,8.1564,231.27997,17.33126,17.96857,1.39028,9.56896,12.13224,19.41973,17.12234,20.18564,0.89299,25.29073
NLY,-18.77251,1.76531,19.14505,0.06826,1.62,23.33791,0.0,0.0,0.0,67.67576,1.62,1198.384,-27.27728,67.67576,23.11042,19.49613,0.06826,2.61358,2.6896,9.63747,8.41666,87.59223,67.67576,67.67576
AM,29.98533,10.85621,4.41192,1.17346,0.83,36.24069,5.88657,802.131,72.51275,7.79221,0.86,958.889,31.65595,7.8287,36.24069,37.38108,1.15306,7.19542,7.80807,18.79078,18.79078,59.57342,3.88585,147.36198
AR,10.05854,9.28788,22.56568,0.35102,0.18,2.16611,-34.46557,819.05,18.93496,-76.92308,0.19,2745.693,0.0,-76.44235,1.32296,1.35942,0.33752,0.02718,0.03151,0.81734,1.29859,35.85301,4.92456,55.89195
HOUS,-3.80952,55.26214,14.08387,0.41829,-1.15,-2.2312,42.3913,262.0,4.60295,118.2449,-0.84,1974.0,1.35936,118.2449,-2.24877,-1.63956,0.29518,0.69717,0.84746,-7.88663,-7.81298,66.12729,11.69847,195.22293
AON,16.87154,4.44892,28.33796,1.019,12.49,17.32705,22.15597,5122.0,32.62836,-0.15987,14.72,7367.0,21.90725,3.51014,16.90661,19.82296,0.22396,6.68685,15.57059,100.24552,95.63994,73.56303,3.49317,283.77478
AIV,7.55637,3.3362,0.90176,0.98556,-0.75,-44.46524,0.0,0.0,0.0,3.1366127,-0.75,117.695,57.65485,3.1366127,-47.46108,-48.11139,0.98556,0.17667,0.20936,-43.3627,-21.24112,79.37245,3.1366127,3.1366127
ARI,-13.96598,0.10438,13.5656,6.99822,-0.97,-14.73136,-18.13844,497.214,61.22435,38.417633,-0.97,66.204,149.12413,38.417633,-14.73136,-16.68277,6.99822,3.50975,3.56615,-5.86009,-5.85989,77.31939,12.85202,38.417633
APO,20.21565,0.2926,28.02529,7.54475,7.33,24.40453,33.01779,8150.0,31.20931,-11.47343,7.55,11047.0,-29.61295,-9.31246,17.527,16.94425,7.54475,1.38219,11.31265,32.11817,22.66963,34.48101,2.00049,52.6547
APLE,0.0,39.099148,13.62103,0.194,0.89,14.95416,0.0,0.0,0.0,15.58442,0.89,636.153,25.5681,20.60691,14.95416,14.99996,0.194,3.44465,3.52599,6.49679,6.49679,32.79929,39.099148,48.80796
AIT,1.5448,6.12011,43.96837,3.53203,9.83,8.6119,4.17219,548.177,12.23772,11.1991,9.9,1336.653,6.46399,11.25429,8.6119,8.54696,2.39103,10.8824,13.44967,24.51448,24.51448,30.32288,1.3407,43.51914
ATR,-3.62532,5.24396,37.19866,1.38389,5.53,10.44347,10.79035,773.423,21.58657,30.11765,5.77,1355.509,9.30598,31.65487,10.4536,10.68264,0.83996,7.17061,8.97374,15.6754,15.56733,30.5415,1.4133,43.97085
APTV,-7.63677,5.69164,37.42405,1.52524,6.96,9.18176,11.03498,3079.0,15.61914,-33.01251,5.89,3733.0,7.83366,-39.17631,9.06508,7.66032,1.01267,5.52104,7.22257,17.56783,17.29657,49.45196,2.88665,98.83243
ARMK,-11.28613,7.80191,11.51388,0.80835,0.99,1.50507,-16.22739,1081.61,6.2159,-61.4786,1.19,2667.394,3.65806,-61.05639,1.50869,1.79891,0.68239,2.95437,4.1644,7.77648,7.73983,64.62983,5.14662,183.17471
ADM,-11.96704,16.29764,46.37657,1.39021,3.65,2.07997,-38.14872,3194.0,3.73436,-43.23484,3.94,5778.0,0.90831,-48.32041,2.10453,2.26643,0.69791,2.37832,3.77223,7.77538,7.587,33.96626,3.6124,52.02453
AROC,5.47162,9.41112,7.55578,1.23604,1.05,14.8784,31.857,559.969,48.37365,56.71642,1.13,699.09,4.76966,64.03265,14.8784,15.81749,0.72585,7.07497,7.62873,15.69623,15.69623,62.59567,3.95542,167.34871
ARCO,-19.73113,33.57074,2.41181,0.61155,0.71,3.34169,4.87719,483.917,10.82549,-17.44186,0.71,586.422,-1.44679,-17.93694,3.32782,3.34595,0.39234,6.48191,8.63549,29.07263,29.11111,77.15274,3.55492,53.56155
ASC,8.2459,6.93026,15.0202,4.24234,3.06,32.77754,1.67911,162.167,39.96387,12.91513,3.15,186.571,14.36195,13.8672,32.77754,32.33651,3.61579,11.48907,11.89525,23.23162,21.98686,6.50869,0.27279,6.96181
ACRE,-24.18983,0.05277,9.90305,104.82827,-0.64,-37.61111,0.0,0.0,0.0,22.368198,-0.64,87.802,22.368198,22.368198,-37.61111,-37.45251,104.82827,2.27181,2.31526,-6.00233,-6.00233,68.45946,22.368198,217.0523
AGX,27.50634,6.72827,21.96927,1.81029,2.39,5.64384,-14.3685,38.863,6.77843,2.57511,2.57,79.234,18.13226,-2.23579,5.64384,5.99094,1.68041,4.18974,7.83119,11.31723,11.31723,1.79506,0.13684,1.82788
ARGO,0.0,0.0,0.0,0.0,0.0,0.0,0.0,0.0,0.0,0.0,0.0,0.0,0.0,0.0,0.0,0.0,0.0,0.0,0.0,0.0,0.0,0.0,0.0,0.0
ANET,11.31295,6.46928,7.924,4.35939,2.23,40.72533,28.52352,3005.376,42.91466,35.56231,2.27,4491.303,40.29987,36.63706,40.72533,40.72181,3.45651,15.34247,21.22824,33.13671,33.13671,0.59319,0.01985,0.59673
AHH,1.46725,2.64351,6.26821,1.12702,0.34,5.99592,0.0,0.0,0.0,36.64922,0.34,198.164,11.89519,330.13153,5.02953,3.38995,1.127,2.10134,2.30127,7.91155,5.01449,61.4735,36.64922,159.56158
AWI,30.54436,12.64276,17.37983,1.39728,6.02,18.3233,15.82492,378.4,26.17417,20.64128,6.14,581.9,14.63132,18.36461,18.3233,18.55973,0.87145,9.78635,13.28596,39.27645,39.27645,44.20781,1.58536,79.23656
ARW,6.47911,2.21008,110.42611,1.45625,7.29,1.40924,-32.19572,1135.041,4.06485,-53.97727,10.0,3353.408,4.16894,-56.60522,1.40411,1.90815,1.04619,2.79427,6.33112,6.77941,6.72154,36.76981,2.98771,58.15231
AJG,2.88649,3.00811,80.61432,1.50759,6.5,12.72534,20.10723,3517.1,30.43817,47.05882,8.14,4773.1,26.36338,50.87158,12.6587,15.53355,0.64534,2.90647,6.35745,9.4585,9.48801,40.22028,3.86028,67.28082
APAM,0.0,18.73818,5.54872,2.55981,3.66,31.44904,20.81901,378.091,34.00704,14.73354,3.68,518.07,26.53088,16.85149,23.36279,21.48152,2.47517,15.21802,23.39993,72.8751,51.65948,28.6217,0.79533,71.25725
AORT,10.67748,5.13741,6.58481,4.34102,-0.32,-3.43828,36.42171,54.671,14.07099,25.817272,-0.28,248.781,5.35808,25.817272,-3.43828,-3.00339,2.08545,2.408,2.97617,-4.78834,-4.78834,56.73952,6.62615,131.15787
ABG,6.42766,35.32751,178.82455,1.10638,21.5,2.5034,-6.3089,1073.7,6.24658,-25.19137,27.73,2948.7,1.60899,-28.58091,2.5034,3.21042,0.24639,6.0907,7.1308,12.75681,12.75681,60.12865,4.91888,150.80666
AHT,660.50073,5.03977,-74.38247,0.28389,-17.54,-5.5233,0.0,0.0,0.0,44.822834,-45.18,242.424,-43.4946,44.822834,-5.12306,-18.06385,0.27733,0.04146,0.04514,44.822834,44.822834,107.50598,44.822834,44.822834
ASH,-28.10651,7.27367,60.88009,2.43878,3.95,9.41789,0.0,407.0,19.26171,26.19808,7.67,685.0,23.00047,-5.05618,7.99811,17.78656,1.26531,2.03945,2.65718,6.67226,6.67226,33.85609,3.60688,51.1855
ASPN,55.87399,5.05529,7.49275,3.71847,0.17,2.9545,20.890194,84.674,18.70426,20.890194,0.55,187.0,-16.73237,20.890194,2.9545,9.42,3.0004,4.86081,5.39886,2.42573,2.42573,24.30571,2.33111,32.11036
ASB,0.0,69.99678,26.54653,0.84067,0.72,5.48847,-14.49003,522.253,23.27639,-36.28319,1.23,952.855,18.66522,-32.69147,5.48847,8.32898,0.82178,0.69104,3.92065,2.93506,2.80527,40.9768,6.12233,69.4249
AC,-25.66297,0.55746,42.14058,24.14652,2.08,-10.6308365,-10.6308365,-18.392,-139.59772,20.93023,2.08,-5.118,-143.16888,18.36266,-10.6308365,-10.6308365,10.48062,-1.24748,-1.28394,4.92621,4.90544,0.93037,-10.6308365,0.94499
AIZ,7.90533,1.24673,100.45836,1.87878,14.46,6.40034,-0.79748,1355.9,11.4157,21.00418,14.68,1314.4,7.80394,18.31907,6.40034,6.45562,1.87878,1.89842,9.1932,15.33249,15.33249,29.58413,1.58234,42.01343
AGO,10.2883,0.48333,108.80111,298.84616,6.87,43.604,19.0372,544.0,60.51168,-44.14634,7.01,836.0,15.14182,-49.12043,41.82425,41.56096,298.84616,2.78232,4.56621,6.70949,6.92702,24.3048,3.27757,32.10877
ATKR,-12.4904,6.10043,44.17511,2.98393,12.69,14.76778,-26.15698,745.802,23.29137,-26.51998,12.84,1077.839,9.67751,-31.45779,14.76778,14.59213,1.64683,13.11159,16.12377,31.44076,31.44076,38.18403,1.27541,61.77051
AUB,0.0,65.195885,35.00842,0.90943,2.24,15.53246,23.79897,451.35,33.5224,-11.46245,2.73,767.328,80.88363,3.62356,15.53246,17.46786,0.90895,1.13668,6.73973,7.3394,7.33895,16.4765,1.37363,19.72679
ATO,9.35733,14.15705,78.30573,0.939,6.83,25.03837,21.17054,2025.334,48.62528,11.96721,6.83,2412.357,-33.33457,17.72658,25.03837,25.00799,0.57143,3.55094,4.42583,9.05773,9.05773,40.07128,4.01376,66.8649
AN,2.46839,26.74668,62.95281,0.74427,16.92,2.58618,-16.825,1576.0,5.8882,-25.52817,18.34,4785.4,1.40592,-32.21036,2.58618,2.77511,0.18824,6.68139,7.80768,29.65279,29.65279,77.8444,5.4783,286.41547
ALV,-9.32666,4.95824,29.29215,0.95845,8.04,6.23677,8.62745,1385.0,13.33013,40.55944,8.33,1927.0,4.33349,32.37705,6.21752,6.42989,0.6497,7.73116,13.92455,26.73288,26.69413,47.50747,1.49314,90.50328
AZO,4.84065,34.69224,-280.61053,0.83849,149.55,14.39907,9.23818,4338.463,23.46349,12.98731,153.82,9817.052,7.18872,5.29978,14.39907,14.39931,0.10123,14.28088,32.25682,691.8899,691.8899,160.11227,2.91598,691.8899
AVB,0.0,105.08162,83.94205,0.2179,7.6,36.50522,0.0,0.0,0.0,15.85366,7.73,1890.982,44.61386,16.49062,36.49912,37.02784,0.2179,2.9018,3.01519,9.12139,9.12232,40.86116,105.08162,69.09361
AVNS,-0.6216,5.36087,19.6039,2.37131,-8.4,-56.16458,6.44841,107.3,15.60047,18.20562,-0.53,381.3,17.14706,18.20562,-57.00785,-3.54464,1.44967,2.71376,3.16067,-37.41767,-37.41767,17.04216,1.58621,20.54315
AVY,3.6257,6.07803,28.97619,1.07549,8.73,8.05076,13.17313,1427.0,16.29795,40.80645,9.24,2530.7,8.84938,40.13917,8.05076,8.48471,0.64228,8.39202,12.38222,31.75082,31.75082,59.36347,2.36713,146.08398
AVNT,-0.10003,8.10708,25.3151,1.88084,1.84,5.26787,5.74163,530.4,16.36835,121.68675,2.03,1056.0,5.04297,123.91017,5.23084,5.71963,1.24851,3.72148,4.89471,7.31707,7.31425,47.98026,4.05109,92.23472
AVA,-5.41837,9.19041,32.37172,0.85084,2.29,9.28793,10.87767,580.0,29.92776,2.23214,2.29,1140.0,-7.4291,5.15247,9.28793,9.30239,0.3048,2.44511,3.40219,7.09175,7.09175,54.6711,5.38793,120.6098
AXTA,-2.89199,4.94633,8.76662,2.01108,1.78,7.41092,25.04675,1003.0,19.01061,47.10744,2.1,1798.0,8.62585,46.22289,7.41092,8.72877,1.38848,6.79184,9.08091,21.48765,20.97189,64.28702,3.51047,180.01022
AX,0.0,97.51015,40.26006,1.10512,7.66,25.19825,20.13443,791.615,44.32658,51.08481,6.69,1059.192,-1.21932,46.50367,25.19825,21.54329,1.10417,2.21198,18.34013,21.38946,21.38946,17.37257,0.60838,21.02518
BGS,20.4489,12.25885,6.63096,3.29911,-3.18,-13.00166,-7.39114,290.99,15.05806,36.85926,0.68,427.929,7.17341,36.85926,-13.00166,2.78031,0.97909,4.30471,5.00428,-36.94134,-36.94134,79.82785,7.13713,36.85926
BJ,-2.07595,84.16463,10.98797,0.72689,3.88,2.62237,9.60975,1044.297,5.22967,2.91777,4.03,3642.56,1.03543,2.05855,2.62281,2.6851,0.10973,7.8138,11.81808,41.79706,41.79706,67.21923,2.86458,205.05693
BWXT,5.91731,20.94719,11.81704,1.96119,3.07,10.44135,5.82689,441.532,16.33094,14.55224,3.22,655.207,4.10559,14.68056,10.42815,10.90617,0.55435,7.79479,10.13462,27.99768,28.03767,49.91082,2.43823,99.64393
BXP,0.0,101.08799,34.22353,1.09498,0.09,2.68997,0.0,0.0,0.0,-92.56198,0.09,2056.596,25.5116,-92.49691,0.45602,0.45283,1.09498,1.74795,1.82924,0.25283,1.04322,68.12232,101.08799,213.69911
BW,-21.76078,5.58903,-2.98346,1.26176,-0.96,-10.17129,11.27524,51.151,7.13072,22.600727,-0.81,177.025,-2.52477,22.600727,-8.35247,-10.35653,0.59266,2.86504,8.77283,22.600727,22.600727,211.15334,10.51651,22.600727
BMI,0.97956,9.84983,20.61242,4.56932,4.23,15.11594,28.85525,181.539,21.96325,34.71338,4.26,329.184,14.0462,34.92948,15.11594,15.1298,3.21162,12.87523,17.58418,22.25714,22.25714,0.0,0.0,0.0
BALL,-10.79137,6.40684,20.25724,0.99876,1.37,3.64561,-11.17424,1876.0,15.90505,-38.56502,2.69,2441.0,3.47923,466.9024,33.9805,6.96638,0.63256,4.28163,6.37549,8.8049,8.80516,50.36411,3.20736,101.46712
BANC,0.0,82.65477,17.77826,0.96058,0.52,6.71418,82.65477,551.005,29.15602,82.65477,0.45,960.394,-54.64269,82.65477,6.71418,4.01082,0.9578,0.80343,4.33512,4.3059,3.68287,41.25672,4.46111,70.23222
BAC,0.0,6309.681,35.79095,0.70299,3.21,14.09938,-3.37622,48595.0,25.25281,4.22078,3.25,96066.0,15.85881,2.32699,14.09938,13.26708,0.6989,0.9005,3.08102,10.13052,9.24107,69.3124,13.73728,225.86455
BOH,0.0,47.6674,33.26729,0.69156,3.46,14.47427,-6.92773,312.425,30.14871,-16.42512,3.48,627.959,-30.47328,-12.38771,14.47427,13.2483,0.69027,0.77209,7.88582,11.73196,9.7335,30.93652,2.39119,44.79432
NTB,0.0,59.82818,23.78462,0.64278,4.71,26.50577,0.6889,371.828,45.56107,2.83843,4.82,579.933,160.07819,-4.06932,26.50577,26.62576,0.64278,1.68367,19.5058,21.37078,21.37078,18.1847,0.6102,22.22652
BK,0.0,1298.8604,51.52018,0.71087,5.8,11.38197,11.65606,10882.0,27.26362,49.8708,5.89,18549.0,17.41338,37.85758,11.3494,10.95817,0.70185,1.37391,6.40676,12.32552,10.97701,52.8245,4.29746,112.20817
BKU,0.0,89.32146,37.65075,0.79779,3.08,11.48399,8.78757,597.185,29.50124,29.41177,3.1,958.349,104.1226,30.10897,11.48399,11.27061,0.79771,0.94551,4.47812,8.62228,8.62228,56.81765,6.20071,131.57607
BBWI,-0.88496,33.01778,-7.23111,1.64081,3.84,11.81855,-0.89286,1554.0,20.91802,12.94118,3.27,3236.0,6.87172,9.75,11.81855,10.03581,1.01474,14.65958,20.60616,242.28458,242.28458,141.19585,3.58623,242.28458
BAX,0.0,299.8354,13.63013,1.3597,-0.64,-3.06506,-38.37366,1834.0,17.24333,299.8354,0.96,4210.0,1.99323,299.8354,-6.10192,4.60323,0.53694,1.93542,2.416,-4.24313,-4.20862,65.6914,7.33315,191.4721
BZH,43.47778,41.97759,39.68407,9.12085,4.53,6.01559,-16.65761,157.893,6.77595,-12.2093,4.38,426.29,-11.05952,-11.62341,6.01559,5.74201,1.19622,3.57382,4.08454,12.00678,12.00678,45.8945,6.61921,84.8241
BDX,19.69219,7.27322,89.55348,1.16883,5.86,8.42183,4.37391,5393.0,26.63868,14.90196,8.09,9163.0,18.53297,14.89218,8.42183,11.57907,0.59558,3.68983,4.56243,6.59753,6.59753,44.69012,3.87892,80.79954
BDC,-0.98959,5.97675,32.19855,1.92102,4.8,8.0624,-6.06505,409.779,16.65106,-15.19435,5.41,923.54,7.92674,-18.25926,8.06317,8.94581,1.25262,5.59592,7.31394,16.12626,16.12442,49.32175,3.07502,97.32332
BHE,-7.10253,4.4106,30.93224,2.31741,1.72,2.38421,-0.08774,162.834,6.13056,-3.91062,1.93,270.024,7.24291,-1.53619,2.38421,2.61368,1.40158,3.31908,4.81061,5.77696,5.77696,25.6142,2.35431,34.43425
BRKa,-0.45,6.03584,301.0047,6.08405,41.27,21.11133,-5.32512,127226.0,29.98972,-6.7766,41.5,113735.0,18.32956,-7.51172,20.97791,21.09649,5.71739,6.42863,9.61584,14.70213,14.65301,16.71215,1.02776,20.06553
BHLB,0.0,26.701963,25.14699,0.97884,1.43,9.44157,-9.1938,167.838,25.97665,-10.625,1.31,376.001,-73.97845,-12.34949,9.44157,8.61856,0.9779,0.79062,6.02287,5.59752,5.59752,29.77457,2.9491,42.39856
BERY,0.0,0.0,0.0,0.0,0.0,0.0,0.0,0.0,0.0,0.0,0.0,0.0,0.0,0.0,0.0,0.0,0.0,0.0,0.0,0.0,0.0,0.0,0.0,0.0
BBY,-17.70377,41.78077,14.17363,0.99848,5.68,2.85603,-7.34266,2650.0,6.09868,-9.69793,6.13,9603.0,2.18603,-12.54405,2.85603,3.07121,0.37476,7.01576,15.63405,42.44186,42.44186,56.6027,1.50264,130.4291
BIO,-7.46743,5.45184,234.52573,6.47777,-65.36,-71.85661,-2.00226,491.1,19.13501,81.599434,-63.39,1378.9,9.50586,81.599434,-71.85661,-69.68578,4.55643,1.95897,2.34584,-24.09076,-24.09076,17.30488,2.79923,20.92613
BKH,0.25692,6.06614,48.88998,0.97236,3.91,13.33365,5.9904,773.2,36.33971,0.0,3.91,840.4,-9.71002,4.15713,12.83546,12.8269,0.4907,3.20152,4.01166,8.13185,8.23393,55.0118,5.66994,122.28049
BLK,9.90807,4.96521,306.5222,3.70641,42.01,31.91062,20.99586,8189.0,40.12839,15.06437,42.15,10086.0,29.45803,15.75791,31.20988,30.99069,3.35751,3.6656,8.35619,14.66802,14.37607,22.54759,1.75455,30.14434
BXMT,-21.12667,0.08522,21.91831,98.78653,-1.17,-11.33516,-32.19661,1096.787,61.59676,76.454575,-1.17,-46.69,272.93323,76.454575,-11.46181,-11.41902,98.7813,3.11037,3.15685,-5.00521,-4.93377,80.56167,14.33726,76.454575
XYZ,2.87875,9.2183,34.32105,2.32604,4.56,11.8838,303.76086,1790.098,7.42131,22700.0,2.17,8957.4,9.47177,29546.408,12.01045,5.55065,1.50685,2.49474,3.27806,14.49858,14.3584,27.16172,4.42356,37.29045
BXC,-1.12648,12.99968,77.9314,4.85183,6.19,1.799,-27.60895,123.607,4.18648,14.8423,6.16,489.139,0.44232,9.4363,1.799,1.77986,3.12958,3.41534,4.19736,8.29466,8.29466,49.60063,5.14693,98.41517
BA,1.40399,6.02294,-5.22413,1.31851,-18.36,-17.66577,-609.4261,-8600.0,-12.84349,-609.4261,-17.55,-1735.0,-17.01874,-609.4261,-17.64785,-16.95504,0.38642,-4.33404,-14.29664,-609.4261,-609.4261,107.52056,-609.4261,-609.4261
BCC,-8.77377,19.92519,56.34115,3.344,9.57,5.59693,-16.66287,633.443,9.42022,-21.0396,9.63,1330.687,-0.30682,-22.1856,5.59693,5.59759,1.87588,8.95811,11.29207,17.31582,17.31582,19.71636,0.83404,24.55838
BOOT,-24.19932,144.27357,31.09817,2.33258,4.8,8.81795,-6.69812,249.799,14.98486,-14.59075,4.92,614.424,3.41384,-13.81213,8.81795,8.90347,0.30715,7.76511,9.49937,17.09163,17.09163,33.09395,1.86853,49.4633
BAH,15.35426,5.56937,8.07265,1.61856,4.59,5.69083,17.92077,1195.114,11.22853,126.10837,4.76,2459.0,2.01783,122.85727,5.69083,5.83026,1.56528,9.82618,14.74883,59.42477,59.42477,77.65523,3.04334,183.3527
BWA,-10.21782,5.87897,25.2984,1.78854,1.63,3.03848,5.88877,1942.0,13.78674,-39.62963,4.53,2648.0,4.28972,-45.92,2.39955,7.18767,1.3582,5.57636,7.91384,6.46127,7.27149,43.21823,2.23635,76.11286
SAM,-8.31978,31.34911,80.85668,1.80155,5.06,2.96558,14.60432,245.785,12.21034,-18.51852,9.45,893.732,7.0554,-21.71148,2.96558,5.52749,1.2085,7.07987,9.11833,5.98711,5.98711,4.06087,0.15778,4.23276
BSX,14.81149,6.99833,14.76377,1.08142,1.25,11.02287,20.36541,4941.0,29.50379,16.82243,1.68,11457.0,13.00382,16.32141,11.06467,14.76157,0.48179,6.16019,7.36615,9.02758,8.88932,33.78773,2.27241,51.02941
BOX,6.41627,3.80124,-2.98617,1.23981,0.67,12.43393,12.2299,105.385,10.15523,1016.6667,0.17,778.041,31.80456,381.76828,12.43393,2.3623,1.1228,2.6439,5.95937,117.90214,117.90214,88.95994,4.66669,117.90214
BYD,-4.0771,29.09509,18.35043,0.90175,6.19,14.70543,-3.36833,1220.401,31.05193,1.14379,6.28,2431.139,10.03806,-6.78539,14.70543,14.91051,0.77798,9.31471,10.7416,34.7576,34.7576,71.31151,3.22123,248.57184
BRC,0.57803,7.25262,22.41773,2.26579,4.07,14.70225,7.67258,273.287,20.37337,15.95442,4.1,687.884,10.3775,12.78645,14.70225,14.70769,1.64576,10.47455,13.4163,19.16964,19.16964,10.83818,0.47444,12.15563
BDN,-0.84053,1.60616,6.05812,1.29747,-1.14,-61.83134,0.0,0.0,0.0,9.687474,-1.15,126.668,11.35848,9.687474,-61.64882,-62.43523,1.29747,-2.33843,-2.49647,-16.63034,-16.58997,68.16203,9.687474,214.09035
BFH,-2.05822,0.28509,62.13849,1.21464,5.54,5.81492,-34.87395,930.0,19.38308,-62.4152,7.72,2441.0,5.46061,-61.42061,5.77324,7.98066,1.21464,2.28102,6.14251,9.3483,9.3483,65.07555,6.1129,186.33235
BFAM,0.57719,9.50724,22.26977,0.63643,2.4,5.2193,37.43757,377.853,14.06743,87.5,2.87,649.905,4.53377,88.87811,5.2193,6.19002,0.53452,4.51714,5.69573,11.25548,11.25548,58.37196,4.74418,140.22267
BRSP,-17.53981,0.13628,8.0828,8.05549,-1.05,-37.76898,0.0,0.0,0.0,23.91307,-1.05,189.12,130.57089,23.91307,-36.78293,-37.29409,8.05549,0.72981,0.7629,-11.35033,-11.661,70.63353,23.91307,240.52444
BV,-5.59918,4.85968,13.45253,1.43586,0.2,2.39962,20.11151,301.6,10.8995,50.726185,0.22,645.6,8.92902,50.726185,2.39962,0.7527,1.28364,2.91741,3.57376,5.27277,3.76855,34.96315,3.17706,53.75898
EAT,-0.49261,72.67654,0.87556,0.37619,3.4,3.51747,29.80562,420.7,9.52866,49.12281,3.62,627.3,4.36825,51.36452,3.51747,3.64042,0.20119,6.14899,7.70402,66.67589,66.67589,98.06711,4.7516,66.67589
BCO,-11.59552,8.05383,4.31002,1.52123,3.61,3.46376,-4.50439,729.3,14.55137,97.26776,6.24,1268.8,5.8396,85.74686,3.25026,5.51551,1.13269,4.23444,6.2484,55.57273,41.69569,93.15519,5.83162,105.61919
BMY,1.06475,5.16716,8.05076,1.25263,-4.41,-18.49482,5.21146,19280.0,39.91718,2653.062,2.44,36351.0,34.75725,2653.062,-18.52588,10.23992,1.06347,6.46097,8.75669,-39.10412,-38.94666,75.75309,2.6556,2653.062
BRX,4.05062,4.72341,9.7668,0.68075,1.11,25.98164,0.0,0.0,0.0,9.90099,1.12,967.938,43.05247,11.20566,25.98148,25.99922,0.65739,3.47859,3.70567,11.63096,11.63055,64.32909,61.18625,180.34044
BR,9.40452,6.38047,18.57841,1.08377,5.86,10.72878,12.98981,1418.7,21.80334,10.56604,6.46,1994.9,18.33543,10.70409,10.72878,11.68535,0.96413,8.33505,11.79951,31.6692,31.6692,62.2611,2.52125,164.97855
BKD,7.22832,62.33272,1.06227,0.88474,-0.89,-6.4628,16.81866,420.803,13.4636,61.575493,-0.79,807.432,2.33356,61.575493,-6.46091,-5.75094,0.72541,0.66142,0.71629,-65.54852,-65.25851,96.35342,13.43146,61.575493
BN,-6.23957,9.06722,28.59916,0.93111,3.25,7.67095,-6.58862,4590.577,16.19667,116.66667,3.35,14087.38,7.04475,114.86421,7.38238,7.60337,0.7326,4.8296,6.78478,11.52743,11.94121,44.33809,3.20726,79.65608
BIP,2.54068,5.93066,10.24348,0.88113,0.85,7.99943,26.7423,8602.0,40.88597,-9.57447,-0.35,5363.0,19.68665,-9.49074,1.85845,-0.76791,0.5714,3.01767,3.64909,7.75794,5.26686,65.3554,6.55127,188.64526
BRO,164.7284,2.87992,22.44755,1.09661,3.46,20.85328,18.16689,1511.0,31.44641,13.44262,3.4,2306.0,22.35692,14.07237,20.66597,19.95421,0.74074,5.64311,9.12522,16.55166,16.67804,38.67772,2.68696,63.07286
BFb,-6.54261,6.13058,41.29431,1.83286,1.48,2.20292,-16.00885,6607.366,9.67586,428.57144,1.96,17345.48,2.65568,440.33768,1.96792,2.56175,0.88856,1.92431,2.57673,3.54343,3.82329,38.84126,3.67032,63.50893
BC,-13.01703,11.35784,28.67686,1.65154,2.21,2.85081,-32.4679,725.7,13.85691,-63.9478,3.83,1402.5,5.41593,-69.05328,2.4842,4.91448,0.55918,4.58613,6.01194,7.50308,7.50308,57.03224,3.46107,132.73265
BKE,-31.23814,118.16369,8.1915,2.00607,4.4,17.43864,-15.87898,291.889,23.14555,-14.23002,4.44,742.48,12.88214,-13.63058,17.43864,17.45649,1.3507,19.61479,24.0518,55.70856,55.70856,43.28778,1.08057,76.32883
BLDR,-17.99283,11.2454,37.82837,1.76745,9.06,6.57235,-21.32769,2175.678,13.26593,-24.1206,9.26,5383.044,7.83221,-30.03184,6.57235,6.66463,1.01966,9.56804,11.81368,23.87683,23.87683,50.21065,1.99148,100.84616
BG,-17.12963,22.40844,73.99749,2.14634,7.99,2.23695,-38.66413,2259.0,4.2536,-46.26765,8.15,3335.0,0.81461,-49.30896,2.14092,2.15674,0.95871,4.45336,6.28174,10.95165,10.43753,39.40115,3.15139,65.0434
BURL,4.59974,133.755,15.58583,1.147,5.23,3.49165,30.66534,863.988,8.88194,49.85673,5.91,4134.09,3.1873,47.59455,3.49165,3.9292,0.49277,4.64834,6.16133,37.9107,37.9107,82.81675,5.56123,238.73502
CACI,15.23723,7.95307,157.754,1.27477,18.6,5.48216,11.67582,791.853,10.33773,13.20755,18.76,2512.292,5.12635,9.1463,5.48216,5.48142,1.0807,6.06211,7.56634,12.45646,12.45596,35.29274,2.42331,54.54216
CBZ,40.69583,3.96383,35.45924,1.18408,0.78,2.26295,-12.74274,178.791,9.85904,-67.36402,1.75,187.469,0.20039,-66.07533,2.26295,5.05419,0.83791,2.50847,3.2975,3.19163,3.19163,50.73462,10.25257,102.98228
CBL,4.96823,12.44987,10.53518,0.16443,1.87,10.3061,0.0,0.0,0.0,1000.0,1.19,340.412,52.1199,800.85547,10.64045,6.63597,0.16443,4.11212,4.46581,17.79241,17.75251,87.61202,108.36577,108.36577
CBRE,8.68927,5.03123,27.8462,1.07354,3.14,2.89653,23.74101,2408.0,6.73246,-0.31746,4.36,7020.0,4.87705,-1.82556,2.70641,3.72842,1.00323,4.61848,7.40014,11.60811,11.34783,39.72854,2.5162,65.91601
CF,-17.64706,14.18399,29.34373,3.08069,6.74,24.88208,-14.58928,2693.0,45.36725,-14.35832,6.56,2056.0,26.43615,-20.13115,20.51887,19.93639,2.46699,7.83888,9.72464,22.7621,18.50298,29.95018,1.20535,42.75553
CMS,0.0,0.0,0.0,0.0,0.0,0.0,0.0,0.0,0.0,0.0,0.0,0.0,0.0,0.0,0.0,0.0,0.0,0.0,0.0,0.0,0.0,0.0,0.0,0.0
CNA,8.61563,1.35715,38.81556,289.71445,3.52,6.85049,-3.6352,1511.0,10.79363,-20.54176,4.61,4734.0,-0.01875,-20.41494,6.85049,8.94075,289.71445,1.37573,6.71903,9.3992,9.3992,23.40255,2.12575,30.55265
CNH,-4.80683,0.71693,6.13049,2.3942,0.99,7.37984,-44.67772,1502.0,8.80422,-43.75,1.08,4183.0,-3.72362,-47.44833,7.30363,7.93857,2.03709,1.25582,1.57923,15.80717,15.73553,77.80191,18.1265,248.50758
CNO,-1.04686,0.63881,24.58595,18.26715,3.74,9.07967,26.63179,1065.1,23.93752,55.83333,3.83,1828.0,14.57776,46.11212,9.07967,9.13657,18.21814,1.32393,7.11657,17.14043,17.14043,64.88693,4.33471,184.79427
CNX,54.62327,8.57792,27.52573,0.33016,-0.6,-7.13619,-81.59203,492.502,38.83779,65.3966,-0.68,806.184,22.88165,65.3966,-7.13619,-8.11356,0.22491,0.04922,0.06431,-2.13958,-2.13958,35.87108,4.65433,55.93588
CDP,-1.664,2.57689,13.24794,1.8218,1.23,18.78341,0.0,0.0,0.0,36.624382,1.24,414.398,34.00591,36.624382,18.12925,18.17076,1.8218,3.32868,3.53724,9.33351,9.26297,61.00486,36.624382,158.88306
CRH,5.7474,8.35024,31.90057,1.36781,5.02,9.89824,9.73581,6729.0,18.91656,15.93534,5.26,12701.0,3.83096,9.88043,9.81671,10.1039,0.83324,6.27281,8.40804,16.44881,15.83504,40.51648,2.31297,69.27802
CTO,-21.00857,27.08996,19.34616,0.37478,-0.35,-1.57807,0.0,0.0,0.0,13.874301,-0.35,91.297,53.90683,13.874301,-1.57807,-7.12851,0.36995,0.53556,0.55763,-0.36721,-0.36718,45.86992,13.874301,84.74016
CTS,5.1178,6.40077,17.67968,2.50404,1.89,11.2674,-0.82554,110.883,21.49849,-1.5625,2.1,189.15,13.7176,-3.99458,11.2674,12.38084,1.8462,6.63124,7.86013,10.98904,10.98904,18.07137,1.056,22.05746
CVI,3.14685,26.19621,6.99287,1.6612,0.06,0.59133,-74.98243,356.0,4.67806,-99.21569,0.08,495.0,11.25657,-99.08973,0.09198,0.10565,1.16758,0.80825,1.17886,0.90323,4.6729,69.14524,5.58989,224.0991
CVS,-6.46524,24.66157,59.96825,0.81132,3.66,1.23012,-24.78716,14665.0,3.93365,-43.43122,4.33,49248.0,2.19811,-44.70278,1.23763,1.46227,0.56208,2.50227,3.99942,6.07021,6.01972,52.26599,5.65428,109.49426
CABO,-40.51231,29.14311,319.63553,1.30562,3.43,0.91672,-7.06774,821.366,52.00026,-90.99265,7.35,1162.723,22.02938,-93.55362,0.91672,2.61559,0.98832,4.51258,5.52073,0.80326,0.80326,66.70288,4.38042,200.32628
CBT,5.46763,5.59384,26.24454,2.07902,6.72,10.61592,16.64168,778.0,19.47922,-13.06598,7.59,972.0,8.92902,-14.60674,9.51427,10.47093,1.23834,10.67779,13.96063,28.2633,28.29496,43.85593,1.5964,78.11321
CADE,0.0,138.62549,29.43796,0.87025,2.77,18.12477,136.3505,983.263,34.03605,138.62549,2.74,1721.725,50.51885,-3.44825,18.12477,17.3267,0.86408,1.28091,7.90854,10.06588,9.75279,3.83508,0.2259,3.98802
CAL,5.7213,20.62426,15.79687,1.06185,4.8,6.09919,-4.19328,253.838,9.00999,-2.43902,4.18,1262.957,5.30061,-5.69544,6.08353,5.06563,0.24963,6.88499,9.53524,34.93092,34.58487,56.85293,2.94621,131.76543
CWT,2.0291,10.65297,27.49094,0.60208,3.25,18.33371,114.51042,392.893,37.89455,257.14285,3.26,594.705,-20.51997,267.56564,18.40335,18.42921,0.52731,3.33722,5.71154,12.46288,12.38905,45.99856,3.55185,85.18024
CALX,-37.06031,8.09862,11.75513,4.45876,-0.45,-3.57743,20.148018,-23.484,-2.82423,20.148018,-0.45,453.594,9.46062,20.148018,-3.57743,-3.56523,2.87024,-2.85958,-3.54013,-3.96647,-3.96647,1.0169,20.148018,1.02735
CPT,0.0,49.11113,40.38036,0.10117,1.5,10.98368,0.0,0.0,0.0,-59.45946,1.55,956.063,41.18211,-59.51169,10.49846,10.81144,0.10117,1.70041,1.82304,3.38222,3.4869,42.36036,49.11113,73.49172
CCJ,-25.18705,8.66999,14.62011,1.6219,0.27105,5.48005,56.68783,550.3447,25.25241,-53.01205,0.278,738.98694,16.18459,-52.37511,5.48041,5.54722,0.80104,2.99198,3.824,2.75878,2.7586,16.75848,1.61808,20.13235
CWH,-3.53958,32.9788,5.22476,1.35119,-0.8,-1.29312,-27.71948,252.379,4.13738,102.7272,-0.56,1825.496,2.65382,102.7272,-0.6334,-0.4407,0.23205,2.20401,2.61046,-17.12868,-22.56435,88.25052,14.4325,102.7272
CNNE,6.57895,57.64331,29.24829,1.34403,-4.73,-68.53039,-11.894196,-90.4,-19.9779,-11.894196,-4.73,2.9,-12.3895,-11.894196,-67.31492,-67.31757,1.23891,-2.63701,-2.74095,-14.64071,-15.03697,15.40218,-11.894196,18.20636
COF,2.07782,0.17501,146.73294,0.96878,11.58,8.79644,10.03503,11623.0,21.53803,-3.09623,13.98,27396.0,28.93658,-2.80336,8.802,9.9141,0.96824,1.34807,6.02125,8.69549,7.98668,43.50929,4.02788,77.02027
CPRI,-10.0271,14.75036,13.71002,0.94867,-1.96,-4.4294,-41.37255,598.0,11.56673,191.36089,2.38,3339.0,5.65039,191.36089,-4.4294,5.38672,0.34631,3.6649,4.82217,-13.28692,-13.27921,69.08213,5.97826,223.4375
CAH,6.56214,19.34476,-13.16803,0.97879,3.45,0.37606,7.02341,2880.0,1.26969,245.0,6.72,7414.0,1.82667,226.43678,0.37562,0.72584,0.48909,3.02977,56.80856,528.438,528.438,234.00082,1.94757,528.438
CTRE,0.0,6.17237,15.55361,2.80924,0.8,41.98612,0.0,0.0,0.0,60.0,0.81,277.834,28.06912,132.77194,42.21597,42.31855,2.80924,3.3623,3.4764,5.78373,5.72199,11.93295,30.350533,13.63476
CSL,-5.7858,8.37423,55.47973,2.89321,18.34,17.28955,15.0875,1302.1,26.02326,28.97328,19.17,1887.7,45.6214,70.94084,26.21712,17.81527,2.0033,11.35258,14.62613,32.69278,32.69278,45.01685,1.54888,81.87391
KMX,-25.98207,108.52648,38.53603,2.26036,3.02,1.6985,-4.16107,965.674,3.42275,-0.33003,2.71,3281.48,1.86485,-1.14654,1.6985,1.51972,0.56305,1.61315,1.71081,8.20076,8.20076,76.27802,20.22433,195.54704
CCL,0.0,988.2339,7.07263,0.29078,1.44,7.65757,41.66859,6130.0,24.49942,988.2339,1.58,13394.0,2.30157,988.2339,7.65757,8.04492,0.15495,4.54918,5.80779,23.75256,23.75256,75.73763,4.71093,988.2339
CRS,5.89121,5.04562,32.72194,3.4124,3.7,6.75798,85.04354,488.7,17.70845,224.5614,4.79,584.3,3.57784,230.67377,6.75798,8.62641,1.6335,6.97531,9.80995,12.33099,12.33099,31.28006,1.51709,45.51817
CARS,6.67448,5.55085,7.94342,1.83368,0.72,6.70067,1.61549,166.498,23.15199,-58.62069,0.4,480.889,14.00182,-59.31511,6.70067,3.67132,1.57774,3.24583,3.72525,9.6031,9.6031,48.19896,2.8584,93.04633
CRI,10.77793,16.5928,23.71017,2.24575,5.12,6.47873,-12.11091,344.476,12.03051,-17.94872,5.83,1365.166,7.08215,-20.21118,6.47873,7.23295,1.19446,7.44397,9.1572,21.827,21.827,56.94373,3.28091,132.25418
CAT,-0.06788,3.66712,40.78195,1.41553,22.05,16.64584,0.19011,17391.0,26.83424,9.59245,22.25,21088.0,13.79168,4.42187,16.65201,16.70922,0.8442,10.8651,16.34896,55.36488,55.32733,66.67977,2.24317,200.118
CE,-9.81496,8.69712,47.33463,1.33532,-13.86,-14.64981,-8.39695,1920.0,18.67704,210.94849,3.31,2427.0,5.66513,210.94849,-14.80545,3.51845,0.66857,2.83344,3.48474,-24.68612,-22.8858,69.78072,6.74583,230.9146
COR,14.15869,13.12816,3.31345,0.87915,7.53,0.51683,18.42431,4151.806,1.41238,-11.72333,11.44,9793.212,1.2367,-13.532,0.51338,0.77252,0.50097,2.93086,29.29962,258.424,209.11806,87.7255,1.35431,634.01917
CNC,26.91862,9.25357,53.25595,1.1091,6.31,2.01998,-7.82396,4524.0,2.77425,27.47475,6.2,21462.0,-0.13729,22.3168,2.02673,1.98386,1.06757,2.45607,4.52094,12.65072,12.5567,42.29304,4.29465,73.31698
CNP,0.97879,7.01542,16.36575,1.08307,1.58,11.78989,8.47833,3429.0,39.67372,15.32847,1.51,3994.0,-35.63144,11.12323,11.78989,11.23656,0.45216,2.97965,4.14895,10.02312,10.02312,66.30761,6.12161,196.80293
CSR,238.2203,15.71971,39.11119,0.48349,-1.27,-5.384,0.0,0.0,0.0,29.318874,-1.05,151.911,31.42859,29.318874,-4.05469,-6.17582,0.39992,0.87798,0.90681,-1.68288,-1.53711,51.52023,29.318874,106.27161
CPF,0.0,24.03382,19.89156,0.84874,1.97,15.48973,0.88344,132.807,38.51465,-9.21659,2.06,240.575,-9.48529,-8.96044,15.48973,16.16411,0.84789,1.03501,11.03793,10.24986,10.24986,25.91933,1.41837,34.98797
CCS,-21.04535,47.22842,84.65024,6.72528,10.4,7.58968,27.52133,471.227,10.71387,29.19255,11.09,962.787,-5.03189,28.77511,7.58968,7.94504,0.41802,6.44242,7.14744,13.33186,13.33186,36.25322,3.16302,56.87066
SKY,-3.95863,30.69588,24.60209,2.35703,2.53,7.24488,-55.11742,244.615,12.08081,-63.85714,3.05,485.794,2.55324,-63.49048,7.24488,8.66005,1.43659,7.5194,9.1886,11.049,11.049,9.80916,0.63241,10.876
CRL,-7.61941,5.39535,67.68548,1.4114,0.2,0.62447,-1.83133,955.619,23.5956,-97.8308,7.41,1407.946,13.83887,-97.83049,0.25425,9.40066,0.93061,4.72131,5.6776,0.29177,0.70576,44.22025,2.91024,80.21692
SCHW,18.24651,0.21034,21.39785,1.12337,2.99,22.85473,4.78408,12375.0,47.59799,17.71654,3.13,19015.0,65.25155,17.2686,22.85473,22.00715,0.54189,1.40786,7.01604,16.74959,13.30304,48.71075,3.71257,94.97261
GTLS,18.50238,3.01744,63.00784,1.37747,4.17,5.67988,41.84428,978.3,23.51513,847.7273,6.18,1388.8,10.87902,361.94504,5.25203,6.26126,1.00905,4.85836,6.51457,7.90697,7.96401,55.51,3.81999,124.76963
CLDT,-33.23429,87.42352,15.50072,0.1714,-0.08,1.2652,0.0,0.0,0.0,17.94172,-0.07,150.974,21.8384,57.5643,1.30628,-1.07333,0.1714,1.42124,1.46051,0.54309,0.50552,35.05453,17.94172,53.97533
CHGG,-24.71978,22.43888,1.84002,0.82818,-8.1,-135.54134,-26.36379,60.635,9.81826,9.861973,-2.75,443.509,8.68853,9.861973,-135.54134,-45.99854,0.64413,-0.85265,-0.97529,-147.16399,-147.16399,72.44561,8.36782,262.91864
CC,21.611,10.25177,4.04208,1.67831,0.57,1.48738,-9.16977,733.0,12.67727,97.38722,0.84,1151.0,-15.55042,97.38722,1.48738,2.17183,0.73877,3.46473,5.46359,12.82625,12.79762,87.80242,5.94134,97.38722
LNG,-32.35294,18.9994,25.44196,1.08106,14.2,28.606,-55.98657,7341.0,46.74903,-65.1277,14.27,7576.0,20.14742,-67.08835,20.70942,20.7557,0.91218,8.81128,10.63564,60.45172,47.08595,72.19228,3.55769,259.7931
CPK,9.69219,7.19288,60.71008,0.48712,5.26,15.06606,31.43092,297.9,37.84299,11.20507,5.41,337.8,-21.60531,35.99046,15.06606,15.44173,0.29185,4.21771,5.24908,8.99745,8.99745,51.81283,5.01779,107.5241
CVX,3.83013,9.52661,86.10343,1.06103,9.72,9.17669,-14.63896,37179.0,19.2225,-14.43662,10.15,77299.0,7.77736,-17.35224,9.13119,9.49635,0.7197,4.79612,6.70805,11.27508,11.26613,16.20141,0.79644,19.33376
CIM,-1.75807,0.06894,31.21298,2.42925,1.1,22.60736,0.0,0.0,0.0,59.4203,1.16,248.091,82.9019,39.61889,22.60736,12.06137,2.42925,3.22602,3.33308,6.92574,6.92473,79.85648,28.37348,28.37348
CMG,24.60553,87.198,2.69037,1.52347,1.11,13.55957,19.24121,2288.965,20.23153,25.16915,1.13,4586.174,10.34432,24.85259,13.55957,13.66668,1.39815,14.15999,15.9531,45.67331,45.67331,55.39931,1.9837,124.21176
CHH,-9.81337,8.50765,-0.96615,0.73281,6.2,18.90823,10.69477,557.336,35.16673,22.28797,6.66,708.041,14.071,15.92143,18.90823,20.02531,0.64352,12.26914,16.97832,74.6865,74.6865,102.45787,3.38602,74.6865
CB,3.7035,1.56029,159.7713,2.25901,22.7,17.05802,0.0,0.0,0.0,4.12844,23.02,16044.0,14.20956,2.7027,16.40684,16.46427,2.25901,3.1303,8.79661,15.01198,14.59666,21.98255,713.99725,28.17645
CHD,14.02543,10.83107,17.73548,1.70271,2.37,9.58393,5.7568,1357.6,22.22986,-22.29508,3.46,2790.1,12.74562,-22.53838,9.58393,13.84657,1.18922,8.25751,10.89508,14.24746,14.24746,35.55119,1.77188,55.1619
CIEN,-10.19522,3.66545,19.74076,3.54498,0.58,2.09108,-40.0679,316.333,7.87887,-66.08187,0.71,1719.59,11.17998,-67.05373,2.09108,2.55912,2.33403,2.1259,2.66935,2.96429,2.96429,36.69311,5.15992,57.96069
CI,35.42323,11.47751,149.8709,0.84289,12.12,1.54607,-19.42231,9708.0,3.97279,-30.30477,13.79,25964.0,0.90179,-33.50116,1.40529,1.58177,0.56229,2.80787,5.74148,7.87109,8.62616,43.66865,3.29337,77.52103
CNK,30.0995,32.96757,4.85931,1.01295,2.06,10.2607,-3.68204,559.8,18.35711,53.73134,2.58,1508.5,9.04247,64.55898,10.15576,10.14402,0.95077,4.574,5.71176,68.50254,67.85947,85.1361,6.17381,111.01549
C,0.53887,0.2119,101.62002,1.13822,5.95,7.51767,20.22241,71352.0,41.79206,47.27723,6.3,71363.0,-27.726,37.42956,7.42806,7.0162,0.89544,1.75877,4.71747,6.70046,6.17636,76.03101,9.30767,6220.753
CFG,0.0,498.64212,50.25843,0.84742,3.03,12.22159,-11.23718,4068.0,32.94728,-3.19489,3.21,7122.0,57.42691,-6.15672,12.22159,11.71683,0.84247,1.15704,6.61231,6.78675,6.21039,35.51355,3.28343,55.07133
CIA,-0.82179,2.71369,4.15114,2.566,0.29,6.08651,-40.65878,16.196,6.61059,-39.58333,0.3,67.246,7.95242,-38.97778,6.08651,6.09034,2.566,0.55825,4.68892,7.92947,7.79745,3.57058,0.48092,3.70279
CIO,-2.13829,3.23597,15.48675,0.25054,-0.63,-10.00725,0.0,0.0,0.0,11.987267,-0.63,101.666,36.1404,11.987267,-10.33157,-14.77753,0.25054,0.78702,0.82116,-2.75801,-2.27247,47.2099,11.987267,89.42944
CIVI,0.0,340.2294,70.56812,0.4482,8.46,16.1082,48.94572,3567.25,68.51126,-6.20843,8.73,3825.867,25.93216,6.94069,16.1082,16.57621,0.38419,6.50288,8.51269,13.09475,13.09475,40.40118,1.25966,67.78855
CLH,7.93807,5.19272,47.80579,2.20719,7.42,6.83026,9.35035,1084.61,18.41458,6.76259,7.47,1824.239,3.83233,6.46887,6.83026,6.83618,1.78422,6.08853,7.85267,16.68932,16.68932,55.63645,2.9757,125.41028
CCO,-31.15478,3.56729,-7.46402,1.3043,-0.26,-8.22227,-12.08112,452.682,30.07394,76.60191,-0.24,836.027,-21.13967,76.60191,-11.90875,-7.77531,0.35765,3.6566,4.90184,76.60191,76.60191,207.59854,15.51316,76.60191
CLW,-3.00454,7.96317,51.96108,1.70225,-4.41,-5.34837,-93.56453,18.0,1.30095,8.410689,-3.19,66.8,3.06176,82.26555,14.18763,-3.86899,0.83739,-1.93226,-2.72976,-9.71639,-9.71639,27.34461,17.86667,37.63604
CWENa,0.0,0.0,0.0,0.0,0.0,0.0,0.0,0.0,0.0,0.0,0.0,0.0,0.0,0.0,0.0,0.0,0.0,0.0,0.0,0.0,0.0,0.0,0.0,0.0
CLF,-14.34783,11.23244,13.49127,2.07917,-1.57,-3.69038,-64.45313,637.0,3.3203,36.289234,-0.86,70.0,-3.77834,36.289234,-3.93015,-2.15168,0.49067,-1.03615,-1.5115,-10.36355,-9.42806,52.98248,12.20094,112.68668
CLPR,22.85273,25.77083,-0.33499,0.44032,-0.25,-4.42413,0.0,0.0,0.0,13.824383,-0.23,84.842,18.6882,13.824383,-1.68039,-2.49209,0.44032,2.01071,2.06889,13.824383,13.824383,101.13648,13.824383,13.824383
CLX,-2.67062,10.66617,2.64086,1.0305,2.25,4.11674,10.02812,1174.0,16.55153,87.5,5.44,3065.0,5.22522,87.91946,3.94755,9.52357,0.56989,10.03548,17.33496,102.18978,66.36364,85.65179,2.5017,207.29637
KO,4.66276,13.48646,5.77778,1.02963,2.46,22.62808,5.41103,15195.0,32.28788,-0.40486,3.22,28737.0,31.55267,-0.77469,22.58983,29.48297,0.71844,8.90281,12.34154,41.8568,39.54914,63.42657,3.00987,173.42258
CDE,102.64386,180.54231,2.8135,0.82552,0.15,5.5882,260.05502,325.857,30.91605,66.27516,0.18,415.414,5.18177,66.27516,5.5882,6.68949,0.25699,5.25103,6.92076,5.48633,5.48633,35.43434,1.89179,54.8811
CNS,3.12237,6.92526,10.11787,4.47314,2.97,31.46244,8.76665,183.361,35.43776,14.23077,3.02,242.3,21.98703,17.21517,29.23464,29.42215,3.00115,14.04793,16.12895,33.88025,30.49824,19.7083,0.7696,27.0624
COHR,-5.87767,5.37999,34.10208,2.72376,-1.84,-3.37244,-21.37024,852.636,18.11157,110.66325,-0.5,1455.964,10.25185,110.66325,-3.317,-1.61058,1.45009,1.29822,1.52748,-3.20239,-2.09241,35.12941,5.04688,54.15306
CL,-4.09836,12.93917,0.2609,0.92325,3.51,15.1684,6.74085,4988.0,24.81469,26.7148,3.62,12181.0,17.33682,25.6087,14.37242,14.75122,0.4822,16.88939,28.71914,832.0692,832.0692,93.99293,1.7065,832.0692
CBAN,0.0,21.972452,15.90611,0.80026,1.36,13.49901,4.19294,56.682,32.0576,9.67742,1.37,112.401,53.23689,9.75307,13.49901,13.60446,0.78498,1.07456,6.47232,8.94586,8.94586,47.22394,4.39925,89.47986
CMA,0.0,220.02736,46.79284,0.88783,5.02,13.97957,-18.52227,1610.0,32.24514,-22.04969,5.06,3195.0,-8.64711,-20.77185,13.97957,13.47847,0.88783,1.14606,6.27945,11.47932,10.78076,51.794,4.36646,107.44307
FIX,44.29512,4.05221,47.93667,1.08033,14.6,7.43415,81.87425,891.824,12.69053,62.04218,16.59,1476.411,11.90128,61.54491,7.43415,8.42522,1.03951,11.6373,26.29525,35.03317,35.03317,15.32825,0.34603,18.10315
CMC,-6.55297,6.60728,37.68296,3.94414,4.14,6.12532,-30.00115,973.971,12.28835,-42.89655,4.19,1358.685,6.4215,-43.5318,6.12532,6.12405,2.41585,6.44281,7.80623,11.53096,11.53029,24.11404,1.40292,31.77668
CBU,0.0,64.13544,33.4707,0.76286,3.44,19.39814,19.8444,379.093,40.29843,40.40816,3.45,723.53,3.40087,38.32282,19.39814,19.34751,0.76266,1.37139,8.24138,10.54568,10.54568,37.2801,2.764,59.43903
CYH,3.64252,5.25541,-13.77771,1.40768,-3.9,-2.86528,-3.34546,1329.0,10.51923,353.6118,-2.91,5270.0,1.89073,353.6118,-4.08422,-3.04272,1.05928,3.6962,4.76056,353.6118,353.6118,112.21141,9.1061,353.6118
CHCT,-20.42193,2.27553,16.85309,3.59388,-0.23,-2.73479,0.0,0.0,0.0,14.218641,-0.23,92.952,55.9506,14.218641,-2.73479,-5.24597,3.47729,1.33322,1.36959,-0.64313,-0.64313,50.72546,14.218641,102.94454
CMP,-2.47487,8.7502,7.65067,2.70645,-4.99,-18.4446,-0.05708,175.1,15.67031,16.309841,-0.35,195.0,-5.67612,16.309841,-18.4446,-1.29382,0.67419,2.53471,3.25429,-49.21203,-49.21203,75.69103,5.62993,16.309841
CRK,-24.44973,6.17108,7.66788,0.46346,-0.8,-17.45034,-24.98538,625.907,49.92956,63.081722,-0.8,668.425,-33.99252,63.081722,-18.31961,-18.31618,0.35681,-1.6767,-2.02654,-9.98605,-9.27565,56.45805,4.8342,129.66359
CAG,-9.69546,13.11877,17.6515,0.97153,0.72,2.88526,3.62622,2303.3,19.1131,-49.29578,2.64,3352.5,9.84553,-49.21006,2.88111,10.48473,0.29289,5.5412,6.7101,4.04257,4.01534,50.41249,3.75674,101.66367
CNMD,-1.87635,5.44576,31.15372,2.30111,4.25,10.13171,19.52501,213.388,16.32636,108.33333,3.22,733.032,8.75519,105.43757,10.13171,7.59931,0.9427,4.56318,5.62717,14.73903,14.73903,49.59355,4.43866,98.38732
COP,21.24153,9.06224,50.78586,1.29058,7.81,16.88739,-1.78166,22933.0,41.89058,-13.79691,8.3,27687.0,10.67769,-15.62472,16.88739,17.87384,1.0565,7.38613,10.15595,16.20864,16.20864,28.11945,1.10531,39.1197
ED,4.71338,4.74673,63.36447,1.03591,5.24,11.92973,12.03576,4887.0,32.0333,-27.32316,5.38,8167.0,-11.86255,-27.74911,11.92973,12.20163,0.81626,2.49465,3.55881,8.44156,8.44156,55.89074,5.69429,126.70977
STZ,-7.63088,11.48732,53.27359,1.1871,9.39,17.71969,8.8897,3601.2,36.15009,411.05078,9.15,5021.1,8.23408,411.05078,17.34024,16.83691,0.39243,7.87425,8.94707,19.02769,18.78022,55.51007,3.48706,124.76999
CPS,-17.54498,6.49649,-7.25856,1.39612,-4.48,-2.86097,8.00002,192.415,7.04586,32.057686,-3.32,302.915,3.22008,32.057686,-2.88353,-2.13529,1.06498,3.08048,5.14551,32.057686,32.057686,112.60988,6.18992,32.057686
CPA,0.0,127.207115,57.62862,1.16351,14.55,17.64594,-2.66594,1083.661,31.44512,13.84977,14.55,1428.748,4.54211,18.28779,17.64594,17.64688,1.02334,8.60388,11.41978,27.05801,27.05801,45.74414,1.84606,84.31187
CLB,2.20298,4.73828,5.38132,2.32212,0.66,6.13785,-5.99476,63.556,12.13253,-14.28571,0.5,103.326,7.22867,-14.3831,5.99411,4.4762,1.50136,5.16262,6.87982,13.17098,13.18981,41.14004,2.83441,69.89478
CNR,-7.35848,15.36065,53.32722,1.51529,9.61,13.11382,-39.81974,612.487,28.04437,-51.44012,11.96,648.509,11.5335,-56.33351,13.11382,16.25503,1.27666,8.75321,14.56672,19.67277,19.67277,11.99433,0.34897,13.62904
CXW,-7.50735,6.5289,13.5931,1.57391,0.62,3.51073,5.98793,313.1,15.96109,5.08475,0.84,468.289,9.64955,1.89081,3.51073,4.75054,1.43755,3.8322,4.45686,4.63614,4.63614,40.41421,3.23497,67.82525
GLW,30.59796,7.26455,13.14391,1.62472,0.58,4.49609,1.6424,2723.0,20.68049,-14.70588,1.06,4487.0,8.43871,-12.90878,3.84294,6.86702,0.77678,3.05193,4.34351,4.55097,5.16174,42.2264,2.97136,73.08943
CPAY,0.0,258.02005,44.49682,0.99632,13.97,25.25373,5.8097,2141.238,53.87319,5.83333,15.42,3105.504,53.87804,2.22591,25.25408,27.28594,0.90376,6.69367,10.48908,31.34404,31.2283,71.98866,3.77592,256.9983
CMRE,-15.49557,27.19743,20.95398,1.39521,2.44,15.17995,20.26227,628.119,30.1416,-17.28814,2.45,720.867,16.60008,-17.0655,15.35198,14.02579,1.21404,5.5568,5.79522,13.06847,12.63316,47.78352,3.74219,91.42311
CTRA,13.34923,6.09832,17.85306,2.92342,1.5,20.53866,-14.99341,3226.0,59.1059,-29.57747,1.51,3827.0,18.19348,-31.01539,20.53866,20.52803,2.85916,4.12108,5.32995,8.57001,8.56477,22.45452,1.17855,28.95659
COTY,22.36077,15.24735,4.41012,0.75467,0.09,1.78817,16.77329,1003.9,16.40896,-84.21053,0.15,3939.2,8.62046,-82.4085,1.46126,2.14384,0.35475,2.94414,4.24744,2.34087,2.57988,49.24483,4.10529,99.21042
CUZ,10.47265,3.68049,28.90778,0.2017,0.3,5.45469,0.0,0.0,0.0,-45.45455,0.3,573.301,49.11925,-44.5994,5.38221,5.38946,0.2017,1.28493,1.40098,0.98096,0.98914,39.24318,30.484646,64.59058
CXT,23.85808,5.41738,18.61811,1.14243,3.19,12.3823,-0.05212,383.5,25.79365,-3.62538,3.78,665.1,11.39192,-2.23048,12.3823,14.51695,0.85153,8.27078,10.5583,18.14777,18.14777,43.3202,2.1223,76.42971
CRDb,0.0,0.0,0.0,0.0,0.0,0.0,0.0,0.0,0.0,0.0,0.0,628.3316,0.0,0.0,0.0,0.0,0.0,0.0,0.0,0.0,0.0,0.0,0.0,0.0
BAP,0.0,389.30362,114.64034,1.02551,18.32,20.46874,11.71567,3585.216,49.22172,11.36778,18.42,4784.2534,77.99275,11.31702,20.02466,20.09208,1.02551,3.24417,11.21631,16.34448,16.39329,51.73263,2.77232,107.17931
CCI,9.54774,10.5004,-0.30575,0.50069,-8.98,-59.42448,-5.35125,4015.0,61.12972,408.22684,0.23,4721.0,20.03844,408.22684,-59.42448,1.51979,0.43362,3.99401,4.40085,-124.93598,-124.93598,100.45115,7.37559,408.22684
CCK,-5.83739,8.44739,23.2566,1.2153,3.55,4.74536,3.1881,1942.0,16.45623,-5.58511,5.47,2539.0,7.23244,-5.77778,3.59292,5.52493,0.77374,6.46597,9.23865,16.41502,18.38477,66.54922,3.3069,198.94672
CUBE,9.80379,67.30462,12.60886,0.22184,1.72,36.66829,0.0,0.0,0.0,-5.49451,1.73,776.98,45.63495,-4.76608,36.60232,36.64075,0.19679,4.81027,5.06876,13.79657,13.43297,51.22451,52.65469,106.87321
CFR,0.0,145.41447,58.46279,0.65268,8.87,20.44197,-3.99498,977.647,34.30659,-2.52747,8.88,1998.725,-20.47661,-2.58055,20.44197,19.9803,0.65238,1.08212,6.50644,15.90747,15.29979,55.6696,5.00774,125.57883
CULP,-14.69045,9.81501,6.10497,2.12247,-1.11,-6.1327,-1.4955746,-3.735,-1.65755,-1.4955746,-1.07,27.939,-2.08087,-1.4955746,-6.1327,-5.90337,0.85724,-4.67568,-7.55354,-16.72911,-16.72911,5.56121,-1.4955746,5.88869
CMI,0.0,633.0156,74.75255,1.31316,28.37,11.92892,7.59436,4732.0,13.87602,450.87378,21.41,8551.0,-0.17154,436.87076,11.57117,8.67651,0.67349,7.237,12.76792,41.27399,38.35565,40.1883,1.60566,67.19137
CW,0.0,93.15041,65.06597,1.68767,10.55,12.97512,8.55114,652.147,20.89419,14.67391,10.94,1153.549,13.57405,14.23631,12.97512,13.37291,1.11326,7.08466,9.42741,16.95103,16.95103,33.49149,1.89166,50.3567
CWK,0.0,122.81813,7.64007,1.15473,0.56,1.38993,21.06498,516.1,5.4634,122.81813,0.7,1726.3,4.59324,122.81813,1.38993,1.69618,1.10649,3.21327,4.68033,7.65085,7.6484,66.01092,6.6057,194.21214
CUBI,0.0,56.30298,54.19622,0.97115,5.09,13.07161,-16.75543,453.762,32.68548,-30.46448,5.28,641.387,-20.05029,-27.4539,13.07161,11.98382,0.96028,1.20405,8.14334,11.34362,10.44403,44.08018,3.19068,78.82748
DHT,-29.18073,8.82618,6.4897,1.84183,1.12,31.73655,-2.4499,294.613,51.52622,13.13131,1.12,313.556,21.63066,12.41006,31.72186,31.60653,1.20294,7.66787,7.81555,17.56341,17.49555,28.39994,1.40382,39.66468
DKS,61.14945,139.49495,32.55001,1.77665,12.18,8.05982,-4.18536,1722.478,13.26575,12.98701,13.48,4545.735,6.15505,0.32412,8.05982,8.54434,0.69765,9.33663,12.55594,40.70551,40.70551,61.96427,2.47541,162.91068
DNOW,1.04167,6.14767,10.6386,2.32579,0.74,3.45554,-3.44828,168.0,7.07965,-66.96429,0.93,540.0,5.80489,-67.20648,3.4134,4.16815,1.45701,5.31746,7.21672,7.41758,7.48517,5.6067,0.39881,5.93972
DHI,0.0,671.2292,78.11942,6.61628,14.34,13.02351,-2.32703,6115.5,16.57205,3.76266,14.44,9042.9,2.49688,0.22547,12.8891,12.89338,0.94745,10.98648,12.56119,19.81462,19.63143,18.77945,0.97637,23.12154
DTE,3.55392,7.4997,56.46999,0.70642,6.77,11.27077,0.36373,3863.0,31.01068,0.14793,6.91,4338.0,-13.33387,0.50107,11.27077,11.48246,0.37505,2.84586,3.97753,12.3434,12.33798,66.50737,6.01631,198.57314
DXC,-2.96015,5.26464,15.71796,1.16864,0.46,0.62925,-2.62851,1667.0,12.19726,228.88026,0.99,3091.0,9.52385,228.88026,0.66584,1.41832,1.01889,1.99808,3.46837,2.88523,2.49782,61.35619,2.92022,158.77365
DVA,8.05891,6.20033,1.50395,1.25986,10.73,9.75953,12.78943,2678.688,20.90186,44.60916,9.95,4217.029,9.42635,35.40052,7.3063,6.59871,1.17325,7.14926,8.72132,159.07693,51.73999,85.22868,4.50476,321.64374
DAN,-12.83735,8.01559,9.19348,1.44592,-0.39,-0.47647,0.92838,761.0,7.39984,87.81988,0.23,876.0,3.23075,87.81988,-0.55426,0.32474,0.76494,2.74272,4.55303,-3.92022,-2.87137,64.76212,3.82786,208.66762
DHR,-11.04125,6.35565,68.89584,1.39703,5.29,16.33089,1.31315,7561.0,31.66911,-6.37168,5.69,14231.0,19.70628,-18.15701,16.33089,17.42153,0.95146,4.01855,4.66015,7.56874,7.56794,25.70769,2.26769,34.60343
DRI,1.97044,277.80487,18.86626,0.37528,8.53,9.04741,14.86744,1811.0,15.89991,6.625,8.95,2410.2,7.0968,4.65424,9.02195,9.42147,0.13647,7.83174,9.8775,46.37714,46.37714,75.0156,3.71789,208.85498
DAR,-26.01896,8.22993,27.55124,1.37943,1.73,5.00151,-28.7308,785.733,13.74819,-56.6416,1.47,1277.838,10.21896,-56.94476,4.87964,4.10283,0.70838,1.66758,1.95202,6.2089,6.24253,48.81208,5.41798,95.35859
DAY,24.8318,9.57563,16.01447,1.12582,0.11,1.02841,24.79971,342.7,19.47159,-68.57143,0.34,892.5,16.02699,-66.9708,1.02841,3.04841,0.1589,0.91641,2.23858,0.73213,0.73213,32.62331,3.59761,48.41928
DECK,-1.6404,14.33852,13.72425,3.39376,4.86,17.71467,41.77166,993.265,23.16511,50.54208,4.935,2385.488,18.60187,46.96801,17.71467,17.86573,2.5586,20.54888,26.66316,39.22146,39.22146,11.2401,0.26869,12.66349
DE,-0.66216,0.88227,84.0325,2.18791,25.62,13.72075,-16.61585,14493.0,28.05513,-26.0179,26.33,15202.0,6.09163,-30.15936,13.74398,14.0674,1.98178,7.31705,8.89182,31.82358,31.63509,74.06322,4.51687,286.57794
DK,-21.19434,16.91601,5.00064,0.92683,-9.98,-5.04632,-89.60708,69.3,0.5847,9.018552,-6.6,306.6,-2.03559,9.018552,-4.72824,-3.55732,0.5405,-2.77053,-5.06179,-110.09238,-77.93342,84.12935,43.99856,9.018552
DELL,-21.2633,5.57025,-3.40993,0.74127,4.36,3.61323,-3.187,9174.0,10.37489,34.5679,5.11,21155.0,6.35708,31.49058,3.63133,4.16081,0.44311,4.27417,14.12194,1454.3953,1454.3953,109.41911,2.92381,1454.3953
DAL,3.0032,19.4029,23.65605,0.3691,5.33,5.6081,-2.49828,8508.0,13.80205,-25.66248,5.65,13269.0,2.49826,-24.99458,5.6081,5.8752,0.24226,5.02882,9.80216,26.19138,26.19138,59.82293,2.67642,148.8982
DLX,-7.50534,10.15369,14.00772,0.97782,1.18,2.49533,-0.98881,384.706,18.13145,100.0,2.13,1128.33,8.03119,102.15161,2.48859,4.43255,0.37884,4.63411,6.07437,8.62182,8.64032,71.94001,4.13798,256.37927
DBI,6.34707,121.80776,6.27744,1.24935,0.46,0.95012,-47.73286,146.348,4.75932,-79.64602,0.66,1323.995,2.46774,-82.13504,0.94511,1.31563,0.21335,2.45384,3.1921,7.33777,7.31713,77.37569,8.47149,65.84478
DVN,24.43585,9.15829,22.26728,1.03566,4.56,18.45671,-0.74687,7442.0,46.68758,-21.91781,4.59,8015.0,-10.76694,-22.84494,18.13676,18.19875,0.85162,9.41951,12.13959,21.77204,21.85654,38.63105,1.24375,62.94886
DRH,0.0,23.318726,7.66016,0.70012,0.18,4.25403,-10.41044,135.79,11.9721,-50.0,0.26,311.638,19.48464,-44.3514,4.23613,4.82044,0.70012,2.64526,2.94935,2.97301,2.97114,43.12063,8.92673,75.81067
DLR,-7.91973,3.8515,61.21938,1.55357,1.61,10.52638,0.0,0.0,0.0,-46.33333,1.75,2915.715,31.33616,-36.50233,10.77978,10.124,1.55357,0.70748,0.77334,3.09012,2.6638,44.15967,134.56317,84.29481
DBRG,34.31503,5.46931,6.67565,0.66904,0.18,27.3251,-51.51966,165.572,27.27584,-83.63636,0.35,595.142,33.81401,-61.93761,11.61759,9.71174,0.66212,2.3295,2.81895,8.18366,6.63437,13.46528,2.34124,15.71419
DDS,7.77836,114.58131,104.56365,2.66771,44.73,10.74777,-16.02905,1104.328,16.06431,-11.96615,44.14,2843.312,8.39934,-17.1359,10.74777,10.60541,1.23051,17.05421,26.18002,44.83695,44.83695,24.9586,0.51112,33.25978
DIN,0.0,35.443207,-14.14385,0.86682,4.22,7.98837,-5.59343,207.449,25.53828,-32.15434,4.73,376.01,12.94294,-33.22425,7.98837,8.69422,0.77321,5.95802,7.66373,35.443207,35.443207,115.31759,7.83946,35.443207
DFS,0.0,0.0,0.0,0.0,0.0,0.0,0.0,0.0,0.0,0.0,0.0,696.0961,0.0,0.0,0.0,0.0,0.0,0.0,0.0,0.0,0.0,0.0,0.0,0.0
DLB,16.89642,3.78544,25.96796,2.85858,2.69,20.75148,0.37554,346.669,27.21703,31.21951,2.85,1133.225,20.22529,30.48451,20.55592,21.37834,2.61034,5.56494,6.83694,10.83654,10.87927,1.85454,0.13555,1.88959
DG,0.0,669.86346,30.72488,1.19106,7.55,4.29363,-18.78109,3286.2,8.49331,-29.30712,7.57,11719.024,0.55435,-31.23835,4.29363,4.29285,0.07989,5.10676,6.3649,27.03261,27.03261,72.82951,5.50507,268.04633
D,-3.64283,6.54253,30.82394,0.71192,2.2,12.96079,-5.48082,5691.0,39.35957,-11.29032,2.31,6885.0,12.24756,6.51956,14.68981,13.40723,0.31134,1.97804,2.88377,7.4104,6.4933,58.42582,7.45563,140.53392
DCI,5.31811,5.69887,12.3978,1.83783,3.38,11.54393,9.20411,649.0,18.09665,16.55172,3.47,1278.2,10.83254,15.38462,11.54393,11.67858,1.12243,12.10465,16.68627,29.46829,29.46829,28.65903,0.92173,40.17192
DFIN,-9.09091,5.39614,15.19512,1.03748,3.06,11.81737,4.09704,193.1,24.69625,13.75465,3.33,484.0,17.71646,12.40876,11.81737,12.43586,0.87149,10.07734,14.56598,22.04461,22.04461,24.87511,0.7478,33.11167
LPG,-30.56854,8.70876,25.19838,3.62313,7.6,54.57875,51.33711,397.496,70.56447,77.15618,7.63,432.02188,42.72142,78.28802,54.57875,54.55234,3.40872,11.58974,11.71132,32.40755,32.40755,43.77252,2.00457,77.84898
PLOW,4.35411,6.64268,11.44085,3.39391,2.36,9.87698,7.46326,72.182,12.69683,140.81633,1.33,146.837,8.4448,136.69435,9.87698,5.39787,1.31818,5.73474,6.96799,22.65158,22.65158,45.59951,3.06822,83.82189
DEI,0.32533,8.36323,12.29521,1.03015,0.13,0.74605,0.0,0.0,0.0,44.007526,0.13,638.813,41.70415,44.007526,2.31219,2.13949,1.03015,1.5581,1.5985,1.09931,0.20225,60.09374,44.007526,150.58728
DOV,-5.16416,5.47755,50.67919,2.04163,10.09,18.07364,-6.93295,1614.007,20.8369,34.17553,7.3,2996.614,14.56249,155.20955,34.82001,12.9806,1.46664,6.68635,8.43378,23.21556,23.21556,31.26489,1.95978,45.48606
DCO,9.88816,2.65423,46.17617,3.23741,2.1,4.00419,19.24536,98.381,12.5079,84.21053,2.83,198.477,0.0,97.73355,4.00419,5.31567,1.98,3.63153,6.18836,4.77695,4.77695,28.50656,2.76624,39.87297
DUK,0.0,1281.9441,63.34278,0.66901,5.7,15.17285,10.81385,13793.0,45.36723,6.54206,5.84,15195.0,-6.29749,59.2397,14.88011,14.82906,0.26192,2.75303,3.73795,9.38071,9.09476,62.50311,6.1943,166.68878
DD,1.38797,8.12996,55.86205,1.32556,1.77,6.28129,6.49441,3050.0,24.62458,62.38532,2.77,4532.0,12.9824,66.19385,5.67576,9.37497,0.84462,3.0856,3.60349,3.11995,3.20706,24.15365,2.48426,31.8455
DY,16.60946,3.47037,36.25369,3.06147,7.37,5.24294,37.03344,486.085,11.64115,55.48523,7.46,813.759,-0.2189,53.94022,5.24294,5.24058,2.76742,8.35879,10.91053,22.76404,22.76404,45.62777,1.82075,83.91741
CTA,0.0,0.0,0.0,0.0,0.0,0.0,0.0,0.0,0.0,0.0,0.0,33.104,0.0,0.0,0.0,0.0,0.0,0.0,0.0,0.0,0.0,0.0,0.0,0.0
EME,11.67623,4.29614,64.12698,1.29739,21.52,6.9143,48.28864,1478.543,10.15057,61.68295,21.61,2765.051,7.9352,59.10814,6.9143,6.91586,1.18616,11.7343,27.56592,37.25038,37.2361,10.61309,0.23599,11.8732
EOG,-2.43004,8.78942,52.67503,2.0975,11.25,27.15207,-6.86462,12170.0,51.60716,-13.46154,11.36,14467.0,17.84412,-15.68343,27.15207,27.26554,1.81957,10.98245,14.69691,22.29418,22.29418,16.48123,0.47592,19.73357
EPR,0.0,42.143246,30.67362,1.94996,1.6,21.11543,0.0,0.0,0.0,-18.78173,1.93,629.105,22.96422,-15.59123,21.11543,21.10264,1.88095,3.25924,3.38613,6.11525,6.11487,56.94587,42.143246,132.26578
EQT,37.50332,5.3911,34.5094,0.69659,0.45,4.59133,-21.98138,3157.065,59.86877,-89.33649,1.02,2929.569,22.58395,-86.71204,4.37253,9.85698,0.54222,1.90953,2.28829,1.30377,1.23974,27.96414,2.98528,38.81974
ESE,21.21456,4.67519,48.04683,1.91122,3.94,9.92258,12.48751,202.608,19.73277,10.05587,4.19,404.018,8.19029,10.08807,9.92258,10.51786,0.87649,5.22452,6.78497,8.60303,8.60303,12.68953,0.8876,14.5338
EXP,4.06712,11.3522,38.32401,2.62184,13.61,21.14105,7.06555,775.358,34.31855,9.22954,13.72,685.321,15.55534,3.48811,21.14105,21.14023,1.03513,13.65057,16.51529,38.29953,38.29953,46.12355,1.4448,85.60986
DEA,58.81492,3.59247,30.58965,0.65362,0.45,6.67894,0.0,0.0,0.0,-5.26316,0.475,205.15,32.26449,3.9832,6.34625,6.37915,0.65362,1.69676,1.81807,1.47943,1.47163,53.58077,22.880121,115.42797
EGP,13.85772,7.26705,63.5237,0.39388,4.66,35.60263,0.0,0.0,0.0,5.42986,4.63,464.314,48.38195,13.59662,35.59388,35.31365,0.39388,3.31928,3.48404,7.71971,7.72073,31.94076,36.26409,46.93082
EMN,-2.53863,10.48854,50.20066,1.5144,7.67,9.67811,14.8289,1812.0,19.31358,2.4032,8.15,2297.0,5.77436,1.23043,9.64613,10.13755,0.74188,5.49069,7.60018,16.1075,15.95502,46.86762,2.84879,88.20916
KODK,-27.04082,6.15339,7.96273,2.27969,0.9,9.77948,-45.71429,19.0,1.82167,34.32836,1.1,203.0,-2.44487,36.0,9.77948,8.44775,1.35632,-0.25826,-0.37575,12.9771,10.2,36.74521,26.26316,58.0908
ETN,3.86149,5.12209,47.05523,1.50197,9.5,15.2665,15.51218,5503.0,22.11995,18.45387,10.01,9503.0,11.30216,17.89932,15.25042,15.99797,0.89462,7.53779,10.06606,20.22173,20.20213,35.01087,1.8141,53.87189
ECL,1.08673,5.52407,30.90575,1.25724,7.37,13.54327,16.53879,3554.2,22.57868,53.86221,6.88,6847.0,12.0762,53.93136,13.41939,12.42573,0.89407,7.40035,9.66276,25.14463,25.28734,48.51657,2.3304,94.23725
EPC,3.01318,20.90631,32.38078,1.66075,1.97,4.37503,3.73555,349.9,15.52558,-10.85973,2.93,971.2,10.00466,-14.03662,4.37503,6.46142,0.66217,4.38159,5.49407,6.31121,6.31121,46.6651,3.96113,87.49448
EIX,9.39086,6.09489,36.17605,0.84785,3.31,8.78459,9.78903,6505.0,36.96233,6.43087,4.92,9150.0,-8.99483,9.87918,8.78459,10.79107,0.38512,2.71832,4.18253,11.14315,8.66495,68.03661,5.80492,212.85796
EW,-21.41659,7.85941,16.98675,4.17579,2.34,25.66412,-12.09577,1622.8,29.83362,1.73913,2.39,4322.0,24.88602,197.67542,76.74602,26.26166,3.12683,8.24988,10.17483,16.82925,16.63658,6.50382,0.43135,6.95625
ESI,-4.80728,5.4513,9.83971,3.34475,1.0,9.88644,10.71658,517.6,21.0672,108.33333,0.95,1035.7,12.31684,106.77392,9.93935,9.36119,2.10429,4.56946,5.18798,10.29821,10.24311,44.27509,3.68161,79.45297
ELV,4.77528,13.8593,181.62036,1.45245,25.68,3.37707,3.08712,11821.0,6.68571,1.82395,30.03,49243.0,2.31986,-0.11692,3.38216,3.93527,1.38663,5.71647,9.29737,14.83485,14.77404,43.61431,2.71068,77.34997
LLY,21.06815,4.48271,15.81226,1.15376,11.71,23.51102,59.60163,18725.9,41.57366,101.89655,16.11,36624.4,8.30612,102.08381,23.51102,32.21109,0.58846,14.98989,25.12437,84.84217,84.26396,70.91133,1.8579,243.77644
ELME,0.0,14.257449,12.2891,0.40467,-0.15,-5.38454,0.0,0.0,0.0,14.257449,-0.15,144.373,40.98153,14.257449,-5.38454,-5.41947,0.40467,0.83023,0.86034,-1.17208,-1.17178,39.24429,14.257449,64.59359
EBS,-19.10995,6.0411,8.89134,3.68658,-3.6,-18.2637,32.84648,191.6,18.35953,32.84648,-1.58,375.4,11.40044,32.84648,-18.2637,-8.02415,1.6016,3.22139,3.85374,-33.67194,-33.67194,58.33981,3.52871,140.03728
EMR,17.43845,4.71546,37.94458,1.77499,2.82,9.17562,20.44561,4595.0,26.26915,-24.19355,4.17,9116.0,17.26146,-85.11234,11.25086,13.61949,1.32271,4.17567,5.10412,7.6456,5.93269,23.29848,1.8185,30.37551
ESRT,0.0,30.27624,6.15771,3.72922,0.28,10.18207,0.0,0.0,0.0,-6.66667,0.29,408.991,18.38791,-3.26849,6.01112,6.05934,3.72922,2.57755,2.72217,4.70595,4.57494,58.22672,30.27624,139.38748
EIG,-1.77761,1.12027,43.51916,10.09425,4.71,13.46656,-11.52941,150.4,17.07733,5.8427,4.73,146.8,15.16833,0.42337,13.46656,13.45421,10.09425,2.58753,8.76732,11.38961,11.38961,0.40075,0.02859,0.40236
ENS,-15.49241,5.65624,43.54502,2.46277,6.5,7.51272,30.57807,505.486,14.11235,52.94118,7.82,1003.064,10.27326,53.06069,7.51272,8.87892,1.26757,7.29711,9.50761,16.04664,16.01308,34.22487,1.80868,52.03316
ENR,-13.7412,6.0594,1.8911,1.80398,0.52,1.31971,2.56672,603.4,20.90059,-73.19588,3.36,1182.0,14.12236,-72.88256,1.31971,8.35636,0.8679,6.71317,8.35865,21.99134,21.99134,96.05703,5.48276,80.40272
EPAC,7.11151,5.60094,7.22742,2.87696,1.5,13.94497,7.94514,150.02,25.44825,59.57447,1.74,302.029,11.06642,84.16486,14.54581,16.03784,2.13273,11.09997,14.23433,22.8798,22.8798,36.88955,1.52727,58.45237
ENVA,20.86641,0.38162,46.37802,19.27107,7.43,13.69434,31.2268,624.965,40.8621,35.33698,8.44,1014.616,-34.55222,19.60188,13.69434,14.85534,19.01603,7.41953,8.11839,17.18825,17.18825,75.02543,5.75336,88.120735
ENOV,39.64142,6.03459,45.8554,2.1672,-14.98,-39.25825,47.12932,348.901,16.55424,77.01908,-3.27,1250.413,1.40832,77.01908,-39.16706,-8.57691,0.86049,0.86693,1.00938,-27.69246,-27.64952,35.38503,4.02493,54.7629
NPO,-0.68552,9.0172,67.99943,2.58737,3.45,6.95146,8.16674,254.3,24.24907,576.4706,3.91,444.8,14.51321,228.37839,6.95146,7.82969,1.77879,3.86947,4.54594,5.13688,5.10469,32.71794,2.73181,48.62803
ETR,1.49043,10.09466,35.11315,0.71939,2.45,8.93279,4.10445,4963.338,41.78016,-55.85586,3.25,5738.287,-14.85447,-54.78002,9.0399,11.70125,0.3682,2.7412,3.95802,7.23012,6.98908,65.55003,5.90548,190.27605
EPD,18.83592,6.60157,13.26684,0.9971,2.69,10.61919,6.85092,9124.0,16.22939,6.74603,2.69,7224.0,2.35797,6.67028,10.49645,10.37836,0.66462,5.84711,7.22092,20.92368,20.42877,52.20287,3.5479,109.21759
NVRI,14.17485,7.79138,5.1304,1.2545,-1.55,-5.06889,-12.83653,252.306,10.77013,35.298904,-1.18,440.058,1.34641,35.298904,-5.46276,-4.03558,0.79658,1.74187,2.34553,-26.54786,-23.16979,77.33319,6.07957,35.298904
EPAM,11.72121,4.97886,63.81704,2.9551,7.84,9.61376,1.34266,694.785,14.6953,11.04816,8.78,1452.843,14.07841,8.97903,9.61376,10.63864,2.79033,8.32035,10.18292,12.80356,12.79902,4.30249,0.23497,4.49593
EFX,5.43933,6.08972,38.68468,0.75109,4.84,10.68983,10.07631,1759.9,30.97816,10.0,5.68,3212.4,14.42722,10.78306,10.6335,12.3776,0.67083,5.6683,6.70293,12.94824,12.64273,50.4577,2.84704,104.0732
EQBK,0.0,94.734924,34.021,0.8382,4.0,18.775,117.18564,133.15,39.92097,700.0,4.15,220.373,42.1339,700.6777,18.775,19.2722,0.83686,1.48586,8.82217,11.97596,11.97596,34.79509,2.37625,53.36269
EQC,0.0,0.0,0.0,10.8821,0.0,2.6141899,0.0,0.0,2.6141899,0.0,0.0,30.5196,0.0,0.0,2.6141899,0.0,10.8821,0.0,0.0,0.0,0.0,0.0,2.6141899,0.0
ELS,1.57999,30.44642,9.11098,0.16116,1.96,25.11188,0.0,0.0,0.0,15.97633,1.88,807.125,30.54286,16.80644,23.95006,22.99544,0.16116,5.65665,6.30695,23.15957,23.16501,63.92454,55.965958,177.19672
EQR,-44.11234,138.80215,29.05964,0.07586,2.72,35.73471,0.0,0.0,0.0,23.63636,2.81,1885.543,46.239,23.98658,34.56208,35.51579,0.07586,2.71787,2.82697,9.38425,9.2474,42.11007,102.428986,74.93157
ESNT,-3.28055,24.37043,53.36055,10.55896,6.85,58.68539,3.99369,896.593,72.13695,5.38462,6.94,1051.706,46.71945,4.74119,58.68539,58.84882,7.0763,8.22489,9.52026,13.6258,13.6258,8.64281,0.59127,9.46046
WTRG,22.29115,7.79293,22.55556,0.49854,2.17,28.537,8.82687,1127.22,54.03447,16.66667,1.93,1221.854,-29.47848,19.48674,28.537,25.34158,0.32625,2.7162,3.50977,9.84398,9.84398,55.6572,6.90236,125.51576
ESS,-21.99544,14.60601,86.13948,0.27266,11.54,43.62299,0.0,0.0,0.0,82.59494,10.86,1254.84,45.22988,82.71965,39.87078,37.50464,0.27266,3.02938,3.15235,13.53168,14.26168,53.63896,82.261505,116.32231
EL,18.93939,9.82007,14.81506,1.38934,1.08,2.62028,-5.86855,2406.0,15.41418,-61.29032,2.53,11186.0,9.79083,-61.2326,2.49856,5.81889,0.89828,4.40211,6.2567,7.15662,6.97298,64.90093,4.08396,184.90779
ETD,-41.55654,70.45969,19.00598,2.16455,2.49,9.87526,-37.03803,93.87,14.52599,-39.70944,2.49,393.062,9.39835,-39.68641,9.87526,9.83522,1.09173,6.53479,8.0216,13.3785,13.37971,21.11716,1.3772,26.77029
EVR,5.88044,6.36791,44.80119,2.42958,9.08,13.94434,41.07229,590.894,19.72444,42.54317,10.33,2806.12,37.45135,48.06657,12.62721,13.22911,2.36613,8.9883,12.89206,23.03366,22.43306,32.22606,1.56258,47.54935
EG,20.91038,2.19034,322.6744,7.95549,31.78,8.07267,0.0,0.0,0.0,-47.20053,31.64,1625.0,-4.94179,-45.45093,8.07267,7.94349,7.95549,1.61836,4.98631,10.14145,10.14145,21.11099,89.18959,26.76036
EVRI,-61.69929,2.0099,2.96215,1.07715,0.17,1.98126,-15.45752,277.241,36.58001,-81.31868,0.49,600.072,23.53311,-82.12317,1.98126,5.49691,0.91403,3.80906,6.23524,6.2297,6.2297,79.30864,3.53839,35.620037
ES,14.28235,6.70402,41.02307,0.75526,2.27,6.88333,11.71435,4139.212,34.78093,486.23587,4.56,6151.805,-20.88462,486.23587,6.82015,13.69758,0.2857,2.93571,3.94908,5.55674,5.54912,65.80301,7.06382,192.42342
EVTC,5.81566,6.06438,7.42799,1.89182,1.73,13.57551,27.73554,293.512,34.71518,42.97521,1.67,439.07,22.81683,41.2659,13.32015,12.69794,1.58666,5.28558,6.64781,21.11327,19.8814,65.05322,3.29323,203.15237
EVH,-7.17808,5.9314,8.70372,0.84852,-0.81,-2.4121,-22.81754,117.836,4.61244,25.470268,-0.54,367.353,0.47195,25.470268,-2.4121,-2.42405,0.80808,-0.01278,-0.01758,-5.95691,-5.05612,37.46109,6.05649,59.90044
EXPD,34.01707,5.17276,16.10843,1.77103,5.72,7.65654,9.39969,1102.413,10.39962,14.17166,5.75,1410.13,4.73323,7.59613,7.64183,7.64778,1.69153,14.02906,22.78061,35.11855,35.15696,20.35756,0.51608,25.5612
XPRO,10.32808,3.47182,12.82501,1.99006,0.45,3.03117,40.44157,291.016,16.99064,37.00671,0.67,379.437,1.91379,37.00671,3.03117,4.48917,1.50873,3.66808,5.14093,3.72525,3.72525,11.98244,0.69771,13.61369
EXR,109.26829,3.7499,65.7915,0.89502,4.03,26.1043,0.0,0.0,0.0,-14.9789,4.23,2547.117,23.21689,6.40975,24.78345,25.9515,0.89502,3.53598,3.6304,6.03195,5.94736,46.98577,129.6619,88.6286
XOM,16.45762,10.34637,60.58006,1.30841,7.84,10.33554,-2.03099,63094.0,18.59825,-11.81102,7.84,104667.0,6.91576,-6.47043,9.92787,9.93268,0.95109,5.97318,8.55806,14.37759,14.51451,15.14792,0.76567,17.85215
FBK,0.0,39.37841,33.59274,0.94799,2.48,15.21879,-5.00058,231.449,30.35194,-3.50195,2.44,443.569,73.59259,-3.48433,15.21669,14.95484,0.93487,1.05066,7.28011,7.67851,7.67909,13.12388,1.02318,15.10643
FMC,7.39864,1.51473,35.94572,1.64226,3.21,9.50048,-7.62212,860.5,20.26566,-71.61804,-1.44,1648.9,20.95011,-74.18842,8.03325,-4.23932,1.16713,3.85027,5.48787,9.05556,9.02239,43.67309,4.06264,77.53504
FNB,0.0,115.087425,17.52425,0.90667,1.27,18.11656,-4.50887,836.297,32.55917,-3.05344,1.28,1515.9,57.75393,-4.02577,18.11656,18.01208,0.90112,0.99477,4.36056,7.60036,7.53452,41.90474,5.43551,72.13107
FCN,-7.43715,3.48549,62.88224,1.95277,7.81,7.57271,-4.97035,403.685,10.91438,1.29702,8.14,1181.926,11.67892,1.8902,7.57271,7.74858,1.85902,6.42075,9.37843,13.2126,13.2126,9.68415,0.59984,10.72254
FN,11.41195,5.12884,48.29838,3.60735,8.1,10.27348,8.00907,326.654,11.33048,20.35661,8.17,356.118,8.30227,19.46973,10.27348,10.2717,2.60073,8.03689,10.73511,18.42837,18.42837,0.28502,0.01528,0.28584
FDS,-4.04393,9.46088,50.39155,1.25302,13.91,24.38095,16.39289,885.211,40.18105,15.53156,15.28,1191.111,26.88483,14.7281,24.38095,26.39704,1.08033,11.84877,13.67564,30.41148,30.41148,45.155,1.77875,82.33202
FICO,9.9743,4.21691,-39.467,1.62355,20.45,29.85754,14.08522,743.944,43.31486,20.79149,20.78,1369.32,30.99618,19.43197,29.85754,29.85499,1.5181,27.84665,36.62031,123.4598,123.4598,174.61084,3.02838,123.4598
FDX,-1.05757,8.10734,112.33932,1.36331,17.21,4.93882,10.25238,10528.0,12.00552,11.17571,19.75,23961.0,2.80567,9.03827,4.93882,5.5854,1.2924,4.47962,6.01387,16.13937,16.13937,57.76175,3.58273,136.75223
AGM,1.3385,32.38927,98.96952,1.64014,16.44,12.75172,0.0,0.0,0.0,3.98482,16.59,360.582,-114.16071,3.59495,12.75172,11.10272,0.42259,3.09732,3.32934,20.66548,14.28479,94.84056,27.027943,27.027943
FRT,12.94037,5.3875,35.15715,0.33114,3.42,25.15352,0.0,0.0,0.0,22.14286,3.42,821.349,40.3545,24.56822,24.39925,23.61934,0.33114,3.13781,3.34748,10.15253,9.15297,57.11788,55.04705,140.59955
FSS,5.47798,9.73079,19.41244,2.65716,3.5,11.61966,22.58741,350.6,18.83427,36.71875,3.39,533.0,10.73865,37.42058,11.61966,11.09057,1.189,10.53327,12.91605,19.77148,19.77148,17.54606,0.71991,21.27983
FHI,-16.76727,16.41656,13.3939,2.70184,3.23,16.44698,7.51135,452.998,27.75565,-5.0,3.95,1091.607,20.15398,-10.25687,16.43987,19.22272,2.59316,12.86561,16.70289,24.13484,23.29296,28.64579,1.0198,42.18083
FERG,0.13901,8.23309,27.8927,1.80406,8.53,5.85456,-2.89389,3020.0,10.19065,-6.4693,9.35,9053.0,2.97031,-8.15246,5.85456,6.4016,0.81039,10.30599,15.64977,32.57298,32.57298,49.55991,1.82715,98.25499
FNF,34.09551,0.78837,28.19636,13.64251,4.65,10.16739,91.21406,2394.0,17.49872,143.4555,4.81,7404.0,-22.53764,145.64796,9.28295,9.52789,13.64251,1.41631,9.97838,17.32369,17.3962,35.54918,1.96575,55.15706
FIS,7.10271,4.99729,29.56309,0.851,1.42,7.80093,8.89979,3108.0,30.69023,67.05882,2.56,3804.0,39.17004,316.31546,14.31816,13.97926,0.54152,2.40047,3.24866,4.52416,4.54036,42.36629,3.71332,73.50955
FAF,0.0,187.65086,47.65534,0.51616,1.26,2.16642,-12.71186,515.0,8.41407,-39.13044,1.26,3763.5,-33.26989,-39.52952,2.14191,2.13887,0.51616,1.2125,2.66942,2.68741,2.70894,32.94135,4.69961,49.1232
FBMS,0.0,28.312145,32.26672,0.81924,2.44,18.39718,-6.90675,155.233,36.99574,2.09205,2.55,279.641,2.09415,2.30197,18.39718,19.14641,0.81754,1.13271,6.43362,7.89925,7.89925,25.35726,2.20031,33.9715
FCF,0.0,42.07848,13.80889,0.92747,1.39,20.37634,-8.90125,262.43,37.5064,-9.74026,1.4,448.502,86.43303,-9.22623,20.37634,20.39151,0.92205,1.39265,8.14302,10.4854,10.4854,21.62802,1.47764,27.59662
FFWM,0.0,12.832478,11.72481,1.0325,-1.41,-16.95156,12.832478,-25.347,-4.64977,12.832478,-1.41,96.072,22.67039,12.832478,-16.95156,-16.96737,0.90193,-0.16037,-0.79847,-9.77305,-9.34015,60.70292,12.832478,154.47182
FHN,0.0,215.51595,16.0029,0.94774,1.36,15.78215,-1.70358,1731.0,34.40668,-11.68831,1.39,3040.0,-6.85748,-13.60089,15.40449,14.92826,0.93975,1.24532,7.45233,9.19009,8.6295,35.10222,2.84691,54.08846
FR,9.78481,4.13508,20.14074,0.28955,2.17,44.01917,-0.55023,282.863,42.06723,4.83092,2.17,487.83,17.07987,4.6351,42.76487,42.71828,0.28955,3.31401,3.51003,10.99931,11.00096,44.78058,7.87276,81.09571
FE,16.08498,9.46067,21.60031,0.55553,1.7,8.3655,7.47259,3725.0,27.64994,-13.26531,2.06,9327.0,-12.72732,-11.25227,7.2595,8.79231,0.39764,2.94487,4.00977,8.54447,9.14921,63.88143,6.51436,176.86589
FI,3.99218,5.59902,47.99291,1.05958,5.38,15.54556,12.41026,8768.0,42.86273,8.03213,6.67,12443.0,21.77662,2.05346,15.30602,18.86942,0.24651,4.37254,6.81285,11.00044,10.89881,48.05239,2.92085,92.50163
FLG,0.0,0.0,0.0,0.0,0.0,0.0,0.0,0.0,0.0,0.0,0.0,0.0,0.0,0.0,0.0,0.0,0.0,0.0,0.0,0.0,0.0,0.0,0.0,0.0
FND,0.0,112.81887,20.21441,1.19948,1.9,4.62035,-8.80422,478.082,10.7295,-16.66667,1.87,1955.632,0.55619,-16.30539,4.62035,4.49373,0.24987,3.19823,4.19058,10.03973,10.03973,43.73042,3.52776,77.71591
FTK,44.55405,3.16959,3.81869,1.91503,0.34,5.61315,5.759219,13.287,7.1044,5.759219,0.36,39.386,-0.93938,-57.52033,5.61315,5.68493,1.47439,4.71964,6.28379,9.72668,9.72668,10.13736,0.96704,11.28095
FLO,-1.18971,16.12031,6.69576,1.19643,1.17,4.8617,11.19973,534.0,10.46343,101.72414,1.24,2526.267,2.97245,101.04038,4.8617,5.12725,0.64997,6.86191,8.56188,17.96708,17.96708,49.07876,2.54512,96.38171
FLS,9.35422,3.79269,15.31341,1.97843,2.14,6.60901,25.53383,600.535,13.17597,50.70423,2.63,1465.821,6.4277,51.41612,6.20384,7.58728,1.329,6.06368,9.03685,14.33955,14.9612,45.13112,2.81014,82.25268
FLR,-1.00452,8.23574,23.33524,1.68512,12.3,12.77352,38.90578,457.0,2.8011,2177.7778,2.43,574.0,2.20196,1443.1655,13.14741,2.56181,1.60534,2.97841,5.68249,72.84768,68.96095,21.66405,2.41576,27.65531
FLUT,8.88889,149.44681,52.23868,0.94641,0.24,1.15319,30.07083,2020.0,14.37927,414.5367,1.19,6702.0,9.39369,414.5367,0.30609,1.50783,0.8793,2.34774,3.08069,0.44474,1.43141,39.26146,3.60545,76.99545
FL,0.0,51.05,30.67159,1.72347,-3.51,-4.04016,-56.60377,391.0,4.78697,128.14877,-2.51,2273.0,-1.75074,128.14877,-4.04016,-2.89474,0.35709,1.62437,1.94301,-10.67443,-10.67443,50.45431,7.52685,101.83391
F,7.3308,2.87704,11.31213,1.16484,1.46,3.18608,10.84331,21569.0,11.65942,35.18519,1.98,15548.0,-1.15465,35.2427,3.17798,4.25772,0.985,3.13381,4.37973,13.42115,13.44802,78.19463,7.45802,1624.6323
BLX,0.0,39.55112,36.34609,1.42186,5.6,24.82021,22.458,234.414,28.26114,23.07692,5.6,280.844,-0.7704,23.90195,24.82021,24.80466,1.42134,1.27669,2.44454,16.20388,16.20388,77.41845,19.55719,39.55112
FTV,-1.60283,6.53845,29.86108,1.1581,2.36,13.36532,6.84608,1766.7,28.34975,-2.88066,2.73,3731.0,20.49087,-3.79995,13.36532,15.2976,0.7857,4.50514,5.4187,8.12288,8.11758,27.54948,2.19443,38.02523
FBIN,-3.70648,8.79077,19.58945,1.25282,3.75,10.23866,6.5918,949.2,20.59449,18.29653,4.04,2091.4,8.44137,16.66255,10.23866,10.93929,0.5597,7.43327,9.38916,20.01527,20.01527,53.8526,2.97767,116.69695
FET,4.12661,5.38493,26.02929,2.4554,-11.0,-16.57544,52.88416,89.425,10.95324,21.759733,-0.54,255.033,10.14046,21.759733,-16.57544,-0.81348,0.98753,2.72661,3.69946,-36.94741,-36.94741,46.00771,3.04828,85.21163
FCPT,13.36181,76.93337,14.51152,0.054,1.07,37.39091,0.0,0.0,0.0,0.0,1.07,227.474,48.24982,5.38389,37.34556,37.24335,0.03912,3.6764,3.77602,7.42522,7.4222,44.04528,28.05167,78.71594
BEN,9.69297,5.92785,23.88879,1.46449,0.85,7.25374,-7.00585,1701.7,20.30547,-50.5814,2.13,3240.0,20.61273,-47.34934,5.54621,12.94953,1.46449,2.46382,2.90454,3.80594,4.32074,47.539,7.75595,99.66246
FCX,-52.19189,28.48909,12.23452,2.41921,1.3,17.28148,13.67739,9824.0,38.5936,1.5625,1.36,10067.0,8.18602,2.21862,7.42094,7.68289,1.08315,8.10519,11.49758,11.02293,15.68607,25.283,0.99125,33.83835
FDP,1.60207,10.97206,41.52065,2.12512,2.96,3.30826,-4.98207,238.4,5.56983,33.389835,2.96,358.4,3.15231,33.389835,3.32228,3.3109,0.94504,3.18257,4.05508,7.31707,7.22541,17.00922,1.72525,20.49532
FRO,-2.22042,9.30629,10.51398,1.38674,2.23,24.17024,5.77791,1008.622,49.19184,-24.40678,2.25,1044.708,-16.97393,-24.50146,24.17024,24.42964,1.10007,6.91523,7.07963,21.46091,21.4653,61.54922,3.71397,160.07275
FF,-22.92041,9.67493,4.69879,4.94749,0.35,6.37095,-58.63686,15.615,6.41697,-58.82353,0.3,19.644,2.97497,-58.52817,6.37095,5.39568,3.97415,1.2956,1.54332,6.0124,6.0124,0.0,0.0,0.0
GATX,-8.837,7.59521,68.55464,0.82787,7.78,17.92495,14.61468,876.0,55.25071,9.26966,7.93,1170.0,-74.05314,9.64506,17.92495,17.90565,0.69888,2.50609,2.85391,12.06307,12.06307,77.51047,9.59555,100.67931
GMS,4.18586,7.70164,36.73897,2.16541,6.75,5.01788,-8.49808,584.011,10.6147,-13.68286,7.06,1776.734,5.40054,-17.09115,5.01788,5.16215,1.34224,8.01656,10.13512,20.18654,20.18654,51.2365,2.62767,105.07141
GME,0.0,71.244675,4.3788,2.11257,0.02,0.12707,71.244675,31.5,0.59741,71.244675,0.04,1294.2,-4.72496,71.244675,0.12707,0.23145,1.38448,-0.53028,-0.79569,0.50359,0.50359,31.04976,19.13651,45.03212
GCI,-9.94378,9.9235,1.03901,0.7806,-0.18,-1.05156,0.64485,237.703,9.47282,61.759907,0.25,963.731,5.44513,61.759907,-1.05025,1.41987,0.63455,2.41082,3.33507,-11.19246,-11.22978,89.39995,5.41559,61.759907
GAP,-15.0,47.34181,6.97581,1.41957,1.34,3.37162,136.9748,1128.0,7.57606,338.27713,1.36,5775.0,8.46514,338.27713,3.37162,3.37968,0.69832,3.37717,4.65038,20.79536,20.79536,67.70782,4.82358,209.67245
GRMN,20.6271,7.00182,40.77768,3.5389,7.3,22.41477,40.64748,1765.154,28.0321,8.79285,7.35,3696.555,15.5199,9.44453,22.41477,22.41802,2.32048,10.92729,13.13958,18.99586,18.99586,2.032,0.09222,2.07414
IT,5.99453,3.7331,17.56486,1.05732,16.0,20.00371,3.62499,1370.484,21.86683,44.40433,10.19,4244.389,15.15749,42.0695,20.00371,12.64684,0.92236,8.91972,18.22984,122.92511,122.92511,68.08844,2.11605,213.3661
GTES,-5.92294,4.572,11.84778,3.19612,0.74,6.46969,0.41013,710.0,20.83211,-11.90476,0.95,1360.3,11.03112,-16.31602,5.71856,7.23284,1.99044,4.38989,5.14839,6.26221,6.40597,42.83636,3.52549,74.93638
GNK,19.98877,21.58741,21.67414,2.40999,1.75,18.08348,43.60155,127.926,30.24141,26.637856,1.77,185.349,29.3413,26.637856,18.06102,18.01482,1.62514,4.38798,4.53687,8.30446,8.30182,8.76873,0.69741,9.61154
GNRC,13.91937,7.47477,41.84188,1.96696,5.39,7.37873,26.60765,707.814,16.47675,64.8318,5.58,1665.626,13.24444,47.39336,7.3633,7.73644,0.86472,6.56749,8.49342,13.08566,13.07918,35.80092,1.96762,55.76548
GD,2.03618,4.29371,81.61174,1.36816,13.63,7.92606,11.23728,5682.0,11.90796,13.39434,13.81,7364.0,4.86394,14.08748,7.92606,7.92602,0.72498,5.41603,9.20594,17.44385,17.44385,32.60943,1.87892,48.38871
GE,-22.27693,3.29898,18.01448,1.0943,6.09,17.20066,25.40107,7973.0,20.601,-23.68421,6.65,11992.0,1.95306,-30.85118,16.93969,18.64309,0.78245,2.9653,9.27875,28.55308,27.65454,51.01898,2.55588,104.1607
GIS,0.77234,11.75191,16.80683,0.65133,4.31,12.68356,15.18369,4176.1,21.03066,0.0,4.58,6951.7,8.77742,-3.75111,12.57277,13.27372,0.33507,7.19824,9.90468,25.15935,24.75465,57.9835,3.18841,138.00175
GM,15.03285,3.38823,63.072,1.12757,6.37,3.18125,17.92901,32526.0,17.35257,-12.97814,11.84,23149.0,-5.57112,-40.67345,3.20526,7.04303,0.92385,4.77412,6.80651,9.43482,8.90685,66.62715,4.02592,199.64476
GCO,31.35871,49.23173,49.7201,1.58777,-2.1,-1.01642,-52.59075,64.167,2.76032,62.872623,-0.17,1098.82,1.02172,62.872623,-0.72386,-0.08222,0.27782,0.66064,0.8068,-4.01652,-4.01097,47.79472,8.14973,91.5515
GNE,-0.08238,6.87101,7.04125,2.07124,0.57,3.57524,-17.25882,45.971,10.81157,16.32653,1.58,138.483,11.69524,-35.57171,2.96048,9.94481,1.76009,8.03026,14.93738,7.99233,8.35139,5.76284,0.23885,6.11525
G,8.59563,4.03157,13.68135,2.15837,2.85,10.77523,8.80093,782.332,16.41093,-16.42229,2.87,1690.066,8.9764,-18.62718,10.77523,10.73952,1.97438,8.8897,11.47568,22.15048,22.15048,37.68457,1.84716,60.4739
GPC,-1.82488,10.66048,31.25383,1.15568,6.47,3.84933,-6.89647,1952.923,8.31506,-30.65381,8.19,8531.102,1.60878,-31.32856,3.84933,4.85432,0.42646,5.18422,9.63691,20.6919,20.62021,58.30707,3.11636,139.84882
GNW,-5.82657,0.26294,20.15571,46.25224,0.7,5.9904,65.86433,758.0,10.39068,337.5,0.74,727.0,32.94894,293.42105,4.0987,4.40145,46.25224,0.50932,4.31713,3.86879,4.91951,14.23245,2.06464,16.59421
GEO,-3.5921,6.32791,9.52295,1.47015,0.22,1.316,-8.34803,438.255,18.08205,-69.44444,0.78,649.223,4.95692,-70.2157,1.31889,4.2261,1.3394,5.3223,6.16727,2.43393,2.43135,57.60769,4.13458,135.89185
GTY,-45.45391,1.53953,17.48384,0.30242,1.25,34.84264,0.0,0.0,0.0,8.69565,1.26,188.532,92.12763,18.14267,34.84264,33.5484,0.30242,3.43778,3.61561,7.41163,7.41163,48.85223,24.072033,95.51193
GBCI,0.0,64.3607,28.42855,0.75739,1.68,14.99208,-4.86707,420.811,33.17924,-16.41791,1.71,802.491,-16.66907,-14.70571,14.99208,15.25832,0.75595,0.8517,3.25837,6.09032,6.09032,54.20047,9.0663,118.34283
GKOS,52.43162,7.62433,13.58747,5.98725,-2.77,-38.1693,7.0084715,-66.502,-17.34167,7.0084715,-2.08,289.454,-4.30556,7.0084715,-38.1693,-28.6143,5.0537,-6.76755,-7.5331,-23.82557,-23.82557,12.13022,7.0084715,13.80476
GBLI,-23.8449,2.68283,49.97804,72.59212,3.12,9.81441,48.91509,60.12,13.64543,70.4918,3.14,80.552,21.99259,70.04601,9.81441,9.71818,72.44553,1.96326,4.99226,6.50289,6.464,1.48259,0.17251,1.5049
GIC,-3.21347,10.2325,7.35286,2.09382,1.57,4.61281,-15.82938,88.8,6.74823,-14.67391,1.56,452.0,2.95995,-13.71994,4.63561,4.54047,1.01603,9.8153,14.19779,22.63658,22.63658,22.81713,0.93581,29.56243
GPN,-3.4228,9.17959,89.58536,0.96545,6.16,16.26925,4.7945,4320.91,42.75634,63.39523,6.56,6355.078,32.81163,59.2286,15.5391,16.50669,0.61057,3.1533,3.75879,6.93626,7.02568,42.72554,3.97367,75.12213
GLOB,18.09785,4.244,44.6054,1.54459,3.72,6.99606,13.65578,386.133,15.98438,2.1978,3.75,875.93,12.17657,4.53771,6.86065,6.73752,1.47511,4.73133,6.19464,8.97402,8.84841,16.78566,1.06222,20.1716
GL,-23.67484,4.37436,63.1775,1.47765,11.94,18.53149,13.94194,1502.304,26.00011,18.57001,12.18,1888.572,21.97015,10.30198,18.53149,18.81975,1.47765,3.22809,12.58994,21.86942,21.86942,34.05337,1.82363,51.63777
GDDY,0.0,212.55098,4.90128,0.72332,6.45,20.48675,30.41029,1064.8,23.28348,-28.96476,4.81,2921.2,17.72391,-31.85191,20.48675,14.85639,0.43733,7.38198,13.58667,248.41576,248.41576,84.91105,3.65768,212.55098
GS,2.5167,0.24649,336.7699,1.18874,40.54,11.25397,20.62894,73919.0,58.27139,77.26279,41.45,43449.0,-76.59121,67.63739,11.25397,10.72087,0.75553,2.70684,5.24874,13.31437,11.9133,85.88118,10.07197,5134.8276
GRC,-2.21925,7.44289,14.25194,2.52296,1.53,6.0811,4.41677,120.64,18.28802,14.1791,1.76,204.328,9.07386,14.77497,6.0811,6.99526,1.27788,6.62894,7.54936,11.09285,11.09285,50.87183,3.20845,103.54922
GGG,1.19206,6.11694,15.25517,3.69002,2.82,23.00101,-7.63175,663.798,31.41026,-4.08163,2.91,1122.461,18.4319,-4.03288,23.00101,23.25504,2.55754,12.32248,14.71849,20.21829,20.21829,1.84797,0.0733,1.88276
EAF,-7.70414,5.52702,-0.3067,4.55086,-0.51,-24.34473,-0.15320127,-16.369,-3.03815,-0.15320127,-0.46,-17.198,1.92383,-0.15320127,-24.34473,-21.99903,2.65668,-3.91011,-4.85559,-0.15320127,-0.15320127,107.77737,-0.15320127,-0.15320127
GHC,-2.68959,9.78735,982.6087,1.74915,163.4,15.29169,30.87427,389.491,8.1298,272.8891,68.6,1466.366,3.86594,252.9841,15.1252,6.26018,1.40335,2.23114,2.92912,17.60445,17.12306,22.9875,3.4411,31.2651
GVA,-17.06552,8.38357,23.37884,1.6635,2.62,3.50444,87.16531,364.963,9.10683,170.10309,4.24,572.697,5.90946,189.79105,3.15268,4.63889,1.0634,5.10633,8.11505,12.68201,13.33533,43.55428,2.28202,77.16134
GPK,-13.26816,13.17427,10.03455,1.46295,2.16,7.47133,-9.95872,1745.0,19.81378,-7.69231,2.23,1982.0,1.20359,-8.99032,7.47133,7.69751,0.48135,6.76554,8.94815,22.71707,22.70923,64.42319,3.12665,181.08199
GTN,-1.46199,10.73343,22.92583,1.02657,3.36,10.29089,38.85506,1140.0,31.2843,129.43297,3.12,1244.0,16.46542,129.43297,10.29089,8.13392,0.90702,5.13998,6.22605,17.63047,13.50378,65.99815,4.99386,194.1016
GRBK,30.34236,171.41225,35.45804,10.184,8.45,19.87453,34.30913,481.834,22.95603,37.62215,8.32,703.521,-4.30597,34.0647,18.17977,17.64253,0.83716,14.35634,15.88995,26.9583,27.33372,16.88351,0.71591,20.86233
GDOT,-13.66492,2.17946,16.10978,0.5393,-0.5,-1.60709,-24.82695,72.654,4.37277,82.97831,0.27,1718.37,44.93287,82.97831,-1.60709,0.86983,0.52521,-0.14687,-0.80966,-3.08171,-3.08171,6.38502,0.82009,6.82052
GBX,-1.15116,6.7281,44.19785,2.13204,4.96,4.87206,36.81512,427.0,12.04615,162.43385,5.15,558.5,1.00784,156.16,4.5166,4.51873,1.08683,4.72798,5.94556,12.17167,11.34654,53.58078,4.26651,118.56046
GEF,13.26964,7.74813,44.13641,1.52741,5.68,5.42207,-15.70807,697.6,12.80446,-24.96698,5.07,1070.8,2.95103,-25.16704,4.93383,4.38145,0.93119,4.32549,5.47208,13.33896,13.55357,57.71192,4.39665,144.84534
GFF,0.10658,8.39262,4.65578,2.66333,4.23,8.00059,1.87737,511.836,19.50951,197.88731,5.27,1056.232,11.0797,170.42657,8.00059,9.55623,1.22411,11.77317,14.47247,77.72063,77.72063,88.35606,3.33405,99.75327
GPI,9.81119,32.0331,223.98524,1.02959,36.72,2.4932,-0.20102,1092.2,5.47903,-14.10526,41.23,3241.0,-0.06848,-17.1875,2.49922,2.72871,0.20534,6.95451,8.28039,17.59697,17.59697,63.77885,4.79509,176.08177
GNTY,0.0,24.053833,27.86022,0.82617,2.74,17.12426,4.84072,62.202,33.82437,7.03125,2.75,120.816,154.9058,4.99384,17.14927,17.13282,0.82568,1.13464,7.63091,10.14381,10.11077,21.09297,1.37123,26.73142
GES,-8.23523,8.27412,12.92145,1.54818,3.09,7.91193,-6.26521,202.23,7.59326,41.74312,3.11,1222.58,5.18682,32.47711,7.44191,6.2274,0.85282,3.51116,4.87345,32.51688,31.99418,61.25664,5.7489,158.22108
GWRE,-6.03721,4.23398,16.17243,1.54666,-0.07,-0.62244,31.997112,-30.121,-3.07201,31.997112,-0.09,583.361,21.16998,31.997112,-0.62244,-0.75535,1.46739,-1.54054,-1.90866,-0.48014,-0.48014,24.80434,31.997112,32.9864
GPOR,27.32142,6.88261,96.15648,0.66949,-14.72,-27.28082,-92.99036,91.273,9.52615,25.60965,-13.92,507.255,-13.81322,25.60965,-27.28082,-26.22355,0.48086,-4.82523,-5.5366,-13.4976,-13.21922,28.84636,7.76742,40.54094
HRB,24.12551,75.33013,0.649,1.26823,4.14,16.56248,5.44382,927.061,25.67789,16.29214,4.2,1618.781,16.3976,7.51616,16.48919,16.51128,1.17081,16.0004,25.03906,138.8743,138.8743,95.58752,2.11695,138.8743
FUL,-3.39071,6.2815,33.457,1.80623,2.3,3.65382,0.0,568.571,15.932,-11.19691,3.83,1074.14,7.33578,-10.11,3.64992,5.89535,1.0661,5.09822,6.49737,7.26903,7.27293,53.22589,3.66225,113.7935
HASI,-4.43082,0.2077,19.64321,6.81927,1.62,32.24651,0.0,0.0,0.0,14.08451,1.72,140.172,60.9725,34.40095,31.67784,31.47285,6.81927,2.5195,2.60333,9.03302,8.95718,64.65519,28.179173,182.92699
HCA,7.96345,6.81858,-9.99676,1.08151,22.0,9.42878,9.09163,13859.0,19.62948,15.97259,22.27,28678.0,5.54615,9.88173,8.15829,8.157,0.8445,11.39241,14.86146,2038.1978,2038.1978,98.788,3.26409,2038.1978
HEI,4.82379,6.06791,26.19983,3.10656,3.67,14.49285,30.05548,995.801,25.81354,26.11684,3.69,1501.726,9.06529,27.38209,13.32693,13.24372,1.22441,6.94887,8.16124,15.15904,14.67125,36.80127,2.37623,63.99768
DINO,-27.48326,19.20622,49.24472,1.64772,0.91,0.64381,-61.88981,1147.0,4.0133,-89.02292,1.13,1557.0,3.52772,-88.86559,0.61931,0.75942,0.69701,1.14598,1.51842,1.82032,1.87915,25.08817,2.72886,33.49026
HNI,1.21655,10.18299,17.79873,1.09843,2.88,5.52169,19.18711,325.5,12.88395,164.22018,3.13,1038.4,6.61267,183.53659,5.52169,5.87247,0.58325,7.15384,10.1653,17.42117,17.41356,37.15226,1.52627,59.11471
HPQ,20.76941,11.45157,-1.40896,0.72367,2.81,5.1812,-0.84913,5021.0,9.37471,-13.80368,3.15,11818.0,5.97635,-14.95556,5.1812,5.75786,0.40426,6.82915,27.29139,810.89856,810.89856,113.81579,2.17068,810.89856
HAE,15.30629,6.78787,18.9013,2.55974,2.29,8.98037,16.63602,320.959,24.51837,2.23214,3.24,711.915,10.26561,1.86914,8.98037,12.55008,1.2829,6.77123,8.03496,13.22395,13.22395,47.65315,2.72273,91.03347
HAL,5.28807,4.59938,12.10369,2.04661,2.83,10.96583,0.17537,5141.0,22.40673,-3.08219,2.96,4301.0,7.32436,-5.19333,10.90045,11.37866,1.27851,10.10046,13.45889,25.13947,25.18393,45.40373,1.70628,83.16269
HBI,-32.54878,7.51119,0.09647,1.37391,-0.28,-2.79392,0.0,483.33,13.78014,93.63747,0.4,1450.703,18.8192,93.63747,-9.13576,4.01591,0.47339,5.47358,7.66556,-43.23026,-43.23026,98.68455,5.27882,93.63747
THG,-0.79601,1.51516,79.15877,5.83413,11.68,6.81855,603.5583,573.4,9.19293,1155.914,11.83,1258.3,5.37123,1106.7988,6.82977,6.80888,5.83413,2.39192,10.39864,16.02668,16.02668,21.62498,1.36746,27.59167
HOG,-4.835,2.23245,25.47532,1.40454,3.44,8.58284,-25.32128,949.528,18.30662,-29.36345,3.46,1381.734,7.89281,-35.55533,8.77915,8.76854,1.12188,4.10483,4.77901,14.18811,13.88829,68.98859,7.39995,222.46193
HIG,3.91531,1.37911,56.0343,41.6873,10.35,11.76982,23.87931,4311.0,16.30978,29.86198,10.54,9404.0,15.65338,24.24121,11.76982,11.71953,41.6873,3.13497,12.11971,20.00257,19.58205,21.524,1.04639,27.42749
HVT,0.0,20.645483,18.99228,1.8158,1.19,2.76055,-51.71571,41.468,5.73635,-64.58333,1.22,439.078,1.96137,-64.56613,2.76055,2.75256,0.96009,1.90511,2.3593,6.47999,6.47999,41.52166,5.26621,71.00348
HE,0.0,53.744648,8.57617,1.61131,-10.42,-41.01536,-23.44215,520.526,16.16616,53.744648,1.1,577.62,-45.43685,53.744648,-44.22936,4.33622,1.28343,1.08401,2.52009,-69.07203,-67.85498,68.76201,6.39988,220.12302
HCI,12.02298,1.30037,42.10393,35.97925,8.89,17.02319,43.64454,192.386,25.67016,16.66667,10.59,275.941,7.17092,39.12114,14.67108,14.12605,35.85777,5.75816,17.462,28.25916,28.59387,32.94433,1.1978,49.30759
HR,-18.26325,3.94517,14.93405,0.54356,-1.81,-52.36162,0.0,0.0,0.0,38.648064,-1.04,791.615,37.85061,38.648064,-51.61875,-29.98413,0.37936,-1.34518,-1.39308,-10.85604,-10.85817,48.31349,38.648064,93.55831
DOC,189.49574,5.05291,12.01066,1.97155,0.36,9.90402,0.0,0.0,0.0,-35.71429,0.42,1623.234,26.81789,-20.54417,9.00882,10.51473,1.97155,1.55401,1.72585,3.29646,3.34495,49.905,86.69475,99.64942
HL,113.80597,40.20863,3.22837,1.08246,0.06,3.84999,138.7589,268.174,28.83824,47.251442,-0.01,381.68,-1.63524,47.251442,3.84999,-0.66763,0.38375,1.57151,1.79786,1.78673,1.7867,21.50363,2.0834,27.39442
HLIO,-8.26307,7.08795,25.95796,2.77201,1.17,4.83931,-5.29265,152.1,18.87331,2.63158,1.38,255.7,12.54033,4.0,4.83931,5.68507,1.21212,3.62992,4.10322,4.53752,4.53752,35.28002,3.09796,54.5118
HLX,-5.37989,4.87724,10.11538,2.33129,0.36,4.09529,11.53919,301.206,22.17098,31.061956,0.47,219.564,10.28494,31.061956,4.09529,5.25813,2.10737,3.10283,3.78672,3.68364,3.68364,30.3144,2.19492,43.50166
HP,3.295,6.62009,29.53928,2.66713,3.43,12.4851,-6.78295,842.725,30.5711,-17.54808,3.53,1126.382,7.5972,-20.71758,12.4851,12.65923,2.25761,5.40946,6.74782,12.09911,12.09911,38.92142,2.20584,63.72352
HLF,-15.14778,66.53031,-7.91601,0.92954,2.5,5.09303,9.48773,607.0,12.15678,76.05634,3.44,2255.8,5.60298,78.83263,5.09303,6.93085,0.40255,10.96163,17.97241,156.84836,156.84836,148.02182,4.06804,156.84836
HRI,4.61812,6.19444,49.15493,1.38078,7.4,5.91368,9.23836,1549.0,43.41368,-38.79239,12.92,1350.0,-1.71315,-39.19308,5.91368,10.28386,1.19573,6.21737,7.60025,15.81117,15.81117,78.41682,3.27437,134.9591
HRTG,47.28275,1.15536,9.50106,4.62098,2.01,7.53245,41.95621,103.161,12.62704,16.18497,2.01,178.748,-16.12472,35.82669,7.53245,7.52718,4.60696,2.53157,14.61546,24.08199,24.08199,32.70629,1.37004,48.6023
HSY,-2.81867,13.79573,23.2957,0.95673,10.92,19.82849,14.62548,3432.5,30.64113,20.5298,11.33,5311.705,10.63696,19.30683,19.82849,20.52773,0.38966,15.3708,19.70202,50.40401,50.40401,53.60601,1.58705,115.54515
HES,0.0,775.1093,36.38086,1.12279,8.98,24.44169,46.33797,7153.0,55.46681,100.0,9.03,10042.0,-0.05816,100.3618,21.47177,21.48266,0.93454,11.48186,14.27588,27.41313,29.17843,44.07585,1.32252,78.81363
HPE,5.63781,4.17156,19.12958,1.28815,1.93,8.56043,-0.15817,5050.0,16.76237,25.32468,1.66,9878.0,7.20118,27.35803,8.56043,7.2126,0.86725,2.41989,3.91131,11.21353,11.18435,44.33506,3.92396,79.6463
HXL,-6.92841,7.58772,18.86296,2.21075,1.59,6.94167,5.53441,360.4,18.93852,28.22581,2.1,469.8,10.56096,24.97635,6.94167,9.08198,1.03876,5.22891,6.27992,8.14326,8.14326,32.21685,2.01498,47.52929
HIW,1.35822,2.43547,21.6713,1.3452,0.94,12.37646,0.0,0.0,0.0,-32.3741,0.94,557.847,41.04916,-31.24567,12.13832,11.84735,1.3452,2.1259,2.22703,4.31714,4.23901,57.73678,35.336163,140.41199
HTH,-2.51997,0.17059,33.70836,0.97888,1.74,7.66544,-0.47802,322.081,20.03808,2.95858,1.74,1187.813,21.29248,3.2532,7.04348,7.04035,0.87571,1.13623,5.22983,5.24993,5.64066,37.82892,4.19076,60.84649
HGV,31.31108,1.75357,18.11414,4.27833,0.45,1.20458,3.9785,967.0,19.41377,-83.92857,2.31,1164.0,-23.20317,-84.98403,0.94359,4.72574,2.72763,4.34118,5.59307,2.43083,2.99252,78.74131,7.25853,92.67185
HLT,6.45595,7.27948,-15.41318,0.69617,6.14,13.77305,4.19087,2511.0,22.47181,41.80139,5.26,3620.0,15.56739,34.53111,13.73725,11.67424,0.62957,9.26056,18.37664,308.40875,308.40875,144.37094,4.78017,308.40875
HOMB,0.0,83.003426,19.91646,0.88723,2.01,27.43734,0.5342,667.909,45.55887,3.60825,2.01,969.021,26.78124,2.36989,27.43734,27.41254,0.88473,1.7684,7.33632,10.3776,10.3776,23.28607,1.80016,30.35442
HD,2.02775,80.64923,1.05242,1.35249,15.11,9.91884,-7.78504,24709.0,16.18469,-9.46675,15.16,50960.0,9.94717,-11.47033,9.91884,9.92005,0.3544,17.72267,25.76797,3616.9292,3616.9292,98.0408,2.11433,3616.9292
HTB,0.0,0.0,31.47866,1.03774,3.2,18.6461,0.0,115.768,39.38732,0.0,3.14,193.436,0.0,0.0,18.6461,18.07047,0.98578,0.0,0.0,0.0,0.0,27.34625,1.79391,37.63915
HMN,-8.46489,2.4341,31.50618,2.02472,2.48,6.63055,189.02196,144.8,9.33953,127.52294,2.49,523.2,9.17666,128.44444,6.63055,6.63293,1.97087,0.51861,2.70973,8.34822,8.34822,54.60155,10.69406,120.27185
HRL,0.06325,14.57935,14.57045,2.32007,1.47,6.74981,-1.95481,1344.878,11.28178,1.37931,1.58,2027.695,6.26448,1.44486,6.75322,7.26498,1.16838,5.08995,6.16381,10.23681,10.22208,27.34275,2.23969,37.63251
HLI,9.66934,10.03201,26.58258,1.36438,4.11,14.64169,0.55483,404.516,21.13013,9.30851,4.39,1788.85,2.50556,10.25792,14.64169,14.75362,1.13585,7.65485,10.94893,16.17877,16.17877,19.36872,1.09072,24.02134
HHH,-0.53979,18.11773,55.396,2.04487,5.73,16.29159,85.67076,624.693,35.68269,88.79855,6.54,790.346,2.5851,88.79855,11.29287,18.56106,2.01759,2.95992,3.39348,9.91233,9.66716,64.36513,8.21672,180.62396
HWM,2.07407,10.89443,11.09683,2.17043,2.81,15.54509,28.11245,1914.0,25.76043,53.55191,2.83,2293.0,10.67295,50.98039,15.54509,15.54024,0.82247,9.7687,12.87193,27.23735,26.8886,43.25234,1.81348,76.21871
HUBS,13.3849,8.33966,36.86298,1.67383,0.09,0.17613,116.55812,42.712,1.62555,116.55812,0.3,2234.278,23.21731,116.55812,0.17613,0.58433,1.52811,-0.98504,-1.42063,0.28671,0.28671,28.08967,17.45215,39.06207
HUBB,-2.92444,7.55859,60.79427,1.6397,14.37,13.92023,8.17538,1312.6,23.3206,2.27758,15.15,1913.4,12.86333,2.36904,13.81896,14.45421,0.86407,10.2175,13.64103,25.31365,25.38885,34.37619,1.31007,52.38371
HPP,-12.69092,3.70065,17.20334,0.34892,-2.58,-44.84492,0.0,0.0,0.0,22.330141,-1.95,378.196,22.65335,22.330141,-40.39342,-32.37229,0.33584,-0.65585,-0.68296,-13.51616,-11.31953,59.26359,22.330141,148.23732
HUM,32.87469,49.69867,135.73216,1.76014,9.98,1.0309,-27.44313,3987.0,3.38567,-50.1,13.16,17097.0,0.278,-51.50663,1.02496,1.3474,1.46638,4.06627,6.64353,7.39651,7.4108,42.67638,3.07073,74.44816
HII,-5.15516,5.92602,119.2466,1.07924,13.96,4.7681,-17.30175,803.0,6.96142,-18.2191,13.96,1450.0,-0.2189,-19.23642,4.7681,4.76831,0.97961,2.55288,3.99043,12.55851,12.55851,42.57231,4.3076,74.13202
HUN,-3.8822,8.24027,17.189,1.35783,-0.94,-1.65673,-5.63003,352.0,5.83168,61.338425,-0.39,866.0,3.12293,61.338425,-3.13121,-1.11198,0.68051,0.64406,0.84506,-5.21739,-3.0116,41.42593,6.35511,70.724
H,22.31031,6.77331,36.89219,0.83476,12.65,19.49459,4.31154,750.0,11.28159,517.0732,13.72,1402.0,3.92787,489.0909,19.49459,20.59465,0.76512,1.99277,3.5165,36.45057,35.06019,51.48364,5.41333,106.11605
HY,-1.82915,8.73963,27.27482,1.35485,8.04,3.34711,24.11348,315.0,7.31164,11.04972,9.18,895.5,3.21944,13.02621,3.303,3.71658,0.55298,8.13597,16.59138,32.90173,32.01243,52.30235,1.72,113.06344
IEX,9.64763,7.57807,49.99605,2.5293,6.64,15.43686,-2.50884,882.1,26.98544,-15.41401,6.92,1454.8,16.18484,-15.28267,15.44909,16.02558,1.75449,7.00309,8.12517,13.76753,13.75813,35.49643,2.36697,55.03018
IQV,-5.23514,4.67882,34.45202,0.83786,7.49,8.91269,6.1833,3383.0,21.9604,2.74348,8.16,5375.0,12.29065,1.10457,8.91269,9.60343,0.73063,5.29349,6.93646,22.54701,22.54701,70.47114,4.27993,238.65172
ITT,4.9115,5.6509,33.89693,1.39867,6.3,14.37188,21.68465,767.1,21.12816,26.76056,5.89,1247.3,11.36213,26.26066,14.27548,13.27022,0.85681,9.20945,12.53464,19.59628,19.6583,21.4543,0.98618,27.31441
IDA,7.46194,8.90363,61.72777,1.41047,5.5,15.87352,8.33913,551.249,30.17842,7.00389,5.5,564.059,-28.09469,10.71192,15.83099,15.82072,0.8719,2.31325,3.37229,9.27059,9.27443,47.93895,5.57581,92.08219
ITW,-4.22671,5.20052,11.27891,1.35933,11.71,21.93987,2.57046,4549.0,28.61366,20.22587,9.9,7040.0,16.39829,17.95739,21.93987,18.48233,0.93872,16.94867,22.75771,110.2402,110.20537,70.89074,1.77578,243.53331
IMAX,-5.37115,1.10428,5.65607,23.06216,0.48,9.28485,-9.16409,86.097,24.44493,4.34783,0.55,193.597,25.93478,2.85771,7.39875,8.2217,20.92552,3.61771,4.69649,9.10188,9.03615,42.37453,3.23029,73.66681
IRT,0.0,34.3059,14.91208,0.22994,0.17,6.25143,-7.06323,131.144,20.47903,34.3059,0.19,374.871,38.61313,34.3059,6.13556,6.66974,0.22994,1.31475,1.3484,1.14325,1.12102,39.51706,17.811,65.33588
IR,9.60752,5.23063,25.26559,2.28902,2.06,11.69731,13.72641,1934.6,26.73946,8.42105,2.39,3170.0,13.86766,7.69231,11.59088,13.32586,1.64264,5.40832,6.49563,8.40163,8.42425,32.70562,2.57381,48.60082
NGVT,-23.65424,8.25594,5.37001,1.86747,-11.85,-30.59585,-7.59241,370.0,26.30831,33.13963,3.2,461.0,15.28726,33.13963,-30.59585,8.26462,0.91026,7.16223,8.72032,-104.11324,-104.11324,88.16898,3.93162,33.13963
INGR,-17.68889,7.24525,58.97674,2.61905,9.71,8.80215,3.73198,1223.0,16.4603,1.14583,10.5,1791.0,15.2574,0.62208,8.70794,9.25639,1.64013,8.3604,10.63359,17.62463,17.61616,34.69736,1.66394,53.23045
VATE,-24.8341,3.22629,-13.6038,0.80932,-3.08,-3.58595,4.69697,69.1,6.24153,20.240881,-2.67,208.8,3.00447,20.240881,-3.12528,-2.57956,0.72402,2.33886,3.73627,20.240881,20.240881,124.96959,10.4081,20.240881
IIPR,3.63636,14.26362,67.50064,2.66213,5.52,50.59733,0.0,0.0,0.0,-4.33276,5.58,280.045,60.71204,-2.37155,50.59733,49.29534,2.66213,4.79075,5.08824,8.39494,8.31369,13.37435,27.902994,15.43924
INVX,-13.8839,2.50036,13.85059,3.94319,2.77,21.23553,276.58838,119.435,18.07422,13750.0,1.91,232.631,8.07272,23132.615,21.23553,14.37321,2.08795,4.95515,5.6607,15.25756,15.25756,8.67956,0.76249,9.50451
NSP,19.61583,8.75312,2.60753,1.08031,2.42,1.38277,-38.37486,161.0,2.44644,-45.8613,2.44,1052.0,7.3737,-46.90224,1.38277,1.4089,1.01192,3.10071,13.40103,95.47591,95.47591,82.39564,2.81988,62.019745
INSP,3.54234,8.77612,23.19082,7.12767,1.75,6.66526,40.048897,42.633,5.31051,40.048897,1.8,679.818,7.81238,40.048897,6.66526,6.67329,6.08597,3.03689,3.41994,8.47863,8.47863,4.40659,0.74574,4.60972
IBP,2.65934,6.37957,25.40798,2.93844,9.1,8.72403,4.70334,491.2,16.7001,5.69106,9.5,994.5,8.60036,5.29339,8.72403,9.05331,2.21365,12.05088,14.71877,37.30736,37.30736,58.10763,1.99165,138.70692
IIIN,-8.06635,8.69448,18.03696,5.683,0.99,3.64797,-26.16365,35.454,6.69957,-40.36145,0.99,49.632,5.72262,-40.44424,3.64797,3.64835,3.63998,2.87924,3.40378,5.272,5.272,0.47881,0.04761,0.48111
ICE,9.0776,8.23599,48.16551,0.99489,4.78,23.82451,14.7257,5960.0,50.67596,14.08115,4.73,9279.0,29.23646,16.30068,23.41638,23.04472,0.04545,2.00808,5.69082,10.32157,10.47359,42.79818,3.47987,74.87905
IFS,0.0,0.0,0.0,0.0,0.0,0.0,0.0,0.0,0.0,0.0,0.0,10.28978,0.0,0.0,0.0,0.0,0.0,0.0,0.0,0.0,0.0,0.0,0.0,0.0
IBM,-0.80617,4.34142,29.47997,1.04043,6.42,9.55811,1.16983,12540.0,19.98311,-21.22699,9.52,35552.0,14.82738,-19.71474,9.59795,13.98376,0.90963,4.02555,6.5145,24.13724,23.98912,68.06896,4.6567,213.1749
IFF,-5.90962,6.85612,54.26672,1.84468,0.95,2.15082,7.3278,2197.0,19.13097,297.07834,2.61,4124.0,-6.30987,297.07834,2.11599,5.81818,0.51812,2.47716,3.01549,1.70604,1.73012,40.88475,4.37915,69.1611
IGT,-46.28378,3.68059,8.18393,2.29438,0.57,10.78822,-39.98712,932.0,37.10191,-25.97403,0.71,1170.0,-105.25975,123.07692,13.8535,5.7094,0.44399,4.39305,5.89768,7.56058,13.50274,72.70199,5.88949,266.32703
IP,-5.34514,5.84309,23.52504,1.50869,1.57,2.99157,-11.10116,1986.0,10.66652,82.55814,1.69,5332.0,6.62898,93.40278,2.99157,3.15145,1.06435,2.49398,3.4993,6.74008,6.74008,49.86505,4.09315,99.46164
INSW,-24.94042,4.39863,37.72915,2.87412,8.38,43.79133,-18.9122,574.996,60.4233,-25.51111,8.5,627.603,19.35692,-25.10971,43.79133,44.00896,2.725,10.31258,10.5774,23.32755,23.32755,27.71799,1.23782,38.34702
IPG,-3.45127,1.3487,10.1971,1.0869,1.83,6.69398,-2.77619,1698.5,15.88616,-35.78947,2.41,2055.3,7.26697,-37.22688,6.44893,8.45733,1.02227,4.78678,10.65928,17.81654,17.991,52.10969,2.50492,110.09445
IPI,1.75749,11.43613,36.75178,4.83549,-16.53,-83.56891,-23.15468,32.461,12.7451,-6.924402,-1.01,33.039,-1.32752,-6.924402,-83.56891,-5.10762,1.72489,-0.58447,-0.67994,-36.73478,-36.73478,0.88752,0.13087,0.89546
IVZ,0.0,148.71707,23.54777,1.34536,1.18,12.40152,17.69269,1198.7,19.75771,148.71707,1.49,1700.5,15.38878,148.71707,12.77073,11.2235,1.34536,2.27711,2.6442,7.33139,4.76432,32.50629,6.29549,49.89652
INVH,0.0,105.42561,15.92668,2.14286,0.74,17.57829,-5.73109,644.723,24.888,-12.94118,0.87,1517.734,35.55571,-12.61921,17.52239,20.57209,1.9415,2.07621,2.14072,4.55906,4.55754,45.6811,12.7734,84.09799
IRM,2.50455,4.82118,-1.71367,0.5478,0.61,2.98648,12.06758,2113.821,34.37158,-3.1746,1.16,3453.36,-4.65718,-2.21349,2.92941,5.53347,0.47448,4.1893,4.84084,271.21194,225.05743,101.40312,7.74394,271.21194
SJM,23.24297,12.261,72.45136,0.52296,7.13,9.0968,21.74713,1919.1,23.46461,247.43048,8.49,3118.3,7.38657,247.43048,9.0968,10.80623,0.21281,5.27894,6.65536,9.93013,9.93013,52.66166,4.45996,111.24527
JBGS,-10.04392,2.7523,21.40897,0.89928,-1.65,-32.214,0.0,0.0,0.0,19.420193,-1.74,273.411,25.06368,19.420193,-26.01108,-27.85385,0.87414,-0.58598,-0.60745,-7.11946,-7.21799,53.93805,19.420193,144.5203
JBTM,15.99169,5.5,48.49265,3.47955,2.63,4.93007,7.93709,295.1,17.19697,-34.57711,4.59,626.5,12.86568,-85.34157,4.97669,8.55944,2.92101,4.19851,5.13295,5.57845,5.57845,45.47894,4.36496,83.41536
JELD,-24.82397,8.34303,7.32475,1.91986,-2.21,-4.96823,-49.29794,156.391,4.14216,46.271717,-0.38,683.174,2.05415,46.271717,-5.00637,-0.85539,0.88763,1.12822,1.51409,-25.50882,-25.50882,68.06561,8.4507,213.14207
JPM,0.0,12080.171,116.0658,0.74669,19.75,20.97216,16.67495,110392.0,39.59498,21.68823,20.08,166775.0,20.96848,17.99927,20.97216,20.69845,0.74405,1.62559,6.11421,18.70527,17.38563,68.79465,6.88497,220.45782
JBL,-1.66596,6.22076,15.27114,1.08564,11.17,4.8056,-15.28991,2133.0,7.38497,85.54817,6.43,2676.0,7.55462,69.68215,4.8056,2.7249,0.57987,4.88443,15.28854,60.30849,60.2954,67.52057,1.69292,207.88716
J,-20.04476,3.59165,36.61425,1.19997,4.79,5.61513,-27.75836,1091.491,9.49045,-9.79284,4.21,2842.046,11.54587,21.07553,7.00893,4.58757,1.16228,4.05592,5.64747,11.04581,10.234,33.81186,2.52148,60.25806
JHG,0.0,109.50591,29.0434,3.59116,2.56,18.01714,35.74831,683.9,27.65243,8.01688,2.65,1590.5,24.54614,4.31122,16.53324,16.6509,3.40041,6.16098,7.67149,8.95768,8.96706,8.73492,0.71136,10.31135
JEF,9.72209,0.88911,49.42345,1.62692,2.96,6.77458,43.79281,4706.412,44.75874,169.09091,3.05,5529.534,-31.38286,167.7044,7.06969,6.29659,0.93582,4.58614,6.13573,7.4167,7.11358,78.77655,8.06438,470.90225
WLY,-27.70628,7.01075,13.59123,0.51993,-3.65,-10.69516,1.06971,393.805,21.02551,85.37509,2.78,1322.074,15.21527,85.37509,-10.69516,8.15527,0.35218,5.13452,8.42531,-22.44794,-22.44794,54.53475,2.25309,119.9482
JNJ,-0.20843,5.97819,29.70184,1.11073,5.79,15.83635,-3.70224,29288.0,32.97418,11.34615,8.32,61785.0,20.25633,-59.98635,15.83635,22.54955,0.78226,7.89165,13.30371,20.05647,20.05647,33.88147,1.25082,51.24353
JCI,0.74925,3.80725,24.28501,0.93509,2.08,6.14761,-25.09284,2824.0,12.30394,-22.67658,3.2,8077.0,5.50769,-7.78799,7.42855,9.39421,0.57867,2.95513,4.48134,8.62053,8.05021,38.13783,3.79001,61.64968
JLL,8.98902,4.7153,142.81044,1.04675,11.3,2.33347,25.27305,1147.0,4.89483,141.97002,11.9,12141.7,1.40758,142.59094,2.33347,2.41185,0.98869,3.39338,5.75196,8.37026,8.21947,29.93141,2.56792,42.71729
JNPR,11.41653,4.5969,14.38425,1.45556,0.86,5.67447,-30.94612,525.5,10.35754,-9.47368,1.0,2981.5,15.23893,-7.18891,5.67447,6.44907,0.97048,2.32889,3.54764,6.20682,6.20682,27.28737,3.41656,37.5277
KBH,17.27671,171.55801,56.27473,9.21652,8.45,9.4518,5.64185,822.894,11.87423,20.19915,8.57,1504.243,0.77314,10.9867,9.4518,9.24423,1.43218,7.22901,8.69066,16.64435,16.64435,29.66416,2.08115,42.17503
KBR,0.0,103.49003,10.97134,1.05107,2.79,4.92121,16.03448,673.0,8.69284,103.49003,2.92,1103.0,4.98741,103.49003,4.84371,5.05399,0.97082,5.77568,9.04405,26.4457,26.63404,66.18257,4.26597,195.70552
KKR,29.15981,0.34853,26.62769,1.98324,3.28,16.41889,-3.79559,9344.838,31.2741,-19.8044,3.47,12954.353,-18.58693,-17.57691,10.29518,10.30093,1.97468,1.69147,5.18867,13.22824,8.15203,45.10271,5.4496,84.3146
KREF,-19.08796,0.09208,19.57242,19.01457,0.19,5.77763,4.5887,447.488,75.31744,47.441776,0.19,77.518,236.53093,47.441776,5.99038,2.21926,19.01457,4.02475,4.06464,2.58887,2.44925,77.78679,10.94696,47.441776
KAI,13.05387,6.94925,72.12047,2.30901,9.48,10.68499,11.50488,224.369,21.29983,-4.24242,9.76,471.337,9.40979,-3.85202,10.59424,10.87663,1.41567,8.3836,10.43936,13.77048,13.7734,27.33708,1.43889,37.62178
K,1.70732,10.27731,10.93857,0.80558,3.88,10.63613,23.6909,2433.0,19.08385,72.44444,4.23,4699.0,4.33662,41.21977,10.53416,11.38042,0.47554,8.26426,12.83613,38.64748,37.40174,62.03052,2.60666,163.3694
KMPR,-0.41999,3.26655,43.67795,6.61755,4.91,6.71062,3551.3157,555.0,11.91806,271.18768,5.42,1626.1,8.3158,271.18768,6.82443,7.46984,6.48017,2.46964,7.65671,12.00695,11.81631,34.13838,2.60036,51.8335
KMT,-1.46528,6.70979,16.04687,2.4103,1.37,5.55186,-2.86978,321.062,15.68529,-6.16438,1.49,627.093,8.66987,-7.71237,5.34091,5.77904,1.03563,4.61234,5.99209,8.65814,8.73232,33.38346,2.01131,50.11288
KW,-11.41878,1.60884,5.90427,1.32308,-0.56,-6.34174,-0.36765,216.8,40.79789,43.554214,-0.55,354.0,-9.13154,43.554214,-6.21001,-14.26015,1.28889,0.58355,0.63256,-3.71475,-1.9625,74.56072,22.11716,293.0929
KEY,0.0,266.40347,14.16353,0.79334,-0.32,-1.76483,-60.17131,1116.0,12.08315,266.40347,-0.32,4239.0,139.87115,266.40347,-1.74318,-3.28995,0.78811,0.37156,1.97143,-1.17211,-0.99351,44.80581,13.22133,81.17848
KEYS,-4.77778,5.66762,29.5798,2.98318,3.51,12.33179,-23.11496,1244.0,24.98494,-40.60914,4.77,3133.0,13.4766,-41.91107,12.33179,16.66961,1.96006,6.82375,8.86717,12.58326,12.58326,28.4513,1.63183,39.76494
KFRC,-7.59892,6.25808,8.04632,2.00438,2.68,3.5874,-22.78963,75.643,5.38266,-14.377,2.71,385.445,5.97549,-17.45559,3.5874,3.58182,1.92108,12.17514,20.81184,32.14174,32.14174,23.53744,0.62922,30.78296
KRC,-2.43559,2.5029,45.5924,0.65758,1.77,19.85323,-1.66252,386.069,32.90227,-1.66667,1.73,762.758,34.48694,-0.59932,17.97958,17.34584,0.65758,2.08673,2.21085,3.90315,4.13458,45.72967,12.24182,84.26275
KMB,-6.54912,10.44688,2.53165,0.79669,7.55,12.85273,5.39699,4062.0,20.25127,44.91363,7.33,7324.0,11.87494,44.27438,12.6882,12.26417,0.45917,12.10165,22.23502,290.0285,244.82431,88.6177,1.93969,531.8621
KIM,79.44802,3.55577,15.67715,1.33478,0.55,19.68585,0.0,0.0,0.0,-46.07843,0.58,1399.361,29.62321,-37.21505,19.27969,18.28096,1.33478,2.4191,2.52777,4.07162,4.07786,44.2328,71.40936,79.66857
KMI,0.0,641.82776,13.7425,0.49422,1.17,18.01325,2.24615,6646.0,44.01325,10.37736,1.17,7791.0,8.66887,9.28482,17.30464,17.20133,0.33719,3.76684,4.18683,8.59017,8.554,50.21559,4.83644,100.8661
KFS,-4.66537,9.80302,0.31002,3.8627214,-0.34,-7.18779,-3.14136,6.845,6.06439,3.8627214,-0.23,77.15,5.36825,3.8627214,-8.21462,-5.54093,3.8627214,-0.04944,-0.12774,-50.32944,-37.81139,76.69159,8.79752,3.8627214
KNSL,22.21466,3.65383,63.74875,10.18353,17.78,26.13143,33.46647,530.652,33.42637,34.49319,17.92,408.479,13.79944,34.64863,26.13143,26.13513,10.18353,7.57606,22.3275,32.27857,32.27857,11.04059,0.34697,12.41081
KEX,-6.99347,6.42542,58.53979,1.45431,4.91,8.78466,27.42839,693.515,21.23519,31.98925,5.5,1009.219,7.73973,28.60565,8.77887,9.75875,0.83183,4.89445,6.44655,8.7715,8.77368,23.9987,1.52678,31.5767
KRG,11.01421,7.03331,15.07787,0.95485,0.02,0.52529,0.0,0.0,0.0,-90.90909,0.02,624.348,4.66996,-91.42911,0.48425,0.52247,0.40617,0.9894,1.04823,0.11834,0.12517,49.11938,27.544962,99.39541
KNX,-9.98114,8.65773,43.9107,0.84883,0.73,1.5666,-0.64871,1023.058,13.80631,-45.52239,0.62,1803.658,-2.53665,-45.83166,1.58738,1.35326,0.71137,1.12565,1.39057,1.65713,1.63261,31.53031,3.20343,46.05003
KN,-22.39468,4.60674,8.65395,1.82895,0.26,4.22764,1.2,101.2,18.28365,-67.08861,0.37,243.9,37.99232,15.706573,-42.96296,5.94273,1.18978,3.0802,3.47192,2.61438,2.61438,21.98142,2.10474,28.1746
KSS,0.0,420.2937,35.07207,1.30551,2.85,1.81392,39.08918,1466.0,8.38865,420.2937,2.88,6978.0,3.36533,420.2937,1.81392,1.81277,0.134,3.16093,3.96606,8.28109,8.28109,65.4539,5.03138,189.46828
KOP,-5.23715,10.61441,24.09645,2.08901,2.46,2.32303,-2.83546,243.3,11.62946,-40.57971,4.2,422.6,3.1141,-41.25561,2.50466,4.1474,0.72345,5.89822,7.46281,10.61158,9.79839,67.63518,4.20016,208.97751
KFY,-5.01878,5.03416,33.33894,1.79147,3.23,6.1728,-15.345,374.319,13.39003,-18.22785,4.35,605.586,9.38158,-19.26941,6.05093,7.94187,1.67515,5.1072,8.16623,10.00577,10.1796,25.03746,1.55019,33.39997
KOS,22.09365,14.99846,2.54384,0.74987,0.4,11.33197,-2.38975,924.782,55.19907,-9.09091,0.45,1145.048,-17.42231,-11.08514,11.33197,12.64684,0.42009,5.70902,7.90339,17.00594,17.00594,69.6916,2.98478,229.9415
KR,-4.38675,68.66774,16.13194,0.80633,2.96,1.44562,8.21178,8012.0,5.33995,-3.26797,4.98,34453.0,2.26524,-3.56506,1.44229,2.38314,0.32594,6.10094,9.96956,19.9843,20.0694,62.39302,2.40227,165.90811
KRO,-1.52134,7.0559,7.10213,2.31914,0.75,4.56786,34.591694,183.5,9.72392,34.591694,0.65,361.3,2.51378,34.591694,4.56786,3.9611,0.84264,4.56817,6.54928,10.60727,10.60727,39.25651,2.87738,64.62668
LHX,-2.80163,4.88657,102.8162,1.07664,7.87,7.09027,8.62792,3626.0,17.00352,22.20497,9.76,5524.0,10.92204,22.41239,7.04338,8.68674,0.69383,3.5011,4.48437,7.84765,7.87336,39.86609,3.5797,66.29552
LCII,-7.05473,18.06182,54.46672,2.81575,5.6,3.81874,34.77092,343.93,9.19302,122.22222,5.61,879.715,7.70387,122.5516,3.81874,3.81582,0.88658,4.65995,5.63146,10.42094,10.42094,41.79446,2.89551,71.80497
LXP,2.40356,4.09409,6.80569,2.06709,0.13,12.05672,0.0,0.0,0.0,62.5,0.13,297.447,58.74214,46.57539,12.53494,10.66528,2.05163,0.95539,0.98882,2.15018,1.95315,42.80377,27.908325,74.8367
LZB,2.49655,11.85974,23.63487,1.91366,2.83,6.08864,-21.12481,206.709,10.09801,-18.67816,2.99,885.97,7.77395,-18.60962,5.99044,6.263,1.19521,5.23497,6.8392,12.61001,12.68265,32.22176,2.33058,47.53997
LH,-0.081,6.20106,96.54916,1.44331,8.84,5.74299,-0.95625,1781.5,13.69447,104.15704,11.49,3624.4,6.75048,78.4689,5.73454,7.4104,1.08573,4.05223,4.87425,9.36762,9.36392,47.41286,4.0824,90.32066
LADR,-50.04615,0.21291,12.07677,5.29115,0.86,21.4365,0.0,0.0,0.0,6.17284,0.86,205.905,25.152193,7.05068,21.5977,21.54607,5.29115,3.9442,4.07756,7.05663,7.01091,67.28975,25.152193,205.71458
LW,2.67882,8.81265,12.44406,1.28687,4.98,11.21745,29.9385,1436.6,22.21226,-28.34532,5.39,1787.4,-1.26728,-28.09,11.21745,12.07575,0.50182,10.25074,13.1984,45.35651,45.35651,68.9397,2.76215,221.95436
LVS,-16.78005,27.94555,4.02625,0.73953,1.96,15.51816,5.7127,3812.0,33.76439,22.5,1.88,8971.0,10.22476,18.42752,12.8078,12.23915,0.70109,7.19772,8.60466,41.30249,48.23789,81.52047,3.65687,570.66034
LAZ,-1.14073,3.92181,7.04593,1.5287,2.68,9.64497,65.81095,408.918,13.75617,166.38423,2.52,2758.294,13.86188,166.38423,9.41635,7.89575,1.49206,4.93924,8.15417,52.81364,42.96393,74.17885,5.37287,166.38423
LEA,-1.63531,6.023,83.08821,1.31891,8.97,2.53926,-0.33091,1716.8,7.36634,-7.33471,12.7,1776.8,3.58057,-11.51092,2.17369,3.05926,0.89919,4.77013,8.20228,10.81266,12.25056,43.18561,2.0371,76.01174
LEG,-10.95769,8.20976,5.12946,1.99728,-3.73,-11.66621,-22.42107,385.8,8.80099,63.279785,0.5,749.1,5.80202,63.279785,-11.66849,1.56606,1.07467,3.78792,5.0134,-50.57596,-50.5286,74.79918,5.31001,296.81253
LDOS,8.89255,6.5676,33.63728,1.21182,9.22,7.5081,33.01827,2111.0,12.66955,540.2778,9.54,2798.0,6.32277,530.15076,7.52611,7.67231,1.02053,8.82302,11.69347,29.11877,28.69924,54.83087,2.56466,121.39014
LC,1.7769,0.23527,11.83351,0.7233,0.45,4.42146,20.13116,128.598,11.07717,25.0,0.49,275.781,130.3178,31.82157,4.42146,4.71594,0.65389,0.4835,3.51139,3.95828,3.95828,2.08008,0.22164,2.12427
LEN,-2.17741,20.45568,103.90271,6.26717,14.31,11.19496,-10.52845,4965.501,14.01043,4.22433,13.92,7979.268,4.51229,-0.15178,11.09586,10.68383,1.43553,7.52661,9.42652,14.44435,14.50082,13.70805,0.89646,15.88567
LII,11.18399,8.50729,23.88471,1.43471,22.54,15.10681,22.41732,1136.4,21.27572,36.2757,22.71,1771.9,11.53558,36.73954,15.10681,15.13632,0.82495,20.75924,31.35388,142.1224,142.1224,63.64803,1.30993,175.08823
LNC,2.00265,0.33866,42.74538,6.28469,18.41,18.67054,249.91129,0.0,0.0,249.91129,17.49,4604.0,17.37928,249.91129,18.67054,17.0101,6.28469,0.6099,16.91989,49.65883,43.20011,43.02742,249.91129,75.52304
LNN,-17.91763,4.5649,44.33419,3.92011,6.01,10.91416,-20.13482,94.308,15.53484,-8.10398,5.5,191.055,8.65245,-8.45825,10.91416,9.94409,2.47012,6.35902,7.93348,14.14926,14.14926,21.84147,1.42497,27.94509
LAD,8.78075,31.48757,252.10226,1.1864,29.65,2.24416,-3.85998,2032.4,5.5514,-18.29705,30.22,5576.4,-0.85395,-19.86411,2.19062,2.2287,0.25938,5.22329,5.82875,12.46367,12.67676,67.63731,6.86863,208.9978
LYV,-15.55001,12.1349,0.73929,0.99272,2.74,4.88488,15.8627,1818.318,7.8526,100.0,4.26,5827.471,4.45719,102.06654,2.75618,4.23365,0.84262,4.09553,7.87399,366.25314,66.02865,80.96028,4.54912,366.25314
LOB,0.0,31.212461,22.02496,0.93728,1.69,8.35087,-9.60343,187.28,20.20165,3.04878,1.56,402.944,8.18451,4.8391,8.35702,7.57407,0.90769,0.84658,10.00826,8.14789,8.12281,10.32881,0.61719,11.51853
LMT,-0.04571,4.63985,27.0641,1.12508,22.31,7.51094,-14.24858,8576.0,12.07156,-19.01996,22.68,7017.0,7.8968,-22.89017,7.51094,7.60757,0.91612,8.11604,16.4805,81.04496,81.04496,77.1792,2.49744,692.3692
L,8.43131,1.66231,79.48766,95.55721,6.41,8.6664,12.39954,2937.0,17.03695,1.90779,7.46,6427.0,1.83378,-1.3947,8.20233,9.53153,95.55721,1.82528,5.52877,8.62984,8.67042,34.2654,3.18352,52.12689
LPX,-3.92157,29.41,23.85714,2.85953,5.89,14.28086,44.15584,666.0,22.64536,139.4309,5.75,831.0,12.59776,135.95506,14.28086,13.88133,1.57525,13.45885,16.90715,26.03037,26.03037,18.53659,0.57057,22.75449
LOW,0.0,2127.246,-26.21951,1.22501,13.2,8.94451,-8.36923,13401.0,15.51455,29.79351,13.12,28844.0,5.69524,20.02486,8.94451,8.84013,0.07888,16.78011,29.37954,2127.246,2127.246,159.9721,2.99567,2127.246
LUMN,0.0,508.11115,0.45725,1.20748,-0.06,-0.41959,-14.45558,3669.0,27.99054,508.11115,-0.21,6405.0,-6.62859,508.11115,-0.41959,-1.58234,0.99505,1.3201,2.15825,-12.48581,-12.48581,97.63048,5.21068,508.11115
LYB,-6.1306,11.85527,38.47603,1.82938,4.14,3.38197,-15.87654,4170.0,10.34688,-36.11111,6.41,4564.0,4.7448,-35.66698,3.37452,5.1691,1.03475,4.75284,6.70448,10.68053,10.62934,50.65658,3.09904,103.59949
MTB,0.0,610.50525,160.91086,0.93133,14.64,19.23735,-4.9723,4995.0,37.12927,-7.28309,14.73,8669.0,-3.12663,-5.5819,19.23735,18.22817,0.93112,1.34706,6.63286,10.03509,9.2455,33.0697,2.87127,49.40917
MHO,0.0,100.09369,108.62347,7.11929,19.71,12.51424,19.96784,716.208,15.89923,21.59161,20.29,1185.191,1.10697,21.1361,12.51424,12.51136,1.464,10.29623,11.91066,20.66207,20.66207,26.06861,1.44727,35.26054
MBI,-3.97878,0.28958,-40.98489,0.57801,-9.31,-27.62473,0.0,0.0,0.0,-27.62473,-9.31,-161.0,-53.27103,-27.62473,-27.62473,-27.62473,0.57801,-4.37264,-105.96447,-27.62473,-27.62473,-27.62473,-27.62473,-27.62473
MDU,-70.90494,2.88883,13.19329,0.98182,0.88,10.30007,-27.18301,465.72,26.4918,-62.71186,0.89,571.936,4.82912,-32.21528,15.99042,10.32104,0.50281,2.23274,3.20633,6.47174,6.47174,46.00693,4.92272,85.20896
MFA,-3.03286,0.0826,18.04024,3.22112,0.82,16.07928,0.0,0.0,0.0,78.26087,0.83,244.302,37.65494,48.75879,16.07928,11.58182,3.22112,3.22994,3.32957,6.3748,6.37415,83.31454,26.296465,26.296465
MTG,-27.75174,3.27802,20.81866,113.07382,2.89,63.17582,6.8639,1008.511,83.50461,16.06426,2.92,1035.635,63.79394,7.01944,63.17582,63.26883,113.07382,9.59366,10.88589,14.89584,14.89584,11.08239,0.63923,12.46366
MGM,8.68083,22.35536,10.27088,1.30191,2.4,6.17503,-0.19958,2368.206,13.73626,-24.76489,2.32,7847.004,2.45204,-35.01295,4.31339,4.13668,1.1769,2.27114,2.68418,21.76123,26.32739,89.54295,13.45056,451.76474
MRC,-12.09302,7.45297,6.05321,1.81299,0.57,2.5905,-20.25862,185.0,6.14414,-45.71429,0.7,620.0,9.44454,-51.75439,1.82664,1.97841,0.86811,5.16382,7.36789,15.53785,11.47903,52.91971,3.13514,112.4031
MSA,-5.2481,6.30134,29.03082,2.7874,7.21,15.76023,4.49914,468.524,25.91193,387.16217,7.51,860.445,11.71705,386.43292,15.76023,16.35251,1.54225,11.57176,15.20088,27.10122,27.00954,33.089,1.20676,49.45225
MSM,-5.35091,9.01654,24.89709,1.9624,4.58,6.69878,-14.16463,486.514,12.7328,-25.04092,4.81,1572.783,7.96024,-24.65934,6.76779,7.08191,0.72958,10.13673,12.73995,18.01446,17.68964,28.84925,1.16785,40.54666
MSCI,-2.24476,3.44057,-12.09077,0.84761,14.05,38.83327,12.83831,1717.934,60.14906,-2.36275,14.19,2341.746,42.62963,-3.43586,38.83327,39.10521,0.77574,17.52288,25.18763,213.14049,213.14049,125.29034,2.71071,213.14049
MAC,-15.33045,4.25497,10.89844,0.33175,-0.88,-27.42102,0.0,0.0,0.0,29.121582,-0.93,469.031,5.35008,29.121582,-26.92925,-28.62111,0.33175,-2.85061,-3.0875,-7.46112,-7.36179,64.05159,29.121582,178.17642
M,0.0,475.46075,15.08604,1.37449,0.38,0.43996,-49.14103,1273.0,5.33395,-90.93079,0.54,9642.0,-0.35092,-91.07901,0.43996,0.62041,0.29955,1.41943,2.25366,2.55506,2.55506,60.52104,4.98193,153.29948
MAGN,0.0,0.0,0.0,0.0,0.0,0.0,0.0,0.0,0.0,0.0,0.0,237.0,0.0,0.0,0.0,0.0,0.0,0.0,0.0,0.0,0.0,0.0,0.0,0.0
MTW,-6.63558,8.08013,18.21882,2.02172,1.56,2.56198,-26.75414,128.4,5.89532,43.11927,1.92,375.0,2.05349,42.34694,2.56198,3.10497,0.65001,2.43191,3.85149,8.97539,8.97539,41.286,3.50545,70.31714
MAN,-11.03106,3.91224,45.46077,1.12017,3.01,0.81439,-18.71483,447.8,2.50814,71.02273,4.18,3086.8,2.18384,63.4009,0.81271,1.11911,1.08328,2.65102,6.34361,6.67357,6.6682,38.4809,2.97097,62.55113
MPC,-1.06952,20.17786,56.15506,1.17381,10.08,3.64889,-45.98251,8585.0,6.18231,-57.34236,10.11,13096.0,2.5949,-64.41483,2.48085,2.47537,0.68925,3.9795,5.7969,16.34677,18.12718,53.99144,3.3498,118.33107
MMI,83.9605,24.82914,16.23435,3.08471,-0.32,-1.776,19.520761,-16.277,-2.33845,19.520761,-0.32,264.589,3.26427,19.520761,-1.776,-1.77815,2.97067,-2.34997,-2.83708,-1.93748,-1.93748,11.77877,19.520761,13.3514
MPX,-13.61257,189.85153,3.71692,5.81241,0.5,7.54708,-59.74974,20.908,8.83854,-58.67769,0.49,45.498,8.33717,-57.18192,7.54708,7.00382,3.01173,6.20533,8.05829,12.72528,12.72528,0.17025,0.01052,0.17054
HZO,22.48708,24.38763,43.28402,1.19087,1.65,1.5935,0.0,182.163,7.49331,-66.1191,2.04,801.196,-1.18502,-65.16718,1.56585,1.86897,0.31468,3.42384,4.06696,4.02466,4.0677,55.55839,6.76841,125.01437
MKL,20.02108,1.18629,1276.3102,15.92876,199.32,17.19234,23.54612,3957.459,23.89472,35.61029,199.69,8590.625,0.50288,37.62222,16.58623,15.69469,15.51249,3.90558,10.75016,17.88656,17.25969,22.44022,1.27715,29.85577
VAC,-3.4749,19.5167,70.01548,3.88506,5.61,4.36883,-0.63613,781.0,15.72378,-10.66879,6.55,1827.0,3.36219,-14.17323,4.38897,4.66821,3.18103,4.07302,5.15791,9.03814,8.99855,68.54381,6.8105,217.9025
MMC,13.21341,3.7518,27.15089,1.13316,8.18,16.83294,11.47882,6973.0,28.5101,8.63214,8.91,10893.0,15.26443,8.09372,16.59989,17.92346,0.51373,7.44778,12.31548,31.80198,31.78537,61.7623,3.13524,161.52197
MLM,-10.85684,9.19527,154.64525,2.50197,32.41,30.53856,-3.21499,2020.0,30.90575,67.75362,17.96,1898.0,22.34777,70.67328,30.52326,16.87185,1.32677,5.44753,6.37715,22.81799,22.82238,38.91868,2.98267,63.71616
MTZ,-6.05114,4.05806,36.71534,1.21763,2.06,1.62085,24.86794,942.969,7.66426,127.91457,2.36,1627.477,7.14954,127.91457,1.32311,1.4971,1.1125,2.97262,4.60825,5.79522,6.98668,46.83441,2.79076,88.09159
MAS,-5.12351,7.35024,-1.31765,1.75,3.76,11.16505,2.56065,1522.0,19.44303,-6.46766,4.12,2840.0,10.32991,-9.47137,10.50077,11.47368,1.07115,16.52375,26.27547,217.60628,217.60628,101.67669,2.1117,217.60628
MA,-5.00835,6.89017,7.09519,1.02622,13.89,45.70597,13.05226,17349.0,61.59335,17.41336,14.61,28167.0,55.0742,14.99777,45.70597,47.97902,0.6948,22.71648,42.00883,191.94872,190.55653,74.45198,1.09436,291.4198
MTDR,35.23862,6.80581,40.69756,0.93167,7.14,27.71322,25.13388,2415.025,68.90266,1.2766,7.16,2604.477,-3.3732,4.63884,25.25897,25.24256,0.75297,9.65367,11.72156,19.6738,20.26773,38.7878,1.43194,63.36612
MTRN,0.54268,8.71702,41.84555,3.19416,0.28,0.34949,-4.25067,196.469,11.66169,-93.88646,4.93,325.985,1.66236,-93.84757,0.34949,6.06674,0.92843,5.02965,6.26042,0.67141,0.67141,37.65742,2.67136,60.40401
MATV,-10.48611,14.51887,15.79984,2.39745,-0.9,-2.45823,-2.18295,188.2,9.49977,35.02603,-0.4,364.1,5.6061,35.02603,-2.45823,-1.09662,1.0102,1.09031,1.34379,-5.38836,-5.38836,57.32253,6.12699,134.31567
MATX,-3.75805,12.48149,80.36364,1.08779,13.93,13.9225,46.3644,700.5,20.47168,67.42789,14.14,855.9,13.734,60.35005,13.9225,13.92595,0.95949,7.76575,10.5777,18.85725,18.85725,22.02293,1.06924,28.24284
MMS,6.36627,6.21922,30.53445,1.48669,4.99,5.78407,30.0493,620.144,11.68717,89.73384,5.11,1251.652,7.72381,89.69665,5.78407,5.87917,1.38764,7.61671,9.94512,17.48474,17.48474,40.93135,2.05915,69.29453
MKC,-0.01702,11.44557,19.74254,0.74199,2.92,11.83872,4.65595,1270.0,18.88841,15.87302,2.89,2591.0,7.52339,15.85366,11.72717,11.54074,0.26832,5.15664,6.81954,15.23421,15.30725,46.19168,3.59386,85.84487
MCD,-4.22026,10.64258,-5.309,1.19114,11.39,31.72454,0.77677,13350.0,51.50463,-1.47059,11.78,14710.0,19.61748,-2.90242,31.72454,32.64496,0.89821,13.30518,15.34411,1351.9247,1351.9247,107.88561,3.89124,1351.9247
MCK,8.9166,17.39589,-15.16154,0.91621,22.39,1.02282,4.02288,5275.0,1.70739,-10.61876,24.52,12584.0,1.51695,-15.67416,0.97168,1.05715,0.50054,4.46969,50.01725,861.23724,861.23724,127.61181,1.40095,861.23724
MPW,0.0,62.150864,8.04914,0.74355,-4.02,62.150864,0.0,0.0,0.0,62.150864,-4.01,1011.44,-114.59362,62.150864,62.150864,62.150864,0.74355,-6.92189,-7.1489,-38.6747,-38.63258,64.87693,62.150864,184.71315
MED,0.0,12.439318,19.20909,3.34166,0.19,0.34708,-71.96455,40.359,6.699,-97.91209,1.56,444.623,3.39562,-97.8967,0.34708,2.83018,2.53026,4.83046,6.38137,1.01606,1.01606,7.12758,0.39954,7.67459
MDT,2.16739,5.33795,38.29219,2.03309,2.76,11.44791,1.48603,9083.0,28.06513,-2.12766,3.84,21273.0,16.91733,-2.18201,11.3583,15.75321,1.30995,4.4465,5.23951,7.22932,7.25866,34.06306,2.86767,51.66006
MRK,-0.68606,6.22175,18.32265,1.3646,6.74,26.70022,44.73657,27801.0,43.32533,4714.2856,7.76,49470.0,26.89522,4589.589,26.67529,30.62012,0.87586,13.15795,18.57201,40.80626,40.78946,45.21396,1.37657,82.52825
MCY,13.5087,8.0656,35.14279,7.98301,8.45,8.555,292.7387,626.485,11.45325,385.63217,8.18,953.661,6.22135,385.75092,8.555,8.28074,7.98301,4.75706,15.68225,26.78096,26.78096,23.26711,0.94213,30.32221
MTH,0.0,124.05247,71.48818,11.2826,10.72,12.29369,6.20542,984.041,15.38758,7.57652,10.855,1598.27,-8.17336,6.42141,12.29369,12.30215,1.49989,8.88258,9.83459,16.12115,16.12115,21.30176,1.41427,27.06765
MET,0.0,1113.1096,39.8209,12.31782,5.94,6.26039,85.40979,7307.0,10.29358,228.1768,6.05,17526.0,11.21313,180.48161,6.23503,6.02051,12.31782,0.61125,8.43468,15.4055,15.33577,42.25293,2.77405,73.16897
MTUS,-19.78799,10.62745,16.33662,2.08632,0.03,0.11993,-56.53236,71.2,6.56827,-97.95918,0.34,97.7,7.80673,-98.1268,0.11993,1.35498,1.18188,0.93259,1.46024,0.18283,0.18283,2.41662,0.24017,2.47647
MEI,-16.58196,3.86041,21.69726,2.75583,-3.48,-11.06326,-61.74678,56.5,5.06954,10.277488,-0.43,180.5,3.45334,10.277488,-11.06326,-1.36852,1.85004,-0.05867,-0.07251,-14.43963,-14.34638,31.89295,6.34867,46.82768
MCB,0.0,31.978584,65.17476,0.95929,5.93,13.54834,12.94472,183.141,37.20805,-14.18234,5.97,270.656,-7.63069,-13.69519,13.54834,13.55903,0.95929,1.59326,9.0397,9.60307,9.60307,42.06794,2.89379,72.61598
MTD,3.4974,5.73256,-6.05709,1.02201,40.48,22.28976,4.12049,1250.106,32.28279,12.75766,40.36,2325.583,19.23894,9.42749,22.28976,22.1188,0.639,21.36011,34.78107,189.05075,189.05075,106.33126,1.70471,189.05075
MAA,0.0,73.43448,50.83821,0.04784,4.49,24.91086,0.0,0.0,0.0,-4.67091,4.33,1298.883,42.86201,-4.56996,24.26538,23.25791,0.04784,3.43282,3.63165,8.76595,8.70226,44.88729,73.43448,81.44635
MTX,-3.48284,5.40227,54.77176,2.84385,5.17,8.06703,9.54168,408.7,19.29195,100.3876,6.19,547.7,8.95386,98.69203,7.88766,9.37923,1.81619,5.85083,7.09282,9.8323,9.85043,36.48668,2.50648,57.44729
MOD,4.43326,5.64483,14.26718,1.63796,3.03,6.78628,48.59457,311.9,12.95373,4.48276,3.24,527.2,3.85466,5.48661,6.70737,7.05108,0.90858,9.35653,14.03952,24.09728,24.1163,40.25306,1.63193,67.3726
MC,0.36119,23.28026,6.25532,1.28155,1.78,12.6819,75.133316,183.389,15.35221,75.133316,1.82,1103.918,28.90947,75.133316,11.38676,10.95113,1.28155,8.44889,16.87909,34.27669,35.99024,31.77189,1.21728,46.56715
MHK,-2.09458,6.63955,120.62939,2.05699,8.14,4.77812,0.95354,1454.8,13.4245,204.14113,9.79,2767.4,8.33888,204.14113,4.7772,5.71849,0.9246,3.89212,4.88923,6.8233,6.81942,25.80946,1.80705,34.78807
MOH,0.0,30.29061,80.28571,1.61766,20.42,2.90037,6.22672,1996.0,4.91021,8.79062,21.86,4736.0,1.57319,8.066,2.90037,3.08675,1.56307,7.41269,15.66178,27.06922,27.06922,41.76166,1.61523,71.70819
TAP,-8.53787,16.02729,64.4311,0.93537,5.35,9.957,13.36444,2575.3,22.14931,22.42563,6.14,4533.4,9.25088,18.28433,9.65339,11.02634,0.5951,4.55168,6.0158,8.53913,8.61134,32.08108,2.4674,47.83352
MCO,8.55937,4.09711,19.77161,1.47067,11.26,29.0491,31.22834,3408.0,48.08126,28.98053,11.71,5143.0,31.68912,28.06472,29.03499,30.03496,1.3489,12.35188,16.63947,59.79951,57.17062,67.51504,2.27289,207.83472
MOGa,0.0,0.0,0.0,0.0,0.0,0.0,0.0,0.0,0.0,0.0,0.0,5269.4062,0.0,0.0,0.0,0.0,0.0,0.0,0.0,0.0,0.0,0.0,0.0,0.0
MS,0.0,5074.5405,58.98034,1.45928,7.95,12.61034,14.22574,57949.0,54.01408,53.4749,8.06,53269.0,12.14149,47.35336,12.48078,11.95271,0.83948,2.73937,5.7144,14.47184,13.17268,81.97652,8.27486,5074.5405
MOS,-8.77688,10.25143,36.22985,1.07839,0.55,1.81609,-20.15455,1901.2,17.09282,-84.28571,-0.65,1511.9,3.51305,-84.98584,1.57245,-1.86886,0.39218,2.11476,2.99111,1.47144,1.68001,27.69959,2.34052,38.3118
MSI,14.15205,5.9077,10.1915,1.2817,9.23,14.62513,11.03398,3039.0,28.09467,-7.04935,13.04,5524.0,16.43709,-7.72382,14.5789,20.1079,0.81068,12.09677,21.71573,129.95468,128.72253,79.21403,2.15564,394.85123
MOV,10.808,6.76818,23.32226,4.80989,2.06,7.06823,-50.93967,64.349,9.56719,-50.0,2.12,364.159,7.25408,-50.58501,6.94483,7.00393,3.34544,4.39246,5.65048,9.11964,9.23574,15.07113,1.43113,17.74559
MLI,28.03269,9.40224,24.37926,5.05602,5.31,16.38579,5.36561,820.442,21.76951,0.18868,5.44,1044.438,9.97119,0.32875,16.04979,16.07779,3.79605,15.85295,18.33058,23.6715,23.92125,1.18943,0.04115,1.20375
MWA,-3.77706,6.1723,5.1854,3.32713,0.74,8.8157,39.93004,280.0,21.29763,34.54546,0.91,459.0,14.41584,35.55556,8.8157,10.79098,2.03643,8.50871,10.81458,15.23396,15.23396,37.0845,1.70536,58.94334
MUR,-20.77432,9.78681,35.61487,0.83291,2.72,16.21858,-23.34853,1529.85,50.70949,-35.6974,2.84,2255.922,19.00931,-38.45281,13.49638,14.12153,0.73832,3.87204,5.00125,7.767,8.98494,27.88899,1.35043,38.67508
MUSA,-20.25542,59.18506,41.97142,0.78922,24.11,2.80579,-5.65895,998.6,5.57584,-5.41389,24.47,1301.8,1.63664,-9.75216,2.80579,2.80547,0.33284,10.51882,14.80704,60.2157,60.2157,73.81643,2.37172,281.91882
MYE,-3.98132,7.49091,7.44739,1.76265,0.19,0.86107,24.99898,122.439,14.64089,-85.60606,1.03,275.262,4.51058,-85.26408,0.86107,4.57445,1.04851,7.47319,9.70734,2.52528,2.52528,59.86132,3.38022,149.13625
VYX,40.88235,6.9011,6.5658,1.17676,-1.5,-7.1833,-37.54717,331.0,11.71267,51.12996,-0.72,620.0,13.84908,51.12996,33.89951,-3.68662,0.88944,1.44302,2.34954,-42.17119,-26.92308,53.70157,4.22961,115.99006
NL,-17.27918,9.363,8.12529,2.61314,1.38,47.45822,127.80234,40.198,27.54401,22.01606,1.36,41.363,56.03266,22.01606,46.06519,45.51505,2.27799,3.95125,5.6431,17.53661,17.15092,0.12008,0.01244,0.12022
NNN,-5.53493,21.20989,23.26038,0.11407,2.15,45.49577,0.0,0.0,0.0,-0.46296,2.16,836.949,55.43574,1.14569,45.49577,45.48811,0.11407,3.84402,3.90654,9.31567,9.31567,50.06598,54.336205,100.26427
NPKI,-71.24814,2.11759,3.77215,2.52993,0.41,16.36818,-27.71456,55.075,25.32312,156.25,0.23,77.13,72.37918,12.836531,-69.08947,9.07557,2.08419,3.91149,4.71294,9.59724,9.59724,5.98508,0.37739,6.3661
NRG,-0.05891,8.28816,9.20425,1.01713,4.99,3.99929,136.31387,3885.0,13.81088,491.2127,6.82,6030.0,7.7013,491.2127,3.99929,4.99438,0.52888,6.19756,11.34535,55.09305,41.79049,81.6022,2.82909,491.2127
NUS,-30.31738,28.01297,13.08143,1.81587,-2.95,-8.46345,-22.29554,158.04,9.12427,66.26399,0.84,1220.651,8.72317,66.26399,-8.46345,2.40843,0.83875,3.41716,4.37382,-19.89843,-19.89843,42.33279,3.02597,73.40875
NVR,12.48966,332.2854,1397.7662,8.26304,506.69,15.72933,9.56068,2161.664,20.2158,9.36306,540.88,2740.701,8.284,5.67457,15.72933,15.73128,3.80365,20.63594,25.12158,39.22957,39.22957,20.12147,0.4906,25.19009
NBR,11.53788,7.96439,14.21011,1.7477,-22.37,-3.00284,-1.5365,875.051,29.86394,98.38185,-20.51,1187.715,2.37228,98.38185,-6.00943,-6.44112,1.37305,3.08777,3.68636,-76.29124,-7.07455,67.74901,2.89598,98.38185
NBHC,0.0,33.590443,34.29534,0.94585,3.08,19.8389,-12.17954,213.07,35.57695,-17.2043,3.11,399.74,17.54993,-16.35574,19.8389,19.84297,0.9428,1.19491,7.5766,9.43769,9.43769,10.453,0.715,11.6732
NFG,-19.45571,12.15635,31.29841,0.32478,0.84,3.98563,1.81666,1185.879,60.9766,-83.75242,4.99,1274.73,-2.93943,-83.74533,3.98563,23.55177,0.16513,5.48834,8.02966,2.66747,2.66747,49.77725,2.38058,99.11296
NSA,6.98967,41.34744,9.62846,0.7702,1.18,24.29799,0.0,0.0,0.0,-20.27027,1.19,553.792,37.22591,-28.81936,14.78509,12.12372,0.7702,3.07304,3.14057,12.27751,9.42459,66.31827,41.13661,196.89687
NGVC,0.0,41.723145,7.613,0.89599,1.47,2.7332,28.61246,77.907,6.2748,44.11765,1.49,415.426,2.35855,46.00095,2.7332,2.73318,0.13088,4.43293,5.53045,19.66705,19.66705,66.53859,4.4477,198.85168
NNI,-23.48871,0.19094,92.2952,6.71961,5.02,8.2892,-4.58826,1002.308,47.22922,104.89796,5.35,1101.941,186.23682,101.07176,8.67229,9.05927,6.71961,3.86781,4.42285,5.56668,5.39531,71.60935,8.30216,252.22867
NJR,10.90394,16.1325,22.12368,0.6247,2.92,16.12963,11.56015,624.671,34.7708,7.74908,2.94,696.465,-10.70305,9.46306,16.12963,16.14126,0.13307,4.2357,5.20347,13.82786,13.82786,61.56405,5.6422,160.17311
NYT,2.90406,10.51148,11.76785,1.52613,1.77,11.3625,16.56828,443.118,17.1358,26.42857,1.83,1249.405,12.22181,26.4378,11.3625,11.63601,1.32912,8.10334,11.87563,15.92363,15.92363,2.41901,0.10782,2.47897
NEU,-6.08163,7.80456,153.44704,2.74931,48.22,16.59442,27.18467,687.498,24.67194,19.23838,48.3,886.346,13.65856,18.91381,16.59442,16.56188,1.26289,13.58476,17.03478,36.42992,36.42992,42.08268,1.54471,72.65992
NEM,43.86921,20.87374,26.55546,1.62734,2.86,17.73365,102.79575,8777.0,46.98105,844.0901,2.94,9391.0,7.08168,844.0901,17.92099,18.03469,0.6227,6.56318,9.44552,11.12713,11.17106,22.95745,1.02222,29.7984
NEE,-7.56442,7.12829,24.35634,0.47135,3.37,23.01943,-19.70092,12941.0,52.28053,-6.38889,3.38,14867.0,6.25581,-4.97948,28.06125,28.03217,0.24303,2.54296,3.39425,14.23813,9.50578,57.49752,6.36218,136.17764
NI,11.85615,5.97426,18.48402,0.50571,1.62,15.48459,13.38658,2498.7,45.80484,9.45946,1.63,2822.4,-11.1185,6.45387,13.93925,13.57163,0.28269,2.89409,3.71648,9.23505,8.12032,56.73125,5.59795,131.11366
NIC,0.0,46.670723,76.37546,0.95909,8.05,23.88819,46.99746,201.632,38.82526,97.30392,8.18,346.482,12.73521,101.66948,23.88819,23.70369,0.95797,1.45979,9.8436,11.21739,11.21739,12.67772,0.84453,14.51831
NKE,7.16534,12.00327,9.6008,2.39611,3.73,11.0977,14.0828,7550.0,14.69958,15.47988,3.98,22951.0,11.39583,12.42604,11.0977,11.75976,1.51128,11.16128,16.07177,40.09285,40.09285,45.30362,1.58305,82.82744
NINE,-8.2443,6.53401,-1.55999,2.09043,-1.11,-7.41413,-29.49736,46.077,8.31559,12.461845,-1.08,97.375,4.86224,12.461845,-7.41413,-7.24536,1.34062,1.52547,1.86473,12.461845,12.461845,122.56847,7.78677,12.461845
NOAH,-6.35522,2.20258,20.62062,4.53008,0.92,18.72385,-37.59177,99.372,27.88708,-55.12195,0.88,171.46375,1.88621,-54.24847,18.27933,17.32899,4.27266,2.86189,3.38323,4.62505,4.6947,1.19025,0.16628,1.20459
NE,48.81241,4.4443,29.26376,1.47695,2.96,14.66251,20.58228,1134.59,37.10456,-10.84337,3.6,1231.603,3.34789,-6.96179,14.66251,17.51049,1.20345,6.4582,7.71367,10.46011,10.46011,31.05369,1.84649,45.0404
NAT,-39.16188,11.60815,2.40288,1.6521,0.22,13.3364,-25.55958,133.462,38.16013,-53.19149,0.22,162.287,30.3488,-52.74792,13.3364,13.16111,1.12364,5.69541,5.97119,8.90884,8.90884,34.6433,2.02083,53.00651
JWN,0.0,300.58292,5.22168,1.02083,0.82,0.912,4.24955,1153.0,7.84727,-45.69536,2.13,5390.0,2.5701,-45.30612,0.912,2.34557,0.31315,4.12328,6.62012,16.88721,16.88721,84.0811,3.88465,300.58292
NSC,-10.77098,14.52726,63.2111,0.8993,11.57,21.62831,4.21295,5442.0,44.88988,44.26434,11.86,5932.0,-0.44543,43.51396,21.62831,22.11949,0.76446,5.9897,8.08691,19.35984,19.35984,55.73365,3.30981,125.90522
NOC,0.46173,5.72807,105.48319,1.01033,28.34,10.1723,48.12903,5740.0,13.98874,109.46046,28.39,8362.0,8.22052,103.01556,10.1723,10.17067,0.85292,5.69586,8.46519,27.74805,27.74805,54.61022,3.20488,120.31393
NWN,7.15437,5.53752,34.44312,0.85941,2.03,6.84054,5.96351,329.04,28.53788,-21.62162,2.03,445.954,-11.24227,-15.97669,6.84054,6.83284,0.40583,2.36529,3.74918,5.90969,5.90969,58.56372,5.95066,141.33443
NCLH,-21.00075,37.7914,3.24066,0.17473,1.89,9.60222,35.45136,2356.148,24.8548,384.6154,1.79,3790.955,5.6415,447.76022,9.60222,8.21918,0.0713,4.64332,6.03363,105.46087,105.46087,90.70886,5.90645,322.39224
NOV,-9.37973,3.51984,16.71079,2.45846,1.6,7.15896,16.47429,1110.0,12.51409,-36.0,1.4,2120.0,9.56595,-36.05237,7.15896,6.18715,1.54495,4.23196,5.49963,10.12436,10.02368,27.07057,2.14955,37.11886
NUE,-9.42369,10.92122,87.17354,2.50653,8.46,7.54539,-41.40829,4335.0,14.1049,-53.0,8.95,4120.0,0.85789,-55.20245,6.5953,6.9395,1.4129,5.37489,6.46967,9.83154,10.65209,24.81042,1.63022,32.99715
OI,-14.7541,10.54224,7.0034,1.14722,-0.69,-1.3431,-26.44306,943.0,14.39255,97.998604,0.56,1045.0,-1.81815,97.998604,-1.61783,1.32096,0.60463,3.49288,4.81131,-7.88691,-5.96813,81.12469,5.49205,97.998604
OFG,0.0,56.76053,27.605,0.83428,4.23,22.68622,-0.71237,410.605,47.00547,10.44386,4.25,629.438,-15.95416,8.96125,22.68622,22.69048,0.82485,2.1001,15.50047,16.19135,16.19135,25.1985,1.02912,33.68716
OGE,11.97158,10.00603,23.08906,0.72784,2.19,14.78913,11.06501,1284.8,43.03755,5.7971,2.2,1394.5,-10.62456,5.9261,14.78913,14.79784,0.25679,3.51468,4.75853,9.64764,9.64764,54.48402,4.32386,119.70308
OGS,0.0,76.49263,51.84876,0.63766,3.91,10.69565,5.8293,695.743,33.39206,-5.55556,3.92,775.114,-21.06039,-3.62493,10.69565,10.69123,0.33395,3.0797,4.06011,7.5923,7.5923,51.8675,4.80847,107.75984
OKE,36.42229,10.76557,29.21571,0.89807,5.17,14.34234,39.8291,5891.0,27.14997,-5.65693,5.29,8387.0,5.57886,14.14065,13.98746,14.25262,0.64823,5.48876,6.41631,18.10859,16.11725,59.33377,5.48175,145.90431
OUT,6.15438,6.17608,3.90964,0.74078,1.50609,14.12966,2.63096,436.9,23.86258,75.604706,0.87087,881.9,11.46089,75.604706,14.10235,7.70074,0.67627,3.27025,3.57889,41.11465,34.17212,83.65645,9.18517,75.604706
OXY,10.35994,7.95269,27.56863,0.95263,2.26,10.8363,1.26715,14545.0,54.4247,-42.05128,2.61,16921.0,17.88167,-34.92334,11.43499,8.90476,0.67419,5.36208,7.57683,12.01631,8.93427,44.01143,1.86346,78.60789
OII,2.30316,4.64956,7.09569,1.74154,1.44,5.54149,17.10934,335.27,12.59864,51.57895,1.46,485.494,4.52452,51.39985,5.54149,5.55107,1.35943,6.72817,10.07714,21.97278,21.77606,54.18006,2.54049,118.24559
OIS,-5.29913,3.5857,11.06881,3.15927,-0.18,-1.6255,-24.42064,61.378,8.86212,11.768418,0.07,156.387,4.92849,11.768418,-1.6255,0.62668,1.64676,0.40639,0.48983,-1.61962,-1.61962,18.11327,2.453,22.1199
ODC,4.86447,7.20557,14.42977,2.20703,2.11,9.00987,28.43167,72.858,16.64995,31.46417,2.85,125.194,2.70535,33.41681,9.00987,8.93713,1.29958,10.40939,13.31769,20.3403,20.3403,25.13997,0.97067,33.58264
ORI,15.12081,0.93865,22.58286,22.96,3.24,10.35911,37.6857,1186.3,14.41189,54.28571,3.3,5183.5,-7.0304,42.44905,10.35911,10.3446,22.96,2.63826,9.17078,14.17658,14.17658,24.18743,1.51117,31.90425
OLN,15.6828,7.68249,17.48574,1.27423,0.91,1.60548,-25.80086,898.7,13.74138,-74.5098,1.99,737.5,6.99512,-76.40157,1.66053,3.58438,0.73208,3.72164,5.4221,5.10398,4.85695,60.5156,3.50529,153.26457
OHI,17.66183,0.67805,16.25296,2.93761,1.55,39.4413,0.0,0.0,0.0,55.0,1.58,1052.312,26.8449,67.77851,38.35776,38.4994,2.93761,4.15543,4.28013,10.01882,9.83863,50.72056,67.12043,102.92439
OMC,6.72302,1.7528,21.35183,0.99526,7.46,10.03244,5.96398,2588.7,16.49999,7.95948,7.83,2931.9,8.79743,6.41081,9.43713,9.80179,0.8332,5.08755,12.42551,37.91646,32.07466,57.75661,2.73315,149.08237
OMF,10.96806,0.29973,26.73403,223.88458,4.24,8.89549,2.75444,2201.0,38.46557,-20.30075,4.73,2308.0,-21.07873,-20.59282,8.89549,9.89142,223.88458,4.79046,5.01428,15.96362,15.96362,87.12839,9.81372,223.88458
ONIT,0.0,83.11134,56.26826,7.56203,4.13,3.1227,10.3427,357.4,32.92189,83.11134,9.27,923.7,83.11134,83.11134,3.1227,6.67413,6.75537,1.50739,1.5901,8.02557,7.57796,96.84273,42.3019,83.11134
ONTO,36.01141,3.693,39.11373,8.68676,4.06,20.42598,44.6902,284.309,28.79601,65.04065,4.58,515.308,18.27531,66.4507,20.42598,22.88931,6.82272,6.89132,7.50589,11.01295,11.01295,0.78097,0.05332,0.78712
KAR,-0.11267,0.69528,12.56633,1.11148,0.45,6.14481,5.60538,376.8,21.06793,65.988655,0.28,832.2,8.77761,65.988655,6.14481,1.6908,1.07371,3.76527,4.444,8.23314,5.64357,49.99616,5.18816,99.98466
OPY,12.42964,0.97416,82.30691,1.23749,6.37,4.97363,48.18682,204.932,14.30594,145.94595,6.91,1217.513,-25.63636,137.1086,4.99527,4.99258,0.75903,3.87029,5.95973,8.7288,8.6906,63.12988,7.10512,171.2223
ORCL,13.8684,7.16222,3.15935,0.715,3.71,20.1148,11.08066,21884.0,41.32097,20.84691,3.84,37818.0,21.31828,23.09773,19.7636,19.8957,0.61362,7.14746,9.81149,214.11476,197.36916,91.09133,4.31681,2627.6677
ORC,0.0,24.171162,8.09107,0.07095,0.57,23.96823,19.52578,140.389,89.34406,24.171162,0.57,50.975,-38.68665,24.171162,23.96823,23.74163,0.07095,1.75722,1.77804,6.61639,6.61639,88.25966,35.79727,24.171162
ORA,-21.39585,4.71976,40.08411,0.9148,2.04,14.91962,12.85077,454.239,51.63837,-1.92308,2.19,272.619,-15.22793,-0.53537,14.0661,15.05097,0.70328,2.11078,2.39626,5.22019,5.23711,48.91714,5.39767,96.11507
OSK,-6.51341,5.32451,64.272,1.5053,10.35,6.33536,23.62534,1243.3,11.55967,13.98678,11.1,1969.4,2.70129,13.94649,6.33536,6.75557,0.7257,7.14148,13.11648,17.34416,17.34416,22.82916,0.98794,29.58262
OVV,-18.29819,7.58558,39.67358,0.51063,4.21,12.2924,-18.16472,3915.0,42.77754,-46.70886,3.87,4597.0,5.64084,-46.04317,12.2924,11.18883,0.43379,5.11582,5.96122,10.86904,10.86904,37.85117,1.60715,60.90408
OMI,15.37533,16.60986,7.32168,1.0786,-4.73,-3.38931,-1.13417,509.596,4.76219,131.40062,0.91,2219.155,1.30611,131.40062,-3.38931,0.6526,0.39473,3.1389,4.99552,-48.70256,-48.70256,79.78632,4.37804,131.40062
OC,26.0385,9.83864,59.44965,1.47061,7.37,5.89522,18.29215,2729.0,24.8656,-43.91172,15.06,3275.0,8.50456,-45.90301,5.89522,11.9245,0.70222,10.40514,13.70246,12.63302,12.52662,52.31443,2.05826,109.70703
PBF,-14.49541,26.204,48.07999,1.25311,-4.6,-1.63127,3.3771667,-389.8,-1.1771,3.3771667,-4.56,366.9,-0.11279,3.3771667,-1.61194,-1.60076,0.46913,-2.97977,-4.84311,-8.87264,-8.77668,28.95089,3.3771667,40.74772
PCG,22.00402,2.45466,13.02441,1.05426,1.15,10.28707,9.16528,9207.0,37.70425,9.52381,1.22,9158.0,-29.08801,11.34752,10.28707,10.69667,0.85469,2.41847,3.65171,9.37139,9.02088,65.74304,6.33681,191.91145
PJT,30.02009,7.38809,7.89484,2.29967,4.92,15.97085,48.03068,283.911,19.01389,57.69231,5.3,1438.124,32.70871,64.29663,9.00047,9.03484,2.29967,11.03764,13.84396,62.26482,27.05605,28.22245,1.2487,39.31933
PNC,0.0,1402.2483,122.93875,0.79483,13.74,17.28513,0.51249,10983.0,31.89024,7.42768,14.2,20766.0,47.65244,5.57548,17.0993,16.45122,0.79288,1.10688,5.09045,12.59141,11.27355,53.84452,5.78558,116.65902
PPG,-14.02291,5.91825,29.50924,1.30774,5.72,8.68496,-5.39216,2702.0,17.04194,6.91589,7.48,6640.0,6.82198,-12.12598,7.03879,11.03011,0.86797,6.72468,9.77876,18.38955,18.37838,47.87752,2.36677,91.85579
PPL,4.93469,5.99717,19.07367,0.86409,1.2,10.48654,5.93427,3481.0,41.1077,20.0,1.7,3498.0,-3.97378,20.0,10.48654,14.81088,0.55836,3.42756,4.54876,6.34059,6.34059,54.41829,4.82792,119.38623
PRG,18.18825,33.26711,15.93201,4.27009,4.53,8.00687,0.89887,1865.951,75.74402,52.01342,3.15,842.395,70.71356,42.07134,8.00687,5.44509,3.60921,9.06287,10.87284,31.77305,31.77305,50.18302,0.35106,100.73476
PVH,-14.11714,10.73698,88.81891,1.17615,10.76,7.19919,6.43131,1166.7,12.65717,255.11551,11.49,5363.2,7.84957,231.13773,7.19919,7.60374,0.54685,4.81503,6.30645,13.09961,13.09961,40.90736,3.03729,69.22581
PKG,10.72396,7.70099,49.04122,3.22784,8.93,9.60362,3.07636,1702.1,20.30346,5.3066,9.08,1786.1,4.89768,5.21432,9.60362,9.65047,1.9381,8.39742,10.25199,19.16608,19.16608,38.62449,1.62828,62.93143
PARR,8.40901,20.8379,21.55618,1.61662,-0.59,-0.41786,-81.4473,145.314,1.82224,53.70148,-0.56,873.309,-3.72781,53.70148,-0.41786,-0.3987,0.57378,0.58565,0.88063,-2.63756,-2.63756,56.84434,10.79851,131.71933
PGRE,1.48516,2.0498,14.44079,7.75854,-0.21,-5.29386,0.0,0.0,0.0,28.1379,-0.27,407.087,31.60776,28.1379,-6.38231,-8.08751,7.75854,0.90677,0.92859,-1.45914,-0.95693,47.83463,28.1379,91.69804
PKE,23.94634,5.00706,5.57517,10.23452,0.37,13.34369,-5.68079,10.46,18.67724,-28.84615,0.39,16.534,-25.02277,-30.36064,13.34369,14.13928,9.27646,3.88233,4.94076,6.53097,6.53097,0.11942,0.01291,0.11956
PK,9.05963,2.90839,17.99529,3.4434,1.01,8.52509,0.0,0.0,0.0,129.54546,1.02,802.0,1.92852,118.5567,7.99698,7.96454,3.28066,2.52287,2.77926,5.68441,6.13964,57.13775,57.51322,133.30551
PH,1.74036,6.69524,93.86934,0.92962,21.84,14.27492,13.87606,4828.411,24.22733,36.1596,22.36,7161.79,13.60571,36.54836,14.27131,14.41783,0.51356,8.22884,10.55103,25.39607,25.37949,47.42497,2.25695,90.20435
BTU,-8.5014,13.72878,30.07002,2.1519,2.73,9.61361,-50.65695,724.8,17.10766,-45.4,2.24,815.8,-1.86879,-51.17167,8.75446,6.6142,1.2806,3.49221,5.08542,10.41195,11.13404,11.18774,0.64459,12.59707
PEB,-10.90135,35.00389,22.61096,1.16243,-0.39,0.0011,0.0,0.0,0.0,26.95136,-0.62,366.123,14.32654,26.95136,-0.29189,-5.10975,1.16243,0.49524,0.52173,-0.15537,0.00057,48.36646,26.95136,93.67256
PFSI,20.24725,0.3878,74.54018,1.58965,5.84,12.90563,22.50047,1265.474,52.4423,113.13869,5.94,2588.402,-194.68356,115.28523,12.90563,12.55162,0.77307,3.36482,4.96009,8.4531,8.4531,79.04181,11.41325,183.73593
PMT,104.95602,0.32712,16.08338,0.72522,1.37,15.34858,-12.55209,857.307,81.73757,-15.95092,1.37,380.495,-222.5862,-19.36851,15.34858,11.33968,0.72522,3.89365,4.04034,11.44724,8.26494,86.21391,14.14053,58.464184
PAG,-10.09331,28.77611,78.02022,0.91395,13.74,3.032,-3.80903,1474.8,4.84252,-11.35484,13.74,5013.3,0.835,-12.75161,3.01722,3.01746,0.16567,5.08144,6.28977,18.49638,18.49963,61.53371,5.66992,159.96786
PNR,-3.25692,6.56188,21.61731,1.6044,3.74,15.32282,10.76069,997.4,24.42931,-0.26667,4.15,1598.8,14.54088,0.4336,15.31792,16.83257,0.81622,8.48207,10.37056,18.45428,18.45428,33.15385,1.77171,49.59724
PFGC,0.0,358.94025,26.76329,1.63734,2.79,0.79717,0.0,1406.8,2.57273,9.84252,2.94,6577.1,1.24885,9.7432,0.79717,0.83015,0.68399,4.10408,6.03998,11.07413,11.07413,54.66589,3.53739,120.58446
PR,9.74652,10.164,12.98502,0.845,1.45,25.00651,59.06042,3556.408,71.11772,16.93548,1.58,3754.229,-7.00354,106.73706,19.69113,20.24195,0.76077,6.94299,7.90224,12.72668,12.66449,29.12143,1.21518,41.08636
PRGO,-10.66267,6.01444,31.64396,2.37684,-1.17,-3.67449,-4.57981,643.8,14.72081,107.59592,0.5,1542.7,8.74634,107.59592,-3.92829,1.57086,1.19623,1.94251,2.31739,-3.5368,-3.5368,46.79952,5.90199,87.96824
PFE,2.55883,5.55265,15.56432,1.17125,1.41,12.80864,55.47598,21493.0,34.19403,281.0811,1.97,47207.0,18.33298,278.99954,12.77682,17.75181,0.74288,4.1146,5.65943,9.05105,9.05701,43.08509,3.11697,75.70087
PM,9.47703,10.4491,-7.55702,0.88021,4.52,19.80833,9.84689,15640.0,41.29046,-9.96016,4.99,24549.0,22.46225,-9.67618,18.63087,20.4722,0.38966,13.6254,22.92177,1928.1726,1928.1726,127.0938,2.96029,1928.1726
PSX,-8.95736,14.296,67.11183,1.18712,4.99,1.51935,-52.82982,4784.0,3.34188,-67.76486,5.5,13191.0,0.65044,-69.82181,1.47884,1.61433,0.84649,2.00985,2.91672,7.30113,7.23637,42.93705,4.4768,75.24506
PDM,3.9389,2.93904,12.78664,0.7499,-0.64,-13.75813,0.0,0.0,0.0,25.695845,-0.6,336.2,33.66944,25.695845,-13.759,-12.94017,0.7499,0.75847,0.81681,-4.78045,-4.7757,58.32205,25.695845,139.93503
PNW,2.82999,7.66816,56.71269,0.59407,5.24,12.21542,17.83709,1907.409,37.21835,18.82086,5.19,2137.193,-13.20678,21.38321,11.87934,11.52918,0.23964,2.49208,3.66755,9.41552,9.52692,61.70252,5.79233,161.11378
PIPR,24.1289,5.34832,76.20593,1.94264,10.24,10.27948,27.98552,253.794,16.57057,106.45161,11.5,1365.869,19.52946,111.85154,11.82519,11.89198,1.25323,6.44551,8.95783,15.65831,11.59674,11.04573,0.69269,12.41732
PBI,-23.20816,2.53114,-3.17113,0.78791,0.56,5.05784,74.32153,444.044,21.91081,92.89115,0.82,1062.3,21.25462,92.89115,-10.04625,7.26332,0.70643,5.37112,11.22285,92.89115,92.89115,138.52151,4.68426,92.89115
PLNT,84.1609,19.85389,-2.55423,2.08152,2.0,14.74569,11.98938,490.07,41.47322,23.45679,2.07,658.235,11.97004,24.38599,14.55942,14.99893,1.98366,6.82444,8.81076,73.59191,73.59191,108.98285,5.33184,73.59191
PLYM,0.0,135.85585,12.76847,0.53119,3.06,73.68511,0.0,0.0,0.0,1430.0,3.07,131.492,50.73476,920.0878,72.12049,71.48503,0.53119,1.3788,1.48767,26.22785,26.47799,52.57827,135.85585,111.11204
PII,-37.2389,28.77361,22.99287,1.14792,1.95,1.54989,-44.95694,485.7,6.76962,-77.61194,2.92,1564.4,0.77913,-77.96341,1.54432,2.29947,0.21594,2.25739,3.56811,8.18226,8.14175,62.85771,4.5314,169.23491
POR,10.14493,7.90805,34.69847,0.916,3.01,9.09884,18.03279,1008.0,29.30233,29.18455,3.15,1586.0,-18.00145,37.2807,9.09884,9.51831,0.41823,2.69451,3.82981,8.80079,8.80079,57.52827,5.09821,135.45071
POST,5.26198,17.21204,70.04452,2.36173,5.64,4.631,20.15348,1315.2,16.6004,17.01245,7.0,2304.9,6.38766,21.70594,4.62847,5.29239,1.45391,4.408,5.08324,9.24528,9.22717,63.25823,5.36892,172.1698
PBH,4.56438,6.58961,33.22061,3.20418,4.17,18.60201,-1.92494,373.104,33.15428,60.002308,4.21,632.571,15.73182,60.002308,18.60201,18.61427,1.90729,6.41527,7.63136,13.4963,13.4963,40.77861,3.05453,68.8579
PRI,-12.38462,0.99838,67.70082,6.33888,20.99,23.69528,15.40319,935.299,30.77528,31.68131,19.62,2199.408,42.1677,-18.27642,15.50509,22.04142,6.33412,3.87161,13.77565,33.3007,33.3007,46.38695,2.08977,86.52176
PRMB,203.27869,17.45427,9.06862,1.08325,-0.05,-0.24454,155.23569,904.3,17.5507,144.96597,0.61,1621.6,12.87773,144.96597,-0.31829,2.86875,0.74984,4.84967,5.94826,-0.51581,-0.51581,62.24872,6.28022,164.8917
PRIM,20.16384,6.5147,26.22826,1.29257,3.31,2.8411,13.56401,415.416,6.52468,42.06009,3.44,703.245,6.5208,43.39689,2.8411,2.89795,0.91474,4.98383,7.75842,13.6745,13.6745,45.78198,2.86512,84.44052
PRA,-6.56007,1.64152,23.49139,44.92312,1.03,5.12911,132.86406,63.516,5.69666,31.16781,0.91,268.808,7.41148,31.16781,4.73053,4.17036,44.92312,0.63041,2.20745,4.55922,4.94336,26.90145,6.96302,36.80161
PUMP,-17.3063,6.67098,7.92537,1.31474,-1.31,-9.54513,-30.69667,268.373,18.58171,28.985954,0.27,378.772,5.69746,28.985954,-9.54513,1.97168,1.14406,2.61839,3.31049,-15.19388,-15.19388,17.68861,0.65363,21.48987
PG,11.82599,14.50324,21.30883,0.7348,6.02,17.81792,9.52853,23185.0,27.58838,2.0339,6.84,43439.0,14.63666,1.54235,17.70488,19.20904,0.46387,10.42819,15.23958,30.67677,30.67688,39.75908,1.43925,66.00012
PGR,12.20905,4.1642,43.68556,2.767,14.4,11.25519,106.07478,11276.0,14.96622,118.84499,14.45,11438.0,10.49032,117.30217,11.25519,11.22928,2.767,7.0666,22.89126,37.37807,36.97559,21.69217,0.62868,27.70115
PLD,25.10485,23.57723,58.17573,0.95219,4.01,45.67802,0.0,0.0,0.0,21.8845,4.02,6497.992,51.44709,21.98019,43.17541,43.07795,0.8509,2.34895,2.49207,6.9747,6.78104,34.95073,302.13928,53.72962
PB,0.0,103.13247,78.07394,0.74734,5.05,26.78849,9.33539,795.099,44.4308,11.97339,5.09,1183.238,41.90892,14.32571,26.78849,27.02118,0.74682,1.21676,4.30873,6.6041,6.6041,31.77189,4.35656,46.56716
PRLB,-8.70854,7.18885,27.66247,3.65779,0.66,3.3127,-6.98832,61.304,12.23902,0.0,0.84,223.2,13.88349,-3.64112,3.3127,4.20864,3.23816,2.10243,2.31875,2.43042,2.43042,0.52192,0.05735,0.52466
PFS,0.0,54.341618,19.9343,0.93801,1.05,10.13154,27.04879,343.808,30.15196,-38.59649,1.46,607.163,63.9169,-10.02586,10.13154,14.04224,0.92943,0.98761,4.2845,5.38352,5.38352,48.88043,7.23447,95.6198
PRU,0.0,972.4082,78.60856,3.09473,7.5,4.0456,0.0,5491.0,7.80548,11.27596,7.54,16551.0,1.74419,9.60611,3.87644,3.83174,3.04567,0.43832,5.50773,9.79315,9.50044,48.85229,5.24021,102.08252
PEG,10.66049,5.66007,32.35743,0.65104,3.54,17.2206,-27.09837,3535.0,34.35374,-30.99415,3.56,3541.0,-16.53669,-30.86227,17.2206,17.22916,0.31407,2.79106,3.92622,11.21839,11.21839,58.68523,6.47497,142.04419
PSA,0.0,176.46484,30.57219,0.70208,10.64,43.58275,0.0,0.0,0.0,-3.79747,10.7,3441.93,50.20134,-3.55235,43.3235,39.23047,0.70208,7.1915,7.38949,37.58483,20.92718,48.96295,176.46484,95.93609
PHM,0.0,414.70288,59.73971,7.07156,14.69,17.17987,14.6853,3960.791,22.06944,25.3413,14.67,5221.202,5.40326,18.47891,17.17987,17.01086,0.8163,14.46762,17.71872,27.40042,27.40042,15.68196,0.56921,18.59858
PSTG,8.11245,4.44134,3.97497,1.82916,0.19,2.16599,12.7175,223.813,7.90685,-17.3913,0.3,2021.191,14.93571,-16.09394,2.16599,3.3049,1.60599,1.64971,3.66058,5.54518,5.54518,17.65186,1.21643,21.43566
PRSU,-92.76123,5.33904,18.72796,1.53656,-2.31,-14.12325,-49.12715,71.864,19.60883,71.70458,0.02,40.959,-2.25454,1569.676,72.97156,0.11689,0.9705,1.9525,2.45671,-20.0468,-11.67563,15.45514,1.5687,18.2804
QGEN,-8.34257,5.20091,16.50658,3.60513,0.38057,4.22558,6.66317,675.18,34.13079,-75.75,1.88229,1320.949,28.34262,-75.50827,4.22558,20.59397,2.97118,5.28186,5.93892,2.26684,2.26684,29.77513,2.2402,42.3997
QUAD,-13.59899,9.06753,0.95777,0.76471,-1.07,-1.9048,-3.7931,223.2,8.35267,37.97465,0.62,580.0,5.69288,37.97465,-1.9048,1.10441,0.4328,5.3717,11.98086,-60.09445,-60.09445,90.30126,2.08154,37.97465
KWR,-10.07394,4.3539,76.58521,2.30777,6.51,6.34505,-2.31855,297.02,16.14515,3.99361,7.37,686.03,11.49571,3.45549,6.34043,7.15092,1.55096,4.99781,6.23847,8.52074,8.52315,35.26844,2.48406,54.48414
NX,97.59966,8.85084,21.39054,2.24017,0.9,2.58706,-10.43078,142.948,11.1865,-64.0,1.51,305.624,-8.93916,-59.92897,2.58706,4.30314,1.1237,3.2776,4.02528,4.24841,4.24841,46.90691,6.24687,88.34841
PWR,9.54119,3.87969,49.5516,1.30232,6.03,3.91708,19.29969,2087.234,8.81702,20.6,6.38,3510.761,6.55192,21.50361,3.82221,3.95985,1.18188,4.81411,7.45327,13.31605,13.62342,37.92938,2.14588,61.10682
DGX,7.7686,7.85362,61.06306,1.10281,7.69,9.32942,6.36872,1904.0,19.28687,2.67023,8.18,3271.0,7.84669,1.99063,8.82293,9.19753,0.85431,5.84507,6.8875,13.31295,13.83506,50.10491,3.63708,101.64392
RBC,7.37403,6.16476,94.20444,3.28067,6.41,13.45254,10.76779,465.989,29.86535,29.75709,6.53,670.8,12.99065,25.91482,13.45254,12.10203,1.10635,4.62548,5.37362,7.93903,7.93903,31.85836,2.76101,46.75315
REVG,-32.75938,12.56705,8.34612,1.71852,4.72,10.82262,3.3284,139.7,5.86926,512.987,1.16,297.3,4.46706,468.6534,10.82262,2.62352,0.37694,5.44618,11.53613,55.2138,55.2138,21.3343,0.84467,27.1202
REX,-7.85709,34.47511,29.36003,6.82327,3.47,9.11033,98.01376,86.633,10.39533,121.01911,3.49,98.218,7.61958,120.00578,7.31176,7.32102,6.15116,6.91498,7.63878,12.66972,13.82207,2.13958,0.14829,2.18636
RH,-7.87276,52.76258,-16.23684,1.26239,5.91,4.21115,-36.21662,500.512,16.52331,-70.30151,7.05,1389.019,-1.87139,-75.87006,4.21115,4.62711,0.24893,5.0501,6.00259,52.35774,52.35774,108.69834,7.42513,87.38522
RLJ,-2.55705,53.70862,12.50928,1.18504,0.27,4.91568,0.0,0.0,0.0,-15.625,0.28,384.594,18.45736,-10.9731,4.90343,3.0853,1.18504,2.13799,2.24603,3.49943,2.93354,50.44104,26.91202,101.77986
RPM,-4.82854,4.84256,19.52036,1.97491,4.56,8.03572,5.82987,1058.776,14.43403,22.58065,5.09,3014.589,10.74736,22.91792,8.02147,8.86584,1.174,8.32061,10.94949,25.29802,25.32389,49.62404,2.33735,98.50738
RTX,11.18075,3.33071,45.15799,0.99289,3.55,6.20359,15.03378,11577.0,14.32655,59.19283,4.54,15410.0,6.89226,49.42097,5.90783,7.48408,0.60436,2.91665,4.46231,7.95972,8.1246,41.11464,3.73672,69.86096
RDN,9.85537,8.29884,31.33353,3.20464,3.92,46.34814,2.60663,910.6,69.82433,3.97878,3.99,1227.21,-9.28074,0.21903,46.34814,46.64683,1.24029,6.86281,8.61702,13.39975,13.39975,33.64589,2.57479,50.70655
RL,-0.26804,14.83203,38.70932,2.28994,9.71,9.74606,6.55291,1055.3,15.91368,28.10026,10.41,4427.3,12.55938,23.64645,9.74606,10.23512,1.59965,7.71257,9.89533,26.48336,26.48336,52.19487,2.53511,109.18255
RRC,10.02771,8.33317,16.35714,0.56627,1.09,11.08077,-55.81477,760.415,31.63619,-69.46779,1.23,949.867,8.82832,-69.42634,11.08077,12.31671,0.47619,3.38144,4.3449,6.91594,6.91594,31.62458,2.39443,46.25138
RNGR,-17.45878,6.06908,12.30396,2.20706,0.81,3.22185,-8.64516,70.8,12.39713,-14.73684,0.91,98.3,7.4177,-22.68908,3.22185,3.58821,1.93252,4.39376,5.44187,6.74487,6.74487,10.9883,0.4774,12.34478
RJF,5.39425,0.31229,57.03155,1.05111,9.7,13.8578,14.58781,3197.0,21.42331,21.7064,10.14,11955.0,10.92944,18.91892,13.8578,14.0722,1.02538,2.33806,12.01242,19.03447,18.9256,29.9994,1.56397,42.85592
RYN,-5.87394,45.41439,11.91159,1.12396,2.39,29.21488,43.10947,543.992,43.07152,104.2735,2.41,478.994,41.68394,107.00951,28.43609,28.40105,0.98462,7.08619,7.83004,19.78854,19.46303,39.41784,2.19164,66.95956
RMAX,-16.81276,10.04948,22.63892,1.41246,0.37,2.62509,4.37185,77.446,25.17055,25.829361,0.65,228.702,18.00084,25.829361,2.31503,3.96737,1.3231,5.16562,7.2854,1.69486,25.829361,114.11595,6.09545,25.829361
O,33.23377,1.82399,43.56731,1.40713,0.98,16.35708,0.0,0.0,0.0,-22.22222,1.07,4901.26,43.38523,-1.32258,16.2332,17.41365,1.38439,1.90193,1.99174,2.39829,2.40398,40.65889,224.88884,68.51725
RWT,26.49604,0.06522,8.45846,10.06447,0.32,5.71372,34.96782,777.995,82.31323,65.31454,0.34,208.907,65.31454,65.31454,5.71372,4.75022,10.06447,2.93396,2.98519,4.78619,4.51811,93.37573,21.52213,65.31454
RRX,-8.55035,6.83949,94.41629,2.26314,2.94,3.28814,3.13259,1274.1,21.11605,172.77312,4.57,2216.5,16.66819,172.77312,3.25168,5.02914,1.01695,3.23391,3.84379,3.11327,3.14115,47.2218,4.40107,89.47217
RM,6.85323,0.3684,35.67213,3.58824,4.14,7.0054,41.27181,137.805,23.41619,149.39758,4.28,357.389,-7.87288,158.34691,7.0054,7.01087,3.57106,4.3405,4.4362,12.13717,12.13717,80.9014,10.97621,46.268566
RF,0.0,443.83917,17.7924,0.81246,1.93,20.19631,-13.38966,3383.0,36.09303,-8.53081,1.91,6596.0,38.86029,-8.7271,20.19631,18.66596,0.80781,1.36633,9.33746,11.8557,10.69401,28.15885,2.07508,39.19598
RGA,15.38661,1.32831,164.19724,4.84384,10.73,3.28583,-1.56617,1257.0,5.70482,-20.16369,11.17,2552.0,-7.93376,-20.50998,3.25406,3.33569,4.84384,0.69985,4.22269,7.20712,7.21223,45.82216,7.33811,84.5773
RS,-8.85629,9.83158,134.40565,3.21146,15.56,6.34622,-27.0996,1447.0,10.45898,-31.27209,15.91,4113.2,4.95907,-34.48611,6.32599,6.41069,1.41838,7.18402,8.29378,11.71471,11.7353,16.39668,0.98003,19.61248
RNR,-10.4466,0.93381,195.77155,5.7807,35.21,25.2516,0.0,0.0,0.0,-32.63823,35.59,3794.376,23.21382,-26.97136,15.95307,15.53811,5.7807,3.99497,10.70461,20.18849,17.88433,10.33015,181.11166,19.12234
RNST,0.0,57.215343,42.13444,0.95569,3.27,18.82957,11.64883,323.45,31.15993,27.73438,2.83,706.583,11.77003,35.09794,18.82957,16.18067,0.93833,1.07305,5.97956,7.85646,7.85646,18.00235,1.81795,21.95471
RSG,2.97444,8.93297,36.55449,0.58285,6.49,12.7495,11.81627,4898.0,30.5514,18.64717,6.46,6863.0,9.58505,18.02426,12.74326,12.66852,0.51962,6.22531,8.28008,18.61732,18.62372,53.18092,2.64537,113.58815
RMD,18.87864,5.81343,33.11103,2.58904,6.92,21.79053,19.65918,1574.85,33.6126,13.6289,7.37,2688.266,25.66836,13.74789,21.79053,23.12649,1.2363,12.83448,15.27441,22.70307,22.70307,15.23071,0.55493,17.96726
QSR,-4.94186,12.52757,9.58613,0.96531,3.18,17.1901,10.64835,2577.0,30.65667,-15.42553,3.19,3024.0,17.38193,-14.20168,12.14609,12.10576,0.85956,6.07261,7.29573,34.17001,30.18907,76.68159,6.18005,254.67204
RVTY,-0.06495,4.35505,63.54851,3.59762,2.3,10.27471,1.66517,846.512,30.7261,59.72222,2.77,1537.659,26.56275,-60.9887,9.81425,12.34232,2.75127,2.01613,2.28222,3.64322,3.64322,30.25473,3.92883,43.37889
REXR,15.77675,3.52665,36.25805,0.44652,1.2,30.53437,0.0,0.0,0.0,7.14286,1.2,726.147,49.81987,15.03512,29.23964,27.97245,0.44652,1.94306,2.03976,3.47032,3.38978,27.77489,44.426937,38.45599
RHI,-10.29038,7.09771,13.48353,1.65619,2.44,4.34101,-43.19141,294.744,5.08544,-37.1134,2.45,2247.23,6.72186,-38.80568,4.34101,4.33966,1.54239,5.14633,8.76997,16.96345,16.96345,14.49059,0.79228,16.94619
ROK,-16.85891,4.16395,30.93103,1.07694,8.28,11.4627,-17.39466,1605.6,19.42838,-30.7113,8.75,3224.9,7.00128,-31.3464,11.52562,12.07013,0.63079,7.1452,10.84197,26.98339,25.53851,52.68003,2.54827,111.32728
ROG,-28.87494,4.68454,67.65405,3.99919,1.4,3.1442,-25.78009,99.9,12.0347,-53.79538,1.82,277.1,12.80418,-53.88693,3.1442,4.07806,2.61619,2.10536,2.44027,2.07918,2.07918,2.01973,0.25826,2.06136
ROL,9.82303,15.00687,2.74705,0.68607,0.96,13.76274,11.59677,771.493,22.76658,7.86517,0.96,1785.511,14.72338,7.22416,13.76274,13.71847,0.50687,15.19516,19.99597,37.51802,37.51802,37.91331,1.05319,61.0651
RCL,0.0,632.95197,28.1257,0.17368,10.94,17.56855,31.84435,5726.0,34.73671,73.37559,12.38,8055.0,6.27275,69.53447,17.45329,19.60192,0.07732,7.14325,9.27875,46.82998,45.84455,72.91192,3.63605,269.16614
R,9.60699,7.52143,74.07319,0.75298,11.06,3.8699,4.45714,2742.0,21.69991,26.68958,11.42,2473.0,-6.31034,20.44335,3.8699,3.89334,0.61602,3.83282,5.35661,15.80989,15.80989,74.02933,3.24034,285.04974
RHP,-11.5281,14.62426,9.27221,2.15499,4.38,11.83496,0.0,0.0,0.0,-18.28358,4.57,844.302,18.94265,-12.71749,11.47373,11.55473,2.04001,6.23211,7.30962,48.58778,30.25018,78.98916,48.363148,48.363148
SPGI,1.45081,4.99139,107.72905,0.85404,12.35,29.32855,21.48847,6954.0,48.94426,50.06075,13.01,9817.0,35.59174,46.68698,27.11149,28.53263,0.7123,5.9815,7.244,11.43722,11.02264,24.30273,1.73167,36.21001
SFL,15.93074,12.08773,7.74435,0.38173,1.01,14.44631,21.80582,540.115,59.72055,53.0303,1.02,550.758,-38.64548,55.65603,14.44631,14.59291,0.33095,4.79857,4.96698,12.05387,12.05387,71.56111,5.25714,251.63123
SLG,0.0,24.100672,52.45465,4.30194,0.08,4.25339,0.0,0.0,0.0,24.100672,-0.59,252.63,-5.34825,24.100672,3.09765,-5.40246,4.30194,-0.88269,-0.96191,0.60353,0.68566,52.8946,24.100672,119.89538
SM,55.59215,9.49865,37.0189,0.55029,6.67,28.63267,14.03209,1835.042,68.21061,-2.76968,6.72,2088.188,-75.10685,-5.81834,28.63267,28.66516,0.45995,8.57259,10.41545,19.61754,19.61754,40.146,1.54877,67.0732
SPXC,9.61539,6.38629,29.8568,1.87497,4.29,10.17188,36.39281,425.0,21.42245,38.3871,4.75,801.2,12.41305,123.02558,10.10636,11.05843,1.15181,8.09534,10.84499,15.64948,15.64948,32.62277,1.57718,48.41809
STAG,6.30136,5.79999,18.53789,0.53379,1.04,25.1836,0.0,0.0,0.0,-2.80374,0.97,612.556,56.65432,-1.87975,24.65639,23.02434,0.53379,2.50654,2.58942,5.53896,5.54174,46.47634,40.025837,86.83325
SAFE,13.41195,0.20208,32.811,18.49724,1.48,27.43129,4.32634,311.628,80.17969,54.21763,1.48,384.438,-31.74751,54.21763,27.21208,27.17724,18.49724,2.86389,2.94719,4.62325,4.56624,64.57649,13.88775,182.29839
CRM,6.12738,3.14466,61.42739,1.09174,4.2,11.86562,88.36379,8968.0,25.72797,1900.0,5.05,26316.0,33.1967,1888.4615,11.86562,14.11108,0.96159,3.77444,5.12049,7.00987,7.00987,18.5253,1.51227,22.73748
SBH,0.64032,110.86349,6.17094,2.20243,1.43,4.12733,-4.24606,424.347,11.41629,-15.38462,1.73,1890.332,3.10024,-16.89382,4.12733,4.83758,0.33771,7.12669,8.9157,26.97904,26.97904,71.77155,3.76594,254.2525
SD,16.69929,5.80409,12.37887,2.10666,1.69,50.27217,-23.32095,65.431,52.22364,3.04878,1.71,78.498,-74.77363,3.49837,50.27217,50.64352,2.03629,3.56415,4.43551,13.56518,13.56518,0.0,0.0,0.0
BFS,-9.07294,5.06269,6.2031,0.20969,1.63,25.16784,0.0,0.0,0.0,-5.78035,1.64,196.786,29.00144,-3.87178,18.82821,14.70724,0.20969,3.68207,3.86101,32.24582,13.46582,75.38128,18.607128,18.607128
SLB,2.54736,4.58687,15.0837,1.44954,3.11,12.61815,12.49209,8888.0,24.49227,6.87285,3.44,7503.0,8.8584,6.13847,12.29298,13.47031,0.98977,8.21662,11.4881,21.59297,20.95221,36.44429,1.44194,57.34228
SNDR,2.13657,7.55678,17.04356,1.58311,0.66,2.21151,-15.20434,578.9,10.94226,-50.74627,0.68,854.8,1.4682,-50.9434,2.21151,2.25574,1.31611,2.17577,2.97353,3.93694,3.93694,16.97751,1.05511,20.4493
STNG,-27.06768,7.12541,57.40603,2.42976,13.15,53.76209,-16.03248,743.948,59.80525,31.10668,13.96,894.433,51.17054,22.28496,53.76209,54.47757,2.34796,9.11752,9.3405,24.67989,24.67989,23.12238,1.15864,30.07686
SMG,-41.88034,14.77214,-6.84063,1.30668,-0.61,-0.98235,18.58407,455.6,12.82405,81.65873,2.32,934.0,18.18406,81.65873,-0.98235,3.70918,0.33107,7.45752,9.83488,81.65873,81.65873,118.3613,5.52656,81.65873
SDRL,-13.06306,6.6747,46.9479,1.8523,6.37,32.20217,-28.34008,354.0,25.55957,54.61165,6.84,459.0,16.47112,48.66667,32.20217,33.58267,1.50299,2.77645,3.25904,15.11608,15.11608,17.54733,1.75424,21.2817
SEE,0.06772,12.16879,4.28526,1.15671,1.84,4.99759,-0.94884,1064.8,19.74558,-21.36752,3.01,1625.1,10.612,-22.51171,4.90858,8.12141,0.57469,7.24107,9.83775,45.91141,45.91141,87.83339,4.23404,126.8491
WTTR,-12.72182,4.80676,7.69727,1.65184,0.3,2.44133,-5.08771,223.359,15.38206,-58.33333,0.41,373.009,6.8611,-58.81349,2.11036,2.82318,1.29276,3.21207,4.16252,3.91446,3.9221,12.69212,0.59587,14.5372
SRE,-7.81032,6.37881,46.62097,0.5462,4.42,26.54532,-9.15363,5399.0,40.94805,-7.72443,4.44,5399.0,-35.84945,-6.92683,21.70649,21.34281,0.40988,2.01952,2.64191,9.84876,9.79816,49.44479,6.84534,97.80354
ST,-11.28151,5.601,19.32799,2.84982,0.85,3.26684,-12.83885,762.939,19.39956,99.45029,0.38,1192.744,11.06076,99.45029,3.26684,1.45324,1.76262,3.87607,4.56605,4.36498,4.36498,52.98498,4.26964,112.69798
SXT,6.58537,5.53926,25.15616,3.55413,2.94,8.00564,7.41844,258.539,16.60251,33.03167,3.02,507.715,7.60076,33.48395,8.00564,8.17336,1.17024,6.13532,7.1212,11.79259,11.79259,38.69815,2.5906,63.12722
SRG,0.0,-8.292283,7.18677,0.3914,-2.82,-8.292283,-8.292283,-120.209,-8.292283,-8.292283,-2.74,-11.438,-8.292283,-8.292283,-8.292283,-8.292283,0.3914,-10.09051,-10.55249,-31.77516,-31.69066,37.43093,-8.292283,59.82336
SCI,6.08476,79.74511,11.59684,0.52129,3.53,12.39145,1.13802,1157.471,27.6485,0.0,3.52,1090.657,11.11409,-3.47449,12.38894,12.21471,0.44054,3.45354,9.00232,32.22148,32.21926,74.5551,4.24944,293.006
NOW,10.01965,5.13751,46.53562,1.09919,6.84,12.97342,49.4829,1879.0,17.1067,-18.76485,7.11,8697.0,30.32934,-17.67764,12.97342,13.32374,0.96758,4.67964,8.10817,16.5342,16.5342,19.16379,1.21235,23.70694
SFBS,0.0,50.526268,29.61833,0.95447,4.16,23.16014,6.69316,349.291,35.59918,9.76253,4.17,458.732,-46.13304,9.85676,23.16014,23.17439,0.95371,1.28619,6.63369,14.871,14.86613,56.33056,5.97074,128.99307
SHAK,5.66089,111.04189,11.73046,1.96578,0.24,0.8638,10.83243,115.688,9.23577,-50.0,0.4,480.849,0.20991,-49.62989,0.81486,1.27191,1.88541,0.50033,0.64958,2.23487,2.24715,62.12343,6.99833,164.01547
SHW,-2.79623,9.31786,16.12155,0.79322,10.55,11.60855,1.53562,4397.0,19.03587,14.05405,10.68,11195.1,7.40854,12.24883,11.60855,11.60543,0.38983,10.12353,14.30871,69.04596,69.04596,76.05589,2.92659,694.2508
SIG,-35.17241,179.18767,49.01584,1.78978,15.01,11.30092,-20.72478,809.4,11.28697,126.05422,17.73,2825.4,3.80538,115.1314,11.30092,11.10118,0.70881,6.025,10.61002,43.27788,32.06711,30.59006,1.53657,44.07158
SLGN,-0.87486,9.80848,18.62991,1.12242,2.58,4.72062,0.71332,877.63,14.99019,-13.42282,3.29,1011.775,6.9772,-15.21237,4.72062,6.00121,0.63053,4.64428,6.32255,14.25019,14.25019,68.65286,4.9649,219.00838
SPG,-3.58456,7.60628,8.89164,0.49976,7.26,44.22246,0.0,0.0,0.0,4.01146,7.26,4920.384,47.60967,3.84429,38.41922,38.36361,0.49976,6.18563,7.04069,80.60331,74.90057,87.31883,244.60622,244.60622
SSD,0.14684,7.85457,43.1097,3.21094,7.6,14.43566,-6.18662,519.925,23.29268,-7.99032,7.75,1025.851,6.06576,-8.97293,14.43566,14.64562,1.42969,10.0016,12.0257,18.49155,18.45033,20.95487,0.92448,26.51001
SPNT,2.87536,0.59093,14.9224,2.91141,1.04,7.77325,-28.96455,304.6,11.69829,-43.78378,1.06,589.3,3.84582,-43.6584,7.67724,6.77968,2.91141,1.44066,6.15164,9.86844,9.05714,25.49954,2.1786,34.22736
SITC,-58.53893,6.6609,9.90216,1.21546,9.65,170.05714,0.0,0.0,0.0,99.38017,10.49,183.268,-44.21926,100.15732,172.01724,177.76768,1.16296,-0.11171,-0.11891,41.77227,39.05705,39.46646,44.531902,65.19766
SITE,11.51651,8.75128,35.01214,2.41823,2.71,2.73973,-11.88735,325.4,7.16645,-28.68421,3.33,1560.1,3.3429,-28.71972,2.72211,3.31812,1.04011,3.94935,4.76414,8.08213,8.08317,37.40563,2.92348,60.49603
SKX,15.141,9.6921,28.66188,1.97184,4.16,8.13451,15.12869,1098.657,12.24901,19.19771,4.21,4767.439,1.7001,17.16236,7.12951,7.12692,1.02994,7.06314,8.80775,15.41518,15.82622,28.58232,1.7559,40.78367
SMBK,0.0,20.308737,29.02919,0.90799,2.14,12.66901,14.89968,80.632,28.26505,26.62722,2.16,166.349,2.72289,26.39807,12.66901,12.69706,0.90667,0.8562,8.03266,7.59876,7.59786,10.92719,0.74773,12.26771
SW,0.0,0.0,33.35613,1.3712,0.82,1.5112,0.0,3090.0,14.63831,0.0,2.46,4195.0,0.0,0.0,1.5112,4.49837,0.7049,0.0,0.0,0.0,0.0,45.66732,4.72945,84.0513
SNA,0.0,193.36948,102.97621,4.14914,19.51,20.92436,0.81578,1421.2,27.82084,3.99787,19.51,2654.8,17.27351,3.24399,20.43497,20.08899,3.02278,10.71126,12.63946,19.94955,20.33985,19.28538,0.91071,23.8933
SGI,-6.23551,11.79782,3.22005,1.10945,2.16,7.8221,10.38496,863.1,17.5039,3.84615,2.57,2180.1,11.39574,4.40098,7.79371,9.04809,0.54348,8.29789,10.12094,87.10335,85.54952,88.71772,5.17762,148.5012
SAH,-1.05014,37.54104,31.13971,1.09395,6.18,1.51853,7.20975,606.7,4.26524,24.34608,5.26,2192.8,-1.14101,21.21212,1.51853,1.26098,0.33359,5.06536,5.7346,22.10623,22.10623,79.53652,6.80551,133.98013
SON,1.60086,5.48693,23.1184,0.78711,0.68,1.27352,-22.38548,810.19,15.27115,-85.83333,3.25,1145.039,4.89891,-65.48144,3.09025,6.04238,0.37501,3.21705,4.09592,2.88525,2.86411,76.27823,9.07368,84.60075
SSB,0.0,129.87634,77.17847,0.91028,6.97,21.88483,5.39472,1004.769,41.11799,7.89474,7.21,1701.741,-2.98986,8.18822,21.88483,22.51347,0.90289,1.29826,8.76339,9.36285,9.36285,14.64059,1.00551,17.1517
SO,8.40611,9.33264,30.27165,0.66867,3.99,15.94073,14.77195,11802.0,44.16255,10.22099,4.05,13342.0,1.3906,10.68914,16.46834,16.60979,0.33508,3.0961,4.36799,13.61443,11.84996,64.37723,5.61574,180.71931
SCCO,2.95276,9.64315,11.48999,2.74645,4.2958,29.63773,27.35033,6400.5,55.98072,42.28355,4.2958,6698.0,29.91072,39.238,29.53452,29.61176,2.11156,19.59223,22.5818,40.7096,40.53495,43.10017,1.09331,75.74744
SBSI,0.0,33.19116,26.72708,0.67617,2.91,19.44466,5.3187,148.908,32.71934,3.19149,2.89,254.514,14.87554,2.07862,19.44466,19.23653,0.67586,1.02998,5.00901,11.16482,11.16482,54.59925,6.55738,120.26068
LUV,-37.5,111.73684,17.44439,0.91838,0.76,1.68484,-11.89778,2103.0,7.61984,0.0,1.02,5860.0,-7.33315,0.0,1.68484,2.21008,0.80116,0.79374,1.46237,4.45723,4.45723,43.77445,3.83167,77.85507
SWX,-16.36743,5.68438,48.81639,0.79934,2.76,4.00662,-0.8874,922.211,18.03855,29.57747,2.77,1011.176,7.9331,31.76242,3.88884,3.89245,0.64571,2.53085,3.40913,5.8353,5.76695,58.46664,5.63118,141.06322
SPB,33.17963,5.32836,76.18861,2.29748,3.26,3.35032,53.69198,291.4,9.83164,68.610916,3.47,1109.3,-2.11757,-93.07244,4.21067,3.54739,1.56455,2.6042,3.37746,4.26318,4.2618,24.07473,2.33047,31.70846
SR,3.12695,15.96675,51.78701,0.45267,4.19,9.67605,13.85506,766.7,29.56807,8.83117,4.2,982.3,-1.2312,15.35632,9.67605,9.08677,0.16544,2.88262,3.89247,8.85634,8.12618,59.504,6.21195,147.32886
SPR,6.90173,5.72571,-22.35516,1.05413,-18.32,-33.86315,-161.79846,-1392.5,-22.04509,-161.79846,-17.75,-1372.4,-5.80851,-161.79846,-33.87582,-32.82146,0.48125,-15.47722,-38.31693,-161.79846,-161.79846,240.79655,-161.79846,-161.79846
JOE,-18.06797,8.36309,12.41758,1.52265,1.27,17.976,9.6225,141.971,35.25154,-4.51128,1.28,167.221,-1.99305,-4.53341,18.4212,18.53748,1.36397,3.90197,4.44317,10.54314,10.08845,45.73834,4.3742,84.29218
SMP,31.46766,7.89135,28.17024,2.11222,2.41,3.73017,8.53821,134.875,9.21372,-15.4386,3.29,423.321,-0.47008,-19.4682,1.87861,4.89977,0.58456,4.16222,5.81561,8.57493,8.52551,51.92423,5.04556,108.00499
SXI,7.87952,4.48524,52.83991,3.37158,6.18,10.21197,-0.25724,139.202,19.31658,-46.67817,6.94,282.001,11.5196,-47.42575,10.14022,11.32823,2.53706,6.92135,8.65114,11.97622,11.97622,23.21369,1.34977,30.23155
SWK,-11.11535,15.52326,56.48591,1.2971,1.89,1.86324,32.63464,1778.1,11.57188,300.1598,4.35,4562.1,5.60306,300.1598,1.91531,4.2602,0.29419,3.26447,4.6351,3.2212,3.2212,43.0619,3.7089,75.62931
STWD,-11.21107,0.10804,19.078,7.01678,1.1,18.45598,0.0,0.0,0.0,2.80374,1.11,352.513,129.44135,6.10826,17.45485,17.22107,7.01678,1.35232,3.47824,5.67351,5.35404,70.72456,39.635494,256.81683
STT,0.0,926.8587,77.95239,0.60184,8.21,12.22864,14.57869,7710.0,35.08852,47.13262,8.13,12925.0,171.74258,38.22017,12.22864,11.02166,0.59917,1.27902,7.43156,12.1219,10.93944,59.77318,4.88093,148.59038
SCS,-9.37584,8.88027,7.76612,1.5803,0.68,2.56678,19.1404,207.9,6.57995,126.66667,0.71,1016.8,10.00601,129.74504,2.56678,2.56172,1.10097,3.51109,5.12899,9.46711,9.46711,41.5266,3.0303,71.01792
STEL,0.0,41.79925,30.0934,0.90615,2.15,18.38736,-9.95467,250.697,40.08292,-12.2449,2.15,433.918,144.3224,-11.87307,18.38736,18.38022,0.90597,1.26822,8.04483,7.35107,7.35107,5.21024,0.35253,5.49662
SCL,-8.06137,5.38288,51.99476,1.21134,2.2,2.31026,13.10429,201.277,9.23173,25.71429,2.98,272.214,2.89249,25.28604,2.31026,3.12068,0.72895,2.38539,2.92232,4.22138,4.22138,37.36766,3.46788,59.66191
STC,0.0,96.603676,50.50216,2.17211,2.61,3.54436,27.6479,200.337,8.05466,135.13515,2.78,1544.701,4.72945,140.84235,2.94747,3.08802,2.17211,3.19172,4.40648,5.28636,6.32025,28.58012,2.81863,40.01704
SF,7.53474,0.2771,48.95489,0.86392,6.25,12.2886,27.98452,1118.115,18.78653,46.02804,6.75,4687.713,16.24339,39.9672,12.2886,11.80246,0.81037,1.66212,7.74039,15.21931,13.32057,32.75868,2.47782,48.71808
SRI,-17.28001,5.96952,8.85575,2.58391,-0.6,-1.81923,-28.3554,36.528,4.0216,14.821271,-0.51,189.83,2.06593,14.821271,-1.81923,-1.54949,1.39758,0.21716,0.29811,-6.20064,-6.20064,46.36934,5.80522,86.46049
SYK,0.0,913.5156,54.10068,1.94945,7.76,13.24629,14.84667,6142.0,27.18301,-5.93939,11.04,14545.0,13.05156,-5.43444,13.24629,18.6158,1.11345,7.6795,9.5226,15.2599,15.2599,40.62842,2.29893,68.43075
INN,-12.75529,36.70923,8.38689,0.56406,0.22,5.30075,0.0,0.0,0.0,27.046225,0.21,329.62,22.13765,27.046225,5.9483,3.03189,0.52901,1.63834,1.68918,4.79442,2.79616,50.65087,27.046225,106.49927
SUI,39.61008,12.82239,55.5702,1.36065,0.71,3.31517,0.0,0.0,0.0,85.82212,2.03,1488.6,25.07158,85.82212,2.75491,7.82316,1.11835,1.83002,2.01823,1.25666,1.43889,50.25598,85.82212,104.67829
SXC,9.39977,20.93456,8.06383,2.30612,1.12,5.34773,-2.82633,261.3,13.50109,64.70588,1.04,339.9,4.87561,66.78261,4.95505,4.57291,1.39067,5.34759,7.53854,14.81768,15.25986,41.45739,1.9269,70.81575
SHO,9.3027,28.12702,9.07641,2.5249,0.14,4.70977,0.0,0.0,0.0,-84.94624,0.14,395.162,16.73704,-79.07096,4.70977,3.07476,2.29979,1.82508,1.91731,2.33334,2.02601,28.8482,16.933977,40.54458
SYF,1.48782,0.24753,39.55587,1.25723,8.55,15.18268,17.55434,4922.0,21.35729,64.73988,6.97,9392.0,9.86343,56.34495,15.18268,11.99169,1.25723,2.34287,8.96418,24.53115,22.95706,48.25542,3.14141,93.25694
SNV,0.0,130.00703,33.34664,0.8774,3.03,13.96809,-17.37001,926.859,27.00265,-12.42775,3.06,1852.496,50.61987,-11.26438,14.05575,12.85201,0.87473,0.96513,8.04546,10.38636,9.211,26.15081,2.012,35.41109
SYY,4.55678,15.13906,3.78235,1.195,3.89,2.47958,8.82287,4223.0,5.35615,12.10375,4.13,14608.0,2.28275,10.44424,2.47958,2.62558,0.65642,8.77967,14.94542,101.06958,99.4194,87.25398,3.06536,835.89026
SNX,0.3337,5.18152,95.97642,1.23828,7.95,1.17889,0.0,1667.557,2.85284,18.65672,8.65,3981.306,1.65016,9.91847,1.17889,1.26517,0.71767,2.65032,6.28453,8.49753,8.49753,35.39309,2.63978,54.78221
TEL,2.96596,5.26237,41.19459,1.60788,10.34,20.15778,9.85307,3813.0,24.06437,72.04659,7.61,5456.0,13.24787,67.17278,20.15147,14.74453,0.92162,8.37802,11.1809,26.72133,26.46121,27.11033,1.21794,37.58802
TJX,-6.03908,99.29854,6.4415,1.21175,3.86,8.25202,17.85092,6767.0,12.48133,29.96633,3.9,16266.0,6.50142,27.90166,8.25202,8.24354,0.5921,12.47289,18.60302,65.47637,65.47637,63.20298,1.85341,171.76115
TRTX,-7.44444,0.10517,13.75282,9.30552,0.75,21.11976,81.83075,273.588,77.73071,48.180416,0.75,113.342,96.03935,48.180416,21.11976,17.00477,9.30552,4.304,4.35816,6.64058,6.64053,69.75069,9.38939,230.58604
TXNM,4.81396,10.11157,27.37333,0.28102,2.67,13.12511,34.70385,841.565,42.69305,161.76471,2.58,1195.087,-42.49377,174.69495,12.31139,11.84953,0.13591,2.6593,3.60754,9.93483,10.33773,69.19278,6.92511,224.59926
TALO,43.33563,6.27955,15.33016,0.91194,-0.44,-3.87081,32.84669,1259.016,63.7939,133.14822,-0.37,1406.15,31.63301,133.14822,-3.87081,-3.2922,0.7087,1.33826,1.96885,-3.10866,-3.10866,33.2059,1.0897,49.71383
SKT,0.17301,9.31437,5.78655,0.95988,0.88,19.07074,0.0,0.0,0.0,-4.34783,0.91,397.897,38.63235,-0.56076,18.29778,18.45262,0.95988,4.38205,4.79005,16.17432,16.17011,68.93532,36.468975,221.90903
TPR,7.89598,30.34433,12.58428,5.14355,3.5,12.23168,5.12328,1424.0,21.34549,-9.79381,4.36,4889.5,14.83766,-12.82051,12.23168,14.97949,4.48014,7.61708,9.06596,31.53806,31.53806,75.16077,6.15569,287.0008
TRGP,10.0136,10.60532,11.90463,0.72379,5.74,9.48326,4.04173,4129.0,25.20526,56.8306,5.78,5678.5,1.86872,53.03901,7.8082,7.76947,0.55967,7.76219,9.26876,47.97735,34.41439,76.38387,3.46094,443.39743
TGT,0.0,1677.5164,29.09406,0.90644,8.94,3.85246,29.9328,8508.0,7.9209,49.49833,8.96,29584.0,2.05948,48.84892,3.85246,3.8497,0.26984,6.56333,11.25499,33.55498,33.55498,59.39295,2.30912,146.26266
TMHC,0.0,153.47552,57.37892,8.10138,8.27,10.85401,12.06457,1225.249,15.00035,18.48138,8.61,2013.849,-1.67971,14.87524,10.81408,11.0483,0.73866,8.44301,9.78041,15.79951,15.81683,27.22918,1.79513,37.41772
TISI,-4.71341,4.81741,0.38682,1.78164,-8.64,-4.48988,65.24171,47.854,5.61487,5.00565,-8.39,223.15,2.84749,5.00565,-4.48988,-4.36003,1.45278,1.3206,1.87285,-161.68504,-161.68504,99.53061,7.70117,5.00565
FTI,15.85098,7.39502,7.31222,1.12391,1.91,9.41618,49.66924,1357.5,14.94501,1491.6666,1.85,1788.0,9.69637,1399.822,9.27967,8.7395,0.58303,6.2904,12.19579,27.05722,27.1072,36.33819,1.31963,57.08004
TECK,-20.75382,4.82566,51.50066,2.87735,-0.6255,-10.18202,-72.12945,1125.212,17.8599,94.518616,-0.6255,1116.872,-23.23359,-83.14653,4.47876,-5.12311,2.17735,-0.33299,-0.44967,-1.76011,-3.33285,26.8881,6.15503,36.77665
TK,-24.96965,7.42451,8.44353,6.9924,1.42,32.9095,-31.29458,426.381,34.93855,-7.79221,1.51,487.439,22.5365,-11.19947,10.96139,11.29505,6.50446,9.56373,10.32698,18.55287,21.50275,3.27647,0.15374,3.38746
TNK,-17.51051,13.48104,51.12046,5.66442,11.63,32.83618,-29.32206,441.277,35.89556,-21.73621,11.87,487.881,24.11655,-21.41526,32.83618,33.22112,4.73844,11.29625,12.23644,24.59633,24.59633,2.9606,0.12145,3.05092
TGNA,-3.22607,5.04901,18.79144,2.91759,3.53,19.31169,25.47781,931.472,30.02839,54.82456,3.08,1345.856,18.62293,25.82081,19.33667,16.7241,2.8079,7.13654,8.47954,21.01091,20.84094,51.01471,3.38213,104.84708
TRC,-5.22031,5.1495,17.65627,4.13206,0.1,6.41742,-4.290027,-4.313,-10.297,-16.66667,0.1,1.894,-117.05283,-17.61103,6.42219,6.39975,3.67915,-0.96983,-1.05779,0.57153,0.55306,12.04214,-4.290027,13.6908
TDY,0.92338,4.69507,204.4533,2.33402,17.21,14.47443,-0.02207,1359.3,23.97355,-6.92266,16.76,2434.8,17.94467,-7.50819,14.44797,13.89277,1.4767,4.56865,5.25664,8.72854,8.73959,22.59199,2.05164,29.20393
TFX,3.61425,6.78018,92.45235,2.2655,1.49,2.29203,5.38196,867.537,28.34047,-80.29101,8.68,1711.879,18.02867,-80.44639,2.27613,13.28091,1.17713,5.06594,5.95921,1.60938,1.60938,29.29306,2.04301,41.42882
THC,-9.29547,5.80475,43.85495,1.78237,32.7,19.66896,13.23935,3695.0,17.88307,472.6795,33.93,8209.0,10.21622,423.7316,15.48737,15.91304,1.53921,6.28188,8.06425,110.7458,57.82995,62.63443,3.8774,246.1684
TNC,4.64459,5.07875,32.93543,1.97331,4.38,6.50501,1.34995,195.2,15.17059,-24.87136,5.54,550.0,9.27664,-23.56164,6.50501,8.08891,1.22827,7.60256,10.31907,13.97562,13.94535,29.01643,1.30277,40.87767
TDC,-19.93127,6.67939,1.39853,0.80538,1.16,6.51429,4.33437,337.0,19.25714,90.16393,1.44,1063.0,18.17143,83.87097,6.51429,7.93234,0.72043,8.28208,19.96294,85.07463,85.07463,81.24119,1.7092,83.05982
TEX,17.37861,8.61102,27.88432,2.16216,4.96,6.53404,-4.61761,661.0,12.89253,-34.39153,5.94,1068.0,3.42549,-35.32819,6.53404,7.76243,0.98602,7.7845,10.44313,19.11937,19.11937,59.73626,4.11195,148.36246
TRNO,12.12121,6.63368,36.90453,0.65616,1.92,46.74313,0.0,0.0,0.0,6.07735,1.92,284.531,53.33028,21.81477,46.74313,46.46723,0.65616,2.30608,2.44563,5.6104,5.6104,18.43406,27.1098,22.60019
TTI,-6.24788,5.53168,1.9313,2.1859,0.86,18.96477,7.97798,85.714,14.30687,330.0,0.16,175.683,-1.82754,319.96588,18.07411,3.50597,1.15138,5.76405,7.63176,56.36684,56.71911,46.63828,2.5829,87.40027
TXT,-3.50966,7.09397,39.37387,1.75362,4.34,6.02102,-14.67128,1233.0,8.99869,-5.03282,4.69,2525.0,3.33619,-10.53203,6.01372,6.44586,0.7552,3.17193,4.77014,11.62709,11.62709,35.46538,3.21087,54.95558
TMO,-0.39321,4.44572,130.21898,1.66044,16.53,14.78113,-0.07354,10870.0,25.35041,6.99029,17.46,17749.0,15.52625,5.67139,14.77413,15.55475,1.14056,4.94907,5.85504,13.15421,13.13398,39.75329,3.01518,66.14397
THR,9.92656,4.82694,14.08241,2.51306,1.51,10.42964,11.33373,97.299,19.67111,51.0,1.6,215.889,10.15683,53.23472,10.42964,10.89172,1.45859,6.91969,8.10799,11.54255,11.54255,28.30563,1.92695,39.48097
THO,-7.64234,19.20041,76.844,1.69112,4.94,2.64253,-19.96605,690.228,6.87245,-28.92086,4.96,1451.962,3.91211,-29.1134,2.64161,2.62969,0.7672,3.6155,4.81981,6.59688,6.58769,23.50851,1.81404,30.7335
TDW,0.0,73.787796,21.64962,2.10686,3.4,13.3205,48.20996,540.624,40.17016,84.78261,3.48,649.173,26.04149,85.88877,13.42334,13.5628,1.96239,8.99822,10.52241,16.77907,16.68514,36.83215,1.19846,58.30838
TKR,-1.32321,5.64011,40.37915,3.06752,4.99,8.20687,-5.92308,856.1,18.72075,-8.77514,5.28,1446.4,8.47638,-10.50495,7.71266,8.10508,1.45631,6.12131,7.64903,13.04147,13.19968,42.19997,2.54491,73.01029
TWI,-3.38817,8.56852,7.85684,2.35451,-0.08,-0.19448,-43.21352,108.08,5.85502,24.527483,0.11,247.694,-2.02992,24.527483,-0.3012,0.40916,1.07852,2.21279,3.0479,-1.15457,-0.74708,58.15017,6.34653,138.94958
TOL,0.0,245.06734,76.87225,5.81237,15.01,14.21234,18.49025,2183.415,19.75021,21.44013,15.16,3086.319,2.26622,14.51266,14.21234,14.21401,0.77113,10.14925,12.85423,21.71946,21.67178,27.81222,1.35637,38.5276
TR,-21.15786,14.55473,11.91182,3.82198,1.18447,12.00304,-1.15765,118.681,16.41015,-4.80303,1.3301,253.18,11.80621,-5.53247,12.00566,13.51025,2.81403,5.62972,7.28635,10.25012,10.25181,1.67081,0.12462,1.6992
BLD,-5.93197,6.87441,75.24153,2.08422,20.29,11.68152,2.42653,1056.207,19.817,4.96637,21.15,1624.918,11.47933,1.35905,11.68152,12.10476,1.50151,11.58693,14.35519,26.08701,26.08701,41.66341,1.49411,71.419
MODG,-7.82762,19.40183,13.14965,1.93813,-7.88,-34.14951,-2.55942,479.7,11.31555,89.00449,0.05,1347.4,-0.26508,89.00449,-34.14951,0.21666,0.88183,1.57624,1.7458,-46.06182,-46.06182,64.9626,9.30603,185.40932
TTC,13.80568,11.1691,15.29387,1.8083,4.01,9.13871,-2.53326,688.7,15.02465,28.11502,4.23,1549.3,9.03808,27.0549,9.13871,9.57882,0.67541,9.69441,13.30191,27.35406,27.35406,40.15271,1.51183,67.09195
TT,2.99543,5.72308,33.22167,1.20908,11.35,13.17761,19.92981,3861.5,19.46497,27.67154,11.39,7080.5,12.59414,26.8788,12.94422,12.98716,0.8416,11.02341,17.30154,35.87728,36.04824,41.83532,1.39454,71.92563
TDG,16.18579,5.16927,-111.88985,1.58211,25.62,21.5995,21.87597,3911.0,49.25693,16.29596,27.22,4693.0,74.46946,32.04931,21.5869,19.81506,1.24815,9.8807,12.33287,428.01654,428.01654,133.67276,6.3774,428.01654
TRU,10.49793,5.49813,21.63674,1.70045,1.45,7.22549,13.5069,1299.2,31.05311,188.13885,1.99,2510.5,14.54001,188.13885,6.79765,9.24652,1.48226,4.30853,4.98732,6.91533,7.17686,54.67968,4.0107,120.65157
RIG,7.79468,6.44831,11.74199,1.47444,-0.76,-14.52894,68.58877,1111.0,31.52667,120.43848,-0.95,1350.0,2.94765,120.43848,-14.52894,-22.9143,0.9068,1.1735,1.29888,-4.9471,-4.94662,41.33584,6.52295,70.46184
TNL,2.51293,1.41022,-13.12516,4.1073,5.35,9.78261,3.1893,1003.0,25.95756,2.68714,5.55,1892.0,6.02355,3.78788,10.63665,10.06871,2.83993,8.2387,11.55528,148.55225,148.55225,118.37161,5.65304,148.55225
TRV,2.80059,2.09892,122.96558,8.65362,21.47,10.837,62.17533,6993.0,15.15966,67.86552,21.76,12391.0,23.68087,67.13474,10.837,10.75523,8.65362,3.02797,11.31302,18.94099,18.94099,22.96804,1.18805,29.81625
TG,-1.56746,9.28993,5.22108,1.5247,0.03,0.17474,78.13415,43.821,7.32762,14.473376,0.35,95.104,3.60138,14.473376,-10.79637,2.01013,0.78378,3.20699,4.49042,0.62088,0.62088,29.94859,1.76555,42.75231
THS,-16.40091,20.95099,30.85458,1.35548,0.51,0.79649,2.35919,347.1,10.27744,-51.42857,1.96,552.3,4.89111,-49.34087,0.79649,3.0294,0.58585,3.09463,3.9202,1.67408,1.67408,50.31118,4.51829,101.2525
TREX,114.78997,17.7841,7.93383,0.93118,2.09,19.66149,10.40157,360.343,31.29474,10.58201,2.09,485.668,-6.09053,10.22865,19.66149,19.63798,0.26176,16.92779,20.60685,28.89841,28.89841,23.10033,0.70871,30.03957
TPH,0.0,86.52549,36.08045,10.8162,4.83,10.19326,33.64163,607.885,13.52999,40.0,4.87,1056.641,11.39674,33.26341,10.19458,10.18752,2.6823,7.35372,8.09261,14.43368,14.42571,24.79306,1.80901,32.96645
TRN,4.04067,8.07659,12.94499,0.8595,1.81,5.56638,16.69345,726.3,23.5873,26.57343,1.89,668.2,0.45994,30.56604,4.49467,5.02699,0.5299,3.04772,3.79136,14.57061,13.27293,81.61851,7.9916,72.25707
TSE,-22.40465,9.99346,-17.5113,1.37079,-9.86,-9.91973,105.3886,198.2,5.64158,34.124634,-8.01,265.6,0.84823,34.124634,-9.91973,-8.0483,0.82092,0.12779,0.18325,34.124634,34.124634,133.36563,12.50151,34.124634
TRTN,3.85535,0.88736,20.55332,3.36852,0.0,32.72522,1.32376,1382.734,87.32287,0.0,0.0,1485.112,-8.37026,9.30332,32.72522,0.0,3.36852,4.70796,5.04348,24.17997,18.03625,73.06455,5.51086,271.25797
TGI,-19.09649,5.11303,-1.35737,2.63674,-0.46,-2.89142,-24.54652,142.595,11.96224,54.987415,-0.22,322.842,18.16094,471.90182,42.98368,-1.36847,1.69839,4.15195,7.42187,54.987415,54.987415,110.54409,7.67681,54.987415
TROX,-6.35452,10.61831,11.14995,2.46568,-0.31,-1.75667,10.08403,524.0,17.04619,59.551514,-0.29,515.0,-3.79392,59.551514,-1.56148,-1.48886,0.52632,2.24901,2.81868,-2.5967,-2.86396,62.53922,5.70611,166.94585
TBI,-14.98151,6.70913,10.65834,1.73048,-4.17,-8.02275,16.91192,-6.992,-0.44609,16.91192,-2.69,403.541,-0.92463,16.91192,-8.02275,-5.17905,1.53197,-2.90148,-5.07061,-32.5253,-32.5253,17.42173,16.91192,21.09723
TFC,0.0,737.05115,43.90183,0.82873,-0.3,-0.18554,-66.33052,3873.0,15.96916,737.05115,-0.14,11408.0,11.42436,737.05115,19.86558,-0.76837,0.80583,0.33919,1.42675,-0.08167,-0.07321,50.69033,16.90214,102.79998
TPC,-10.40771,1.64261,21.61954,1.40895,-3.13,-2.82739,10.941503,-49.966,-1.15477,10.941503,-0.51,197.038,13.06159,10.941503,-3.78378,-0.6167,1.32625,-1.49542,-3.26173,-13.49547,-10.01745,33.3537,10.941503,50.04583
TWLO,4.57858,7.74426,52.11267,4.2029,-0.66,-2.45406,121.77399,163.316,3.66341,121.77399,-0.56,2279.345,16.83605,121.77399,-2.45406,-2.08428,3.62456,-0.23536,-0.25306,-1.2372,-1.2372,12.24907,6.79754,13.95891
TWO,0.0,44.59213,14.67054,0.18545,2.37,28.90505,0.0,0.0,0.0,44.59213,2.42,601.986,20.60039,44.59213,28.90505,24.29588,0.18545,4.17369,4.53449,19.16728,13.78525,81.06593,44.59213,44.59213
TYL,-5.20174,3.54221,78.86654,1.35207,6.05,12.30357,17.40753,440.162,20.58946,55.92784,6.17,935.761,26.46432,58.52675,12.30357,12.29813,1.28339,3.79888,4.88723,8.31517,8.31517,15.85302,1.4503,18.83968
TSN,-2.82714,21.85744,51.6573,2.03698,2.25,1.54065,0.0,3073.0,5.75964,328.70355,3.1,3954.0,2.62,328.70355,1.49942,2.05683,0.86338,3.08789,3.95392,4.3808,4.47116,36.14761,3.41067,56.61121
UDR,8.31378,7.04776,10.27632,0.33963,0.26,5.70784,-4.50675,310.185,18.46624,-80.59702,0.29,1131.41,42.92278,-79.83923,5.33326,5.68505,0.33963,1.63207,1.69792,2.43884,2.03705,57.3941,19.37308,174.50763
UGI,-18.22173,8.75845,20.23886,0.80146,1.25,3.70932,270.7808,1680.0,23.16602,270.7808,3.21,3681.0,4.10059,270.7808,3.70932,9.35331,0.47233,4.6272,5.88119,6.28211,6.14998,63.49153,4.50714,173.90906
UMH,13.35927,3.00223,7.24532,1.45276,0.03,8.68292,0.0,0.0,0.0,22.405832,0.04,130.928,27.82202,170.1336,8.76149,1.20055,1.45276,2.05985,2.10026,4.29267,2.64263,40.2784,22.405832,67.4436
USB,0.0,1685.9305,33.19024,0.80445,3.79,14.81785,-6.33277,13297.0,31.13177,15.90214,3.86,25097.0,20.44332,16.02505,14.74761,14.09815,0.79968,1.15124,5.99054,12.56433,11.02508,55.91694,5.63202,126.84451
USFD,5.87613,19.47904,19.64425,1.2057,2.02,1.30422,7.61905,1582.0,4.17668,0.0,2.64,6534.0,1.90122,-2.37154,1.30422,1.67998,0.67536,5.3713,7.34199,10.65,10.65,53.53991,3.29836,115.23852
USNA,0.0,35.33094,27.91172,1.99955,2.19,4.92216,-15.62896,89.273,10.44736,-33.63636,2.54,693.291,6.48746,-34.10986,4.91865,5.67834,1.36072,6.75305,8.20959,8.16663,7.76349,6.26727,0.43915,7.36766
UAA,0.4924,7.4113,4.93915,2.45712,0.52,4.06957,1.45896,447.851,7.85445,-38.09524,0.56,2630.253,3.35045,-40.00502,4.06957,4.32457,1.41417,4.02575,5.44136,11.1782,11.1782,40.1212,3.22158,67.00401
UNF,-0.08134,8.70158,113.41569,3.25357,7.77,5.99292,25.95646,327.25,13.48133,40.50633,7.79,847.596,5.41265,40.31869,5.99292,5.98924,1.61289,4.3573,5.40439,7.07477,7.07477,3.16026,0.21026,3.26339
UFI,-0.67715,7.52053,14.43047,3.25122,-2.61,-8.14055,2.9626899,-4.074,-0.69975,2.9626899,-2.33,16.616,3.66018,2.9626899,-8.14055,-7.26523,1.42629,-3.91679,-4.51755,-16.14835,-16.14835,34.45363,2.9626899,52.56374
UNP,-8.63483,12.22586,27.95242,0.76532,11.09,27.82268,5.96494,12151.0,50.10722,6.1244,11.13,13492.0,18.90464,5.76893,27.82268,27.88696,0.55843,9.0065,12.35252,42.59739,42.59739,65.77716,2.67163,192.20248
UIS,3.6465,4.23088,-4.07184,1.56433,-2.79,-9.6196,33.57623,238.3,11.86517,58.17393,-1.13,598.0,7.56884,58.17393,-9.62956,-3.89339,1.36895,5.03231,28.47192,58.17393,58.17393,200.56012,2.25388,58.17393
UCB,0.0,74.339325,28.01398,0.78409,2.04,16.82538,16.19782,514.424,34.29272,32.46753,2.11,901.173,39.52264,34.58015,16.82538,16.84839,0.78157,1.16877,8.50914,7.74566,7.54138,12.58937,0.96091,14.40256
UNFI,5.17241,34.71149,27.57983,1.43848,-1.89,-0.35507,2.1645,472.0,1.52356,228.42274,-0.3,4201.0,0.11257,228.42274,-0.36152,-0.05742,0.42114,1.28167,1.87537,-6.61939,-6.49926,68.37541,7.51695,216.20963
UPS,-2.40112,8.04825,19.57841,1.1745,6.75,6.34896,-6.00709,12455.0,13.67629,-13.46154,7.1,19359.0,5.7534,-13.80441,6.34896,6.66575,1.06417,7.84626,12.79241,33.98777,33.95484,60.50714,2.05957,153.2103
PRKS,7.57939,22.51073,-8.38782,0.655,3.79,13.18593,2.51805,639.564,37.06971,4.40771,4.06,869.742,6.3893,-2.86043,13.18593,14.01244,0.47312,11.44837,15.1663,84.87713,84.87713,124.20701,3.7028,84.87713
URI,5.69507,6.69065,132.02461,0.97773,38.69,16.78071,4.30012,7034.0,45.83904,9.66553,39.57,6213.0,4.94624,6.22937,16.78071,17.10832,0.84683,9.60662,11.6819,30.7426,30.7426,63.17116,2.1025,171.52634
X,-9.68992,10.61779,50.3908,1.55114,1.57,2.45524,-32.43983,1235.0,7.89642,-55.89888,2.06,1628.0,-10.67295,-57.09497,2.45524,2.96115,0.82301,0.98928,1.29126,3.42949,3.40124,27.09661,3.44292,37.16783
UNH,5.11844,18.38386,101.26557,0.82663,15.51,3.79962,2.5406,37253.0,9.28667,-34.99581,27.31,89399.0,4.10949,-35.63737,3.59097,6.27018,0.7475,7.24522,12.15497,15.8808,15.12779,42.84465,2.06437,78.25945
UTL,10.11561,3.40303,31.63908,0.82554,2.93,9.519,8.34952,167.4,33.83185,3.90071,2.97,196.6,-12.75263,4.20354,9.519,9.6627,0.72191,3.29375,4.67687,9.40683,9.40307,59.6075,4.51792,147.57072
UVV,30.63847,5.9279,58.48724,2.95567,4.78,4.83782,21.0763,288.612,10.50043,-3.82294,5.11,547.904,-5.56452,-3.59043,4.35128,4.62035,0.81654,5.16205,5.96049,8.43935,9.12049,41.84708,3.68744,71.96041
UHT,0.28579,1.02583,12.96231,64.29945,1.39,19.17838,15.14685,39.675,39.56028,25.22523,1.39,94.809,40.86674,24.8961,19.17838,19.12931,64.29945,4.04286,4.21165,10.11052,10.11052,67.86497,9.55682,211.18686
UHS,-2.70361,7.16842,102.59175,1.2741,16.82,7.34846,30.18334,2269.645,14.33949,64.41838,17.23,6721.462,5.90151,59.11186,7.2157,7.24495,1.04222,7.40582,9.04383,17.82409,17.94268,42.28815,2.18335,73.41895
UVE,138.2289,3.03585,13.28481,4.46004,2.01,3.87548,-4.60188,97.287,6.3982,-9.45946,2.07,433.17,-21.77082,-11.81479,3.87548,3.87961,4.46004,2.20724,12.40567,16.49381,16.49381,21.33709,1.04066,27.12472
UNM,-5.98776,0.80104,61.37612,3.16334,9.46,13.80025,33.26314,2594.5,20.1252,45.53846,9.55,4841.3,19.22957,38.58078,13.80025,13.8895,3.16334,2.46797,10.9183,17.26234,17.26234,27.38348,1.59314,37.70972
UE,0.0,19.71099,10.18789,2.49437,0.6,16.85354,0.0,0.0,0.0,-71.56398,0.46,284.37,35.22467,-70.79925,16.21038,12.46759,2.31381,1.88076,2.04684,5.97529,5.84108,55.31085,19.71099,123.76796
VVX,4.07313,6.31111,32.51432,1.10439,1.08,0.80247,4.43719,306.896,7.10053,41.133427,2.01,342.962,7.04322,41.133427,0.80247,1.4642,0.9821,3.86896,5.63432,3.43925,3.43925,52.90016,3.75542,112.31494
VFC,-19.54713,7.74441,4.26495,1.22273,-2.49,-9.26746,-31.35109,1011.285,9.67305,290.569,0.97,5116.81,5.76979,290.569,-9.26746,3.60326,0.56811,3.37885,4.2926,-42.41039,-42.41039,81.75939,7.3503,290.569
VICI,-18.76203,343.25043,25.12191,0.31247,2.56,70.40183,5.76905,3560.587,92.11671,3.64373,2.56,3817.743,46.45539,6.57519,69.30406,69.32591,0.3099,4.97108,5.05822,10.34412,10.34505,39.57251,4.95707,65.48759
MTN,-1.39477,7.62452,19.30204,0.81861,6.07,8.53597,-0.90265,827.227,28.67148,-9.94065,7.25,1279.054,13.68341,-14.07544,7.98578,9.51559,0.64027,5.9111,8.15271,26.67521,20.74677,74.56761,3.68076,293.1994
VLO,-11.84091,11.93837,77.84948,1.53191,8.58,2.4247,-58.68586,5684.0,4.58483,-65.56982,8.65,7534.0,4.07384,-68.64743,2.23434,2.24668,0.99329,3.83932,5.89614,10.89308,10.72709,29.54353,2.03026,41.93162
VHI,-8.13648,7.19836,36.35439,2.258,3.79,7.66344,659.36505,239.2,11.3645,69.340965,3.11,440.5,4.33711,69.340965,5.13113,4.21109,1.09164,4.21016,6.14522,10.9539,12.21692,29.74887,2.44147,42.34646
VMI,0.95192,4.86485,76.98153,2.07461,17.19,8.6042,9.69119,619.979,15.21408,153.53983,17.33,1241.212,11.99259,142.73149,8.54616,8.55733,1.23971,9.63258,12.62458,24.04793,23.29198,35.81634,1.43437,57.66717
VVV,13.40694,23.932,1.44436,0.72167,1.63,13.24892,13.7744,419.6,25.91723,32.52033,1.69,618.8,1.92017,-85.10249,13.06362,13.58054,0.43826,7.35888,9.5921,110.33951,110.33951,89.75152,3.87369,62.688744
VEEV,13.15642,2.82438,28.80332,4.24403,3.22,22.24102,-5.37696,461.962,19.54424,7.33333,3.27,1686.382,32.92138,7.79137,22.24102,22.20864,4.1703,5.00846,6.33025,12.57506,12.57506,1.18655,0.12074,1.2008
VTR,94.89297,13.45745,24.64364,0.46758,0.19,1.79363,0.0,0.0,0.0,114.968056,0.25,2062.112,25.23096,114.968056,1.6475,2.08985,0.46758,1.62638,1.71035,0.80114,0.84197,55.22647,114.968056,126.87966
VRE,-56.1518,46.60965,11.83261,0.47023,-0.29,-11.16651,0.0,0.0,0.0,16.910246,-0.3,164.565,26.81357,16.910246,-8.33532,-10.02563,0.47023,0.9151,0.93566,-2.41927,-2.4322,57.47109,16.910246,136.15273
VZ,0.0,5584.2583,23.57352,0.62564,4.14,13.31647,-0.41899,47058.0,34.9126,50.54546,4.16,80880.0,10.01443,50.73188,12.9878,13.01813,0.48261,4.7659,6.78061,18.2671,18.46852,62.60207,3.57765,167.39449
VNCE,-0.29904,14.14791,3.77013,1.38051,2.04,8.6879,33.31967,7.087,2.41968,33.31967,-0.09,133.292,2.70136,33.31967,8.6879,-0.38235,0.34232,0.53123,0.70111,75.49622,75.49622,73.14918,18.12586,272.42804
VIPS,14.15551,126.3036,10.67997,1.26316,1.97,7.23011,-1.59808,1363.211,9.17756,-2.95567,2.0,3489.4238,3.41796,-7.36549,7.13879,7.1413,1.06323,6.91,11.9264,19.84159,19.2975,6.83628,0.30641,7.33792
SPCE,0.0,-34.113117,9.76725,4.18596,-13.89,-34.113117,-34.113117,-379.762,-34.113117,-34.113117,-14.48,-82.988,-34.113117,-34.113117,-34.113117,-34.113117,3.99777,-23.0778,-27.26509,-83.77831,-83.77831,60.47574,-34.113117,153.00919
VRTS,7.45444,8.01606,128.82059,1.42687,16.89,16.80944,7.95877,247.584,27.29856,-4.63015,17.17,378.139,20.47104,-6.79447,13.42369,13.40736,1.23297,2.97022,3.39656,13.82363,15.38316,71.03333,9.99303,274.40265
V,11.78525,14.80874,19.3825,1.28344,9.73,54.95463,9.76045,25201.0,70.14697,17.51208,9.97,35148.0,80.99914,14.29977,54.95463,55.41972,0.99393,16.32817,25.06493,52.54921,50.70759,35.6384,0.85993,55.37215
VSH,-5.80607,7.0907,14.94411,2.70419,-0.23,-1.01291,-51.77259,323.373,11.00812,46.21344,0.48,626.292,-1.31503,46.21344,-1.06039,2.23798,1.42348,1.68742,2.27186,-1.47454,-1.40693,33.56596,3.17014,50.52524
VPG,-9.28098,5.69542,24.31959,4.46745,0.74,3.20825,-42.90981,33.911,11.06315,-60.6383,0.82,125.611,3.32774,-61.4463,3.23337,3.57216,2.45993,2.45339,2.95604,3.04108,3.01756,14.67737,1.63272,17.2022
VST,18.39904,9.42232,9.10659,0.96288,7.0,16.32606,47.2661,6060.0,35.18347,95.53073,7.33,7525.0,18.05112,78.09779,15.43776,14.67315,0.37927,7.45201,12.26328,89.75527,51.57267,75.69333,2.86898,617.29443
VTLE,16.16762,7.70887,70.79937,0.77612,-4.74,-8.88797,-30.36295,723.453,37.05618,98.95305,-3.61,1310.378,-60.17186,98.95305,-8.88797,-6.79078,0.56539,-0.25754,-0.29008,-6.32616,-6.32616,48.60645,3.53046,94.57696
VNO,-0.6919,2.49162,20.8328,0.94432,0.04,1.05049,0.0,0.0,0.0,-82.6087,-0.09,972.354,22.6939,-33.27867,3.67574,-0.89553,0.94432,1.44943,1.52994,1.69557,0.32146,59.30056,49.576035,168.4894
VOYA,-6.0875,0.43089,41.93849,12.72541,6.17,9.21739,14.33962,1212.0,15.0559,13.83764,6.66,4208.0,24.62888,6.72,8.28571,8.20711,12.72541,0.43462,7.17371,16.27226,12.30514,38.67905,3.12624,65.46303
VMC,-0.09005,8.35327,61.45799,1.82851,6.91,12.4122,4.21609,2108.5,28.42525,-2.12465,7.79,1999.6,11.25534,-2.28247,12.29357,13.89402,1.20507,5.83048,7.09473,11.78695,11.76583,42.00912,2.79749,72.4409
WRB,1.9804,1.89074,22.08856,13.25746,4.36,12.85382,23.4916,2405.515,17.62251,29.50495,4.39,5993.706,8.58561,27.12952,12.86508,12.85569,13.25746,3.77803,13.31018,22.15842,22.10257,27.14625,1.30231,37.2613
WTI,32.32534,6.69297,-0.35676,0.88774,-0.59,-16.5908,-20.12837,139.003,26.46361,24.577265,-0.56,215.596,5.70188,24.577265,-16.5908,-15.68639,0.81254,-2.05587,-5.78367,24.577265,24.577265,114.91301,2.91458,24.577265
WEC,11.04976,5.42153,39.01713,0.60136,4.83,17.72463,5.02223,3519.4,40.92373,14.45498,4.8,3791.7,-6.19818,14.66727,17.7723,17.64858,0.34788,2.9639,4.2228,12.67372,12.25647,61.406,5.78758,159.10764
WEX,-12.25291,0.81387,38.17436,1.0226,7.5,11.77993,9.91486,1019.9,38.80603,21.75325,8.19,1903.8,19.00493,16.12903,11.77993,12.7141,1.00382,3.21004,7.46253,18.71034,18.71034,74.91322,4.35906,298.61633
WPC,-47.31639,1.40961,38.51832,1.4539,2.09,28.21174,0.0,0.0,0.0,-36.28049,1.96,1455.843,97.7344,-34.94044,28.22454,26.42944,1.44064,2.76338,2.92006,5.38045,5.37456,49.24217,75.107506,97.01394
GWW,1.82482,7.7613,69.47634,2.48894,38.71,11.58551,3.07033,2887.0,16.81617,6.84516,39.08,6758.0,7.47321,4.37398,11.11953,11.13124,1.41779,19.53493,25.35553,58.98347,55.68309,46.22422,1.10253,85.95733
WNC,-21.33669,11.909,4.40348,1.9276,-6.4,-14.54098,-57.2949,154.765,7.94996,22.630272,1.23,265.072,0.98827,22.630272,-14.59214,2.80272,0.87449,4.25236,7.36343,-76.95002,-76.51451,69.54945,2.80144,229.606
WD,34.76586,3.67263,52.65599,2.30131,3.19,8.5588,-2.15875,468.506,39.718,0.31447,2.78,1051.965,7.25745,0.75449,9.16995,7.80468,1.16444,3.42287,4.31303,6.23151,5.75917,49.37913,3.66419,97.54697
WMT,10.87861,77.19971,10.41105,0.83187,1.91333,2.5196,11.70164,36570.0,5.6633,34.42623,1.93,157983.0,1.14818,32.79966,2.40206,2.41378,0.20195,6.23416,10.4802,19.32185,18.64094,40.37145,1.67681,67.87126
DIS,1.92766,8.99134,55.57174,0.72953,2.72,6.31889,17.70768,16904.0,18.50242,110.85271,4.33,32663.0,7.8209,111.21495,5.44215,8.64948,0.54137,3.70646,4.67255,4.97267,5.28339,31.93842,2.92931,46.92576
HCC,43.41257,12.75844,39.96821,5.20485,4.79,16.43061,-39.13757,414.831,27.19811,-47.93478,4.8,472.474,-12.20667,-47.64149,16.43061,16.45517,3.80076,6.45171,7.40495,12.63992,12.63992,7.64347,0.41713,8.27605
WM,24.2689,7.47265,20.55323,0.76286,6.81,12.44164,11.0632,6696.0,30.34945,20.31802,7.32,8680.0,6.45425,19.18403,12.44618,13.32085,0.6713,6.93888,9.44807,36.23887,36.23762,75.13406,3.72461,684.2243
WAT,4.44295,4.12166,30.78917,2.11345,10.71,21.5602,1.41746,1061.067,35.8664,-1.19926,11.3,1758.186,21.86611,-0.68511,21.5602,22.66312,1.34056,11.83525,15.25317,42.82421,42.82421,48.21339,1.60437,93.10011
WSO,10.04008,9.09233,65.84531,3.13038,13.3,8.34489,-1.44664,792.096,10.39726,-2.70666,13.34,2044.713,8.67592,-0.00951,7.03943,6.54733,1.68704,11.4402,14.3753,21.94822,22.38353,12.74206,0.56491,14.60275
WTS,-2.54042,8.78051,51.2575,2.59273,8.69,12.92958,10.40477,444.6,19.7407,11.12532,8.9,1062.0,13.20875,11.10263,12.92958,13.23817,1.53171,10.36355,12.7463,18.08022,18.08022,12.79551,0.56365,14.67299
W,10.71429,80.34576,-21.96602,0.79198,-4.01,-4.15155,224.3348,42.0,0.3544,224.3348,-3.46,3574.0,2.79723,224.3348,-4.15155,-3.59109,0.70127,-6.22025,-14.55451,224.3348,224.3348,287.92633,100.5,224.3348
WBS,0.0,173.33475,51.63185,0.80239,4.37,18.39371,-14.04314,1338.314,32.02333,-10.99796,4.49,2366.786,74.50291,-11.42296,18.39371,18.24499,0.80197,1.02843,6.21715,8.90983,8.62591,28.02748,2.65756,38.94192
WMK,25.31033,65.34519,53.75976,2.46097,4.09,2.29439,-0.28531,234.515,4.89416,5.95855,4.09,1229.579,0.0538,5.88762,2.29439,2.29589,1.44182,3.97012,5.18264,7.79622,7.79622,10.71095,0.73967,11.99581
WFC,0.0,5113.396,48.80352,0.8098,5.37,15.92143,1.8085,39181.0,31.24556,11.18012,5.17,77962.0,55.12821,3.02999,15.72765,14.12549,0.80549,1.26806,5.12292,12.0698,10.83556,61.25878,7.30729,158.12302
WELL,0.0,167.53778,50.30184,1.53686,1.57,12.17499,0.0,0.0,0.0,137.87878,1.6,3150.782,29.00512,179.82852,11.90996,12.07365,1.53686,1.56474,1.61987,3.31824,3.30094,33.97129,167.53778,51.85718
WCC,-6.00016,6.12088,101.8774,2.19543,13.05,3.29716,-13.17026,1441.2,6.60531,-3.61891,11.97,4712.6,5.96636,-6.25735,3.28891,2.73208,1.20223,5.22039,7.15853,14.34081,14.39174,54.08607,4.05863,117.79881
WST,12.46094,5.31936,37.09959,2.79451,6.69,17.02959,-11.18865,750.9,25.95396,-15.10152,6.83,998.5,6.9011,-16.97,17.02959,17.23317,1.9266,9.96099,12.04958,17.71251,17.71251,10.21891,0.40658,11.38202
WAL,0.0,255.71994,58.26284,0.85961,7.09,15.49279,20.09766,2312.0,45.47332,8.40979,7.14,3016.2,161.40668,9.03931,15.49279,15.25095,0.82597,1.82614,10.0,12.91841,12.32225,49.7151,2.86808,98.86686
WU,0.0,142.3129,2.86742,1.13275,2.74,22.19161,-6.62668,965.2,22.928,63.09524,1.73,1609.4,3.26478,49.23323,22.19161,13.97249,0.37094,5.9304,13.55943,129.04205,129.04205,76.37348,3.24492,142.3129
WAB,1.06888,6.13526,58.90835,1.30353,6.04,10.27246,17.36785,2176.0,20.94926,33.33333,6.34,3403.0,12.79243,29.57055,10.16655,10.62669,0.6374,5.56845,7.31119,10.26339,10.33064,28.20095,1.82904,39.27761
WLK,-5.33911,9.00074,82.09659,2.80036,4.64,5.32861,-18.74724,1842.0,15.17048,25.40541,5.13,1957.0,2.9258,25.6785,4.958,5.43061,1.98378,2.88979,3.67099,5.79738,5.93387,32.97117,2.94897,49.18953
WHG,0.40989,6.45142,13.02556,1.69646,0.26,2.37609,13.72397,8.792,9.44848,-77.77778,0.6,38.71,20.99928,-76.73319,2.38039,5.26351,1.69646,1.65571,2.00078,1.84053,1.80654,2.54682,0.36363,2.61338
WY,-13.55932,21.58788,13.39267,1.78915,0.54,5.55868,-26.68299,1198.0,16.8164,-53.04348,0.53,1313.0,2.70389,-52.80095,5.55868,5.41902,1.02252,2.59554,2.86354,3.96853,3.96853,34.99833,4.36895,53.8422
WHR,-13.86527,11.67042,48.78182,0.71542,-5.87,-1.83658,-19.52818,1228.0,7.39447,188.91983,1.13,2581.0,1.44894,188.91983,-1.94496,0.37492,0.35395,3.32833,5.33424,-12.80476,-11.15174,71.88728,6.10749,255.71088
WTM,36.57639,1.77359,1745.9211,8.94708,89.79,12.77888,-26.38383,444.2,19.98021,-54.78852,114.57,1073.0,0.67808,-54.75255,10.36344,13.0494,8.94708,2.88207,4.85189,5.28186,5.8622,10.43812,1.34624,11.65465
WSR,10.38754,4.97898,8.64378,1.47386,0.72,24.21456,0.0,0.0,0.0,89.47368,0.73,108.283,4.58247,92.35141,23.90356,23.75015,1.47386,2.79597,2.9413,8.6614,8.65666,58.75881,26.924215,142.47601
WMB,19.87952,7.19384,10.17309,0.50094,1.82,22.33648,-11.43176,5555.0,52.88965,-32.08955,1.72,6456.0,10.13044,-30.00944,21.18442,19.96569,0.38046,3.89141,4.9988,17.96673,15.78151,64.59839,4.87471,182.47305
WSM,6.24887,64.96802,16.58478,1.44646,7.275,12.25396,-13.13281,1503.03,19.3923,-10.84559,7.505,3303.601,17.74262,-15.79408,12.25396,12.50547,0.73654,15.98188,23.83318,49.61002,49.61002,39.52332,0.92521,65.353
WGO,2.80112,16.42818,44.21181,2.44304,0.44,0.4372,-46.07927,189.1,6.35951,-92.9374,2.67,433.5,2.60888,-93.97869,0.4372,2.62196,1.28787,3.38673,4.02947,0.98433,0.98433,37.30366,4.00635,59.49894
WT,26.47929,10.6483,2.83122,2.91563,0.33,15.59206,57.35481,139.045,32.50713,-48.4375,0.58,211.355,16.04719,-34.96285,15.59206,19.61144,2.07018,8.67767,9.91965,16.4854,14.16461,56.18545,3.68883,128.23466
WOLF,-4.78036,5.34216,6.97814,4.50864,-4.56,-71.06046,-21.340303,-191.0,-23.66204,-21.340303,-4.18,77.4,-21.340303,-21.340303,-107.06145,-65.08879,3.70419,-3.19121,-3.54818,-45.8147,-45.8147,87.70335,-21.340303,-21.340303
WWW,-9.2721,7.97365,3.82552,1.2915,0.58,2.93447,43.93382,156.6,8.92308,63.44022,0.87,781.5,16.48504,63.44022,2.72935,3.96581,0.67811,4.3681,6.51453,16.35091,16.70722,71.59397,5.09387,252.03792
WK,18.56334,5.3992,-0.75117,1.76941,-0.99,-7.4514,35.822517,-64.431,-8.72245,35.822517,-0.98,566.625,17.6775,35.822517,-7.4514,-7.3439,1.64687,-3.6444,-6.47886,35.822517,35.822517,105.54608,35.822517,35.822517
WKC,-11.06927,16.31825,34.36861,1.15167,1.13,0.16102,-9.55901,354.8,0.8414,31.39535,2.2,1026.4,0.36817,27.41021,0.15984,0.30782,0.81901,2.20102,5.14022,3.46378,3.47715,35.08463,2.97943,54.04673
WOR,-71.16442,2.79091,17.95244,3.77794,0.7,2.80805,-79.95771,69.471,5.57685,-86.51252,2.61,285.019,38.24306,-56.87644,8.88045,10.30735,2.58635,0.49369,0.68268,2.72685,2.57904,26.25239,4.56563,35.59761
WH,12.44813,5.5,8.33333,1.00215,3.61,20.52557,3.96694,629.0,44.6733,5.8651,4.29,950.0,19.89524,0.0,20.52557,24.22266,0.84335,8.4484,11.47393,41.40401,41.40401,79.18001,3.93005,84.37138
XPO,0.4111,8.27897,13.66344,1.06056,3.23,4.79435,22.05128,1190.0,14.74232,99.38272,3.49,1405.0,-2.02552,104.76191,4.79435,5.01536,0.91549,5.74722,7.87304,26.99686,26.99686,72.0056,3.4605,257.21423
XHR,-20.57844,35.71222,12.27029,1.41243,0.15,1.6236,0.0,0.0,0.0,-11.76471,0.13,252.314,15.32259,-15.66712,1.55364,1.27424,1.41243,1.85297,1.98075,1.27406,1.29878,51.36847,19.068178,105.62791
XYL,3.15399,5.21279,43.79694,1.75428,3.65,10.39477,29.05405,1719.0,20.07709,30.82437,3.58,3212.0,11.5233,46.14122,10.39477,10.14304,1.19392,4.43567,5.51436,8.5544,8.45285,18.33396,1.42118,22.94543
YELP,6.27998,9.3678,11.3079,3.33526,1.88,9.40821,45.25581,193.886,13.73068,39.25926,1.96,1288.38,20.08672,33.95783,9.40821,9.35747,3.11814,9.60065,11.8137,17.79039,17.79039,5.4819,0.22255,5.79984
YEXT,-1.39346,3.71065,1.17865,1.34409,-0.02,-0.65047,22.087896,9.604,2.37534,22.087896,-0.02,316.854,11.76726,22.087896,-0.65047,-0.61365,1.189,-0.75068,-1.54949,-1.91136,-1.91136,41.95098,11.07455,72.2682
YUMC,16.17647,153.7823,15.15344,1.18003,2.33,8.67027,5.69211,1634.0,14.45634,18.27411,2.34,2262.0,3.80098,10.1572,8.05981,8.03256,0.94612,6.26836,7.84375,15.0169,14.46922,27.3046,1.47736,37.63642
YUM,5.15604,10.00926,-27.41219,1.47439,5.22,19.6379,7.92659,2764.0,36.52703,-6.61896,5.53,3584.0,15.22565,-6.95053,19.6379,20.6087,1.33333,24.49259,36.02032,323.10294,323.10294,264.89865,4.44501,323.10294
ZBH,2.6553,5.25374,62.6223,1.90604,4.43,11.78991,3.82645,2553.3,33.25216,-9.22131,5.57,5498.9,15.21208,-11.73828,11.77038,14.73273,0.81856,4.54071,5.20282,7.2453,7.25273,34.07278,2.52536,51.6824
ZTS,0.92025,7.06947,10.63609,1.7544,5.47,26.95173,8.45149,3901.0,42.12288,7.88955,5.67,6538.0,25.42382,6.05802,26.84375,27.80816,0.96805,14.91779,18.20243,50.90611,51.1423,58.78338,1.74391,142.62054
ZWS,-3.8059,7.59699,9.31724,2.91404,0.91,10.14363,13.20261,346.4,22.11299,54.23729,0.99,707.0,17.67794,42.14729,10.22662,10.85025,1.69411,6.06951,7.53023,9.96363,9.96363,25.79499,1.59238,34.76179
