,IQ_ACCT_RECV_1YR_ANN_GROWTH_CS,IQ_AR_TURNS_CS,IQ_BV_SHARE_CS,IQ_CURRENT_RATIO_CS,IQ_DILUT_EPS_EXCL_CS,IQ_EARNING_CO_MARGIN_CS,IQ_EBITDA_1YR_ANN_GROWTH_CS,IQ_EBITDA_CS,IQ_EBITDA_MARGIN_CS,IQ_EPS_1YR_ANN_GROWTH_CS,IQ_EPS_NORM_CS,IQ_GP,IQ_LFCF_MARGIN_CS,IQ_NI_1YR_ANN_GROWTH_CS,IQ_NI_MARGIN_CS,IQ_NI_NORM_MARGIN_CS,IQ_QUICK_RATIO_CS,IQ_RETURN_ASSETS_CS,IQ_RETURN_CAPITAL_CS,IQ_RETURN_COMMON_EQUITY_CS,IQ_RETURN_EQUITY_CS,IQ_TOTAL_DEBT_CAPITAL_CS,IQ_TOTAL_DEBT_EBITDA_CS,IQ_TOTAL_DEBT_EQUITY_CS
MMM,-2.74678,7.44756,26.80407,1.54237,10.18,16.9184,-6.08565,8750.0,25.56312,0.59289,10.54,10308.0,11.9157,-2.43202,16.8775,17.42861,0.8847,9.24733,13.29146,38.81349,38.75264,53.31268,1.92754,114.19093
AOS,-8.38588,6.17621,11.56047,1.74877,1.51,6.2788,5.9645,728.4,19.40382,-50.0,3.1,1329.6,5.3894,-51.61158,6.2788,12.78235,1.13787,11.96432,19.44823,13.16797,13.16797,17.73594,0.5173,21.55976
ATEN,18.01602,4.1617,2.4548,2.17332,0.6,16.73266,32.96227,55.779,19.89705,-49.57983,0.64,223.506,13.34688,-50.56436,16.73266,17.24273,1.89362,8.70501,15.2583,24.06155,24.06155,10.67752,0.38792,11.9539
AIR,20.53646,6.9065,29.2306,2.89259,2.16,4.32007,46.66012,149.3,8.21639,66.15385,2.35,313.2,1.94954,119.8324,4.33108,4.60404,1.00287,4.66502,6.09935,7.81522,7.81522,13.92795,1.12123,16.18173
ABM,13.8618,6.13702,26.18162,1.15371,3.41,2.95135,7.61636,534.1,6.84165,83.33333,4.29,1049.1,1.23581,82.4228,2.95135,3.68738,1.05491,5.6649,9.13039,13.85281,13.85281,45.1216,2.64351,82.22106
ACCO,-7.69046,4.86778,8.59422,1.49796,-0.14,-0.67776,-20.05238,213.7,10.97248,44.24347,0.9,552.3,3.11858,44.24347,-0.67776,4.40388,0.75773,2.85211,4.32857,-1.57621,-1.57621,57.43037,5.11418,134.90927
ACM,-6.65437,3.40996,17.82612,1.07747,2.73,3.15352,7.04293,866.565,6.59076,38.57868,3.21,847.974,4.82552,79.35214,2.36239,3.43671,0.92233,3.82906,7.66317,14.99714,15.25793,53.06959,3.39986,113.08144
AES,26.86883,7.84395,2.39105,1.17748,-0.82,-4.00254,-5.35416,3394.0,26.90021,286.98053,0.1,2548.0,-25.64001,286.98053,-4.3275,0.52944,0.70035,4.10264,5.29667,-30.57111,-8.67027,80.82936,7.2363,286.98053
AGCO,23.17701,11.43474,52.0422,1.40394,11.87,6.91386,21.68656,1580.1,12.48953,0.16878,12.48,3001.3,3.26002,-0.82497,7.03163,7.35893,0.49188,8.4745,15.37136,24.37828,23.87803,29.62607,1.03443,42.09808
ALE,8.89248,12.15712,47.03077,1.00251,3.38,8.35933,-1.01828,379.1,24.13574,4.64396,3.42,446.8,-15.80426,11.87943,12.05195,12.17152,0.24099,1.28853,1.67413,7.41626,4.17183,36.60444,5.09971,57.73975
AME,12.39487,6.26466,32.49937,1.6162,5.01,18.85272,13.70187,1820.119,29.59288,17.88235,5.01,2145.269,13.0712,17.11919,18.85272,18.75191,0.88509,7.71031,9.55626,16.16267,16.16267,25.51132,1.40683,34.24859
AMN,-8.21053,5.31439,24.92022,1.27474,9.9,8.469,34.5837,811.821,15.48319,45.37445,10.45,1716.684,10.52513,35.63417,8.469,8.88717,1.2297,14.00916,21.44014,40.26457,40.26457,45.20424,1.06052,82.49588
ASGN,20.53092,5.86644,38.4101,2.22019,5.21,5.82611,15.01691,510.1,11.13488,20.32333,5.41,1369.6,4.29155,-34.5938,5.85231,5.97555,2.09075,7.38344,8.74346,14.17156,14.17156,37.10761,2.19918,59.00174
T,-28.87188,6.96677,13.67923,0.58939,-1.1,-5.69318,-19.43694,41465.0,34.3421,5072.064,2.56,69893.0,6.10998,5072.064,-6.51063,15.19365,0.34581,3.07027,4.49325,-5.82189,-4.7356,59.77943,3.81589,148.62901
ATI,22.79061,6.573,8.1537,2.56915,0.96,3.81908,119.15058,567.6,14.79666,78.98963,2.04,714.2,4.20718,78.98963,3.41241,6.7805,1.27368,5.96595,9.33334,15.11984,14.72436,60.16798,3.07963,151.05428
AXS,9.75838,0.55134,48.30526,7.0802,2.25,4.34399,-73.80215,190.669,3.71281,-67.3913,2.6,871.012,-9.99189,-63.93796,4.34399,4.29654,7.0802,0.40879,1.7314,4.98478,4.43921,24.3845,7.84752,32.24802
AZZ,29.78897,4.21975,27.03196,2.5678,3.35,9.30823,24.99366,157.762,17.47738,120.39474,3.37,146.153,5.09689,112.10178,9.30823,9.27935,1.70548,6.6388,7.95246,13.02004,13.02004,28.75946,1.70771,40.36951
ABBV,0.0,3331.3032,9.75254,0.96361,6.63,20.40342,9.86311,31300.0,53.91532,2.7907,10.42,41527.0,39.4441,2.54722,20.38792,31.78734,0.69345,10.00275,16.35705,72.47566,72.39556,78.78323,2.05083,3331.3032
ABT,-4.14676,6.87178,21.11066,1.62851,3.91,15.88207,-1.52751,12313.0,28.20654,-0.76142,4.27,24570.0,16.76403,-1.95163,15.88207,17.1473,1.05804,7.55677,10.26778,19.12868,19.01301,32.71773,1.45748,48.62756
ANF,0.0,155.64534,15.59102,1.48513,4.2,7.27398,153.36932,455.292,12.26287,155.64534,4.11,2311.995,5.388,155.64534,7.08393,6.59733,0.87885,6.22077,8.53107,29.84142,30.23179,59.37263,2.68764,146.1395
AKR,-12.16179,1.63269,17.7861,0.58929,-0.4,-21.18374,0.0,0.0,0.0,15.341942,-0.38,192.456,42.77248,15.341942,-11.50722,-11.66744,0.55136,-0.10504,-0.11118,-2.20604,-2.96677,44.93774,15.341942,84.14434
AAMI,-26.6906,2.88122,-0.5213,2.22508,2.33,24.11314,8.4922,187.8,45.01438,46.54088,2.48,257.6,31.31292,-87.85611,24.11314,24.99973,1.91355,17.14633,27.0253,33.30339,33.30339,106.5914,1.85996,33.30339
ACN,21.05796,5.72837,35.02402,1.23325,10.71,11.34676,23.1053,10397.826,16.88115,16.9214,11.02,19701.54,12.54746,16.42782,11.16527,11.32093,1.12253,12.94679,23.57041,33.03517,32.625,12.75563,0.31985,14.62058
AYI,16.4568,6.47346,58.84816,1.99836,11.08,9.58538,13.25957,603.9,15.07451,32.21957,11.22,1672.7,5.26229,25.36729,9.58538,9.57345,1.21197,9.01982,12.45523,19.41208,19.41208,23.76889,0.98708,31.18004
ADNT,29.87377,8.61562,21.85372,1.18909,-1.27,-0.28327,-8.70279,556.0,3.9374,71.3096,-0.44,778.0,4.88811,71.3096,-0.8498,-0.29539,0.84147,1.29163,2.10136,-5.39447,-1.48754,54.03609,5.11691,119.78947
ATGE,20.05853,18.54057,33.3149,1.33174,-0.62,-2.15028,22.66285,307.333,22.15616,70.06605,1.11,722.066,5.69079,313.0921,22.9039,3.8721,1.17914,3.40056,4.00221,-2.12584,-2.12449,41.47809,3.47094,70.87618
ASIX,-1.5854,11.26542,26.89474,1.12055,5.92,8.83442,17.48145,293.518,15.08594,23.07692,6.15,314.479,6.96427,22.95928,8.83442,8.84076,0.5494,10.09549,15.36768,25.66669,25.66669,23.89748,0.78973,31.40169
AAP,-1.50624,16.09081,45.19238,1.12596,8.27,4.49919,-10.66373,1037.605,9.30194,-13.40314,8.74,4232.87,2.70801,-18.54155,4.49919,4.72865,0.18023,3.89158,6.87286,17.28634,17.28634,60.28897,3.91878,151.81917
WMS,45.27514,9.66032,12.35032,2.22855,3.15,9.93119,17.43898,586.778,21.18856,21.62162,3.6,819.565,1.54694,21.00566,9.79777,9.2656,0.92495,11.09119,13.89706,31.68232,25.36589,47.50176,1.70401,90.48256
AER,-29.48824,3.65039,65.5367,0.48531,-3.02,-10.97858,41.01561,5345.645,81.37963,439.97018,6.79,3800.143,-3.80201,439.97018,-11.05291,24.85862,0.47942,2.56056,2.84458,-4.44221,-4.39163,74.23764,8.73013,288.1632
AMG,-24.61832,6.33732,90.23184,0.9955,25.35,59.58534,-15.06716,872.6,37.45707,94.25287,14.41,1258.1,27.47038,102.5632,49.1887,23.8146,0.9955,5.66806,6.97679,38.09065,30.75952,37.07289,3.13339,65.48041
AFL,11.36097,1.25302,36.35072,3.46979,6.59,23.23819,-25.15204,3446.0,19.06184,3.12989,5.91,8344.0,6.70705,-2.86705,23.23819,20.7532,3.46979,1.47544,5.99184,15.10662,15.10662,25.03771,2.16773,33.4004
A,19.88055,5.31471,17.96728,2.03009,4.18,18.31192,13.96292,1967.0,28.72372,6.09137,4.32,3722.0,10.95028,3.63636,18.31192,18.86215,1.3208,9.74125,12.51815,23.4524,23.4524,35.50936,1.485,55.06126
ADC,23.20085,7.20663,49.39392,1.34384,1.83,35.60494,0.0,0.0,0.0,2.80899,1.84,377.533,23.67905,24.66939,35.46581,33.6733,1.34384,2.22807,2.26894,3.96111,3.80225,29.77837,30.610373,42.40626
AL,0.0,183.77727,59.9345,0.29735,-1.24,-4.38129,10.28915,2042.05,92.21236,183.77727,4.22,1351.347,-78.22429,183.77727,-4.38129,21.27181,0.29735,2.42953,2.72741,-1.42111,-1.42108,73.71673,9.1286,280.47012
APD,17.28597,7.06204,59.25018,1.81283,10.08,17.7492,4.48209,3694.8,29.09612,10.52632,10.43,3360.1,0.04686,7.4794,17.76653,18.23398,1.51275,5.44987,6.64407,16.81551,16.22071,37.7992,2.25368,60.76965
ALG,33.45422,5.44906,66.38154,3.81726,8.54,6.73407,20.15887,195.281,12.90162,26.51852,8.67,376.518,-0.43179,27.021,6.73407,6.80315,1.91864,7.38749,8.85761,13.67222,13.67222,28.91679,1.63603,40.6802
ALK,0.0,169.4345,29.92143,0.67661,0.45,0.60129,620.1299,1109.0,11.49699,-88.06366,1.26,2133.0,-0.43282,-87.86611,0.60129,1.65445,0.60383,3.08313,5.60292,1.52291,1.52291,49.76303,3.40848,99.0566
AIN,0.0,35.9762,27.74096,3.9677,3.04,9.32546,-2.22267,250.177,24.17433,-16.71233,2.92,389.782,0.11813,-19.17318,9.25338,8.8425,3.03095,7.07903,8.63791,11.02604,11.06015,36.33469,1.97908,57.07141
ALB,113.84862,8.37592,68.12975,1.89233,22.84,38.45753,238.5913,2803.502,38.29866,2054.717,22.56,3077.787,-4.19522,2074.9595,36.7456,36.09549,1.07541,11.83598,15.7193,39.53317,40.22635,29.03892,1.19561,40.92231
AA,2.77411,16.2228,28.68299,1.74767,-0.68,0.3052,-26.92448,2003.0,16.08706,200.92531,2.8,2305.0,1.10132,200.92531,-0.98787,4.06237,0.77463,5.81747,10.43989,-2.5236,0.59038,22.34532,0.94658,28.77523
ALEX,-78.89273,13.32,14.28552,0.95363,0.5,15.91592,0.0,0.0,0.0,0.0,1.35,99.226,32.28228,9.518472,-21.70742,42.04633,0.95363,2.17133,2.53067,3.52947,3.50463,31.37165,9.518472,46.06546
ALX,-6.79629,1.50205,46.30879,7.10628,11.24,28.00198,4.28888,79.465,38.6101,-55.88697,11.24,115.368,37.62493,-56.64485,28.00198,27.99433,7.10628,3.56059,3.68792,23.56713,23.56713,82.45057,13.98247,20.66723
ARE,12.22916,2.51295,111.11338,1.51749,3.18,29.70531,0.0,0.0,0.0,-16.75393,3.24,1806.454,42.01556,-8.68048,23.10429,23.19797,1.49436,0.45155,0.48262,2.96719,3.21552,31.77911,92.16645,46.60242
BABA,25.25611,28.91259,56.03808,1.66379,3.59,5.51883,6.19677,22161.908,16.47078,-57.00599,4.73,49583.906,2.72862,-57.39508,7.26313,9.47298,1.36888,3.55683,4.77182,6.6784,4.41924,14.02911,1.25686,16.46534
ALLE,39.63996,9.63883,10.72018,1.72627,5.19,14.00715,16.25937,713.6,21.80996,-2.80899,5.65,1322.4,8.77854,-5.17598,13.99798,15.19606,0.98337,10.97846,14.21918,53.85384,53.69969,69.92326,3.07707,232.4828
ALSN,20.59801,8.34036,9.52184,1.80417,5.53,19.1766,14.87805,942.0,34.0195,33.89831,5.56,1297.0,12.96948,20.13575,19.1766,19.27627,1.23958,10.77728,14.99848,70.4244,70.4244,74.27899,2.67941,288.7872
ALL,-2.82834,2.48747,58.85189,7.24349,-5.22,-2.65737,291.8502,-749.0,-1.45921,291.8502,-5.34,6471.0,-1.02939,291.8502,-2.55411,-2.82142,7.24349,-0.91693,-3.05614,-6.77274,-6.4223,32.37713,291.8502,47.87896
ALLY,10.94529,0.09622,35.19598,0.87417,5.04,14.17707,-21.4586,4297.0,35.5212,-38.83495,5.45,7943.0,-27.54299,-43.98693,14.1688,14.26767,0.87009,1.06535,5.90964,13.57824,11.46812,61.21784,4.72376,157.85052
MO,2.12766,1349.3508,-2.22511,0.83798,3.19,27.86156,2.12177,12177.0,58.86021,138.0597,4.35,14183.0,23.13116,132.88889,27.86156,37.93214,0.68675,19.53365,30.3664,1349.3508,1349.3508,117.23865,2.19102,1349.3508
AMBC,-28.19852,0.11142,27.83831,2.96051,11.31,175.75758,128.125,511.0,172.05386,85.388916,7.53,24.365,85.388916,85.388916,175.42088,115.91636,2.96051,2.8482,4.55226,45.50218,42.76936,73.99922,7.37965,288.9655
AMCR,3.80901,7.65675,2.74512,1.14697,0.53,5.60369,5.59916,2018.0,13.87514,-11.66667,0.68,2820.0,2.61706,-14.2705,5.53493,7.05528,0.53106,5.20021,7.86267,18.20032,18.1879,63.10913,3.51041,171.0698
AEE,42.31293,8.93543,40.10687,0.79263,4.14,13.56039,13.11013,2804.0,35.23941,7.8125,4.16,3343.0,-19.49384,8.48485,13.49755,13.50941,0.40493,2.57167,3.8512,10.62945,10.54432,58.66237,5.38338,141.91031
AAT,5.40208,4.56644,20.11339,0.57833,0.72,13.21366,0.0,0.0,0.0,53.19149,0.72,272.594,37.94739,52.57084,10.44143,10.22418,0.57833,2.39266,2.50062,3.58942,4.66488,58.53777,30.249144,141.18336
AXL,7.52491,7.33089,5.47382,1.66214,0.53,1.10816,-11.50524,676.1,11.65208,960.0,0.3,704.9,5.41522,989.8305,1.10816,0.592,1.14467,2.70146,3.98005,11.85144,11.85144,83.32536,4.63644,151.37015
AEO,64.87591,35.15378,8.43913,1.65734,2.03,8.37452,349.16223,770.969,15.38619,161.08209,2.55,1991.79,0.85241,161.08209,8.37452,8.5575,0.85595,10.43781,12.31741,33.43209,33.43209,55.92565,2.34314,126.88934
AXP,17.82748,0.36044,33.25841,1.5685,9.85,13.50832,5.05247,12413.0,22.31551,-1.69661,10.0,33719.0,14.72921,-6.77419,13.50832,13.50112,1.5685,3.23427,10.07596,32.05085,32.05085,64.49824,3.61669,181.67618
AFG,12.97134,1.19919,47.55645,7.93333,10.53,13.25853,-19.35484,1050.0,15.50273,-16.56101,10.63,1463.0,-0.41894,-54.98747,13.25853,13.35616,7.93333,2.05585,9.29477,19.81465,19.81465,28.46045,1.53524,39.78282
AMH,0.0,66.27883,18.37506,0.64612,0.71,20.79959,13.47629,321.105,21.54295,73.17073,0.73,802.293,42.74905,44.44715,18.32484,17.10678,0.64612,1.66237,1.72102,4.35096,4.4566,38.73789,14.12857,63.23302
AIG,0.0,1415.1807,53.82849,34.84326,13.01,20.01704,33.72611,21336.0,37.87545,20.2403,14.15,10715.0,17.04338,9.45888,18.24185,19.55813,34.84326,1.83568,11.37857,19.57748,20.29025,42.58819,1.46841,74.18018
AWR,-16.8971,7.93062,19.19672,0.38155,2.11,15.94945,-6.79148,167.876,34.1539,-17.2549,2.11,264.96,-11.2696,-16.90674,15.94945,15.86381,0.26568,4.02,5.73413,11.23558,11.23558,50.86148,4.37482,103.50631
AMT,4.36655,10.49799,11.96773,0.4358,3.82,15.84058,9.94997,6285.4,58.68118,-32.50883,4.92,7076.2,18.17542,-31.23028,16.4857,21.19926,0.39298,2.67202,3.03878,33.14936,15.79935,79.13117,7.48576,591.9944
AVD,4.92157,3.93629,12.57748,1.45749,0.92,4.4953,16.58112,65.184,10.69265,50.81967,1.0,192.388,7.11088,47.43638,4.4953,4.79549,0.70715,3.788,5.99831,7.37939,7.37939,17.08727,1.16974,20.60874
AWK,0.0,193.94493,42.30224,0.44468,4.51,21.62447,4.91266,1922.0,50.68565,-35.10791,4.42,2203.0,-25.41535,-35.07522,21.62447,21.21414,0.25827,3.12525,4.13194,10.9399,10.9399,61.81755,6.48023,161.90044
COLD,13.16478,7.17745,13.98521,0.96655,-0.07,-0.66989,0.0,0.0,0.0,42.119537,-0.06,695.045,11.63474,42.119537,-0.66872,-0.55637,0.86649,0.71551,0.78792,-0.49882,-0.49825,48.60755,42.119537,94.58111
AMP,-2.53487,0.7706,34.31834,0.89885,22.51,17.83648,-3.57238,3617.0,25.21085,-2.13044,23.35,8905.0,88.46449,-7.28261,17.83648,18.11428,0.89885,1.28197,20.87695,55.0441,55.0441,61.2131,1.57645,157.81898
ABCB,0.0,74.45667,46.09264,1.01185,4.99,29.41129,-4.14324,642.618,54.53981,-7.59259,5.0,991.974,-242.60205,-8.05836,29.41129,29.36291,0.99307,1.54477,8.23973,11.24427,11.24427,39.28848,3.21987,64.71339
APH,7.19,4.96373,5.89745,2.4211,1.53,15.18498,16.28197,2982.4,23.62671,21.91235,1.6,4028.2,12.10499,19.58134,15.07011,15.114,1.51919,10.81209,13.86645,28.56821,28.45352,40.71205,1.63338,68.86831
AMPY,-12.51753,4.73554,-0.1187,0.70964,1.44,14.17615,28.07683,184.04,45.07956,38.319374,0.61,247.471,16.60661,38.319374,14.17615,5.73026,0.57529,20.91251,52.92876,38.319374,38.319374,102.36036,1.07568,38.319374
AU,-60.0,128.6,9.79455,2.49709,0.71,7.02066,-13.7804,1170.0,25.99422,-52.02703,0.73,1141.0,-2.14952,-52.2508,6.59853,6.81502,1.52969,4.05262,5.21669,7.32519,7.71202,34.43299,1.85556,52.51572
NLY,21552.523,-1.77291,20.78511,0.04542,3.92,1388.4017,0.0,0.0,1388.4017,-38.75,4.01,1974.978,1388.4017,-27.80753,1388.4017,1388.4017,0.04542,-0.53539,-0.54867,16.14934,14.05608,85.73263,1388.4017,1388.4017
AM,6.10244,10.99481,4.58168,0.87182,0.68,35.46167,0.05345,677.606,73.65403,-1.44928,0.69,810.403,14.57146,-1.62085,35.46167,35.86799,0.85883,6.01683,6.22106,14.56758,14.56758,60.52438,4.96053,153.3209
AR,10.84855,10.09956,22.71516,0.4437,5.78,28.38118,298.29443,3434.433,48.11184,490.97235,6.3,6674.183,13.69826,490.97235,26.59926,27.112,0.41871,11.59877,13.97019,30.35188,30.97048,39.75203,1.3481,65.98068
HOUS,63.41463,42.64198,16.11253,0.63908,-2.52,-4.0967,-44.45741,476.0,6.89056,149.78114,0.79,2493.0,-1.21417,149.78114,-4.1546,1.30142,0.48199,2.40933,2.94356,-14.53165,-14.29654,66.6415,7.41597,199.77364
AON,-1.90692,4.07212,-2.57546,1.02054,12.14,21.20362,3.60852,3991.0,31.98173,118.73874,13.17,5823.0,21.11247,106.29482,20.74686,22.34225,0.20935,7.20934,20.40716,491.45306,491.45306,103.81401,2.92583,491.45306
AIV,6.40772,5.3283,3.73897,89.2794,0.49,41.38231,0.0,0.0,0.0,35.49793,0.65,118.552,39.99485,35.49793,34.00375,43.60448,89.2794,-1.29279,-1.42749,14.44578,13.27723,59.74368,35.49793,187.99887
ARI,10.49461,0.06971,16.74611,11.72328,1.68,45.9946,19.10017,473.129,82.04658,15.06849,1.77,268.895,-117.36687,18.66407,45.9946,43.13588,11.72328,3.28835,3.35475,11.4103,11.40996,74.75001,14.73228,296.03973
APO,15397.969,0.28478,0.69615,8.61134,-5.57,-43.27134,276.7916,-6142.0,-55.99927,276.7916,-5.56,-3842.0,276.7916,276.7916,-29.29431,-29.63975,8.61134,-2.68386,-17.42102,-176.93082,-49.4545,60.91165,276.7916,181.78151
APLE,0.0,94.877075,13.901,0.43329,0.63,11.69275,0.0,0.0,0.0,687.5,0.63,559.785,26.4959,669.0939,11.69275,11.6468,0.43329,2.67552,2.72826,4.5783,4.5783,31.91827,94.877075,46.88228
AIT,26.90104,6.31964,29.85415,2.72109,6.58,6.75507,30.48717,411.413,10.79633,78.80435,6.69,1106.916,2.37469,77.82491,6.75507,6.75395,1.71919,9.46836,11.76504,24.72875,24.72875,41.04663,1.94511,69.62557
ATR,0.79843,4.80806,31.45672,1.55945,3.59,7.21063,1.08978,611.209,18.39745,-0.55402,3.72,1163.838,6.66758,-1.97012,7.20259,7.32322,0.91199,5.65475,7.2063,11.89499,11.82169,37.39403,2.02111,59.72917
APTV,24.17385,5.60455,32.51153,1.6,1.96,3.37355,10.67472,2198.0,12.5679,1.03093,2.72,2646.0,2.49085,0.67797,3.39642,4.21321,1.06948,4.49976,6.17284,6.92469,6.68366,43.35721,3.16697,77.36164
ARMK,22.8386,8.38002,11.7097,1.00186,0.75,1.18933,106.83737,1067.165,6.53635,161.31929,0.57,1961.882,1.63943,161.31929,1.19121,0.89834,0.78105,2.50931,3.4559,6.76171,6.7301,71.92797,7.29539,256.97403
ADM,38.83805,18.09784,44.39488,1.46377,7.71,4.29812,30.96182,5283.0,5.20206,60.96033,7.75,7570.0,2.12038,60.20672,4.2735,4.28877,0.72539,4.58869,7.79281,18.56248,18.42433,29.47513,1.94738,42.30785
AROC,6.69869,7.79717,5.53045,1.56127,0.28,5.23861,-2.05373,308.9,36.53166,55.55556,0.28,426.084,-3.48195,56.98338,5.23861,5.07572,0.93632,3.48451,3.71387,5.05624,5.05624,64.53868,5.07102,181.9974
ARCO,55.44122,35.60194,1.53671,0.90118,0.67,3.894,51.92265,373.119,10.31028,204.54546,0.67,492.605,1.13715,208.54109,3.87806,3.89814,0.59975,6.33623,8.70617,51.59167,51.65793,82.79845,4.18528,71.936844
ASC,293.2184,8.90165,11.55387,2.98018,3.52,31.06154,1038.3358,192.891,43.27423,94.69277,3.67,212.837,15.09638,94.69277,31.06154,30.65819,2.4639,13.76131,14.31249,36.37051,33.14521,26.71572,0.95714,36.45492
ACRE,-8.04892,0.07534,13.73044,116.92342,0.57,17.2324,0.0,0.0,0.0,-59.85916,0.58,60.788,130.60205,-50.73602,17.2324,17.34198,116.92342,2.29716,2.32829,4.17693,4.17693,69.90708,29.936775,232.3041
AGX,-42.3972,11.67878,21.39153,2.27454,2.4,7.00984,104.91228,56.648,11.12119,58.9404,2.78,97.632,1.84893,60.34548,7.5081,8.57681,2.17498,5.66623,10.00164,11.82087,11.02032,1.1104,0.06454,1.12287
ARGO,0.0,0.0,0.0,0.0,0.0,0.0,0.0,0.0,0.0,0.0,0.0,-0.01771,0.0,0.0,0.0,0.0,0.0,0.0,0.0,0.0,0.0,0.0,0.0,0.0
ANET,72.70405,5.94057,3.98011,4.29116,1.0675,30.86853,63.44011,1591.047,36.31441,62.35741,1.1075,2675.696,4.68187,60.84195,30.86853,30.98789,3.05975,15.30592,21.26294,30.51403,30.51403,1.28983,0.04013,1.30668
AHH,41.51205,2.24392,7.03329,1.99024,0.94,21.21554,0.0,0.0,0.0,452.9412,0.97,171.137,20.2821,241.43523,15.86544,13.91306,1.98796,2.4017,2.62441,17.37026,11.87205,55.91098,52.628704,126.81386
AWI,2.96443,12.00682,11.73967,1.95129,4.3,16.21118,11.62264,295.8,23.98832,11.39896,4.51,449.1,8.94494,10.75328,16.45446,16.93399,1.20526,7.80422,10.98599,37.90651,37.90651,56.21931,2.32252,128.41122
ARW,10.77649,3.16671,93.61098,1.4803,21.8,3.86581,0.0,2269.617,6.11354,44.37086,22.09,4836.625,-0.86939,28.75725,3.84352,3.85803,1.00888,6.30236,14.51047,26.35386,26.20767,42.03575,1.79297,72.52012
AJG,39.61338,0.60724,43.14769,1.04325,5.19,13.05172,24.42212,2513.7,29.39794,18.7643,6.32,3447.4,23.05043,22.87164,13.03067,15.54618,1.02764,3.31146,7.73726,12.62407,12.57444,41.4178,2.58484,70.70031
APAM,-14.8606,9.26209,3.85551,3.33211,2.94,25.00642,-35.46008,353.307,35.56955,-42.23969,2.96,483.301,28.11507,-38.56013,20.81528,18.61792,3.13687,17.68107,29.96561,76.83403,60.4613,43.55101,0.90544,114.5119
AORT,16.59971,5.46485,7.04779,4.97904,-0.48,-6.11621,-19.94555,27.345,8.71446,19.064758,-0.5,202.523,2.15061,19.064758,-6.11621,-6.37881,2.19295,0.39392,0.47002,-6.56073,-6.56073,55.65383,13.04915,125.49863
ABG,-0.67568,43.59859,134.61449,1.84807,44.61,6.46175,60.81373,1339.9,8.68154,68.40317,44.84,3100.6,4.80525,87.32156,6.46175,6.4788,0.66586,9.91404,11.97246,39.74098,39.74098,55.95619,2.75304,127.04667
AHT,20.85998,24.27188,-43.61618,0.19419,-44.6,-11.33149,0.0,0.0,0.0,16.146086,-43.9,296.927,9.08042,16.146086,-11.23244,-12.10992,0.18839,1.24646,1.29279,16.146086,16.146086,103.35847,16.146086,16.146086
ASH,8.94309,6.20234,59.62963,3.19711,3.2,7.57005,21.04072,535.0,22.37558,13.47518,3.44,830.0,29.56399,321.36365,38.77039,7.91301,2.00543,2.85575,3.87238,6.06162,6.06162,30.04562,2.58505,42.95031
ASPN,180.7696,4.63804,6.39239,4.68282,-2.1,-45.87279,-10.209571,-70.023,-38.82316,-10.209571,-2.1,4.976,-123.68301,-10.209571,-45.87279,-45.83082,4.30567,-11.98691,-13.94206,-28.73631,-28.73631,21.06489,-10.209571,26.68633
ASB,0.0,90.089226,25.40067,0.87326,2.34,25.64558,6.53249,673.166,47.15296,7.33945,2.36,1206.692,-199.36378,4.31005,25.64558,24.65795,0.87221,1.0389,4.99456,9.56802,9.10712,56.43726,7.728,129.55396
AC,-68.308,0.56069,40.48186,30.38538,-2.22,-298.93616,-28.992785,-10.921,-71.71658,-28.992785,-2.09,-3.655,-134.66476,-28.992785,-28.992785,-28.992785,9.73823,-0.6606,-0.68538,-5.35293,-4.4669,0.31818,-28.992785,0.32285
AIZ,15.57322,1.13881,80.04354,1.88443,5.05,2.71363,-36.768,1073.3,10.52978,-50.4902,6.63,714.4,-5.28623,-79.84553,2.71363,3.53661,1.88443,1.06231,5.03233,5.6923,5.6923,33.90901,2.02143,51.30655
ATKR,0.75782,7.42805,30.22386,2.89458,20.3,23.33791,50.61396,1321.645,33.76756,66.52994,20.63,1640.025,12.57329,55.38371,23.33791,23.04276,1.82832,32.1586,41.27148,86.39622,86.39622,39.97434,0.62975,66.59543
AUB,0.0,50.900604,31.75571,0.84997,2.97,30.46075,-14.43789,404.897,52.5925,-8.89571,2.86,683.756,-211.11353,-11.14252,30.46075,27.84268,0.84973,1.10875,6.06033,9.22821,9.22758,42.65179,4.35835,74.37335
ATO,24.09744,13.88068,66.8509,0.84597,5.6,18.43075,5.32634,1456.637,34.66812,9.375,5.61,1808.845,-36.71149,16.35232,18.43075,18.40287,0.11857,2.75402,3.46139,8.93915,8.93915,47.05136,5.74612,88.86225
AN,16.78373,36.4293,42.97857,0.9214,24.3,5.10543,7.92431,2247.2,8.32759,32.71436,24.51,5265.3,2.78099,0.32047,5.10432,5.11363,0.2862,13.46411,16.19639,62.27174,62.27174,75.8132,2.85636,346.04233
ALV,12.2425,4.90405,30.31323,1.01977,4.85,4.80661,-13.25864,929.0,10.50667,-2.21774,4.28,1396.0,1.57487,-2.75862,4.78399,4.21611,0.70181,4.63813,7.57738,16.12657,16.1168,42.27303,2.06997,73.22925
AZO,33.42935,36.79981,-185.03152,0.77174,117.19,14.94936,9.35854,3712.952,22.8458,23.11167,120.83,8472.65,11.47291,11.94712,14.94936,14.9489,0.09537,13.72353,32.46675,601.9645,601.9645,159.23003,2.56232,601.9645
AVB,0.0,96.900604,80.42966,0.76387,8.12,42.93565,0.0,0.0,0.0,12.93463,8.1,1689.582,45.37057,13.19089,42.94838,42.73154,0.76387,2.52764,2.6197,10.24768,10.24155,42.96294,96.900604,75.34257
AVNS,31.72589,5.98759,29.08305,2.68999,1.07,6.15854,44.35058,136.7,16.67073,872.7273,1.22,394.2,7.87805,871.1539,6.15854,6.97781,1.59096,3.28996,3.68061,3.95288,3.95288,17.82077,2.04828,21.68525
AVY,-3.51702,6.45918,25.14788,0.99364,9.21,8.37565,4.27161,1362.1,15.06865,4.30351,9.42,2404.2,6.58403,2.29699,8.37565,8.50367,0.56268,8.42697,12.77614,38.27023,38.27023,61.5863,2.39197,160.32379
AVNT,-31.40277,6.27371,25.68207,1.8055,0.9,2.44635,-11.9006,503.4,14.81939,-64.14343,2.03,929.6,13.26099,204.63605,20.69828,5.45015,1.24419,3.9692,5.29122,4.02998,4.0113,48.73627,4.44339,95.0697
AVA,25.96153,7.45544,31.15134,0.74834,2.12,9.07352,-2.8288,447.384,26.15964,0.95238,2.17,974.0,-19.19547,5.3226,9.07352,9.26123,0.27907,1.70138,2.42416,6.91298,6.91298,55.59856,6.53448,125.21793
AXTA,19.25926,5.61693,6.58885,1.94461,0.86,3.91869,-5.58036,719.1,14.66145,-24.5614,1.14,1418.0,3.39649,-27.39674,3.90646,5.15298,1.27313,4.20975,5.57364,13.0057,12.65223,71.75072,5.29634,253.99133
AX,0.0,73.04221,27.48458,1.12221,3.97,31.13683,14.66315,520.886,67.37706,11.51685,4.31,696.771,107.77467,11.59397,31.13683,33.18477,1.12107,1.95904,14.33864,15.81624,15.81624,27.95858,1.22411,38.80904
BGS,3.26127,14.64951,12.11372,3.75208,-0.16,-0.52566,-17.56845,291.412,13.47258,50.10593,1.07,409.624,-2.86735,50.10593,-0.52566,3.48593,0.74939,3.43676,4.00467,-1.27151,-1.27151,73.90073,8.43559,283.1524
BJ,0.7133,96.15659,4.78287,0.75759,3.09,2.56046,0.97824,819.083,4.91431,1.9802,3.3,3078.69,2.73682,1.3353,2.55981,2.68054,0.10956,7.18742,11.09953,88.22505,88.22505,82.0666,3.62096,187.25449
BWXT,-10.49521,19.28864,8.2003,2.09759,2.6,10.68687,0.84606,385.477,17.26402,-19.75309,2.69,551.935,-2.06034,-22.12698,10.66765,11.01705,0.48447,7.52194,9.87228,34.38377,34.44309,63.66563,3.40171,175.22153
BXP,0.0,115.51118,39.12348,1.13747,5.4,33.34477,0.0,0.0,0.0,70.347,5.41,1952.127,38.29751,68.04343,27.737,27.70239,1.13747,2.71254,2.84188,14.18821,12.43612,63.70905,115.51118,175.55077
BW,23.01315,6.04229,-0.02989,1.49896,-0.43,-2.98759,-12.31032,33.344,3.7473,3.132383,-0.21,145.135,2.34415,3.132383,-2.56919,-2.08288,0.78773,0.62988,1.34199,-150.29749,-94.04772,100.50984,12.35083,3.132383
BMI,16.37415,7.93685,15.10334,3.15317,2.26,11.75738,6.00015,110.785,19.58827,8.65385,2.28,219.97,12.48822,9.21753,11.75738,11.77879,1.94633,9.62361,12.90595,15.72954,15.72954,0.0,0.0,0.0
BALL,4.20376,7.43473,11.0185,0.78325,2.25,4.76904,-8.25129,1957.0,12.75002,-15.09434,2.43,2250.0,-6.34651,-18.10934,4.68434,5.00966,0.44977,4.05383,6.48806,20.28781,20.2995,72.69067,4.79714,266.17523
BANC,0.0,111.941765,43.71087,0.86357,5.13016,26.05541,-15.98377,867.786,53.37541,-33.92157,5.43462,1341.089,111.941765,-30.20731,26.05541,25.82922,0.86085,1.22535,8.52801,11.36965,10.65672,41.30012,3.203,70.35809
BAC,0.0,6155.2725,30.61233,0.71231,3.19,23.92636,-3.0538,48889.0,42.49259,-10.64426,3.28,92407.0,-136.93655,-13.91582,23.92636,23.13102,0.70906,0.94261,3.76076,11.2323,10.13432,65.06901,10.40946,186.27876
BOH,0.0,57.449486,28.5419,0.67543,5.48,29.9115,-8.41426,392.814,52.03475,-12.32,5.5,704.07,-114.77478,-10.88045,29.9115,28.85197,0.67443,1.00082,9.81805,17.58183,15.42058,48.41999,3.14732,93.87355
NTB,0.0,51.90736,17.41542,0.62629,4.29,35.28818,14.13947,351.666,57.98362,31.59509,4.32,549.297,-84.08312,31.56859,35.28818,35.32617,0.62623,1.31358,17.2419,23.2339,23.2339,19.18138,0.58366,23.73386
BK,0.0,1113.1377,44.40129,0.69513,2.9,12.80576,-3.24863,9024.0,45.14031,-29.95169,3.57,16490.0,-170.60426,-31.55094,12.87079,14.48408,0.687,1.08619,5.48156,6.94542,6.0778,52.15283,4.93418,109.2904
BKU,0.0,77.329956,32.19004,0.76423,3.54,21.78533,-14.315,604.494,46.21206,-21.68142,3.55,915.442,-198.46674,-31.32964,21.78533,21.3876,0.76423,0.90413,4.44977,10.41229,10.41229,72.46799,10.60694,263.21356
BBWI,-10.78067,30.97053,-5.97638,2.33256,3.94,13.63867,-4.59228,2223.0,28.2035,31.33333,4.57,3855.0,8.73826,57.93839,16.91195,15.59668,1.72016,14.33483,18.93342,306.77423,306.77423,133.7411,2.7049,306.77423
BAX,0.0,368.41776,11.5635,1.6883,-4.83,-16.01932,8.05481,3233.0,21.39218,368.41776,2.37,4165.0,6.65321,368.41776,-16.09872,7.90366,0.94289,3.70098,4.52621,-32.63582,-32.24561,74.48935,5.32416,291.99323
BZH,39.73136,75.25743,30.41729,8.19904,7.17,9.52607,77.7183,285.851,12.33718,78.80299,7.24,540.47,-4.28417,80.87378,9.52547,9.50923,1.19781,7.86496,9.13908,26.5259,26.5259,51.43133,3.4796,105.89405
BDX,-12.25471,8.05034,89.21608,1.04225,5.38,8.66455,-12.8376,4841.0,25.65448,-21.45985,6.96,8614.0,10.33254,-14.96176,9.42766,10.51211,0.42991,3.20576,4.09505,6.6796,6.67906,39.58901,3.42243,65.53279
BDC,6.76464,6.11622,26.68529,2.40063,6.01,10.27238,18.13762,438.365,16.81824,338.68613,5.98,926.349,3.69131,298.37778,9.77036,10.05926,1.76238,6.64885,8.9481,25.50534,25.49942,52.07858,2.83596,108.67494
BHE,32.17289,4.86448,29.1894,2.20541,1.91,2.36387,33.42456,141.873,4.91534,92.92929,2.05,255.235,-7.02694,90.74364,2.36387,2.49857,1.1787,2.96635,4.60962,6.82216,6.82216,29.21625,2.98617,41.27537
BRKa,17.83616,3.80423,215.7289,4.01574,-10.36,-9.41885,-2249.6216,-17188.0,-7.33934,-2249.6216,-10.35,-28011.0,-15.28988,-2249.6216,-9.7438,-9.73752,3.57988,-1.84082,-2.82535,-4.6638,-4.43133,21.00987,-2249.6216,26.5981
BHLB,0.0,23.769987,21.50677,0.86489,2.02,20.2837,11.89551,212.155,46.50543,-15.48117,2.19,402.534,-244.17197,-22.021,20.2837,21.87341,0.86416,1.06301,9.86661,8.66212,8.66212,16.50174,0.88874,19.76297
BERY,0.0,0.0,0.0,0.0,0.0,0.0,0.0,0.0,0.0,0.0,0.0,0.0,0.0,0.0,0.0,0.0,0.0,0.0,0.0,0.0,0.0,0.0,0.0,0.0
BBY,-1.79076,49.22587,13.28056,0.98735,9.84,4.74102,12.59797,3879.0,7.49406,43.85965,9.86,11634.0,3.91922,36.48498,4.74102,4.70132,0.39788,10.28821,24.07692,64.51952,64.51952,56.59672,1.01521,130.39735
BIO,16.78909,6.10391,324.8835,5.5529,-121.79,-129.45085,-6.06829,636.346,22.7084,87.201904,-121.39,1567.3,0.47308,87.201904,-129.45085,-129.02498,4.04863,1.99445,2.50589,-31.1612,-31.1612,12.61536,2.18138,14.43659
BKH,57.99435,6.15011,45.30608,0.64302,3.97,10.61041,7.82033,695.853,27.26893,6.14973,3.86,772.8,-11.28427,9.14194,10.12561,9.81073,0.3211,2.96627,3.66099,8.93762,9.05997,60.17065,6.70823,151.07115
BLK,-13.8559,5.0682,252.03665,3.58329,33.97,27.94159,-12.67767,6881.0,38.49941,-11.11983,34.55,8684.0,20.91353,-12.25216,28.97107,29.17429,3.21004,2.99647,8.4355,13.72801,12.85821,18.38002,1.26929,23.05946
BXMT,12.77225,0.05732,26.31858,109.61814,1.46,18.75023,26.48315,964.964,72.0685,-47.29242,1.46,416.545,-198.4321,-40.68556,18.56987,18.60566,109.61351,2.50993,2.54479,5.46047,5.47985,81.77003,21.12294,70.859314
XYZ,0.0,0.0,28.70193,1.85232,-0.93,-3.15434,-99.41287,2.363,0.01348,287.33765,-0.63,6062.086,-3.48447,287.33765,-3.08442,-2.08046,1.03148,-0.93332,-1.30339,-5.27668,-5.37813,26.90401,287.33765,36.80641
BXC,-25.93416,15.05506,65.20378,5.11177,31.51,6.65532,2.83196,468.924,10.53711,5.06836,32.39,832.984,6.72429,0.01452,6.65532,6.7892,2.65999,19.64878,25.28274,62.13843,62.13843,50.95235,1.30712,103.88337
BA,-0.64187,5.87554,-26.57842,1.21622,-8.3,-7.58618,308.74988,-119.0,-0.17866,308.74988,-5.42,5283.0,4.51335,308.74988,-7.40902,-4.8408,0.31698,-0.79629,-2.50774,308.74988,308.74988,137.08524,308.74988,308.74988
BCC,-33.13118,22.61364,52.15345,3.78151,21.56,10.22567,19.70686,1259.066,15.01156,19.97774,21.72,1914.767,6.96447,20.37542,10.22567,10.23576,2.41582,24.88909,32.22112,50.29376,50.29376,20.64458,0.42523,26.01533
BOOT,-24.34422,132.68452,20.20131,1.61035,6.33,12.93124,158.60384,285.69,19.19629,214.92537,6.55,575.073,-0.14751,224.06628,12.93124,13.00796,0.09671,15.13626,19.78893,38.70026,38.70026,33.80519,1.07197,51.06924
BAH,14.95119,5.51171,7.88987,1.59436,3.44,5.5786,10.69852,928.413,11.10051,-21.28147,3.99,1989.915,8.63302,-23.35432,5.58054,6.39902,1.54245,8.48866,12.3964,44.08935,44.06041,74.75467,3.33847,296.1129
BWA,11.67854,5.91023,30.85571,1.56209,3.99,6.49326,2.0766,2212.0,13.99911,78.125,4.38,2369.0,5.45456,75.79143,5.97431,6.52801,1.10411,5.552,7.85464,13.32204,13.89303,37.13999,2.00543,59.08364
SAM,2.9988,37.42966,86.83155,2.07214,5.44,3.21781,9.86059,207.408,9.92224,364.95728,7.42,861.986,3.27448,362.19336,3.21781,4.37213,1.21095,5.61218,7.25405,6.55598,6.55598,4.94588,0.26807,5.20322
BSX,10.79865,6.76734,12.26014,1.51459,0.45,5.50386,6.32987,3578.0,28.21322,-34.78261,1.0,8679.0,11.21866,-32.94909,5.50386,11.27977,0.80121,4.71808,5.7526,4.08247,4.08247,34.7117,2.61124,53.16679
BOX,12.2654,3.60831,-2.78175,1.27482,-0.35,-4.74179,44.73153,55.904,6.39391,41.664803,-0.32,624.848,40.08201,41.664803,-4.74179,-5.69479,1.17278,-1.15465,-2.06472,41.664803,-34.00258,87.37728,11.48995,41.664803
BYD,21.87008,35.81594,15.4706,0.8159,5.87,17.98338,5.87202,1260.795,35.46164,44.22604,6.14,2370.246,15.58078,37.84252,17.98338,18.80402,0.69502,9.99793,11.43657,40.86297,40.86297,71.01235,3.09061,244.97446
BRC,7.41826,7.36019,18.25919,1.95188,2.9,11.51858,16.98949,229.035,17.59018,17.40891,2.95,631.552,4.3437,15.67188,11.51858,11.62748,1.1651,8.8728,11.66792,16.00351,16.00351,12.41259,0.56387,14.17165
BDN,-14.64823,2.33262,9.54065,0.95275,0.31,11.1741,0.0,0.0,0.0,342.85715,0.3,287.305,40.98766,337.9852,11.13933,10.64745,0.95275,1.15169,1.2351,3.24642,3.23834,54.89944,53.36236,121.72673
BFH,20.25067,0.25264,45.39078,1.10762,4.47,5.12234,-46.96746,717.0,16.39607,-71.97492,5.19,2232.0,-1.96661,-72.1598,5.09947,5.92227,1.10762,1.60117,3.76315,10.29648,10.29648,78.21697,11.3431,129.64165
BFAM,2.93832,9.41273,18.78036,0.44221,1.37,4.00206,-10.4856,195.99,9.72661,19.13044,0.56,391.853,6.58368,14.45096,4.00206,1.62151,0.35077,1.50976,1.86889,7.13723,7.13723,64.53495,10.03151,181.96774
BRSP,-18.90453,0.09349,10.76858,24.37292,0.34,12.83233,0.0,0.0,0.0,42.730286,0.35,269.761,238.25987,42.730286,12.5578,12.21983,24.37138,2.22062,2.29791,3.22104,3.24885,69.66565,42.730286,229.65924
BV,7.69231,5.45162,13.08387,1.38636,0.14,0.50458,-2.7897,271.8,9.79601,-68.18182,0.51,674.8,0.71587,-69.76242,0.50458,1.79947,1.13227,2.31924,2.8758,1.09396,1.09396,54.75403,5.41759,121.01414
EAT,1.84049,57.81307,-6.12101,0.36057,2.58,3.0914,-6.26386,338.2,8.89041,-8.83392,2.67,499.2,2.13323,-10.6383,3.0914,3.1444,0.15125,4.56475,5.80014,48.655544,48.655544,113.3709,6.72147,48.655544
BCO,19.13286,6.79832,9.65659,1.55087,3.63,4.07452,13.15654,657.1,14.48793,76.21359,4.85,1073.6,4.26524,62.1673,3.76144,5.05799,1.11339,4.34939,6.62328,60.86652,44.91979,86.73213,5.6725,94.33827
BMY,3.77698,5.43207,14.80505,1.24591,2.95,13.74597,2.00163,19976.0,43.2765,-5.44872,3.84,36022.0,29.61882,-9.53675,13.70697,17.71962,1.06615,5.87846,7.89738,18.88459,18.90531,56.68128,2.0383,130.8471
BRX,13.13848,5.02039,9.55271,0.8756,1.17,29.07062,0.0,0.0,0.0,30.0,1.18,906.283,42.87703,31.0918,29.07062,29.04878,0.81331,3.26316,3.45996,12.68746,12.68746,63.91872,60.972225,177.15205
BR,15.41931,6.46082,16.35976,1.01142,4.55,9.44282,15.59623,1092.5,19.13612,-2.15054,5.01,1592.2,14.48083,-1.53425,9.44282,10.24097,0.89249,5.83153,7.9254,28.9209,28.9209,67.93758,3.72192,211.89162
BKD,9.04238,51.35569,3.11139,0.99359,-1.25,-8.68298,9.86888,198.666,7.23761,38.21002,-1.69,520.242,-3.36246,38.21002,-8.68615,-11.72652,0.85109,-1.50615,-1.63098,-37.25402,-37.13109,89.33421,24.62793,38.21002
BN,7.43152,8.75641,29.94814,1.0019,1.6,3.69848,-2.00721,4581.699,15.49892,-52.23881,2.8,13614.406,4.35857,-53.16169,3.4671,6.05297,0.72745,4.55987,6.27434,5.2831,5.58682,43.9671,3.30394,78.72388
BIP,23.22685,6.9983,11.77844,0.79814,0.89,9.53074,14.6748,5642.0,39.10723,-63.72283,0.89,3917.0,8.88005,-62.76304,2.8211,2.82601,0.53229,2.964,3.66173,7.31225,5.28999,56.94758,5.99575,132.27496
BRO,15.21198,2.59582,16.26624,1.08689,2.37,18.80002,14.83789,1024.3,28.66458,14.49275,2.3,1749.0,33.33938,14.42606,18.80002,17.86249,0.73267,5.18061,8.08368,15.26212,15.26212,47.59033,4.08377,90.8045
BFb,-5.15709,7.11534,47.31566,1.83082,-0.76,-0.4437,-10.01987,10581.617,11.23556,1490.2528,4.92,22047.664,1.96582,1490.2528,-0.71151,4.71081,0.85098,4.27766,6.02496,-1.51116,-0.91244,33.37837,2.0708,50.10141
BC,11.88955,13.24944,28.61767,1.80898,9.06,10.00117,19.565,1214.9,17.83418,19.36759,9.47,1986.7,1.21822,14.10753,9.93805,10.39834,0.77589,10.46819,14.45122,34.43953,34.43953,56.33219,2.16857,129.00162
BKE,328.16153,173.6562,6.29259,1.57401,5.16,19.68319,86.52764,354.188,27.35873,93.98496,5.2,773.691,18.92357,95.80602,19.68319,19.67924,1.12248,25.78068,32.15659,71.8255,71.8255,47.95564,0.81409,92.14378
BLDR,-14.84797,12.81003,35.73688,1.89803,16.82,12.09768,41.9342,4344.146,19.11496,98.34906,17.48,7744.379,11.90879,59.34528,12.09768,12.45714,1.05669,22.56626,28.87065,56.31041,56.31041,41.28519,0.80325,70.31479
BG,33.94886,27.21392,61.53107,1.74563,10.51,2.49584,6.61036,2903.0,4.31788,-22.94721,12.12,3762.0,1.47177,-22.52166,2.39469,2.68085,0.55583,6.45416,10.20533,19.87286,18.47407,36.08419,1.93696,56.47851
BURL,-12.98563,160.3829,11.43622,1.30806,6.0,4.38562,482.32092,1009.826,10.83242,276.72144,8.01,3876.572,2.86011,276.72144,4.38562,5.72147,0.71741,6.85451,9.21644,66.73991,66.73991,85.41611,4.41034,276.72144
CACI,5.26146,6.86925,130.39836,1.17742,15.49,5.91325,-5.09001,631.01,10.1728,-15.35519,15.67,2151.729,10.96225,-19.81646,5.91325,5.923,1.01323,4.84628,6.20747,12.82822,12.82761,40.92456,3.35232,69.27507
CBZ,38.12643,4.89704,14.21786,1.10933,2.01,7.46272,54.54008,201.239,14.25227,52.27273,2.21,223.367,7.54666,48.62246,7.46144,8.06099,0.71756,6.00019,9.46301,14.86206,14.86206,39.94097,2.35772,66.50286
CBL,58.83319,17.75826,11.65957,0.35717,-3.2,-16.93166,0.0,0.0,0.0,24.28989,-4.38,371.281,50.7801,24.28989,-15.9052,-22.39091,0.35717,1.58698,1.79227,-24.38428,-25.90764,84.49176,24.28989,24.28989
CBRE,4.17566,5.50128,25.25055,1.03478,4.29,4.61901,5.583,2256.2,7.31861,-20.7024,5.37,6621.0,6.43696,-23.36982,4.5652,5.62311,0.92941,4.82282,7.92057,17.18247,15.85274,29.54306,1.59934,41.93066
CF,16.81035,22.23857,25.82258,3.69146,16.38,35.19578,115.55556,6402.0,57.23226,286.32077,18.54,5861.0,26.61362,264.8855,29.91239,33.69553,2.9196,27.0603,33.37134,81.04639,56.69235,29.11175,0.50375,41.06711
CMS,0.0,0.0,0.0,0.0,0.0,0.0,0.0,0.0,0.0,0.0,0.0,0.0,0.0,0.0,0.0,0.0,0.0,0.0,0.0,0.0,0.0,0.0,0.0,0.0
CNA,2.48374,1.25201,32.57708,54.90535,3.28,7.51829,-2.56012,1256.0,10.56261,-25.62358,3.26,3736.0,3.44063,-25.62396,7.51829,7.4461,54.90535,1.18076,5.4452,8.26477,8.26477,25.37629,2.38933,34.00567
CNH,2.17151,1.12044,5.15309,2.15062,1.49,9.46567,-19.52229,2527.0,11.73112,17.32284,1.58,5206.0,-6.88803,17.75972,9.41925,9.90938,1.8019,2.80415,4.05954,29.60963,29.48876,76.9936,9.23862,345.64606
CNO,-0.57887,0.52043,12.25086,152.65709,3.37,11.09372,-0.8121,977.1,27.31771,0.29762,3.32,1904.4,19.51325,-10.02268,11.09372,10.74238,152.65709,1.13562,5.39215,11.91502,11.91502,73.73484,4.02467,280.73245
CNX,5.55431,3.71305,17.27022,0.43708,-0.75,-11.27775,882.5795,405.373,32.17759,213.4665,-0.63,3256.908,3.39341,213.4665,-11.27775,-9.47691,0.28638,-0.42008,-0.6171,-4.27252,-4.27252,44.73331,5.89118,80.94081
CDP,7.91494,2.77009,14.95947,1.52946,1.27,19.89684,0.0,0.0,0.0,95.38462,1.29,363.38,24.79133,125.72216,23.0325,19.27363,1.42839,2.82035,3.00586,8.6976,8.6982,56.39679,39.720814,131.31642
CRH,-2.58707,8.24672,29.1365,1.66509,3.48,8.20218,5.40641,5654.0,17.27837,6.74847,3.55,10815.0,7.08065,49.98051,11.75626,8.22652,1.15862,5.46,7.39294,12.67592,12.41127,32.9058,1.93757,49.04419
CTO,54.19847,32.96096,22.08445,5.29434,-0.09,3.83625,0.0,0.0,0.0,12.807481,-0.09,59.463,47.43957,-89.45224,3.83625,-2.02347,5.15829,1.28723,1.33402,0.67537,0.67533,46.88963,12.807481,88.28714
CTS,10.63863,6.77968,15.97879,2.89482,1.85,10.15133,23.23875,129.519,22.06949,25.456694,2.34,214.73,10.31553,25.456694,10.15133,12.74648,2.22527,8.82604,10.8074,12.28601,12.28601,17.76524,0.84436,21.60309
CVI,19.73244,33.16895,5.28195,1.10702,4.6,5.91043,242.00542,1262.0,11.58223,1740.0,5.19,1411.0,0.0,1752.0,4.24927,4.78703,0.60806,15.17134,24.90284,85.42435,82.51121,67.34104,1.29239,206.19469
CVS,11.36689,29.14561,54.62692,0.94187,3.14,1.29161,11.29626,19971.0,6.19319,-47.22689,7.96,53664.0,2.88157,-47.54741,1.28664,3.23863,0.61866,4.26103,6.69843,5.68006,5.67841,49.79479,3.54174,99.1825
CABO,16.14221,40.06065,304.88605,1.42002,38.06,13.72287,8.5941,889.491,52.13767,-18.13293,43.38,1235.127,8.79195,-19.77425,13.72287,14.98174,1.18586,4.85861,6.00345,13.18578,13.18578,68.47902,4.29367,217.24901
CBT,28.06202,5.87492,15.96473,1.64706,3.62,5.6237,11.38846,714.0,16.52395,-16.58986,6.31,878.0,-0.78396,-16.4,4.83684,8.25075,0.94661,10.39379,14.42503,22.65583,22.90292,59.87558,2.15686,149.22481
CADE,0.0,136.15453,22.71678,0.74715,2.46,22.55704,97.47183,972.764,47.36814,59.74026,2.73,1686.776,-163.26172,137.36024,22.55704,24.39502,0.74262,1.26237,7.59092,10.04267,9.6918,52.12758,4.82603,108.88854
CAL,-3.74663,22.28948,8.46473,0.81559,3.56,4.97418,96.80722,269.519,9.70329,96.80722,4.32,1227.317,5.95023,96.80722,4.93299,5.71432,0.18807,7.31576,10.77541,52.81978,52.40981,72.93359,3.23318,269.46167
CWT,-5.69352,9.31352,23.69851,1.003,1.77,11.25467,3.02447,245.497,29.00378,-9.69388,1.77,429.449,-16.21249,-5.05711,11.34304,11.35904,0.8858,2.18962,3.43991,7.69571,7.60469,46.31167,4.64649,86.26022
CALX,10.07405,9.69515,10.33798,3.30893,0.6,4.7256,-24.09033,66.925,7.71179,-82.90598,0.63,435.428,1.62973,-82.79623,4.7256,4.72289,2.02826,4.04228,5.15236,6.57214,6.57214,1.79072,0.18515,1.82337
CPT,0.0,67.256935,43.12342,0.04405,6.04,46.12991,0.0,0.0,0.0,104.05405,1.67,904.813,52.70294,115.07007,45.57936,12.53131,0.04405,2.07326,2.21561,14.23356,14.19062,42.18173,67.256935,72.95572
CCJ,-38.12593,8.51603,13.49321,5.9226,0.16255,4.77858,97.66787,143.66272,10.40876,27.264698,0.133,303.42908,-3.25271,27.264698,4.7849,3.90732,4.39848,-0.09225,-0.11754,1.67352,1.67129,14.59082,5.12765,17.08343
CWH,2.11751,43.2539,3.48309,1.32651,3.22,5.03847,-26.89219,664.126,9.53244,-46.95222,4.4,2262.284,-2.66191,-50.82004,1.96565,2.67688,0.15643,8.07556,9.73975,89.54325,145.78305,93.85272,5.69397,140.38881
CNNE,-59.88701,53.39516,35.65406,2.53138,-5.25,-64.88446,-18.856592,-121.8,-18.39601,-18.856592,-10.32,31.2,-17.25759,-18.856592,-64.65791,-127.18804,2.37653,-2.57659,-2.74204,-14.14248,-14.18758,9.95058,-18.856592,11.05013
COF,12.47828,0.13583,125.18915,0.98125,17.91,19.18015,-33.31605,11573.0,30.15923,-33.5436,17.79,28403.0,105.4397,-40.59726,19.18015,18.16413,0.98065,1.51006,6.43313,14.16461,12.95649,48.82779,4.33535,95.41858
CPRI,16.35389,14.01239,17.91942,1.20754,5.39,14.55607,141.75365,1158.0,20.48108,246.54434,5.48,3728.0,6.95083,246.54434,14.53838,14.51173,0.40613,8.06263,10.76817,34.85266,34.90986,54.31327,2.62608,118.88194
CAH,16.05928,18.42849,-2.59707,1.07807,-3.35,-0.51388,-12.96979,2362.0,1.30235,412.39374,4.13,6484.0,2.18359,412.39374,-0.51444,0.63534,0.50049,2.3194,15.05548,-172.4584,-171.32353,113.84585,2.45766,412.39374
CTRE,0.0,17.181128,8.57866,0.26188,-0.08,-3.82701,0.0,0.0,0.0,17.181128,-0.08,182.916,31.89338,17.181128,-3.82701,-3.94441,0.26188,1.279,1.32096,-0.85048,-0.85048,45.86088,17.181128,84.70931
CSL,3.73294,7.29798,59.41847,2.08179,17.58,14.03541,88.59468,1552.7,23.55467,142.14876,17.98,1866.0,12.10634,119.11311,14.0172,14.12892,1.22524,11.24316,14.36132,32.72785,32.72785,46.77226,1.7116,87.87198
KMX,134.6526,82.98745,32.50735,3.19874,6.97,3.46805,47.23184,1764.073,5.31392,54.20354,7.03,4089.049,-3.55579,54.13947,3.46805,3.43927,0.59186,4.01337,4.30013,23.98522,23.98522,78.77439,11.01441,279.7757
CCL,0.0,105.28548,5.6116,0.70646,-5.16,-50.07396,105.28548,-1664.0,-13.67521,105.28548,-4.85,3810.0,-33.41243,105.28548,-50.07396,-47.0332,0.60462,-4.68719,-5.48931,-63.43901,-63.43901,83.54911,105.28548,105.28548
CRS,23.84192,5.31491,27.55457,2.9803,-1.01,-2.67386,18.021566,97.4,5.30414,18.021566,-1.06,137.9,-3.57853,18.021566,-2.67386,-2.79965,1.42838,-0.71991,-1.01041,-3.60658,-3.60658,35.87643,7.64271,55.94889
CARS,9.13816,6.32305,5.79948,1.40198,0.25,2.63139,-1.79371,162.773,24.89356,127.27273,0.37,449.902,18.22561,122.90452,2.63139,3.85999,1.31726,4.20623,4.88583,4.57994,4.57994,56.57885,3.07743,130.30254
CRI,-16.7356,15.99214,21.12939,2.24732,6.34,7.72067,-24.10764,453.447,14.00153,-18.82202,6.91,1472.358,0.61413,-26.40487,7.72067,8.28354,0.77576,8.60078,10.76301,28.63148,28.63148,59.72048,2.60405,148.26515
CAT,2.807,3.58393,30.73327,1.38863,12.64,11.28107,22.52807,12330.0,20.74815,6.847,14.77,15565.0,8.14129,3.32871,11.28275,13.09558,0.82313,7.67061,11.65598,41.44902,41.37378,70.27664,3.0472,236.43571
CE,18.77692,7.61654,51.96637,1.62512,17.41,19.74568,-20.85106,1860.0,19.22878,2.05158,20.62,2380.0,-1.89962,0.21164,19.58028,23.10344,0.87562,4.62455,5.90134,38.71362,35.89551,71.24488,8.13226,247.76413
COR,1.57152,13.03047,-1.02597,0.91057,8.04,0.6985,9.73497,3489.651,1.46263,8.79567,9.78,8334.567,1.26112,10.31786,0.71203,0.85456,0.50965,3.06381,22.97866,572.2758,572.2758,98.95134,1.92721,572.2758
CNC,8.44909,11.33258,43.68012,1.05846,2.07,0.83156,9.68277,5290.0,3.65971,-9.21053,4.77,24470.0,2.62493,-10.76466,0.83156,1.89811,0.97664,3.10719,5.06415,4.72744,4.68991,46.81369,4.0327,88.22216
CNP,37.40648,6.52731,14.69654,0.91903,1.59,11.33999,5.00368,2854.0,30.61903,69.14894,1.66,3570.0,-16.52452,-28.86945,11.33999,11.20941,0.44084,2.56806,3.73113,11.82525,10.86164,62.68574,5.91275,167.99403
CSR,-86.842,9.02951,42.34401,0.12234,-1.35,-6.83855,0.0,0.0,0.0,13.712014,-1.25,141.384,51.36574,13.712014,-5.22127,-7.37312,0.0905,0.52408,0.54058,-2.04928,-1.77433,51.0326,13.712014,104.21748
CPF,0.0,24.70031,16.75748,0.83143,2.68,26.34875,-2.04737,154.773,55.16279,-5.30035,2.71,264.75,-97.09164,-7.46739,26.34875,26.46301,0.83127,1.23396,14.05165,14.62343,14.62273,24.47354,0.94815,32.40393
CCS,41.26887,67.43667,67.67428,6.29091,15.92,11.65415,5.39574,707.979,15.71221,10.02073,15.56,1135.598,3.33345,5.34038,11.65415,11.2503,0.77163,11.97893,13.41178,26.82826,26.82826,36.40675,1.73873,57.24939
SKY,57.50596,29.82399,14.51693,2.23431,4.33,11.2378,179.79803,353.841,16.03101,190.60403,4.36,589.123,7.80902,192.16364,11.2378,11.22302,1.50223,19.33227,27.2102,35.59442,35.59442,6.67979,0.16691,7.15793
CRL,17.0341,5.69934,58.42284,1.3183,9.48,12.38935,7.1113,963.585,24.23467,24.73684,9.99,1467.66,7.59906,24.3602,12.22884,12.76671,0.91014,5.6378,7.03887,17.64529,17.54459,51.00449,3.26643,105.58191
SCHW,-14.24648,0.18634,14.51686,1.06533,3.5,32.20066,17.65415,11716.0,52.52163,23.67491,3.68,20174.0,-63.56021,22.68147,32.20066,31.09697,0.40233,1.07338,8.36412,19.62327,15.4691,51.49974,3.31786,106.18444
GTLS,25.8036,4.21157,64.00412,3.41245,1.92,5.1228,41.68106,246.1,15.26296,33.33333,2.78,407.4,8.47262,-59.39086,1.48846,6.25,3.01988,2.2944,2.73262,3.80234,3.83339,46.33547,9.41772,86.34281
CLDT,72.42757,72.08434,16.28516,0.33176,0.04,3.34768,0.0,0.0,0.0,21.160769,0.04,147.235,24.91878,21.160769,3.3253,0.66195,0.33176,1.58281,1.62002,1.23155,1.20954,37.55696,21.160769,60.14594
CHGG,31.7367,37.07951,8.82861,8.24056,1.34,34.76842,-33.28254,106.389,13.87266,48.244728,0.08,569.501,18.5936,48.244728,34.76842,1.33063,7.78568,0.34315,0.36017,23.98357,23.98357,51.99622,11.36823,108.31694
CC,-20.96273,11.78491,7.45435,1.69963,3.65,8.50751,5.99214,1079.0,15.88166,1.38889,3.77,1616.0,3.40374,-4.93421,8.50751,8.62089,0.85193,6.48453,9.81271,52.83364,52.8095,77.72188,3.57924,128.42859
LNG,28.12716,20.25326,-12.09369,0.82531,5.64,7.88261,1731.2903,5677.0,16.98277,716.51996,5.9,5993.0,7.51354,716.51996,4.27187,4.43188,0.67403,7.08484,9.55243,716.51996,716.51996,100.61498,4.92813,716.51996
CPK,13.69467,7.86568,46.94217,0.52565,5.04,13.19164,10.67125,214.451,31.5043,6.55391,5.09,240.4,3.26056,7.58393,13.19164,13.25172,0.26636,4.1998,5.64049,11.17609,11.17609,49.52027,3.8096,98.09931
CVX,11.05923,12.12692,83.16656,1.47167,18.28,15.10625,64.98754,56269.0,23.87142,124.57003,18.67,91691.0,13.57136,126.976,15.04558,15.29836,1.1397,10.04286,13.77875,23.77417,23.72427,14.58862,0.48641,17.09557
CIM,-7.36173,-0.00357,34.50589,2.26821,-7.53,-55.467358,-55.467358,-173.334,-55.467358,-55.467358,-7.5,-422.247,-299.41946,-55.467358,-55.467358,-55.467358,2.26821,-0.75207,-0.77126,-16.02768,-16.02582,79.91994,-55.467358,-55.467358
CMG,7.31031,83.6371,1.71428,1.27548,0.6408,10.41271,29.10421,1492.77,17.28813,39.91266,0.6594,3374.024,8.32244,37.69112,10.41271,10.63445,1.14305,11.09999,12.64928,38.54339,38.54339,61.17634,2.49966,157.5749
CHH,41.44188,7.46051,2.96278,0.79817,5.99,24.08117,10.64393,527.641,38.2542,16.31068,6.27,627.662,23.50823,14.94859,24.08117,24.81767,0.72358,14.81288,21.23731,157.96378,157.96378,89.25853,2.43571,80.055115
CB,6.54722,1.33027,121.9021,1.7201,12.55,12.48531,0.0,0.0,0.0,-34.87286,12.75,10587.0,6.79284,-37.7796,12.48531,12.57742,1.7201,2.0751,5.67936,9.63775,9.63775,25.43193,469.72937,34.10566
CHD,4.06905,12.99239,14.30897,1.17917,1.68,7.69961,1.9558,1204.2,22.40122,-49.39759,3.01,2250.0,9.43616,-49.98187,7.69961,13.60088,0.58481,7.76216,10.3094,12.31277,12.31277,44.92994,2.36447,81.58687
CIEN,9.17538,3.52152,18.27913,3.25385,1.0,4.20909,-36.41573,388.711,10.70045,-68.65204,1.19,1560.344,-6.48774,-69.43158,4.20909,4.95333,2.16146,3.23646,4.16345,5.33421,5.33421,30.4246,3.0519,43.72896
CI,14.56037,11.0185,150.23637,0.73055,21.3,3.74472,-2.22633,11111.0,6.16774,35.41005,17.56,23500.0,5.68605,24.28705,3.70142,3.01733,0.58748,3.41927,6.46984,14.49817,14.64373,41.2436,2.8398,70.29743
CNK,1.10107,35.46178,0.91525,1.21891,-2.26,-10.91783,673.87823,315.1,12.8366,97.765335,-1.86,1177.7,1.03485,97.765335,-11.04819,-8.95637,1.1139,0.95787,1.18185,-125.23551,-118.07,96.93315,11.98667,97.765335
C,-3.52509,0.12907,94.06057,1.09045,7.11,15.01292,-1.03214,37875.0,37.49517,-29.88166,7.56,70560.0,139.03854,-32.37518,14.69613,14.56946,0.9297,0.89243,2.64826,8.25695,7.49796,75.33034,16.27261,4730.9033
CFG,0.0,547.23584,44.03167,0.91762,4.1,22.85809,2.1725,4703.0,51.85798,-20.54264,4.54,7547.0,44.58457,-10.60802,22.85809,23.82687,0.91212,1.41608,8.17947,9.62351,8.80068,41.71628,3.60536,71.5745
CIA,-2.58947,2.41016,-0.04297,2.97788,-0.13,-2.85476,7.3802247,-5.557,-2.38986,7.3802247,-0.13,72.554,-0.82094,7.3802247,-2.85476,-2.80318,2.97788,-0.25796,-2.57878,-4.21131,-4.12793,90.65328,7.3802247,7.3802247
CIO,46.07595,4.82297,17.39296,1.05921,0.22,9.79638,0.0,0.0,0.0,-97.96296,0.23,112.746,33.14368,-96.49253,9.41353,5.35887,1.05921,0.90622,0.94726,2.34596,2.11272,46.58149,8.128607,87.20103
CIVI,0.0,321.56573,63.13345,1.12777,14.58,32.91873,338.5503,2861.181,75.46507,207.59494,15.08,2996.293,19.52234,597.55927,32.91873,33.8101,1.05894,17.21979,23.07546,24.88963,24.88963,7.21825,0.14612,7.77982
CLH,20.71833,5.2739,35.55576,1.9937,7.56,7.96933,52.25315,992.284,19.20573,103.77359,7.42,1622.675,3.82155,102.58306,7.96933,7.78722,1.59422,6.70166,8.86081,23.96502,23.96502,58.3471,2.71372,140.07935
CCO,-3.62096,3.92912,-6.87712,0.99944,-0.2,-3.80423,36.32098,543.524,21.90627,85.95856,-0.11,840.144,0.54918,85.95856,-3.89354,-2.10306,0.81083,3.48706,4.58301,85.95856,85.95856,184.45683,13.1109,85.95856
CLW,9.63102,12.4111,34.12481,1.87917,2.68,2.21143,28.44926,225.3,10.83121,33.82018,2.82,212.5,6.30138,33.82018,2.21143,2.30266,0.77917,4.49375,6.3661,8.48943,8.48943,51.75846,2.72392,107.29021
CWENa,0.0,0.0,0.0,0.0,0.0,0.0,0.0,0.0,0.0,0.0,0.0,0.0,0.0,0.0,0.0,0.0,0.0,0.0,0.0,0.0,0.0,0.0,0.0,0.0
CLF,-9.0065,11.17598,15.17705,2.09129,2.55,5.97242,-38.74928,3193.0,13.88925,-52.33645,2.93,2518.0,6.50365,-55.32129,5.80713,6.61477,0.55959,7.13623,11.0725,20.05873,19.87551,36.89579,1.4726,58.46804
CLPR,-51.21832,16.99915,0.87742,0.63623,-0.36,-9.68893,0.0,0.0,0.0,4.527976,-0.36,67.879,20.48011,4.527976,-3.67179,-4.45692,0.63623,1.40239,1.43945,-23.46394,-23.46912,96.89856,4.527976,4.527976
CLX,13.23024,11.45367,4.51475,0.96693,3.73,6.62727,-34.33148,943.0,13.26861,-33.15412,3.75,2545.0,2.49402,-34.92958,6.50063,6.49604,0.48431,7.19461,11.78071,95.55326,71.30961,81.06985,3.31071,162.14435
KO,-0.71185,12.28861,5.56955,1.14536,2.19,22.25607,4.74327,13382.0,31.11804,-2.66667,2.46,25004.0,17.98496,-2.34367,22.18863,24.75788,0.76648,8.09921,11.18277,40.51461,37.76585,61.1224,3.03415,157.21753
CDE,29.16581,140.53053,3.0065,1.36958,-0.28,-9.94188,-56.0699,87.706,11.16369,17.084501,-0.28,138.459,-33.34623,17.084501,-9.94188,-9.80732,0.59185,-1.33191,-1.7347,-9.24738,-9.24738,37.89424,6.18474,61.01566
CNS,-17.55022,7.08943,6.92802,3.53466,3.47,26.36875,-16.6915,220.321,38.86376,-19.48956,3.51,275.147,35.83103,-19.08929,30.17114,30.20277,3.37334,23.14813,28.88098,57.71261,38.76365,24.53531,0.63003,40.634
COHR,6.2779,4.87991,29.65083,3.39805,1.45,7.07827,5.83895,751.973,22.6729,-38.81857,2.55,1265.496,6.99281,-21.1032,7.07827,8.16441,2.59101,4.0501,4.65944,7.65684,5.51361,35.74312,3.24242,55.62536
CL,15.95991,12.82899,0.48301,1.27697,2.13,10.94785,-6.35851,4153.0,23.1146,-16.47059,2.98,10248.0,8.33473,-17.59003,9.93488,13.8725,0.61289,14.65666,23.88645,673.50995,221.38435,92.00159,2.23236,673.50995
CBAN,0.0,10.594988,13.0849,0.69707,1.14,15.44065,5.89599,52.984,41.86407,-31.3253,1.14,112.327,-172.75565,4.7323,15.44065,15.4847,0.69003,1.07901,8.18097,8.72459,8.72459,47.12742,3.87375,89.13397
CMA,0.0,270.62744,36.55119,0.79182,8.47,30.7754,1.69407,2041.0,54.57219,1.43713,8.54,3474.0,270.62744,-1.45548,30.7754,29.91283,0.79179,1.35331,10.65214,18.73068,17.60208,56.17493,3.2538,128.17989
FIX,30.36706,4.1532,27.96127,1.1169,6.82,5.94023,30.39728,333.611,8.05753,73.5369,6.95,741.608,5.73981,71.57337,5.94023,6.03153,1.04536,6.56037,11.6379,27.24286,27.24286,28.01457,1.16645,38.917
CMC,22.91349,7.23354,27.96859,2.53611,9.95,13.65642,93.49452,1503.762,16.87065,194.3787,8.41,1856.396,0.78848,194.83295,13.65642,11.38332,1.49707,15.27187,19.73495,43.62107,43.61744,33.3573,1.09391,50.05393
CBU,0.0,52.154137,28.87591,0.63401,3.46,26.77485,5.21565,364.83,51.9365,-0.57471,3.55,664.582,-155.02303,-0.85032,26.77485,27.23749,0.63397,1.33172,8.06322,10.29872,10.29872,42.964,3.20387,75.32785
CYH,-1.79228,5.66242,-10.14818,1.40988,0.35,1.46589,-31.07811,1253.0,10.26124,-80.11364,-2.8,4906.0,-0.94792,-80.0,0.37671,-2.95359,1.03157,3.00726,3.79764,290.12924,290.12924,106.29827,9.88667,290.12924
CHCT,24.89389,2.01613,19.18423,5.87993,0.81,22.52698,0.0,0.0,0.0,-6.89655,0.81,81.043,49.6753,-2.10297,22.52698,19.5827,5.79379,2.60861,2.68311,4.59243,4.59243,41.81661,16.256824,71.87036
CMP,0.0,0.0,7.50344,2.41098,-1.1,-2.99815,-21.80617,177.5,14.26734,21.805891,-0.54,199.8,0.0,21.805891,-2.01752,-1.48097,0.91506,0.0,0.0,0.0,0.0,79.7728,5.6969,21.805891
CRK,90.53216,9.32824,8.20964,0.853,4.11,31.44609,80.81977,2770.591,76.3657,287.3619,4.9,2820.006,14.91762,287.3619,31.44609,31.87989,0.76168,27.51682,34.22582,69.3315,65.83101,49.61356,0.80971,98.4661
CAG,9.25809,13.8878,18.30534,0.86214,1.84,7.69944,-16.1153,1970.2,17.07886,-30.82707,2.26,2838.8,3.49973,-31.6138,7.69944,9.40957,0.27018,4.46666,5.54604,10.24482,10.15457,50.99046,4.67993,104.04189
CNMD,4.05858,5.57248,24.45372,1.95995,-2.68,-7.70772,-12.50081,134.537,12.86854,42.60855,2.02,575.745,4.0779,42.60855,-7.70772,5.80415,0.74283,2.78973,3.4259,-10.52685,-10.52685,59.01448,7.97922,143.98863
COP,8.13083,11.52798,39.22275,1.45941,14.57,23.798,67.22944,33083.0,42.14717,140.03294,13.88,39598.0,19.09206,131.21674,23.798,22.52849,1.27119,17.10933,24.05906,39.99615,39.99615,26.3656,0.51954,35.8061
ED,11.09405,5.69922,58.27324,1.14432,4.66,10.21059,-3.66406,4680.0,29.86599,21.03896,4.68,7685.0,-23.90555,23.32838,10.59349,10.58749,0.3982,2.48145,3.60416,8.15244,7.76228,53.89352,5.21731,116.88927
STZ,14.47854,10.47403,62.52145,1.23377,-0.21,0.01134,0.0,3316.3,37.59679,378.37997,2.43,4711.0,6.9249,378.37997,-0.45801,5.25235,0.48859,7.01913,7.75855,-0.31898,0.0077,47.62282,3.30314,90.92282
CPS,11.88477,5.86595,6.29606,1.49719,-12.53,-8.62405,3.2833495,46.097,1.82534,3.2833495,-11.19,129.791,-0.50175,3.2833495,-8.52874,-7.61733,1.04471,-2.2786,-3.51114,-99.57744,-100.70049,91.81148,24.61303,3.2833495
CPA,0.0,157.10277,37.85544,1.0354,7.88,11.73862,119.96471,718.088,24.21855,665.0485,8.58,1067.977,-0.80742,693.8464,11.73862,11.74333,0.90726,6.29829,9.26188,24.93664,24.93664,53.00124,2.34327,112.77158
CLB,10.4131,4.80738,3.95132,2.05267,0.42,4.01401,-0.37812,57.963,11.83559,0.0,0.39,96.08,4.29722,-1.38896,3.97215,3.6898,1.26563,4.39978,6.20009,11.4192,11.23459,54.06424,3.83676,117.69531
CNR,51.9006,17.48503,33.55185,1.33352,13.07,20.36973,211.47032,1045.257,45.59434,1261.4584,13.54,1164.439,21.75214,1269.0385,20.36973,20.56058,1.13655,19.38223,35.07235,50.79616,50.79616,25.74366,0.38668,34.66864
CXW,10.47562,6.20024,12.45702,1.13959,1.03,6.62863,0.0,299.445,16.22719,44.5057,1.1,431.537,3.22716,44.5057,6.62863,7.04584,1.05291,3.17961,3.64722,8.72195,8.72195,49.19537,4.63202,96.83247
GLW,-14.12176,7.61826,14.59052,1.44019,1.54,9.76813,-10.97794,3268.0,23.03193,20.3125,1.86,4843.0,6.04341,-30.95488,9.27479,11.05067,0.65546,3.80534,5.60965,10.81303,11.16841,38.90603,2.39198,63.68228
CPAY,0.0,223.45827,34.64554,1.01037,12.42,27.84625,15.97604,1766.133,51.53389,24.32432,12.79,2662.422,13.89277,13.67843,27.84625,28.21307,0.93339,6.58753,9.70716,35.29268,35.29268,73.76583,4.04626,281.1822
CMRE,33.48389,33.66811,17.63626,2.39812,4.26,49.79912,31.55724,700.391,62.87968,29.87805,4.3,766.655,34.19601,27.54039,49.82273,47.46967,2.11517,7.18018,7.39795,28.58494,28.54576,54.46975,3.69025,119.82758
CTRA,16.94915,8.31893,16.47782,1.85331,5.08,44.91216,191.11578,6914.0,76.38935,121.83406,5.14,8099.0,30.47591,251.03627,44.91216,45.20429,1.67058,16.47463,21.62107,33.32377,33.24066,17.02142,0.3759,20.51302
COTY,4.77012,14.88745,3.75894,0.65556,0.07,4.9393,13.5844,844.5,15.92075,205.76442,0.18,3381.2,15.23853,205.76442,4.89217,2.78463,0.30141,1.58917,2.24199,8.43862,6.7695,57.33864,5.66264,137.09363
CUZ,15.09805,4.27636,30.5411,0.70815,1.11,21.74639,0.0,0.0,0.0,-40.64171,0.74,507.119,50.23302,-40.12872,21.66171,14.42663,0.70815,1.54518,1.64765,3.62892,3.62147,33.94134,29.711447,51.38062
CXT,-1.94536,5.60042,13.91567,0.98717,3.64,15.29219,8.09978,385.7,28.78573,15.18987,3.72,626.2,20.33734,15.11236,15.29219,15.63766,0.74058,9.0901,11.62975,26.47971,26.47971,52.92493,2.28468,112.42664
CRDb,0.0,0.0,0.0,0.0,0.0,0.0,0.0,0.0,0.0,0.0,0.0,448.92685,0.0,0.0,0.0,0.0,0.0,0.0,0.0,0.0,0.0,0.0,0.0,0.0
BAP,0.0,328.44202,95.68617,1.05558,15.26,22.83498,27.29063,2999.05,54.97134,35.40373,15.29,3951.4634,13.7609,35.44212,22.29462,22.28847,1.05558,2.89244,9.78399,17.0731,17.13719,57.17375,3.45679,133.50166
CCI,13.38583,10.31144,17.20323,0.44562,3.86,23.97652,13.66239,4168.0,59.66218,44.56929,3.92,4918.0,21.73991,52.82847,23.97652,24.29659,0.38155,3.94588,4.35261,21.32807,21.32807,78.96298,6.70825,414.64548
CCK,-8.90538,8.37735,15.4154,1.18489,5.99,6.60589,-2.13244,1744.0,13.47447,203.29478,4.65,2300.0,-0.28973,203.29478,5.61694,4.34196,0.63123,5.69978,8.77385,38.65993,37.03704,75.92378,4.13532,203.29478
CUBE,72.74402,95.29606,12.5831,0.15922,1.29,27.63077,0.0,0.0,0.0,18.34862,1.35,787.641,50.91593,30.32951,27.51655,28.68706,0.12627,3.89619,4.08717,10.22376,9.92073,51.77077,58.436077,109.51313
CFR,0.0,138.83281,46.48863,0.595,8.81,30.79702,32.71424,879.131,46.74888,30.51852,8.84,1693.101,48.57197,30.71033,30.79702,30.15879,0.59498,0.97304,6.25775,15.89788,15.28749,62.62476,5.97936,167.55684
CULP,-41.08572,9.83584,9.77194,3.29205,-0.26,-1.08907,-58.36093,8.048,2.72963,-1.1916132,-0.26,36.093,-7.08382,-1.1916132,-1.08907,-1.07955,1.15595,0.2164,0.31583,-2.58423,-2.58423,7.92175,1.27746,8.60328
CMI,0.0,467.17307,63.51734,1.2653,15.12,7.77588,27.13638,3645.0,12.98354,3.49076,17.62,6736.0,1.29702,0.93853,7.66189,8.88092,0.68803,6.63084,10.98745,24.65471,22.246,44.96771,2.29218,83.82663
CW,0.0,79.498215,52.06793,1.56192,7.62,11.51135,5.58786,544.997,21.31371,15.80547,8.0,954.609,9.24413,10.17709,11.51135,12.00958,1.01044,6.32764,8.38127,15.4165,15.4165,41.71215,2.61581,71.56234
CWK,0.0,128.6209,7.35802,1.15746,0.86,1.94346,-3.18105,690.9,6.83674,-21.81818,1.29,1952.2,3.04692,-21.44,1.94346,2.87725,1.10684,4.29301,6.42777,12.63388,12.62738,69.02419,5.36069,222.83257
CUBI,0.0,58.777817,39.07972,0.87336,6.51,25.05521,-27.81096,463.798,50.95976,-35.41667,6.54,588.407,38.15116,-27.52704,25.05521,23.44948,0.85557,1.34862,10.72714,18.28962,16.46944,44.493,2.42472,80.15747
DHT,95.85982,10.11166,6.56906,3.65969,0.37,13.6474,63.08745,176.428,38.84839,34.566235,0.37,214.347,24.44869,34.566235,13.54633,13.41783,2.88025,2.19263,2.24356,5.81528,5.84475,27.17779,2.2708,37.32075
DKS,28.43704,202.50664,27.79508,1.88251,13.87,12.36334,91.30639,2368.903,19.26976,142.48251,18.4,4711.886,6.36355,186.63237,12.36334,12.45035,1.00028,15.25424,21.16943,68.44539,68.44539,68.21452,1.90392,214.60905
DNOW,30.92105,6.08547,7.62895,2.31663,1.13,6.03933,323.07693,165.0,7.72472,2160.0,1.08,506.0,-2.37594,2460.0,5.99251,5.59598,1.38952,7.52888,11.10097,16.47362,16.58098,5.48712,0.29697,5.80569
DHI,0.0,791.78687,56.3923,5.28717,16.51,17.58663,41.76412,7685.6,22.92621,44.69763,16.65,10070.1,-3.29074,40.27252,17.47297,17.46792,0.55,17.5051,20.43766,34.17166,33.68741,23.6089,0.79562,30.90531
DTE,20.23599,10.30163,50.5612,0.80804,5.52,5.63241,11.3188,3216.0,16.72561,34.63415,5.58,3668.0,-9.48877,19.40463,5.63241,5.65894,0.43012,2.65164,3.86008,11.33913,11.33201,64.91009,5.98259,184.98221
DXC,-4.90227,5.17335,21.25994,1.08653,2.81,4.52505,6.55562,1983.0,12.19182,265.5945,5.11,3582.0,7.59683,265.5945,4.41439,7.85492,0.95228,1.4611,2.58722,14.32419,13.7789,53.43498,3.11044,114.75349
DVA,8.91339,5.67769,7.87875,1.20443,5.71,6.61669,-14.47875,2096.167,18.05501,-35.8427,6.26,3400.341,7.45405,-42.72574,4.82692,5.01409,1.13268,5.00578,6.00298,74.5245,33.43028,84.16207,5.64005,247.4335
DAN,4.01211,7.53692,10.81847,1.54457,-1.69,-3.06223,-14.62766,642.0,6.32139,73.89692,-0.37,763.0,2.25236,73.89692,-2.38283,-0.52316,0.81,2.1053,3.39173,-13.93608,-15.66356,60.21244,4.23832,169.74423
DHR,6.34954,6.47751,66.47535,1.89331,9.66,22.9068,0.0,10910.0,34.66684,13.64706,9.97,16188.0,17.64204,12.0628,22.9068,22.97114,1.42627,6.48227,7.79736,15.96448,15.13431,29.28038,1.90092,41.40347
DRI,3.97878,250.45514,17.73514,0.63838,7.4,9.91381,46.58062,1521.8,15.8027,54.16667,7.53,1995.0,6.82373,51.40632,9.89408,9.99308,0.29451,6.93419,8.66082,38.10189,38.10189,72.78108,3.8624,267.3915
DAR,44.23034,11.40334,23.81086,1.53316,4.49,11.43706,28.51927,1092.987,16.73229,15.12821,4.82,1529.595,2.44589,13.33141,11.29313,11.87991,0.7932,5.69136,7.01527,20.80936,20.62572,47.85379,3.27154,91.76849
DAY,9.31373,9.72834,13.71013,1.07952,-0.48,-5.88991,250.98814,88.8,7.12566,46.140404,-0.34,528.2,18.63264,46.140404,-5.88991,-4.17265,0.13517,-0.00166,-0.00369,-3.38491,-3.38491,37.30048,14.13176,59.49085
DECK,40.31652,12.15395,9.50526,3.23459,2.71,14.34604,10.8212,607.585,19.28634,20.7127,2.73833,1607.551,3.00577,18.13344,14.34604,14.34628,2.1497,15.68646,20.59074,30.30114,30.30114,12.6112,0.3655,14.43114
DE,14.79867,1.13871,67.8176,2.09894,23.28,13.6645,13.70681,11813.0,22.63938,22.59084,23.1,14396.0,-4.0524,19.58746,13.66642,13.48042,1.82155,7.11911,8.87545,36.85938,36.7611,71.94382,4.41895,257.59192
DK,58.94927,20.13506,14.09747,1.20428,3.59,1.43487,875.7732,757.2,3.74004,138.15155,3.53,1011.5,-3.20017,138.15155,1.26989,1.23426,0.6793,3.92824,7.17043,29.02953,28.80516,76.51103,4.60077,138.15155
DELL,0.32325,5.63082,-2.22589,0.80103,6.26,4.88354,-21.42526,8479.0,8.37871,48.34123,4.47,21920.0,0.71124,71.16923,5.4972,3.36585,0.5006,2.85219,7.28611,1400.3848,153.35919,105.98916,3.29768,1400.3848
DAL,32.11315,18.12975,10.26407,0.50158,2.06,2.60567,739.28314,5644.0,11.15812,368.18182,2.04,9650.0,-0.07216,370.7143,2.60567,2.57309,0.37965,3.05447,5.83602,25.1791,25.1791,82.30265,5.42346,739.28314
DLX,7.46168,9.4487,13.97577,0.93579,1.5,2.92805,4.651,385.933,17.24447,3.44828,2.65,1206.501,7.63668,4.40982,2.92202,5.09454,0.38117,4.33638,5.68068,11.10152,11.11788,74.16236,4.49383,287.0323
DBI,-11.39089,101.60785,5.62177,1.20463,2.0,4.83269,91.14582,283.093,8.85611,91.14582,2.19,1068.637,5.30136,91.14582,4.83269,5.00292,0.36142,6.42565,8.74121,47.14005,47.14005,71.23332,3.60727,247.62437
DVN,15.21595,11.83637,17.10107,1.25314,9.12,31.49356,87.27005,10180.0,53.10658,117.6611,9.21,11250.0,6.41531,113.82865,31.37879,31.27816,1.03736,22.12488,28.97024,58.88688,58.3426,37.29322,0.65992,59.47238
DRH,0.0,34.975655,7.59323,4.32681,0.47,10.96941,34.975655,160.082,16.00662,34.975655,0.5,304.216,14.41826,34.975655,10.93172,10.62015,4.32681,3.2372,3.57496,7.04206,7.03882,44.82326,8.10002,81.2358
DBD,2.85618,5.73248,-17.45699,1.10343,-7.36,-16.92143,-45.05195,222.1,6.41778,59.17412,-2.3,778.1,-0.13112,59.17412,-16.80007,-5.25038,0.59561,1.82778,4.02564,59.17412,59.17412,200.50578,12.31562,59.17412
DLR,22.92491,4.00736,57.87999,0.85023,1.11,8.11403,0.0,0.0,0.0,-81.31313,1.32,2660.775,36.60473,-77.90364,8.05768,8.06359,0.85023,0.93987,1.0203,2.21356,1.99405,48.38345,122.06389,101.57731
DBRG,-12.16677,3.6648,5.37953,1.30471,-1.76,-36.80791,0.0,251.502,21.97345,42.74311,-0.51,690.434,-120.22465,42.74311,-28.11505,-6.88401,1.27737,-1.61245,-1.95539,-19.66554,-8.56141,55.1284,22.32465,125.62273
DDS,14.75648,166.09041,77.08993,1.98166,41.88,13.0199,947.01935,1317.454,19.8883,263.96912,41.99,2876.602,15.43044,263.96912,13.0199,13.05289,0.78596,22.05192,33.96756,59.64078,59.64078,29.55068,0.46205,41.94601
DIN,0.0,37.70603,-19.30149,1.01921,4.96,8.91916,-4.49592,216.97,23.85854,-12.36749,5.44,377.619,7.08116,-17.11865,8.91916,9.49515,0.91044,5.76606,7.526,37.70603,37.70603,120.88978,8.03052,37.70603
DFS,0.0,0.0,0.0,0.0,0.0,0.0,0.0,0.0,0.0,0.0,0.0,744.6874,0.0,0.0,0.0,0.0,0.0,0.0,0.0,0.0,0.0,0.0,0.0,0.0
DLB,-2.06603,3.79665,23.42556,4.72364,1.81,14.66733,-22.10852,340.089,27.12481,-39.05724,2.2,1112.433,22.88187,-40.66055,14.68241,17.545,4.45834,5.42748,6.31811,7.60037,7.57522,2.21298,0.14979,2.26306
DG,0.0,657.51953,27.22413,1.05427,10.17,7.01111,-10.12546,3856.575,11.2698,-4.23729,10.24,10813.006,3.80028,-9.63515,7.01111,7.00994,0.05767,7.71382,9.87695,37.13055,37.13055,69.46612,3.69404,227.50508
D,33.0329,6.64243,31.25509,0.73234,1.08,5.73541,-21.33103,4551.0,26.49936,-66.1442,1.2,6502.0,-32.11322,-69.76886,5.78782,5.75684,0.27494,1.0554,1.49269,3.81613,3.46837,62.37991,10.15843,165.81543
DCI,11.75123,5.50229,9.24654,2.23396,2.66,10.06472,7.87323,541.2,16.36727,18.75,2.71,1067.4,5.33176,15.99861,10.06472,10.13812,1.31449,11.17138,15.85022,29.31771,29.31771,37.94085,1.28012,61.1366
DFIN,-17.88046,4.5979,11.40138,1.01601,3.17,12.29607,-28.16901,198.9,23.86037,-23.42995,3.52,463.4,13.49868,-29.7464,12.29607,13.00576,0.87945,11.14454,17.0877,29.01628,29.01628,40.14532,1.11111,67.07132
LPG,3.97744,4.80914,22.89787,3.24655,1.78,26.00734,-17.87322,151.574,54.79998,-4.30108,1.82,173.88812,34.43663,-22.28704,26.00734,26.4543,3.11477,3.33736,3.38192,7.70604,7.70604,42.16481,4.42581,72.9051
PLOW,22.14401,7.80821,10.35968,2.51836,1.63,6.267,9.0799,80.189,13.01626,26.35659,1.67,151.456,2.76702,25.79909,6.267,6.21193,1.06974,6.33366,8.06683,17.09452,17.09452,48.86031,2.825,95.54285
DEI,-5.00175,7.96024,14.57491,3.20712,0.55,9.69703,0.0,0.0,0.0,48.64865,0.53,657.155,43.35106,48.84245,9.7578,9.35658,3.05193,1.59372,1.6466,3.90259,2.33687,54.88978,45.11869,121.67926
DOV,12.43537,5.89428,30.68309,1.23445,7.42,12.52192,8.06123,1717.348,20.18489,-4.13437,7.52,2911.808,5.31932,-5.20031,12.52192,12.61107,0.68829,8.27348,11.23713,25.13897,25.13897,47.61086,2.26828,90.87927
DCO,18.73276,2.62004,43.44623,2.64414,2.33,4.04035,-2.59475,75.379,10.57896,-78.93309,2.77,144.825,2.23645,-78.75915,4.04035,4.69379,1.7123,2.89209,3.60654,5.75457,5.75457,34.97041,3.75225,53.77614
DUK,0.0,1086.4086,61.50649,0.70058,4.74,13.11168,7.3853,11516.0,39.96668,-3.85396,5.11,13137.0,-16.26423,-34.74923,8.84987,13.65552,0.26477,2.3118,3.24602,7.95193,7.33671,59.51357,6.61879,146.99632
DD,-26.25882,7.05146,57.99522,3.01902,2.02,8.15088,-22.22222,3157.0,24.2529,-37.4613,2.36,4615.0,4.29438,-9.26241,45.07951,9.03787,2.00616,2.9031,3.42382,3.80363,3.92476,23.92578,2.69148,31.45057
DY,-12.77405,3.16907,25.61524,3.55187,1.57,1.55163,-21.84142,234.21,7.48151,46.72897,1.6,496.642,4.62875,41.46256,1.55163,1.55057,3.26372,2.50955,3.26946,6.18835,6.18835,54.3171,3.85087,118.90029
CTA,0.0,0.0,0.0,0.0,0.0,0.0,0.0,0.0,0.0,0.0,0.0,14.862,0.0,0.0,0.0,0.0,0.0,0.0,0.0,0.0,0.0,0.0,0.0,0.0
EME,16.45946,4.64224,41.40368,1.25729,8.1,3.66665,3.76743,673.488,6.08054,14.73088,8.13,1603.594,3.28438,5.88999,3.66665,3.66507,1.1042,6.43893,13.31531,19.22027,19.21389,21.32622,0.79463,27.10715
EOG,18.80086,9.9863,42.16296,1.90005,13.22,30.41552,35.92418,13553.0,53.12819,65.45682,13.35,20132.0,15.52626,66.35935,30.41552,30.5098,1.60403,15.39595,20.83546,33.04585,33.04585,19.38381,0.43961,24.04455
EPR,0.0,51.809128,33.79635,6.29819,2.03,26.8046,0.0,0.0,0.0,103.0,2.03,599.376,36.32527,78.72036,26.8046,23.14718,6.0356,3.34925,3.44811,6.83925,6.83885,54.61587,51.809128,120.34133
EQT,11.82575,4.92278,30.57911,1.07562,4.38,23.75321,1106.7407,4655.485,62.09227,719.7063,5.53,9725.257,10.66307,719.7063,23.62015,27.29328,0.82169,8.43977,11.48976,16.70564,16.75464,33.80696,1.23017,51.07328
ESE,12.50777,5.51473,40.54295,1.79997,3.16,9.59998,24.07716,159.325,18.58013,30.57851,3.22,332.045,7.6388,29.64596,9.59998,9.73808,0.82473,4.29258,5.57549,7.96188,7.96188,16.30579,1.28171,19.48258
EXP,19.80725,11.51188,29.28253,2.1331,9.14,20.10436,20.81167,601.624,32.31893,14.39299,9.51,519.614,19.13677,10.25294,20.10436,20.71434,0.97756,10.90771,13.08559,30.0293,30.0293,46.22985,1.61994,85.97679
DEA,0.17367,5.05206,34.27007,0.9074,0.85,11.97454,0.0,0.0,0.0,-2.85714,0.85,197.929,42.40471,4.71089,10.59802,10.37402,0.9074,1.5328,1.62942,2.49048,2.49334,47.07155,20.099848,88.9343
EGP,6.88948,7.05125,44.8182,0.28337,4.36,38.23947,0.0,0.0,0.0,11.79487,4.37,353.11,54.79384,18.16803,38.22058,38.21558,0.28337,3.14887,3.31615,10.56931,10.56904,49.09244,34.509926,96.43449
EMN,-10.48593,9.51867,43.39515,1.1621,6.35,7.52363,-16.37544,1675.0,15.83176,1.6,7.77,2137.0,12.78237,-7.46791,7.49527,9.0699,0.54445,4.98576,6.92177,14.60809,14.44122,50.55246,3.19582,102.23453
KODK,0.0,6.76966,13.16056,2.32423,0.16,2.15768,12.918108,5.0,0.41494,-40.74074,0.17,173.0,-6.14108,8.33333,2.15768,1.11311,1.38225,-0.67325,-1.03591,2.85401,2.34129,22.58868,72.6,29.18006
ETN,23.67968,5.32581,42.83057,1.37516,6.14,11.88319,17.04819,3886.0,18.72591,14.98127,6.62,6887.0,7.42519,14.83209,11.86392,12.71875,0.76478,5.4225,7.2269,14.72004,14.71097,35.11552,2.37802,54.12006
ECL,8.86459,5.48162,25.43892,1.30491,3.81,7.81587,2.7822,2711.6,19.1122,-2.55755,4.55,5426.7,8.92105,-3.38083,7.69464,9.14631,0.82672,5.19355,6.77836,15.09927,15.28284,55.42797,3.32885,124.35594
EPC,-9.15727,15.10223,28.30357,1.71934,1.84,4.54022,-12.39398,320.2,14.74421,-13.20755,2.59,907.4,3.70735,-15.7265,4.54022,6.33278,0.74252,3.89668,4.9435,6.47832,6.47832,50.01712,4.56184,100.06851
EIX,6.56934,7.60601,35.69522,0.68329,1.6,4.78513,8.84564,5648.0,32.79907,-20.0,4.63,9414.0,-13.80589,-10.91892,4.78513,10.24408,0.31439,2.52559,3.93979,5.98098,4.6671,65.38386,5.85977,188.88255
EW,10.44315,8.78616,9.54578,3.02797,2.44,28.27549,12.56394,1914.6,35.57149,2.52101,2.47,3741.9,17.49545,1.25075,28.27549,28.4061,1.87295,13.2107,17.0356,26.14365,26.14365,10.63866,0.36107,11.90521
ESI,-7.39537,5.37848,9.68686,3.45151,0.75,7.30368,0.91524,507.2,19.89488,-8.53659,0.83,952.7,8.23282,-7.91933,7.3429,7.97964,2.09466,4.30562,4.91324,7.70382,7.67851,45.76956,3.90891,84.39828
ELV,21.20524,14.60979,152.57735,1.40107,24.81,3.84367,1.54152,10210.0,6.52,0.32349,25.32,39957.0,4.66682,-1.29423,3.84751,3.88058,1.27912,5.4056,8.9014,16.65124,16.5991,40.76497,2.45309,68.81904
LLY,3.34492,4.20692,11.83072,1.0523,6.9,21.8798,4.01028,9676.7,33.90408,12.7451,8.03,21911.6,20.5004,11.87989,21.8798,25.36995,0.62846,10.52995,19.50955,63.62831,62.66671,60.11179,1.67811,150.70067
ELME,0.0,10.860746,14.43425,0.17545,-0.36,-14.69261,0.0,0.0,0.0,10.860746,-0.19,127.943,42.40166,10.860746,-14.69261,-7.90307,0.17545,0.28928,0.29834,-2.39264,-2.39208,30.41382,10.860746,43.70669
EBS,-42.04587,5.15096,27.6986,0.98495,-4.22,-18.93512,-93.64224,35.4,3.16779,23.52865,-3.04,473.0,4.58949,23.52865,-18.93512,-13.62899,0.65245,-1.94276,-2.24355,-14.07523,-14.07523,50.68761,40.29379,102.78879
EMR,13.71821,5.2498,17.52452,1.09374,5.41,16.45525,15.4947,4681.0,23.84737,41.62304,4.71,6306.0,12.46307,40.29527,16.46034,14.2267,0.7436,7.49127,10.20287,31.91584,24.61984,39.97498,2.3213,66.59721
ESRT,0.0,33.018867,5.92305,6.47898,0.22,8.63565,0.0,0.0,0.0,33.018867,0.22,385.655,32.68796,33.018867,4.97849,4.96026,6.47898,1.95322,2.06691,3.73285,3.75433,57.47513,33.018867,135.15651
EIG,3.9396,0.96049,34.76308,3.96177,1.75,6.78346,-59.37107,64.6,9.05396,-58.03357,1.76,59.3,6.52768,-59.43001,6.78346,6.78445,3.96177,0.98835,3.12645,4.48709,4.48709,17.22627,3.0418,20.81127
ENS,19.89533,4.69756,36.33769,2.70033,3.36,4.28649,-2.08273,327.64,9.75898,1.20482,3.9,752.572,-4.27339,0.37455,4.28649,4.89121,1.62372,4.02396,5.28935,9.50181,9.47765,47.87447,4.18597,91.84457
ENR,43.97405,8.53652,1.83247,2.27826,-3.37,-7.58992,-11.41236,562.0,18.42563,79.827255,2.96,1136.5,-3.31219,79.827255,-7.58992,6.78352,0.98094,5.70744,7.12007,-95.20872,-95.20872,96.51993,6.4452,79.827255
EPAC,-2.3617,5.17112,5.6056,2.23503,0.33,3.42966,12.05319,85.11,14.89961,-50.74627,0.81,265.394,12.90319,-58.80453,2.74604,8.44255,1.5004,5.19077,6.78731,5.36146,5.36146,43.78746,2.91606,77.89624
ENVA,53.6389,0.44853,37.9919,16.67475,6.19,18.56037,0.0,420.859,37.6586,-8.83652,6.56,828.009,-74.25064,-19.06826,18.56037,18.95394,16.34061,7.33664,8.00405,18.2015,18.2015,65.8997,5.44661,193.2525
ENOV,-58.13684,3.45025,63.58378,1.40663,-0.72,-2.44316,-66.08218,204.477,13.0815,48.119713,-1.56,883.92,5.06596,48.119713,-0.85036,-5.39577,0.51606,0.01541,0.01839,-0.96104,-0.94163,8.84683,1.63744,9.70546
NPO,-22.54237,6.99905,67.01734,3.23499,0.32,0.3548,29.00151,257.1,23.38974,-96.24854,3.57,423.3,14.50146,15.74492,18.65903,6.75546,2.22931,3.44453,4.07549,0.50344,0.28575,37.2279,3.25943,60.06738
ETR,10.10458,11.50823,30.7017,0.64292,2.685,7.97093,19.56433,4586.874,33.32458,-3.06859,3.645,5275.351,-25.23656,-1.34816,8.14782,10.82836,0.26995,2.72002,4.0341,9.11618,8.7043,67.04025,5.89079,203.40038
EPD,-0.3113,8.32192,12.26411,0.86409,2.5,9.65009,13.82477,8417.0,14.46568,19.04762,2.5,6725.0,6.55901,18.37764,9.43526,9.35792,0.58598,5.93787,7.137,21.13493,20.70474,50.83707,3.40929,103.40528
NVRI,-30.02347,5.88211,7.16369,1.28538,-1.73,-7.06789,-6.75187,227.794,12.05856,37.1005,-0.53,338.061,6.97526,37.1005,-9.53218,-2.23027,0.62768,1.43235,1.91841,-20.81888,-18.68923,70.05396,6.39836,233.93399
EPAM,21.28912,5.67093,52.06022,3.69189,7.09,8.6931,25.37158,792.396,16.42374,-13.00614,9.12,1581.715,8.46435,-12.92136,8.6931,10.82957,3.57832,11.63598,14.77715,15.28303,15.25469,6.04534,0.24385,6.43431
EFX,17.8807,6.46212,32.29796,0.68008,5.65,13.66991,-0.66995,1616.1,31.5509,-6.14618,6.39,2987.2,-1.10841,-6.44988,13.59182,15.26953,0.60798,5.8436,7.07521,18.46464,18.48835,59.29246,3.58103,145.65475
EQBK,0.0,23.672108,25.74124,0.76243,3.51,25.8409,3.77371,123.471,55.30789,2.33236,3.54,197.741,-110.62055,9.92378,25.8409,25.7108,0.76124,1.416,10.57063,12.66909,12.66909,41.17541,2.32466,69.99693
EQC,2.95839,6.97668,24.64876,99.37394,0.26,33.93469,0.0,0.0,0.0,20.2294,0.26,38.956,53.6591,20.2294,33.8493,26.37529,99.37394,0.79412,0.80186,1.3245,1.27086,0.0,20.2294,0.0
ELS,13.51771,34.00366,7.76598,0.17194,1.53,20.60233,0.0,0.0,0.0,6.99301,1.58,720.046,29.25526,8.43842,19.62345,20.23743,0.17194,4.90109,5.44329,19.9004,19.89742,69.24127,53.410065,225.11096
EQR,-11.56962,110.74264,29.42726,0.08174,2.05,29.55277,0.0,0.0,0.0,-42.0904,2.07,1752.599,45.74652,-41.71055,28.45107,28.51851,0.08174,2.43803,2.53685,7.04559,6.90119,39.79574,89.592064,67.94947
ESNT,7.53699,22.43598,41.43931,9.40978,7.72,83.06685,20.72532,1006.819,100.59901,26.35025,7.75,1128.074,55.68131,21.93807,83.06685,83.01547,4.73487,10.96232,13.12213,19.11503,19.11503,8.89759,0.43286,9.76658
WTRG,43.28681,7.24445,20.3892,0.64407,1.77,20.3335,9.07145,982.364,42.93489,5.98802,1.77,1072.388,-22.58905,7.79056,20.3335,20.2871,0.37992,2.72072,3.50936,8.80978,8.80978,56.11005,6.99801,127.84258
ESS,-48.21841,14.28012,88.48188,0.22804,6.27,26.83009,0.0,0.0,0.0,-16.51132,6.27,1122.739,60.07613,-16.42377,25.3014,25.28508,0.22804,2.50191,2.58889,6.9738,7.13705,50.43775,63.770042,102.23514
EL,-4.28907,10.65206,15.65585,1.59897,6.55,13.57308,16.29773,4203.0,23.69089,-15.91784,7.32,13437.0,10.4708,-16.72474,13.47162,14.85373,0.96062,10.16767,14.97047,41.04061,35.99402,54.30845,1.81894,136.76208
ETD,88.55529,62.79608,16.08613,1.60798,4.05,12.62959,58.39256,149.776,18.31535,70.88608,3.93,484.706,5.58873,72.11899,12.62959,12.21298,0.64058,11.91871,16.69553,27.22222,27.22405,22.21435,0.77666,28.55842
EVR,35.49841,6.44935,40.07643,2.52839,11.61,19.13214,-35.17813,753.164,27.1156,-32.02576,12.4,2638.878,18.8373,-35.6155,17.15579,17.51069,2.44142,12.21532,19.00856,33.35594,31.61586,28.49015,0.91324,39.84087
EG,9.59515,2.15723,215.88235,8.40509,15.19,4.93878,0.0,0.0,0.0,-56.12363,15.16,851.0,-0.52392,-56.71037,4.93878,4.86605,8.40509,1.14681,3.57678,6.4262,6.4262,27.68163,48.29199,38.27746
EVRI,97.75528,2.76054,2.47218,1.11844,1.24,15.39758,8.09173,341.438,43.63319,-18.95425,1.38,617.197,14.11741,-21.2104,15.39758,15.95894,0.98015,7.56491,11.24684,61.45188,61.45188,82.11485,2.92656,59.37088
ES,22.21083,7.69754,44.40644,0.62112,4.05,11.49284,9.562,3392.4,27.60442,14.40678,4.05,5409.934,-4.75778,15.10397,11.43166,11.42837,0.31337,2.70115,3.72495,9.3431,9.29692,59.59862,6.79605,147.51633
EVTC,78.29504,6.79458,7.27113,1.86713,3.45,38.62638,-11.94276,240.118,38.82835,56.1086,2.29,329.888,28.41962,48.33302,38.64902,25.44033,1.59442,8.86778,10.74627,50.97646,50.55343,48.49325,1.86147,94.14932
EVH,95.00475,7.01819,8.59735,1.10293,-0.2,-1.3832,20.54688,58.986,4.36283,27.081459,-0.71,316.584,-2.37876,27.081459,-1.41744,-4.92054,1.05522,-0.31702,-0.44428,-2.40829,-2.40829,35.64998,8.07171,55.40011
EXPD,-50.70007,4.76669,20.15398,2.19956,8.26,7.97014,-0.71043,1946.709,11.40341,-0.12092,8.64,2275.468,11.35148,-4.10409,7.95136,8.25015,2.14177,17.89128,31.08479,41.10561,41.15858,14.27492,0.26633,16.65197
XPRO,31.30454,3.4648,11.82497,1.97736,-0.18,-1.57454,222.72215,163.675,12.79293,31.23568,-0.03,222.062,5.91065,31.23568,-1.57454,-0.25576,1.51844,0.78815,1.07173,-1.55953,-1.55953,6.86098,0.57873,7.36639
EXR,29.06111,4.66213,24.3397,1.1226,6.41,45.26521,0.0,0.0,0.0,3.55412,6.46,1542.247,37.92575,3.99191,42.29384,42.55336,1.1226,6.37507,6.59528,26.99735,23.42642,65.39238,91.68476,188.9537
XOM,22.17387,13.34991,47.78271,1.41402,13.26,14.44209,98.16024,86168.0,21.6136,146.01112,14.15,132235.0,10.99141,141.92708,13.98131,14.92463,1.03431,12.1167,17.94279,30.65787,30.45145,18.81303,0.54449,23.17247
FBK,0.0,34.13988,28.35862,0.93055,2.64,20.89805,-21.03789,272.867,45.77622,-33.50126,2.85,507.92,-146.22621,-34.54292,20.89537,22.5255,0.91665,1.27854,9.39778,9.03218,9.03273,26.80534,1.779,36.62199
FMC,11.13519,2.12729,26.99923,1.43136,6.58,14.45461,6.39571,1369.1,23.59582,5.61798,6.93,2326.8,7.9503,0.0,12.69324,15.04587,0.95247,7.11064,11.70592,26.01086,25.99492,50.17361,2.50135,100.69687
FNB,0.0,103.172554,15.38547,0.86781,1.22,27.29917,17.23369,808.44,50.26027,-0.81301,1.36,1376.5,-96.12019,8.52863,27.29917,29.59072,0.86425,1.11944,5.89191,8.29368,8.12939,31.77896,3.25726,46.58235
FCN,18.83427,3.6708,49.42459,1.96312,6.58,7.77554,1.00223,357.558,11.80485,-1.05263,7.09,962.931,3.89381,0.23323,7.77554,7.88678,1.8533,6.15347,8.87436,14.4264,14.4264,25.27076,1.59051,33.81643
FN,29.95451,5.64696,34.40684,2.83233,5.36,8.85766,30.12222,243.391,10.75893,35.6962,5.44,278.594,-1.92396,35.08066,8.85766,8.86762,1.72923,7.41118,10.4697,16.93685,16.93685,2.43112,0.12835,2.4917
FDS,34.9997,10.37967,34.99561,1.98579,10.25,21.52604,16.88544,626.437,33.97363,-1.06178,12.65,972.786,24.63578,-0.66894,21.52604,25.97655,1.68975,10.81369,12.41594,33.81239,33.81239,62.51286,3.54422,166.75812
FICO,3.30111,4.34116,-31.88149,1.46237,14.18,27.12184,28.11658,559.717,40.6396,5.8209,14.34,1075.096,30.84068,-4.72934,27.12184,27.11468,1.37457,22.52692,29.04831,97.67611,97.67611,172.22906,3.41642,97.67611
FDX,-0.46934,7.33197,96.09886,1.42672,14.33,4.09145,5.90363,10835.0,11.58675,-26.32391,17.01,23411.0,1.80325,-26.85911,4.09145,4.78402,1.3746,5.08455,6.9901,15.5823,15.5823,59.86191,3.43276,149.1399
AGM,3.5421,16.29145,72.90316,1.72203,13.87,23.59464,80.71534,671.587,88.94968,39.81855,13.98,305.294,-109.17442,34.69227,23.59464,19.98071,0.48029,1.59967,1.69041,23.63736,14.38751,95.05864,36.43476,64.11521
FRT,15.99216,5.60409,34.35071,0.54237,4.71,36.61426,0.0,0.0,0.0,44.47853,3.83,730.58,35.13397,47.41642,35.67313,28.30235,0.54237,2.90731,3.12404,14.78451,12.99541,58.21114,54.925236,147.4876
FSS,27.79412,9.26275,14.18287,2.94404,1.97,8.39141,20.11173,215.0,14.98467,20.8589,1.99,344.9,1.62741,19.68191,8.39141,8.39107,1.22604,6.93243,8.5375,14.63919,14.63919,31.08941,1.80651,45.11558
FHI,-2.35165,15.19654,11.71184,2.52913,2.65,16.22366,0.10721,395.896,27.38222,-3.63636,2.95,933.101,18.75009,-11.39393,16.56479,17.49865,2.40678,11.39906,14.92971,22.17854,20.53317,29.01909,1.14369,43.29994
FERG,29.57645,8.93246,22.09937,1.64701,9.59,7.3479,20.78173,3121.0,10.92558,30.65395,9.37,8756.0,1.97131,40.71618,7.42841,7.14083,0.75789,12.09428,19.1202,44.30607,44.30607,52.51908,1.65332,110.61093
FNF,31.8941,1.23304,20.63457,8.32372,4.1,9.96885,-46.23628,2057.0,17.80028,-51.24851,4.17,7108.0,-13.35345,-53.09661,9.83039,9.92342,8.32372,1.64517,7.97535,15.11342,14.92615,37.94499,1.77735,61.14735
FIS,-1.93531,3.88917,46.05415,0.79006,-27.68,-115.00551,-6.95021,5382.0,37.04571,396.13202,-3.69,3461.0,32.44769,396.13202,-115.08811,-15.34113,0.7238,1.74066,2.18707,-44.84678,-44.59153,42.85297,3.81847,75.48299
FAF,0.0,208.8851,45.20349,0.38891,2.45,3.4896,-69.1689,575.0,7.57177,-78.00718,2.46,4289.2,-3.1752,-78.80741,3.46326,3.46616,0.38891,1.62389,3.35262,5.04218,5.0616,32.73066,3.96696,48.65614
FBMS,0.0,16.9199,26.91513,0.69139,2.84,26.82312,4.03103,117.476,50.08143,-6.27063,2.96,207.261,-201.62453,-1.94493,26.82312,27.79172,0.68975,1.04974,7.48443,9.51275,9.51275,30.57966,2.42479,44.04999
FCF,0.0,32.587547,11.26707,0.91968,1.37,29.90265,-2.02903,230.173,53.69581,-4.86111,1.38,389.48,-145.20282,-7.28788,29.90265,30.13677,0.9182,1.41869,8.78232,11.86067,11.86067,36.282,2.60268,56.94153
FFWM,0.0,43.013557,20.13987,0.98411,1.96,24.48672,17.1938,219.136,48.55511,-18.6722,1.95,366.392,43.013557,0.91406,24.48672,24.37835,0.98357,1.13326,6.8651,10.05373,10.05373,55.28188,6.39946,123.62299
FHN,0.0,234.24043,13.47605,0.92333,1.53,26.32795,-12.55453,1804.0,52.07852,-12.06897,1.77,3112.0,234.24043,-9.90991,25.98152,27.33858,0.91437,1.26008,8.26664,12.06677,10.7036,34.35988,2.48004,52.34585
FR,25.2545,5.57989,18.61027,1.24818,2.72,58.48245,81.16975,334.539,51.26846,30.14354,2.71,510.299,27.77229,32.52324,55.03767,54.83094,1.24818,4.48174,4.81581,15.43331,15.97147,45.21818,6.24312,82.5423
FE,27.58955,10.59889,17.76866,0.61016,0.71,3.52356,-12.756,2982.0,23.93451,-68.72247,2.27,8231.0,-4.41348,-68.35542,3.25869,10.40348,0.44896,2.69281,3.76733,4.30975,4.54498,67.34475,7.3605,206.22945
FI,25.34965,5.50411,48.93333,1.04105,3.91,14.55714,25.27184,6682.0,37.67266,96.48241,3.92,9745.0,19.66229,89.65517,14.26397,14.19528,0.16959,2.87757,4.27483,8.19035,8.11465,41.1638,3.31787,70.32068
FLG,0.0,0.0,0.0,0.0,0.0,0.0,0.0,0.0,0.0,0.0,0.0,0.0,0.0,0.0,0.0,0.0,0.0,0.0,0.0,0.0,0.0,0.0,0.0,0.0
FND,0.0,112.998535,15.6115,1.4477,2.78,6.99254,20.35396,551.989,12.9439,5.30303,2.86,1754.353,-8.8936,5.28369,6.99254,7.08389,0.1111,6.17564,8.12265,20.01057,20.01057,51.23127,3.15378,105.04943
FTK,214.49951,4.93838,0.20022,0.53568,-3.41972,-31.08559,5.0823402,-33.397,-24.54002,5.0823402,-3.11974,-6.7,-22.97104,5.0823402,-31.08559,-28.43738,0.35812,-19.83862,-27.4127,5.0823402,5.0823402,97.87527,5.0823402,5.0823402
FLO,16.98714,16.04326,6.8359,1.42612,1.07,4.75244,2.02256,468.861,9.7561,10.30928,1.16,2303.827,3.25591,10.77032,4.75244,5.11459,0.92452,6.22313,7.77525,16.00202,16.00202,45.24601,2.54375,82.63509
FLS,19.26656,3.62659,13.9917,1.97158,1.44,5.4692,-21.08442,294.947,8.14647,50.0,1.17,1003.511,-1.17782,49.81381,5.21161,4.22138,1.23642,2.69741,3.86437,10.39806,10.71524,44.01478,4.95414,78.61856
FLR,14.7267,7.9516,12.54901,1.56841,0.73,0.53114,-17.23418,241.0,1.75349,34.142567,0.89,355.0,0.14438,34.142567,1.05501,0.91953,1.39024,1.48867,3.41165,9.12395,4.09804,39.46012,5.39834,65.18036
FLUT,0.0,0.0,62.66664,0.85949,-2.44,-3.90997,0.0,998.0,10.54634,0.0,-1.36,4650.0,0.0,0.0,-4.56515,-2.5438,0.74189,0.0,0.0,0.0,0.0,37.40963,7.25852,64.73059
FL,8.06452,69.44186,33.38453,1.36196,8.61,9.95758,134.09525,1229.0,13.71958,179.54546,8.81,3090.0,4.93832,176.4706,9.96874,10.08065,0.5464,8.49914,10.2381,29.71714,29.63948,51.12283,2.75997,104.59451
F,23.9929,3.21378,10.84797,1.20245,-0.49,-1.36153,18.13273,17284.0,10.9353,1650.4412,1.92,17223.0,-1.97864,1650.4412,-1.25335,4.87601,1.019,2.34979,3.24212,-4.31774,-4.68902,76.49381,8.1274,1650.4412
BLX,0.0,20.782255,29.43832,1.40747,2.54,26.20117,39.47732,112.932,32.14853,56.79012,2.54,143.696,-234.07474,46.80128,26.20117,26.25018,1.40722,0.79535,1.3066,8.93099,8.93099,81.57284,41.91685,20.782255
FTV,3.04236,6.16901,27.4395,0.90829,2.1,12.96325,16.40376,1498.0,25.71365,27.27273,2.24,3363.4,19.6648,24.12886,12.96325,13.70369,0.61153,3.98843,4.82073,7.86847,7.86437,26.09369,2.28351,35.30644
FBIN,-41.08615,6.71119,16.29869,1.5928,4.11,11.43129,-27.70649,940.9,19.92166,-25.81227,4.34,1926.5,5.57829,-11.09529,14.53949,11.97336,0.7551,7.2001,9.31769,20.96007,20.96007,57.29079,2.97524,134.14156
FET,22.80179,4.98052,54.31364,2.43881,0.62,0.53035,23.459488,46.033,6.57696,23.459488,0.98,188.526,-0.7742,23.459488,0.53035,0.80468,0.97931,0.69607,0.92142,1.167,1.167,50.50593,6.80625,102.04439
FCPT,117.68293,107.35893,13.26589,0.85947,1.2,43.7605,0.0,0.0,0.0,8.10811,1.2,187.383,49.32186,14.24498,43.69972,43.7605,0.76376,3.85252,3.96419,9.32172,9.3148,46.78129,34.510784,87.90382
BEN,-11.44098,6.14267,22.96872,1.9281,2.53,16.11878,-1.57839,2419.4,29.25125,-29.13165,2.95,3519.5,22.50532,-29.45063,15.61945,17.43015,1.9281,4.85674,5.8287,11.38338,10.03602,40.37788,3.86976,76.12469
FCX,14.38356,18.20927,10.87762,2.46068,2.39,19.64646,-13.15669,9505.0,41.69225,-17.58621,2.39,9710.0,9.21517,-19.46122,15.21186,15.10654,1.58424,8.97569,12.96622,23.484,18.70537,30.57254,1.15224,44.03522
FDP,8.92389,12.40173,39.8148,2.04514,2.06,2.19931,19.02227,245.9,5.53542,22.61905,2.02,340.2,-0.86639,23.25,2.21957,2.17315,0.79358,2.79641,3.62627,5.31967,5.0773,27.18357,2.99837,38.28936
FRO,129.2528,8.52436,10.15336,2.24953,2.22,33.2495,292.47522,612.226,42.80678,94.151344,2.25,649.5,-5.02585,94.151344,33.2495,33.66816,1.9186,6.28909,6.44169,24.3031,24.30897,51.43771,3.90985,105.92111
FF,-10.79186,14.25075,6.46665,4.88032,0.35,3.84103,19.88709,28.032,7.07854,-41.66667,0.35,28.993,12.19029,-42.06437,3.84103,3.86781,4.33201,3.13188,3.82076,5.3192,5.3192,0.37491,0.03799,0.37633
GATX,-1.0989,7.81461,57.54792,0.97512,4.35,12.24666,5.50431,697.7,54.80754,9.29648,5.18,930.1,-60.74038,8.94479,12.24666,14.40471,0.85407,2.16813,2.50903,7.70105,7.70105,76.7682,9.61258,81.15624
GMS,38.33306,8.07401,24.88715,2.0649,6.23,5.89966,79.65241,546.729,11.79598,155.32787,6.5,1492.093,1.30698,159.03941,5.89966,6.04089,1.23616,9.56233,12.3585,28.98228,28.98228,55.63231,2.44137,125.38925
GME,0.0,54.83678,5.27833,1.91836,-1.3125,-6.34369,54.83678,-259.4,-4.31564,54.83678,-1.165,1347.8,-6.00034,54.83678,-6.34369,-5.62856,1.19156,-7.0455,-11.26506,-37.39702,-37.39702,28.82523,54.83678,40.49922
GCI,-11.96047,9.52944,2.02254,0.82293,-0.57,-2.65694,-40.09561,232.462,7.89263,63.773735,0.01,1084.95,4.07978,63.773735,-2.64835,0.04648,0.62271,1.50672,2.07827,-18.84466,-18.97119,82.8387,6.13341,63.773735
GAP,9.91736,43.75328,7.33693,1.26686,0.67,1.53569,2884.7827,1373.0,8.23635,513.9334,1.34,6637.0,0.03224,513.9334,1.53569,3.02244,0.31298,4.09442,5.64256,9.5952,9.5952,69.66455,4.5528,229.64732
GRMN,-22.12332,6.47912,32.37785,3.26431,5.04,20.03143,-13.29562,1177.149,24.21975,-10.16043,5.09,2806.775,6.39216,-10.0365,20.03143,20.16443,1.75004,8.24355,10.23853,15.80688,15.80688,2.20191,0.11867,2.25149
IT,13.91353,3.6959,2.87718,0.77444,9.96,14.75204,14.47546,1355.101,24.74688,8.14332,10.16,3782.075,14.62632,1.79432,14.75204,14.8764,0.63264,9.87998,20.7483,269.78073,269.78073,93.27273,2.33074,258.83258
GTES,14.19291,4.68675,11.00577,3.02725,0.77,6.83417,-13.35679,615.6,17.32035,-23.0,0.82,1252.9,4.59879,-25.68159,6.21237,6.5537,1.86495,3.3821,4.06939,7.12434,7.01516,43.11202,4.23928,75.78406
GNK,25.93458,23.62798,22.85617,3.43268,3.7,29.68037,-11.22664,219.596,40.89814,-13.34895,3.74,256.446,18.01076,-12.87368,29.53361,29.54267,2.47121,8.79508,9.07956,16.83379,16.90879,15.01835,0.77927,17.67246
GNRC,-4.39332,8.54081,36.75499,2.19985,5.42,8.95714,-4.78809,788.964,17.28389,-34.6988,6.48,1522.004,-0.85369,-27.42846,8.75192,8.95995,0.66044,7.87309,10.89495,17.87019,17.61663,39.30618,1.94517,67.92806
GD,2.28789,3.37649,67.66493,1.37299,12.19,8.60253,0.83119,5095.0,12.92918,5.54113,12.31,6622.0,5.20085,4.08351,8.60253,8.60019,0.85034,5.1779,8.55922,18.72463,18.72463,39.48243,2.37763,65.24128
GE,1.53382,4.49913,33.38512,1.16308,0.53,1.22265,-3.39095,7322.0,9.56437,687.2093,3.33,7575.0,8.93851,687.2093,0.29391,4.7674,0.80663,1.46834,3.72906,2.26704,2.35549,47.94982,4.74502,92.44585
GIS,3.27129,11.40503,17.60294,0.63465,4.42,14.40019,-1.70047,3902.0,20.54463,16.93122,4.2,6405.5,8.72653,15.70647,14.25435,13.43404,0.34666,6.61766,9.02452,27.05568,25.84321,52.60813,3.06904,111.00667
GM,37.93438,3.87,48.42286,1.10175,6.13,6.19389,5.56661,26000.0,16.58851,-8.50746,7.01,21154.0,-4.66648,-0.84839,6.33809,6.46279,0.8842,3.62748,5.0616,15.57835,14.05948,61.59152,4.45823,161.15506
GCO,25.78478,68.30564,43.6985,1.64409,7.92,4.74579,457.7317,172.657,7.12845,100.26616,6.67,1181.136,8.16607,100.26616,4.74178,3.90217,0.83394,5.14722,6.39257,19.69297,19.66205,51.22163,3.66417,105.0089
GNE,5.30397,5.87099,6.87667,2.29473,2.28,17.90143,133.3372,80.205,25.41841,153.33333,2.4,154.782,2.95395,200.55795,27.82699,19.4935,1.61497,19.67638,34.63135,43.85036,39.71832,1.10995,0.0243,1.12241
G,12.28678,4.59491,9.98315,1.61285,1.88,8.08488,4.3623,689.218,15.76735,-1.57068,2.3,1536.398,8.67874,-4.3427,8.08488,9.69135,1.49833,7.48212,9.64223,18.98342,18.98342,48.18374,2.46386,92.9896
GPC,21.74209,11.0845,26.89307,1.1471,8.31,5.35256,22.77626,1959.546,8.86834,33.38684,8.39,7740.104,3.31373,31.58814,5.35256,5.37164,0.3698,6.53103,13.22093,32.48686,32.36846,53.91902,2.27173,117.00925
GNW,-0.01919,0.28814,20.15341,2.43011,1.19,9.84415,0.0,1119.0,14.90609,-30.81395,1.23,1481.0,18.213,-32.63274,8.11243,8.26609,2.43011,0.74079,4.49185,4.7776,5.47306,13.40215,1.48526,15.4763
GEO,11.91115,6.02864,9.40189,1.26943,1.17,7.22388,19.80595,516.027,21.71167,101.72414,1.24,713.842,8.41216,121.92901,7.22898,6.31497,1.16985,5.77114,6.57962,16.03774,16.0452,64.04737,4.02214,178.1438
GTY,-34.98542,1.47055,16.25869,1.55781,1.88,54.24244,0.0,0.0,0.0,37.22628,1.41,144.035,79.03258,43.24372,54.24244,39.69211,1.55781,3.26356,3.49486,11.96618,11.96618,48.47842,26.70116,94.09344
GBCI,0.0,68.28347,24.26277,0.66257,2.74,31.90351,11.04166,526.584,55.4082,-4.1958,2.81,884.966,-227.39354,6.47745,31.90351,32.74793,0.66204,1.16516,5.96553,10.07161,10.07161,51.3622,5.70198,105.6014
GKOS,7.88026,8.13863,11.09865,6.13412,-2.09,-35.06834,4.910147,-68.38,-24.17433,4.910147,-2.38,213.883,-12.87399,4.910147,-35.06834,-39.91937,5.37277,-6.23227,-6.79027,-17.75849,-17.75849,41.94347,4.910147,72.24592
GBLI,11.45645,2.50063,44.86797,22.67078,-0.09,-0.14082,4.6852913,-4.342,-0.71933,4.6852913,-1.33,3.962,-7.56855,4.6852913,-0.14082,-3.19095,22.55669,-0.41759,-1.06589,-0.12832,-0.12755,2.44591,4.6852913,2.50723
GIC,1.1236,10.85754,5.54253,2.12737,2.04,6.69754,18.97492,109.1,9.35597,10.86957,2.05,421.2,2.637,-23.71733,6.75757,6.68039,0.89157,15.28714,23.92649,42.91209,42.91209,32.672,0.93584,48.52662
GPN,5.50438,9.23132,84.77777,0.91527,0.4,1.59671,5.58748,3639.875,40.55338,-87.84195,4.24,5228.998,20.1283,-88.45183,1.24219,12.99992,0.45564,2.74371,3.26234,0.46522,0.59209,39.51484,4.0456,65.32981
GLOB,43.07484,4.7563,35.66485,2.00595,3.47,8.39655,40.01486,314.64,17.67399,52.19298,3.54,673.506,6.40524,54.98985,8.36352,8.33755,1.94014,6.31792,8.20191,10.58619,10.43583,8.18977,0.44126,8.92032
GL,4.81394,4.24901,50.60845,1.22175,7.47,14.18442,-1.27036,1020.202,19.56319,3.4626,7.57,1555.86,1.30316,-0.70541,14.18442,14.21531,1.22175,2.25838,7.07977,10.92728,10.92728,29.78747,2.03593,42.42471
GDDY,0.0,182.49406,-2.15693,0.64339,2.19,8.62562,14.87809,739.7,18.07983,54.22535,2.49,2606.8,12.45234,45.357,8.60851,9.66397,0.33909,4.77395,8.81142,182.49406,182.49406,109.01797,5.38178,182.49406
GS,1.84312,0.1389,303.55188,1.20801,30.06,16.38893,-5.81333,31464.0,45.7918,-49.4365,30.42,37530.0,129.36465,-47.95008,16.38893,15.58831,0.96221,1.2479,2.55906,10.94848,9.85197,82.89662,18.15208,3026.442
GRC,58.95294,6.87353,12.69186,2.64662,0.43,2.14864,36.21026,69.835,13.40334,-62.2807,0.69,130.937,-4.94559,-62.49707,2.14864,3.45512,1.17168,4.7037,5.52486,3.38642,3.38642,56.99902,6.28635,132.55283
GGG,5.99051,6.60417,11.08903,3.01468,2.66,21.49011,8.71945,640.6,29.88541,5.55556,2.74,1057.439,4.95605,4.72394,21.49011,21.59664,1.71337,14.74008,18.34986,25.81371,25.81371,6.37315,0.19761,6.80697
EAF,-30.26295,7.23214,1.31613,3.42746,1.48,29.88972,-19.74504,529.755,41.34673,1.36986,1.48,554.877,11.92389,-1.38233,29.88972,29.89248,1.34383,19.65273,25.48412,212.09857,212.09857,73.31415,1.75139,274.73047
GHC,-9.49147,6.98803,779.48254,1.45493,13.79,1.79473,43.79423,338.923,8.6361,-80.42583,37.11,1266.775,3.73321,-80.94753,1.70924,4.56063,1.17741,1.84519,2.41407,1.64996,1.70853,25.08723,3.76,33.95862
GVA,-3.18323,8.2812,21.78621,1.6892,1.7,2.3887,36.38813,179.735,5.44444,62.98622,2.3,369.494,5.30488,725.09906,2.52334,3.09929,0.9997,2.59723,4.46586,8.67414,7.96251,25.61339,1.8873,34.4328
GPK,2.42038,11.88169,6.99736,1.3999,1.69,5.52966,54.11877,1609.0,17.04449,148.5294,2.12,1837.0,5.0437,155.88235,5.52966,6.93492,0.53233,6.39283,8.51435,25.84158,25.82241,71.90644,3.42014,255.95349
GTN,4.16667,5.7708,22.74975,2.09536,4.33,12.37758,105.59006,1324.0,36.01741,982.5,4.38,1428.0,10.29992,405.55557,12.37758,10.96192,1.79218,5.54807,6.66379,23.496,17.59134,70.25487,4.93429,236.18944
GRBK,-23.03886,289.13446,22.03226,10.63171,6.02,17.86314,56.78772,361.449,20.56266,61.82796,6.07,523.025,2.08628,53.46196,16.60605,16.45378,0.68881,14.58477,16.41922,31.70994,31.04862,25.03738,1.0276,34.3017
GDOT,44.08041,2.99107,15.12329,0.37,1.19,4.56243,3.10764,150.366,10.68389,40.0,1.46,1449.311,16.65594,35.2401,4.56243,5.53446,0.35028,0.91643,4.56352,6.93377,6.93377,5.26297,0.28872,5.55535
GBX,63.57329,7.37413,39.16511,2.02529,1.4,1.80676,30.09658,182.8,6.13897,45.83333,1.44,306.0,-16.61867,44.40989,1.57504,1.57502,1.09944,1.39461,1.73352,3.62912,3.63153,52.6844,8.87363,113.505
GEF,-15.78415,7.74991,37.12455,1.43086,7.75,6.20521,20.9455,921.0,14.50508,-3.48692,8.55,1285.4,7.70454,-3.58331,5.93275,6.4969,0.85523,7.80191,10.86447,23.00037,23.10986,54.584,2.36211,121.24505
GFF,22.67574,8.67837,8.36902,2.86764,-5.57,-10.10062,80.40671,440.739,15.47274,73.20062,4.02,950.251,4.82501,73.20062,-6.7249,7.29234,1.13768,8.6716,11.07593,-44.79003,-44.79003,78.70192,4.00406,73.20062
GPI,22.55857,38.3728,156.55612,1.03326,47.31,4.64921,21.60526,1184.8,7.30362,38.69833,47.69,2965.1,1.81643,35.5211,4.63319,4.53937,0.27355,10.99311,13.35783,37.1271,37.1271,59.9402,2.82571,149.62682
GNTY,0.0,13.081756,24.70139,0.8224,3.34,27.72497,2.04488,69.664,47.78052,2.45399,3.35,129.164,-285.67377,1.61031,27.74143,27.52606,0.82133,1.25686,7.64028,13.54559,13.52456,54.90776,5.16614,121.76764
GES,9.06802,8.08651,9.93123,1.57004,2.57,7.21662,2563.6553,268.017,10.7425,199.43373,2.64,1169.505,4.64872,199.43373,6.86847,6.77438,0.91019,5.25785,7.25896,29.38522,29.21349,63.49055,4.30278,176.42918
GWRE,17.57395,4.07897,17.26437,3.71152,-2.16,-22.20378,9.8193,-162.84,-20.03904,9.8193,-2.13,377.176,4.75549,9.8193,-22.20378,-21.90512,3.53012,-5.34951,-6.22567,-12.04258,-12.04258,24.67666,9.8193,32.76098
GPOR,19.56161,5.2072,43.55184,0.50707,20.32,37.16449,378.71466,813.633,61.12431,212.61539,19.88,1908.823,10.23502,258.05087,37.16449,30.14606,0.38716,14.43651,23.22926,71.78355,66.46956,44.99806,0.88599,81.81176
HRB,0.0,0.0,1.32327,1.3861,3.26,16.18834,0.0,887.075,25.6138,0.0,3.3,1582.008,0.0,0.0,15.98703,16.05745,1.31356,0.0,0.0,0.0,0.0,90.08394,2.16734,115.03321
FUL,-1.18442,6.13609,29.99739,1.84117,3.26,4.8119,17.1879,494.738,13.19589,9.76431,3.98,963.547,2.7793,11.72294,4.80939,5.68786,1.02534,4.97476,6.51373,11.24518,11.24678,52.87559,3.6532,112.20423
HASI,43.50138,0.15393,17.93583,8.54884,0.47,15.46372,0.0,0.0,0.0,-68.87417,0.47,111.38,-203.02756,-67.21257,15.31281,15.17388,8.54884,0.69165,0.70826,2.61516,2.5941,64.12212,6.404324,178.72324
HCA,9.83323,7.09208,-9.97556,1.3778,19.15,11.34594,-4.06193,12022.0,19.95916,-9.49906,19.87,23177.0,5.10352,-18.87579,9.36862,9.57816,1.0001,10.96748,14.44468,1685.6764,1685.6764,100.18192,3.34387,1685.6764
HEI,19.64171,6.18735,19.07692,2.73899,2.55,17.68868,20.24895,584.47,26.4667,15.38462,2.54,862.759,14.47628,15.59891,15.92499,15.6438,1.25536,8.05273,9.8322,14.44486,14.13909,11.37336,0.6534,14.42035
DINO,37.14192,25.94524,46.90387,2.07927,14.28,7.96018,264.03406,4765.621,12.47387,321.23895,14.43,5138.0,5.06064,423.47168,7.64999,7.65094,1.05431,16.54541,21.7361,39.14716,37.28748,27.08165,0.7807,37.1397
HNI,-8.55486,10.34034,14.8913,1.18755,2.94,5.246,15.51048,212.5,8.99738,116.17647,2.22,843.7,0.8492,107.14214,5.246,3.91964,0.60137,5.50663,8.99977,20.54481,20.5342,32.77384,1.41506,48.75162
HPQ,-17.51043,12.51069,-3.08715,0.7536,2.98,4.97854,-7.94246,5888.0,9.3594,-44.09006,3.44,12263.0,4.01268,-51.83761,4.97854,5.67592,0.38386,8.29724,39.01628,869.41156,869.41156,132.63567,2.08798,869.41156
HAE,24.94689,6.92289,14.65895,1.70945,0.84,4.36722,28.08849,232.3,23.38914,-45.80645,1.82,530.77,10.7057,-45.41897,4.36722,9.3542,0.9471,4.57084,5.43278,5.85716,5.85716,52.74495,3.6009,111.61759
HAL,26.21386,4.89497,8.81153,2.04902,1.73,7.8583,47.75405,4013.0,19.7714,6.13497,2.16,3243.0,5.49897,7.89293,7.74499,9.62034,1.30458,8.42823,11.25839,21.44465,21.6933,53.24424,2.26364,113.8774
HBI,-19.32056,7.71708,1.14113,1.74897,-0.37,-2.10421,-32.07784,706.097,11.32718,100.574974,1.02,1374.848,-5.84703,100.574974,-2.0406,5.72649,0.53602,5.52317,8.20001,-23.83251,-23.83251,91.5241,6.09054,100.574974
THG,3.77086,1.40847,65.32584,5.77344,3.23,2.13583,-66.62006,191.0,3.49267,-71.96181,3.29,752.0,-3.56764,-72.2952,2.1212,2.14176,5.77344,0.78801,3.16476,4.27018,4.27018,25.17375,4.09634,33.64293
HOG,23.49735,3.12562,19.9058,1.34431,4.96,12.84444,7.87741,1278.329,22.21199,18.37709,5.01,1836.783,1.87923,14.05856,12.88256,12.88485,1.01968,6.24562,7.27565,27.17391,27.07718,70.52545,5.44092,239.27576
HIG,9.56516,1.27409,42.19783,36.2766,5.44,8.31463,-20.75472,2352.0,10.77466,-17.82477,5.63,7394.0,8.64446,-23.25581,8.31463,8.37704,36.2766,1.65525,6.02567,11.78342,11.53333,24.79033,1.91029,32.96163
HVT,0.0,44.663765,17.91944,1.78883,5.24,8.53292,0.14184,134.853,12.8773,6.93878,5.41,604.225,0.22766,-1.59136,8.53292,8.52869,0.84134,11.03905,14.78511,32.76974,32.76974,43.33132,1.64095,76.46433
HE,0.0,69.18232,20.11948,0.76883,2.2,6.49463,1.67668,675.914,18.06298,-2.22222,2.2,628.694,-20.17212,-2.02696,6.49463,6.43388,0.76883,1.48361,4.45556,10.58166,10.42598,60.51401,5.07162,153.25435
HCI,400.21573,1.10865,18.90871,30.02271,-6.24,-11.09844,18.964382,-60.718,-12.34136,18.964382,-6.32,20.006,-126.28603,18.964382,-11.89277,-11.32618,29.95515,-2.76581,-8.72808,-24.08053,-16.3173,45.46258,18.964382,131.72263
HR,178.11572,5.79928,19.893,0.67625,0.15,4.37369,0.0,0.0,0.0,-66.66667,0.57,584.683,42.5811,-38.64744,4.39562,15.46027,0.53278,0.15803,0.16361,0.83838,0.82484,42.61505,37.86077,74.2812
DOC,-15.89527,4.40153,12.17378,0.93514,0.92,24.89091,0.0,0.0,0.0,318.18182,0.97,1201.334,47.22986,-1.00704,24.2564,25.33221,0.93514,1.55687,1.75569,7.55594,7.11551,47.92007,78.43169,93.36633
HL,23.90153,17.62389,3.30104,1.50016,-0.07,-5.19512,-47.40014,147.834,20.56377,20.695423,-0.07,260.094,-5.0228,20.695423,-5.19512,-5.42688,0.8998,-0.12544,-0.14744,-1.99739,-1.99735,21.38508,3.64142,27.20232
HLIO,-5.74867,6.66561,24.38344,2.55089,3.02,11.11362,-4.74138,203.3,22.96137,-6.21118,3.37,298.5,8.14671,-5.92375,11.11362,12.37012,1.20026,6.61243,7.8075,13.0863,13.0863,36.97772,2.29415,58.67405
HLX,51.31928,4.79923,9.98262,1.54583,-0.58,-10.05429,24.70736,116.549,13.34887,13.478972,-0.48,50.616,5.74097,13.478972,-10.05429,-8.31663,1.36996,-0.69287,-0.80774,-5.54861,-5.54861,23.64472,4.02985,30.96672
HP,109.27983,6.32177,26.26429,2.54032,0.05,0.32077,472.35458,398.044,19.48748,77.808495,0.4,632.355,-0.42078,77.808495,0.34041,2.07369,2.15423,-0.06824,-0.08734,0.23078,0.23078,17.39469,1.46301,21.0576
HLF,5.53064,75.70036,-12.93054,1.38859,3.23,6.17362,-22.67544,657.8,12.63931,-21.79177,3.32,2340.7,2.66962,-28.15295,6.17362,6.28353,0.61049,12.21226,20.72761,154.78566,154.78566,176.44785,4.44178,154.78566
HRI,34.63025,6.01537,38.36332,1.0654,10.92,12.04542,37.33841,1189.9,43.44604,48.16825,11.42,1065.0,-15.45248,47.21107,12.04542,12.34234,0.95364,6.68959,8.55458,31.63598,31.63598,76.53098,3.03841,117.97817
HRTG,163.04305,1.06924,5.13094,4.84862,-5.86,-23.30148,-0.032396697,-57.043,-8.61078,-0.032396697,-2.41,4.994,-89.19842,-0.032396697,-23.30148,-9.58383,4.83139,-1.86933,-10.39832,-65.1197,-65.1197,55.00482,-0.032396697,122.24605
HSY,5.91826,15.0713,16.09809,0.80451,7.96,15.78626,12.06603,2660.526,25.53461,11.95499,8.25,4498.788,12.58271,11.32343,15.78626,16.27427,0.36077,13.61856,17.57656,54.31331,54.31331,60.8015,1.92367,155.11177
HES,0.0,620.3524,25.6551,1.64065,6.77,21.60897,55.11811,5516.0,48.7107,274.03314,6.8,7741.0,9.67194,274.9553,18.50936,18.50124,1.52254,11.23253,14.02197,29.61498,31.52944,51.85311,1.65881,107.69774
HPE,-3.6405,3.66886,15.50619,0.88487,0.66,3.04604,2.27128,4818.0,16.90764,-74.41861,1.71,9518.0,4.56819,-74.67173,3.04604,7.8191,0.57763,2.54524,4.29855,4.35798,4.34804,40.37972,2.79867,67.72816
HXL,33.49057,7.08283,18.45843,2.2268,1.49,8.00532,38.8303,289.6,18.35583,684.2105,1.39,357.1,5.81305,684.47205,8.00532,7.43589,1.11189,3.61076,4.35798,8.31003,8.31003,33.21875,2.66954,49.74263
HIW,12.92633,2.75605,23.267,1.25897,1.49,19.70663,0.0,0.0,0.0,-50.0,1.49,570.658,39.65936,-49.22768,19.11769,18.82571,1.25897,2.18775,2.29084,6.49712,6.33504,55.74094,35.45679,129.26747
HTH,-4.5047,0.15393,31.4899,0.94667,1.6,8.37988,-56.73791,268.623,18.86959,-65.29284,1.61,1283.126,275.03156,-69.79025,7.94717,7.96577,0.8159,0.85074,3.91639,4.96246,5.17238,42.09145,5.58365,72.68606
HGV,7.6528,1.89711,18.93003,3.4848,2.93,9.17862,52.88462,954.0,24.87614,67.42857,3.53,1151.0,14.26336,100.0,9.17862,10.86154,2.4071,5.54272,7.20724,17.00894,17.00894,64.13805,4.0325,178.84705
HLT,24.25094,7.3261,-4.11409,0.85113,4.53,14.32805,87.21992,2256.0,25.71526,210.27397,4.56,2737.0,17.77471,206.09756,14.30526,14.29386,0.77491,8.45637,14.91453,274.36343,274.36343,112.77784,4.29566,274.36343
HOMB,0.0,71.332306,17.33418,0.8189,1.57,28.99313,13.7809,577.9,54.8877,-19.07217,1.77,855.202,-44.43905,-4.31288,28.99313,32.73017,0.81887,1.66738,8.01686,9.70305,9.70305,26.44037,2.19332,35.94413
HD,10.74856,91.77717,-1.63865,1.01262,15.53,10.87148,12.58514,25952.0,17.1689,30.067,15.79,50832.0,7.77329,27.72423,10.87148,11.01018,0.20106,20.44652,31.90516,3676.3538,3676.3538,103.80499,1.78287,3676.3538
HTB,0.0,34.615772,24.94035,0.94936,2.23,22.95602,4.47038,81.279,52.3334,137.23404,2.36,150.475,108.4448,127.45136,22.95602,23.57721,0.92371,1.26664,9.77648,9.07936,9.07936,2.11555,0.1034,2.16127
HMN,152.42175,2.83836,26.60376,2.13249,-0.06,-0.19368,35.411236,-0.6,-0.0447,35.411236,0.03,373.0,-30.72482,35.411236,-0.19368,0.09297,2.0952,-0.12666,-0.63358,-0.17958,-0.17958,55.784,35.411236,126.16247
HRL,-3.14005,14.13114,13.7949,2.46875,1.82,8.02827,15.03734,1517.721,12.18191,9.63855,1.84,2164.686,4.02982,10.02906,8.02635,8.04771,1.27134,6.17914,7.54579,13.78516,13.77857,30.92709,2.22445,44.77456
HLI,32.85705,17.98428,21.38727,1.01292,6.41,19.30979,60.84075,682.999,30.08862,40.87912,7.09,2205.595,33.96511,39.95895,19.28454,20.29277,0.92112,14.92746,24.64252,30.96638,31.00692,12.64224,0.3059,14.47179
HHH,5.74116,16.14259,71.0915,3.05947,3.65,11.47886,32.56729,537.909,33.4419,254.36893,3.69,694.185,-14.41626,228.93584,11.47245,11.58809,3.02557,2.19928,2.51177,5.09022,5.03145,57.09367,8.92066,133.06586
HWM,37.87466,12.97365,8.60356,2.12078,1.11,8.28183,15.30797,1273.0,22.47925,88.13559,1.45,1596.0,8.97272,81.78295,8.28183,10.6527,0.89676,6.15415,8.00915,13.40192,13.19454,54.29043,3.35978,118.77256
HUBS,44.15742,9.01051,20.16019,2.30367,-2.35,-6.51364,76.71711,-51.257,-2.96117,76.71711,-2.35,1422.949,17.08779,76.71711,-6.51364,-6.52541,2.1526,-2.89768,-4.03975,-12.08442,-12.08442,44.8324,76.71711,81.26582
HUBB,10.62423,7.22374,43.97281,1.85705,9.43,10.44484,26.51284,871.8,17.6196,41.59159,9.83,1481.5,10.27734,36.65498,11.03094,10.66859,1.09913,8.4951,11.78749,22.27547,22.4145,39.65789,1.78711,65.72176
HPP,11.70171,3.70444,20.41845,1.02028,-0.39,-1.58567,0.0,0.0,0.0,40.34267,-0.28,598.993,28.07564,40.34267,-3.34798,-3.86361,0.9972,0.99155,1.03773,-1.12553,-0.40183,56.53002,40.34267,134.7207
HUM,-7.71775,53.25115,122.5125,1.52422,22.08,3.01712,30.8214,5208.0,5.60784,-2.60256,24.33,17180.0,5.63543,-4.33004,3.02143,3.31191,1.31657,6.26051,9.69751,17.87774,17.80574,43.2925,2.25307,76.34353
HII,7.63052,5.89997,87.44361,0.94853,14.44,5.42338,12.19512,874.0,8.18659,6.96296,14.44,1440.0,3.20111,6.43382,5.42338,5.42379,0.86805,3.00223,4.9448,18.38971,18.38971,47.86312,3.66476,91.80281
HUN,-29.85332,8.13692,19.73491,1.84891,2.21,6.36919,-7.52587,983.0,12.25228,-53.17797,2.96,1546.0,5.36738,-55.98086,5.73352,7.41568,0.87478,5.03918,7.10341,11.27218,12.16812,35.61368,2.16073,55.3125
H,31.75356,8.03136,34.76471,0.68452,4.09,7.72365,2170.2703,840.0,14.25904,209.72607,2.47,1300.0,10.91496,209.72607,7.72365,4.57413,0.61515,2.07706,3.4317,12.53098,12.52064,48.23826,4.10714,93.19287
HY,14.47311,7.23405,12.06683,1.08623,-4.38,-2.01787,40.793377,7.5,0.21137,40.793377,-4.12,433.9,2.20704,40.793377,-2.08832,-1.96241,0.43384,-1.12291,-2.47586,-26.39359,-23.55263,73.14804,81.76,290.7539
IEX,21.74288,8.20752,40.19494,2.57414,7.71,18.54298,15.61811,891.3,28.17004,31.12245,7.96,1435.4,12.63946,30.59635,18.54931,19.04463,1.60596,9.24816,11.04697,20.09106,20.08318,34.30023,1.78043,52.20753
IQV,14.34732,5.27067,31.0447,0.89297,5.72,7.57113,10.45947,2957.0,20.52047,15.55556,6.26,5028.0,10.20038,12.93996,7.57113,8.14973,0.76533,4.56513,6.02223,18.48056,18.48056,69.84202,4.51505,231.58716
ITT,16.18441,5.33185,27.1838,1.54939,4.4,12.40754,8.39709,566.7,18.96777,20.87912,4.65,922.3,3.69641,16.02909,12.2837,12.98022,1.0038,7.9162,10.93806,16.46438,16.51924,19.20544,0.94689,23.77071
IDA,29.5278,9.32234,55.52073,1.26449,5.11,15.7885,-1.57381,497.255,30.247,5.36083,5.11,537.513,-1.29742,5.47017,15.75335,15.74607,0.77984,2.77199,4.2229,9.45936,9.456,43.80615,4.41252,77.95542
ITW,11.65493,5.30095,10.12459,1.40583,9.77,19.04344,8.05248,4200.0,26.36204,14.80611,8.93,6503.0,11.12149,12.62064,19.04344,17.3533,0.8926,15.04016,21.01353,90.39178,90.36486,72.01486,1.89262,257.33246
IMAX,4.81957,0.99462,4.86353,17.86377,-0.4,-6.60794,19.35894,46.957,15.61045,18.729063,0.02,157.328,16.81035,18.729063,-7.57966,0.37682,16.25982,0.65507,0.87253,-7.36151,-5.22983,45.80133,5.93469,84.69181
IRT,0.0,49.66451,16.05188,0.27639,0.53,19.26365,154.3832,144.945,23.14099,29.26829,0.51,370.048,45.47081,162.95499,18.71923,18.07313,0.27639,0.87181,0.89341,3.31332,3.26992,41.34759,18.17963,70.49598
IR,18.1494,5.37357,22.69907,2.36995,1.44,10.02823,25.27389,1315.0,22.22673,16.12903,1.59,2325.6,12.82685,7.50222,10.22092,10.8924,1.67599,3.68561,4.45781,6.47898,6.47411,23.68217,2.18449,31.03098
NGVT,38.44311,8.37921,18.72168,2.23723,5.5,12.68357,8.6618,446.6,26.76977,86.44068,6.04,571.0,3.59947,79.1702,12.68357,13.82252,1.07611,8.21487,10.11891,30.84323,30.84323,68.67205,3.42745,219.20378
INGR,26.254,7.49623,47.90392,1.75824,7.34,6.31764,12.57078,994.0,12.50944,324.27747,7.78,1494.0,-1.76347,320.51282,6.1918,6.4817,0.87673,6.68784,8.59672,15.75156,15.68015,45.4422,2.69316,84.63484
VATE,17.00929,4.24942,-15.28551,1.28571,-5.26205,-2.5652,114.52703,63.5,3.87834,26.955801,-4.46778,221.4,-2.28959,26.955801,-2.19263,-2.13003,1.21285,1.19272,1.81382,26.955801,26.955801,103.9169,12.36693,26.955801
IIPR,39.52462,18.07247,69.63443,5.00412,5.52,55.22582,0.0,0.0,0.0,21.31868,5.57,265.839,65.91312,35.4382,55.22582,54.4838,5.00412,4.70089,5.03101,8.70866,8.64038,13.3923,32.94394,15.46318
INVX,15.88926,1.64759,25.61455,8.5956,0.01,0.12235,10.888152,19.61,5.41608,10.888152,0.28,158.117,-15.69721,10.888152,0.12235,2.64765,6.08724,-0.61846,-0.68804,0.05,0.05,0.56846,0.25507,0.57171
NSP,22.61728,10.64843,2.14554,1.11712,4.64,3.01996,37.29682,290.899,4.89826,45.91195,4.7,1011.0,5.49109,44.54384,3.01996,3.01643,1.06286,8.24816,32.00865,77.255684,77.255684,84.55459,1.52951,77.255684
INSP,79.13924,8.54981,17.09901,8.66264,-1.6,-11.00413,16.945404,-45.734,-11.21327,16.945404,-1.59,341.741,4.30492,16.945404,-11.00413,-10.94369,8.3784,-6.91776,-7.74586,-12.38001,-12.38001,1.75725,16.945404,1.78868
IBP,23.50787,6.91581,17.43443,2.69587,7.74,8.36858,56.99886,425.996,15.95584,93.01746,7.45,827.8,5.94914,88.1293,8.36858,8.01075,2.00048,12.19908,14.98685,49.08677,49.08677,65.71714,2.22066,191.69096
IIIN,20.21438,11.05664,20.00945,5.35708,6.37,15.11928,69.15732,175.384,21.21156,86.80352,6.37,197.31,-4.18823,87.67603,15.11928,15.0361,2.0762,23.31977,28.93533,36.14173,36.14173,0.40096,0.00895,0.40257
ICE,-3.22848,8.1077,40.61896,1.05213,2.58,15.54587,4.42983,4762.0,49.41885,-64.06685,3.02,7292.0,31.09174,-64.36668,15.00623,17.51951,0.06112,1.20249,5.96449,6.36794,6.58331,44.75754,3.87253,81.02017
IFS,0.0,0.0,0.0,0.0,0.0,0.0,0.0,0.0,0.0,0.0,0.0,10.89819,0.0,0.0,0.0,0.0,0.0,0.0,0.0,0.0,0.0,0.0,0.0,0.0
IBM,-2.92014,4.0309,24.21829,0.92423,1.95,2.91261,-3.14028,12677.0,20.94333,-62.57198,6.73,32688.0,15.35644,-71.46091,2.70775,10.03623,0.77613,3.79613,6.55349,8.73057,8.59644,71.03758,4.26063,245.27496
IFF,-4.617,6.68099,69.35772,1.99356,-7.32,-14.98392,1.66945,2436.0,19.58199,307.07864,2.93,4151.0,6.33139,307.07864,-15.04019,6.00603,0.71137,2.09319,2.50072,-9.65279,-9.5602,39.57023,4.7775,65.69945
IGT,-21.32025,4.21867,7.17806,1.15314,1.35,9.79882,-0.77193,1414.0,33.46746,335.48386,1.09,1197.0,24.47633,-42.94606,6.50888,5.20685,0.96212,5.34935,6.89385,20.28772,20.96203,75.37332,4.28359,135.21765
IP,4.1116,6.0895,24.25746,1.354,4.74,8.2274,9.83481,2859.0,13.5107,65.73427,3.49,6018.0,4.75875,-14.15525,7.10742,5.99506,0.9138,4.62304,6.73903,19.80773,19.80773,48.85023,2.83841,95.5043
INSW,170.575,4.35741,30.28749,2.49667,7.77,44.86026,3173.8425,534.553,61.82198,223.36264,8.04,580.904,5.10313,223.36264,44.86026,45.91642,2.43251,10.68509,10.91269,29.19217,29.18576,41.93889,2.01035,72.23233
IPG,-2.38296,1.45766,9.43829,1.03426,2.37,8.74925,1.56015,1757.6,16.08375,-0.83682,2.6,2125.9,2.57108,-1.55332,8.58361,9.31478,0.99685,4.78529,11.11857,26.15035,26.01951,54.75658,2.57829,122.27739
IPI,-24.49095,10.86371,56.35861,3.51254,5.37,21.39421,119.1959,143.604,42.54076,-71.22187,5.54,141.408,-2.75145,-71.09281,21.39421,21.58442,1.06443,8.67562,9.77285,10.4782,10.4782,0.53054,0.02656,0.53337
IVZ,0.0,154.90419,24.63303,1.1964,1.49,15.3003,-23.52148,1474.2,24.37137,-50.16722,1.41,1990.9,6.99073,-43.50841,15.22095,10.66434,0.81594,2.56016,3.08673,8.11604,5.52191,33.69317,5.80532,54.01711
INVH,0.0,102.39046,16.83212,0.63993,0.63,17.26706,13.59952,622.205,27.92016,40.0,0.63,1354.228,36.58658,46.63058,17.2011,17.23819,0.5911,2.0681,2.13175,3.81629,3.81699,42.99837,12.51595,75.43359
IRM,22.20634,4.77788,2.18914,0.80683,1.9,11.01481,12.14698,1773.877,34.75754,22.58065,2.35,2914.454,2.56807,23.71335,10.91355,13.39078,0.69217,4.27535,4.90727,74.63132,67.67042,94.7788,7.49032,222.09099
SJM,-1.68634,15.11508,76.46302,1.02934,5.83,7.89734,-13.18095,1595.3,19.94399,-25.16046,7.15,2721.2,8.2441,-27.91282,7.89734,9.64489,0.38365,4.59814,5.76679,7.76765,7.76765,36.16059,2.89024,56.64304
JBGS,-6.37239,2.653,23.52264,1.15122,0.7,16.30709,0.0,0.0,0.0,26.222551,0.72,300.995,41.99919,26.222551,14.06414,14.11564,1.11466,0.17656,0.18475,3.05016,2.97409,43.32324,26.222551,89.99459
JBTM,16.52174,5.99917,27.12552,1.39987,4.07,6.03416,7.50298,270.8,12.50231,10.2981,4.61,529.4,1.19979,10.38851,6.03416,6.81071,0.74324,5.01799,7.08979,16.20382,16.20382,54.21642,3.77253,118.41892
JELD,9.36651,8.87563,8.57813,2.15554,0.53,0.89151,-23.45726,309.708,6.03816,-69.18605,1.0,784.52,-1.95681,-72.91408,0.89151,1.68397,1.06571,3.09622,4.14498,5.84085,5.84085,72.69108,6.21858,266.1807
JPM,0.0,8638.024,90.2879,0.76327,12.09,24.33976,-13.49093,75974.0,49.08135,-21.28906,12.1,122306.0,-79.97256,-22.05073,24.33976,23.18349,0.76166,1.16278,5.08458,14.3742,12.84864,65.32324,7.24837,188.3776
JBL,25.41677,7.17642,18.08936,1.01541,6.9,2.97509,20.16461,2336.0,6.97772,50.65502,7.18,2632.0,-0.10305,43.10345,2.97509,3.02831,0.48806,4.84933,14.75201,43.42708,43.40815,60.33004,1.59632,152.07994
J,9.80078,4.58684,47.56977,1.45254,4.98,4.79429,8.25248,1416.79,9.49411,59.61539,5.38,2605.036,4.18982,35.01017,4.3158,4.63865,1.40258,4.76109,6.52967,10.73443,10.70265,38.20594,2.93995,68.2343
JHG,0.0,88.192825,26.3679,3.62785,2.23,12.45689,-42.30415,563.4,25.56725,-37.88301,2.52,1411.4,18.6167,-40.13824,16.89962,18.49174,3.4249,5.18789,6.54769,8.26857,5.82611,8.02401,0.71175,9.19177
JEF,-37.89436,0.59187,45.25205,1.60041,3.06,11.43609,-36.69681,2189.487,32.03129,-50.08157,2.49,4323.688,-14.96503,-53.08937,11.49079,9.0114,0.91264,2.2493,3.15187,7.55726,7.38962,73.107,12.94596,272.0125
WLY,6.54393,6.47344,20.4917,0.56824,2.62,7.12022,2.94849,398.457,19.12966,-0.38023,3.02,1445.159,11.23641,0.03575,7.12022,8.0844,0.44634,4.01081,6.55835,13.28006,13.28006,45.14686,2.35946,82.30496
JNJ,5.7384,6.03906,29.38632,0.9909,6.73,18.8966,0.82999,32436.0,34.16366,-13.82843,8.66,55394.0,19.99002,-14.06744,18.8966,23.94514,0.71107,8.61745,14.19592,23.79017,23.79017,34.05288,1.22269,51.63663
JCI,-1.51434,4.5416,23.62142,1.03968,2.19,6.81055,-6.70865,3407.0,13.46694,4.28571,3.08,7090.0,6.87873,-6.41417,6.05558,8.4746,0.70184,3.85197,5.83375,9.05705,9.53119,37.01546,3.00176,58.76911
JLL,10.59608,4.85397,126.73445,1.11123,13.27,3.80307,-10.75277,1201.0,5.75685,-28.15376,15.39,11211.8,1.94929,-31.93636,3.13727,3.57439,1.0475,3.91053,6.63487,10.72441,12.623,33.78949,2.61307,51.09158
JNPR,23.42116,4.7722,13.85909,1.73991,1.43,8.88478,12.57092,754.0,14.2232,88.1579,1.4,2958.3,0.0,86.38702,8.88478,8.50638,1.12444,3.7163,5.44348,10.71429,10.71429,28.30089,2.34271,39.47174
KBH,18.30884,240.7972,43.58608,8.27618,9.09,11.82927,55.21792,1087.345,15.75,51.24792,9.39,1740.23,-1.92081,44.60766,11.82927,11.81418,0.90683,10.56053,12.85254,24.45009,24.45009,33.76388,1.71619,50.97502
KBR,0.0,8.02936,11.8677,0.95936,1.26,2.92505,0.38388,523.0,7.9677,950.0,1.63,828.0,4.75701,955.55554,2.89458,3.45171,0.88248,4.60051,7.26315,11.49078,11.52115,55.06608,3.82409,122.54902
KKR,19.1096,0.12952,19.29257,2.34137,-1.21,-14.07223,-94.80876,770.381,10.59178,172.75412,-1.09,3101.899,-170.47711,172.75412,-11.56449,-11.23219,2.33711,0.1612,0.44622,-5.08592,-1.83103,45.18598,57.41802,82.66937
KREF,17.35923,0.06429,22.7427,5.58122,0.23,8.54814,7.94987,272.364,61.93188,-89.59276,0.21,80.281,-237.55057,-72.22469,8.66411,3.22578,5.58042,2.34707,2.36553,2.59843,2.56344,79.68614,22.63276,9.0242605
KAI,15.38523,6.6763,56.00899,1.94607,10.35,13.45471,21.20646,188.03,20.78279,43.55062,9.17,389.337,6.03721,43.88825,13.36607,11.81194,1.05368,8.38561,11.00641,19.86032,19.93634,25.41914,1.1883,34.08266
K,17.22449,11.51071,11.53014,0.65932,2.79,6.28142,-3.81245,2195.0,14.33235,-35.56582,3.0,3816.0,5.75171,-35.48387,6.26836,6.67973,0.32052,5.85224,9.13687,25.062,22.39814,62.10809,3.26697,163.90857
KMPR,-7.46665,3.12361,38.22697,105.52896,-4.72,-5.43143,57.30298,-226.6,-4.0862,57.30298,-3.87,1091.3,-0.49635,57.30298,-5.43143,-4.45418,99.05792,-1.31495,-5.7647,-9.33823,-9.33823,37.39719,57.30298,59.73723
KMT,-2.50838,6.72735,15.39984,2.10998,1.72,7.46357,31.22087,353.055,17.54349,164.61539,1.79,653.477,6.30118,165.68504,7.18639,7.40494,0.78438,5.28166,6.9629,11.2016,11.29564,33.93554,1.87869,51.36732
KW,10.299,2.43737,9.95348,2.59144,0.47,18.87037,164.72263,186.1,34.46296,-79.01786,0.31,418.4,-94.69444,-71.64044,17.35185,7.85913,2.54336,0.10218,0.11105,6.56645,5.34305,73.58074,30.08705,278.51175
KEY,0.0,458.10138,11.73653,0.78423,1.92,23.50554,-19.73455,3689.0,45.37515,-26.71756,1.94,6743.0,-283.06735,-26.97143,23.57934,22.05737,0.77797,1.22588,6.25449,14.43517,12.37815,68.58377,7.96178,218.30682
KEYS,23.12925,6.60976,23.37207,3.00924,6.18,20.73801,12.68222,1546.0,28.52399,29.2887,6.4,3450.0,11.68589,25.72707,20.73801,21.25461,2.12935,10.43832,13.82863,28.29453,28.29453,32.65901,1.3053,48.49796
KFRC,1.57318,6.39756,8.88857,2.11332,3.68,4.4092,9.58272,123.217,7.20245,3.9548,4.38,501.107,3.38186,0.33787,4.4092,5.13434,2.05163,16.58328,27.73306,40.70706,40.70706,20.35199,0.37784,25.55242
KRC,12.55371,2.46127,46.51899,1.77363,1.97,23.61707,18.75344,365.035,33.22269,-63.24627,1.98,775.93,41.00695,-62.96789,21.17084,21.04914,1.77363,1.90854,2.04567,4.27715,4.5666,43.6054,12.02074,77.32194
KMB,2.65096,9.77471,1.62092,0.78116,5.72,9.71995,-5.71823,3413.0,16.91698,6.91589,5.65,6219.0,8.34511,6.61522,9.58612,9.44887,0.3691,9.2824,16.83423,457.60577,227.89076,90.30757,2.61529,457.60577
KIM,18.18564,5.44775,15.38518,2.22791,0.16,6.17578,0.0,0.0,0.0,-90.0,0.17,1196.777,40.48219,-85.07498,6.79274,5.64227,2.22791,2.33279,2.43381,1.29773,1.15321,42.81926,54.358334,75.60546
KMI,0.0,602.6598,13.6772,0.54877,1.12,13.67188,-6.83863,6212.0,32.35417,43.58974,1.12,7290.0,11.33659,42.82511,13.27083,13.17167,0.38009,3.582,3.87876,8.27743,8.19864,49.96962,5.16339,99.87856
KFS,51.98206,12.96882,0.67577,105.65397,1.25,26.67989,22.4522,23.31,20.63946,37.30788,0.35,67.249,20.45407,37.30788,21.88969,7.11566,105.65397,2.76851,4.84091,37.30788,163.4278,82.36387,4.43196,37.30788
KNSL,68.17099,3.14967,32.2831,8.17308,6.88,19.4231,5.44812,202.569,24.72766,3.92749,6.97,155.874,0.68622,4.22838,19.4231,19.41169,8.17308,5.23406,14.84114,22.02599,22.02599,20.79769,0.96632,26.25894
KEX,15.65899,6.17898,50.79335,1.8869,2.03,4.40833,34.83653,391.75,14.06767,61.215965,2.11,723.813,2.23615,61.215965,4.39145,4.54906,1.05659,2.17166,2.78256,4.12504,4.13758,29.2376,3.21175,41.31798
KRG,48.00567,9.45244,17.1841,0.45087,-0.06,-1.51499,0.0,0.0,0.0,40.914703,-0.05,590.19,71.3794,40.914703,-1.57507,-1.36537,0.45087,0.54885,0.58289,-0.3287,-0.31131,44.57952,40.914703,81.5896
KNX,-8.14741,8.28886,43.21559,1.67065,4.73,10.38042,12.84316,1659.986,22.34593,6.29214,4.76,2410.725,6.07632,3.75806,10.38321,10.39711,1.47089,5.78606,7.01363,11.44556,11.42504,23.09768,1.25846,30.03509
KN,-8.11733,5.4369,10.90165,3.65691,-4.69,-56.24428,-16.6849,152.3,19.91631,10.604569,-0.24,227.0,5.55937,10.604569,-56.24428,-2.87799,1.84561,4.21883,4.69591,-35.07584,-35.07584,6.09987,0.42351,6.49612
KSS,0.0,526.2544,35.58015,1.52861,6.32,4.82684,188.1007,2518.0,12.95734,526.2544,7.46,7996.0,8.09705,526.2544,4.82684,5.60469,0.54078,6.90994,8.98165,19.03216,19.03216,59.27835,2.6946,145.56963
KOP,17.99781,9.93977,19.23614,1.96543,3.0,3.22141,5.54032,192.4,9.71472,-23.07692,3.02,344.6,2.08975,-25.58685,3.20121,3.19871,0.76852,5.05069,6.56956,15.88089,15.67953,69.17782,4.70114,224.4417
KFY,31.53925,5.08849,29.03452,1.78818,5.98,12.51563,117.38472,541.501,20.48459,186.1244,6.16,766.518,15.42596,185.14513,12.34596,12.30553,1.68402,9.16222,14.51078,22.42458,22.67332,27.84531,1.10435,38.59114
KOS,-43.63532,16.80366,1.72812,0.81623,0.48,10.08976,39.57901,1157.244,51.53947,161.52621,0.49,1840.005,6.08694,161.52621,10.08976,9.93694,0.52789,8.6521,13.27334,34.40188,34.40188,74.03224,1.9409,285.09293
KR,2.63897,76.41341,13.00138,0.74582,2.17,1.20823,11.60117,6503.0,4.71615,-33.63914,2.5,31333.0,3.24067,-35.97679,1.20025,1.34892,0.28984,4.7047,7.66382,17.39542,17.55625,68.43215,3.14317,216.77803
KRO,-33.14832,7.13436,8.30125,3.80227,0.9,5.41395,-15.92466,196.4,10.17511,-8.16327,0.88,391.1,2.47254,-7.44021,5.41395,5.26578,1.79033,4.58236,6.59045,11.43701,11.43701,31.80393,2.27291,46.63602
LHX,4.2302,4.10935,97.17697,1.16932,5.49,6.2185,-5.72837,3061.0,17.94045,-39.60396,10.45,4927.0,11.08824,-42.47021,6.22436,11.74722,0.89301,3.87276,4.91281,5.62858,5.5926,29.80287,2.58314,42.45597
LCII,-32.99748,19.5008,54.84979,3.30115,15.48,7.58523,32.25344,680.354,13.06578,36.74912,15.51,1273.289,6.67073,37.26815,7.58523,7.55731,0.62132,10.54211,12.93087,31.9315,31.9315,49.92551,2.0238,99.70246
LXP,11.39517,4.77588,7.74279,1.54334,0.38,34.4678,0.0,0.0,0.0,-71.64179,0.39,262.198,57.57173,-70.26432,33.73837,32.36649,1.53259,0.90525,0.94096,5.10746,4.93158,38.75774,18.266304,63.28595
LZB,30.22583,8.2609,18.81513,1.4086,3.39,6.46331,22.134,228.873,9.71113,47.3913,3.12,879.794,1.97055,40.91264,6.36525,5.82787,0.87166,6.37114,9.89364,18.93887,19.01998,34.41639,1.87927,52.47712
LH,1.31283,4.96249,114.47392,1.50236,13.97,8.60803,-32.92307,2763.1,18.57322,-42.72243,18.16,3708.9,7.85023,-46.19526,8.59795,11.12051,1.11983,6.56504,8.05368,12.55867,12.54906,38.35921,2.2782,62.34673
LADR,10.54107,0.14336,12.12112,10.726,1.13,31.09622,0.0,0.0,0.0,151.11111,1.14,278.038,-32.37864,151.61353,26.75304,26.65637,10.726,3.73669,3.82513,9.3549,10.8497,73.5375,46.026707,277.89322
LW,21.91333,10.06853,2.50224,2.37391,1.38,4.90132,-6.76015,631.7,15.41145,-36.11111,1.66,832.0,1.97584,-36.78414,4.90132,5.89256,1.39079,6.65333,8.4384,47.77078,47.77078,88.78903,4.51971,72.27643
LVS,20.0,20.54054,5.0782,1.72834,-1.4,-36.86603,-23.48178,378.0,9.04306,145.86789,-1.32,2585.0,54.26136,145.86789,43.82775,-24.12632,1.6858,-2.11708,-2.40781,-36.27701,-52.2019,81.53908,42.71958,145.86789
LAZ,-18.99346,3.87454,6.47411,1.66224,3.51,13.89008,-26.53326,648.092,22.93615,-24.19007,3.98,2491.492,-5.37862,-32.29665,12.65262,13.47459,1.64069,5.82412,10.28351,46.6829,26.95779,63.66817,3.40392,142.30902
LEA,11.65625,6.0762,79.19699,1.34805,5.47,1.9563,1.76082,1415.9,6.7774,-11.63166,8.76,1545.3,2.02409,-12.35625,1.56858,2.50219,0.91483,3.9106,6.53435,7.03053,8.4804,40.90726,2.36161,69.22551
LEG,-1.77419,8.37543,12.3733,2.02252,2.27,6.02133,-9.96315,659.7,12.81792,-22.78912,2.28,976.8,6.578,-23.01193,6.01939,6.02926,1.02417,5.75004,7.67213,18.84027,18.83891,58.2139,3.46627,139.314
LDOS,7.35496,6.34325,31.37956,0.92298,4.96,4.81384,-1.41509,1463.0,10.16255,-5.88235,5.44,2084.0,5.98691,-9.03054,4.75827,5.17699,0.76843,5.3642,7.01968,15.94878,15.93653,56.35215,3.84142,129.10635
LC,87.65264,0.287,10.92752,1.07886,2.79,22.81468,44.39806,218.932,17.24239,1450.0,1.41,536.367,74.98786,1459.1227,22.81468,11.4986,1.06194,1.69934,7.48542,28.75948,28.75948,15.13076,0.94812,17.82832
LEN,23.74205,22.4373,83.15966,6.73512,15.72,13.80565,31.59345,6874.721,20.41733,10.16118,15.84,7202.144,4.77038,4.15371,13.70355,13.63432,1.44829,11.91784,14.5942,20.54515,20.55193,20.7788,0.92483,26.22884
LII,19.71277,8.44986,-5.72597,0.93783,13.88,10.53535,11.1044,735.4,15.58579,12.02583,14.02,1284.7,3.15706,7.13362,10.53535,10.60771,0.41963,17.34096,30.26718,110.26653,110.26653,113.13033,2.37952,110.26653
LNC,-1.66869,0.45737,21.1735,7.22005,-13.19,-11.98396,208.75652,-1677.0,-8.96791,208.75652,-8.63,5732.0,-15.0234,208.75652,-11.98396,-7.89322,7.22005,-0.31353,-5.88144,-18.78851,-18.04275,59.50186,208.75652,146.92493
LNN,46.56144,6.58729,35.82495,2.96443,5.94,8.49427,58.76863,111.943,14.52404,53.09278,6.1,199.178,0.02605,53.78418,8.49427,8.67819,1.5882,8.94423,11.95545,17.89252,17.89252,26.04524,1.23752,35.21779
LAD,-11.06593,32.94585,190.7033,1.45708,44.17,4.4545,20.01321,2181.0,7.70076,20.88123,44.75,5148.4,0.37356,18.00774,4.41708,4.45574,0.34403,9.59862,10.92874,25.44597,25.45011,60.50914,3.68909,154.42001
LYV,37.39172,13.17658,-1.58939,0.98268,0.64,2.45301,18440.785,1151.012,6.90003,1208.7021,0.67,4333.643,6.82691,1208.7021,0.89451,0.90295,0.85652,2.83929,5.38073,1208.7021,72.61439,90.97637,6.68825,1208.7021
LOB,0.0,52.589355,18.40705,0.92031,3.92,25.81935,12.75519,327.52,47.99074,5.66038,4.02,508.333,107.6344,5.51693,25.81935,25.83653,0.85823,2.12202,19.83934,23.09159,23.09159,9.56307,0.26185,10.57429
LMT,18.18689,4.82251,36.48032,1.32127,21.66,8.68695,-6.40474,9791.0,14.83845,-4.83304,26.52,8387.0,6.65995,-9.23199,8.68695,10.59852,1.09335,10.10453,20.92941,56.68232,56.68232,64.40261,1.71219,180.9195
L,-10.76105,1.51892,61.86616,14.94816,4.16,7.85053,0.99197,2138.0,15.21708,-31.46623,4.17,4430.0,11.51157,-35.86819,7.20285,7.20713,14.94816,1.2936,3.79828,6.23844,6.36597,37.82438,4.40412,60.83473
LPX,-38.23529,28.02909,19.97268,2.54167,11.34,22.96316,-30.11801,1362.0,35.33991,-19.51739,11.16,1499.0,13.73249,-21.1329,28.17852,22.5864,1.47917,33.91835,44.48052,66.56672,66.24252,21.65118,0.29075,27.63433
LOW,0.0,2324.5684,-7.18806,1.01993,12.04,8.77091,14.09249,14087.0,14.63584,55.35484,12.27,32056.0,7.18636,44.67866,8.77091,8.87264,0.07139,16.76471,29.33727,2324.5684,2324.5684,119.60274,2.0859,2324.5684
LUMN,0.0,784.799,10.41941,1.12846,-1.54,-8.85685,-21.22307,6544.0,37.44136,784.799,1.55,9610.0,43.4768,784.799,-8.85685,8.93496,0.57214,3.98869,5.52166,-13.89774,-13.89774,67.82775,3.36247,210.82687
LYB,-25.27038,12.01071,38.72911,1.75222,11.83,7.71838,-27.24114,6282.0,12.45169,-29.45736,12.7,6604.0,5.17606,-30.80214,7.6946,8.23155,0.92263,8.89108,12.62013,31.76562,31.49084,50.8334,2.09726,104.32338
MTB,0.0,538.27167,137.69275,0.92972,11.53,23.52064,18.34514,4372.751,51.64022,-16.44928,13.3,7662.0,-40.73393,7.1509,23.52064,25.62925,0.92948,1.38357,8.88457,10.09439,9.2161,24.52907,1.88181,32.50135
MHO,0.0,90.964745,75.46374,5.93417,17.24,11.87643,22.75897,647.475,15.67208,29.81928,17.6,1038.72,0.7105,23.63355,11.87643,11.87536,0.63153,11.45707,13.95984,26.55881,26.55881,32.55499,1.54372,48.26894
MBI,-75.28883,0.12249,-16.07934,0.63557,-3.0,-125.21008,0.0,0.0,0.0,-18.577671,-3.09,29.0,-18.577671,-18.577671,-163.86555,-129.32298,0.63557,-0.04646,-0.11157,-18.577671,-18.577671,169.8008,-18.577671,-18.577671
MDU,37.9091,6.19243,17.61644,1.35965,1.81,5.26646,8.20054,901.779,12.93084,-3.20856,1.81,490.059,-3.70587,-2.81437,5.26952,5.27796,0.93685,3.86319,5.49995,10.53876,10.53876,47.21009,3.55739,89.43015
MFA,-1.49886,-0.00275,19.53458,3.05804,-2.57,12.146732,0.0,0.0,12.146732,12.146732,-2.57,-110.515,231.73135,12.146732,12.146732,12.146732,3.05804,-1.45872,-1.49469,-10.22136,-10.2205,77.5176,12.146732,12.146732
MTG,-16.53408,2.45787,15.82215,136.20044,2.79,73.78582,29.21812,1183.187,100.88695,50.81081,2.93,1203.058,73.87532,36.27908,73.78582,76.41057,136.20044,10.8788,13.01843,18.20997,18.20997,12.49277,0.56019,14.27627
MGM,52.78777,24.00555,12.74514,1.80578,3.49,1.5748,-2.04019,1779.104,13.55251,44.81328,-3.49,6474.502,10.8136,22.54394,10.97853,-10.87879,1.57705,-2.45831,-2.82528,26.43886,2.50693,86.39227,19.15749,372.48245
MRC,32.18997,7.64318,4.61458,2.02482,0.6,2.23015,229.62962,178.0,5.29289,55.265957,0.6,584.0,-0.62816,55.265957,2.23015,1.48974,0.94504,4.87241,6.99477,21.15656,10.57083,42.95612,3.13483,75.30364
MSA,16.85413,5.54395,23.46599,2.54471,4.56,11.75625,200.995,316.427,20.70921,744.44446,4.8,673.831,5.74614,741.75256,11.75625,12.32457,1.43002,6.82405,10.77472,20.51752,20.43422,40.051,1.95033,66.80845
MSM,22.70541,5.91659,24.16971,2.12637,6.06,9.22242,23.94207,545.21,14.76776,56.58915,6.18,1558.248,3.36048,56.65055,9.20357,9.33672,1.00716,11.44321,14.07324,27.1687,26.9779,38.72012,1.57878,63.1857
MSCI,-0.19187,3.38709,-12.60537,1.39779,10.72,38.71626,11.10581,1329.671,59.13334,23.21839,10.82,1844.257,35.61066,19.91644,38.71626,38.85407,1.32488,14.42108,19.34605,172.32744,172.32744,127.54765,3.50972,172.32744
MAC,-13.13771,4.32409,13.31425,0.35653,-0.31,-7.62131,0.0,0.0,0.0,34.02539,-0.31,475.158,41.73992,34.02539,-7.73713,-7.80642,0.35653,0.98643,1.04655,-2.23481,-2.12486,61.14776,34.02539,157.3854
M,0.0,700.6134,12.38546,1.24778,4.55,5.65396,700.6134,3146.0,12.43872,700.6134,3.31,10443.0,6.71853,700.6134,5.65396,4.01514,0.37094,8.04624,13.43361,46.32329,46.32329,64.9942,2.137,185.66695
MAGN,0.0,0.0,5.51931,2.09339,0.26,4.24545,0.0,349.0,12.45095,0.0,0.28,378.0,0.0,0.0,4.24545,4.50118,1.35535,0.0,0.0,0.0,0.0,1.77725,0.12894,1.80941
MTW,12.79119,8.09116,15.32849,1.82275,-3.51,-6.08118,23.36207,143.1,7.04059,29.834412,0.37,364.5,0.08856,29.834412,-6.08118,0.6405,0.62304,2.92712,4.77072,-20.59657,-20.59657,44.51666,3.01537,80.23429
MAN,-5.70464,3.74613,48.40388,1.20822,7.08,1.88123,8.34795,741.1,3.73774,2.4602,8.5,3572.4,1.86004,-2.24895,1.88526,2.2378,1.17605,4.32835,10.45049,15.04528,14.9505,35.5962,1.83322,55.27033
MPC,24.51757,27.23552,61.04626,1.76034,27.98,9.00407,230.28139,22185.0,12.5019,1285.1486,27.84,26565.0,5.58528,49.06552,8.18019,8.0326,1.26109,13.52859,19.20336,53.57467,46.53696,44.30281,1.25801,81.799
MMI,-47.28558,72.13488,18.1758,3.46768,2.59,8.00678,-23.15063,150.946,11.59598,-27.04225,2.61,450.816,2.86055,-26.84425,8.00678,7.99877,3.36295,8.39106,10.95613,14.78565,14.78565,10.31835,0.54386,11.50553
HZO,5.66187,43.16703,36.11249,1.82667,8.84,8.57802,30.43061,293.568,12.71904,30.38348,9.44,805.754,-1.25433,27.75215,8.57802,8.87764,0.68915,14.517,18.62765,28.74492,28.74492,26.31825,0.95228,35.71881
MKL,17.51542,1.08665,929.27386,19.86441,-23.57,-0.88214,-98.13635,64.947,0.56611,259.95343,-32.05,4714.163,-16.76067,259.95343,-1.86641,-3.79378,19.26751,-0.27469,-0.70236,-1.61135,-0.70205,25.44047,71.72037,35.48071
VAC,21.51163,24.43045,66.59374,3.05833,8.77,8.40138,50.07728,971.0,20.86377,676.1062,11.65,1985.0,12.81156,697.95917,8.40138,10.11302,2.5518,5.44749,6.89106,14.29094,14.25966,67.2951,5.29351,205.7646
MMC,4.07248,3.803,21.26172,1.15714,6.04,14.86135,10.22415,5606.0,26.98825,-1.46819,7.07,8995.0,15.98907,-2.95896,14.68323,16.98407,1.06372,9.00438,12.56815,28.33388,28.10068,55.62116,2.40314,125.33259
MLM,1.4504,7.92067,115.46699,1.99011,13.7,13.8994,3.49973,1526.0,24.76991,22.21231,11.96,1423.0,8.85634,23.3879,14.06983,12.09454,1.28853,4.36679,5.11728,12.49544,12.49125,43.96556,3.68801,78.46169
MTZ,39.26428,3.63708,34.78977,1.5461,0.42,0.34657,-15.32119,713.568,7.29766,-90.5618,1.34,1221.005,0.3183,-89.8568,0.34111,1.02668,1.40231,1.57192,2.32755,1.26409,1.28241,56.18211,4.92549,128.21727
MAS,-1.87713,7.47631,-2.13049,1.55956,3.63,10.42627,-6.91589,1494.0,17.21198,124.07407,3.76,2713.0,5.82229,105.85366,9.7235,10.00645,0.84807,15.73825,26.25969,221.34895,221.34895,107.55542,2.30589,221.34895
MA,12.8344,6.64372,6.58787,1.17183,10.22,44.72973,21.99563,13400.0,60.36036,16.66667,10.21,22237.0,50.31025,14.30874,44.72973,44.51928,0.82175,20.69889,36.55647,145.92212,144.02785,69.87719,1.10396,232.74072
MTDR,90.87099,9.88988,26.15236,1.86123,10.11,42.06365,95.43362,2228.039,72.85876,105.90631,10.31,2482.942,9.71165,107.56794,39.70556,39.82433,1.73849,22.40159,26.71232,48.39395,47.25216,26.97017,0.54982,36.93034
MTRN,-3.73155,8.00936,38.94222,2.88934,4.14,4.89383,39.37222,197.365,11.23237,18.28571,4.86,343.88,1.75023,18.64945,4.89383,5.67315,0.95542,5.67385,7.28682,11.31127,11.31127,39.15445,2.60836,64.35055
MATV,4.38554,10.22117,21.46914,2.09118,-0.18,-0.30451,36.25304,280.0,12.9187,40.866123,1.73,306.0,0.45677,40.866123,-0.30451,3.38768,0.88157,3.09755,3.84228,-0.70911,-0.70911,59.76047,6.255,148.51183
MATX,-21.87955,14.18817,63.27548,1.30605,27.07,24.49689,11.61055,1405.4,32.36012,26.08291,27.28,1531.5,17.22024,14.71857,24.49689,24.49735,1.19154,19.79441,26.75999,53.67404,53.67404,28.39194,0.648,39.64909
MMS,-3.31916,5.64095,25.49398,1.33297,3.29,4.40137,-8.87901,464.779,10.03622,-29.55032,3.51,939.81,7.13655,-30.00412,4.40137,4.68205,1.2216,5.11583,6.64675,13.45533,13.45533,49.29216,3.2405,97.20816
MKC,4.404,11.30787,17.46455,0.69534,2.52,10.83694,-13.07384,1107.7,17.44272,-10.0,2.54,2274.5,4.11129,-9.70475,10.73931,10.72716,0.26445,4.40538,5.7545,15.00303,15.08433,53.37772,4.857,114.4897
MCD,12.95663,11.62793,-8.20922,1.42663,8.33,26.64671,3.46563,11798.6,50.89421,-17.03187,10.16,13208.0,22.72637,-18.12808,26.64671,32.27783,1.23584,12.39885,14.78752,1205.5714,1205.5714,114.06093,4.12752,1205.5714
MCK,-3.33412,15.92555,-15.66897,0.95389,7.26,0.48946,22.17412,5080.0,1.92449,967.8561,22.38,13084.0,1.59519,967.8561,0.42202,1.29126,0.46461,4.20846,32.52816,967.8561,967.8561,131.16522,1.48465,967.8561
MPW,0.0,95.65502,14.3819,1.28872,1.5,57.07186,0.0,0.0,0.0,35.13514,1.5,1537.954,101.51654,37.5866,56.99469,56.70132,1.28872,2.41461,2.50151,10.5982,10.60816,54.68602,95.65502,120.68246
MED,0.0,75.470245,14.25954,1.58122,12.73,8.98099,0.87681,223.887,14.00539,-8.35133,14.6,1140.414,10.88116,-12.47508,8.98099,10.22453,0.62239,37.78433,64.88247,80.31372,80.31372,14.38527,0.11636,16.80233
MDT,1.62944,5.75429,39.48997,1.8605,3.73,15.97551,20.31906,10031.0,31.65751,40.22556,4.57,21658.0,16.73255,39.73932,15.90292,19.36113,1.30103,4.97381,5.84193,9.69234,9.70438,32.15196,2.49068,47.38819
MRK,2.38353,6.34722,18.12215,1.47374,5.71,24.50281,39.10757,24067.0,40.5968,17.48971,6.42,42077.0,21.33411,11.26523,24.491,27.42007,0.98568,11.79755,16.7941,34.49718,34.4565,40.98382,1.329,69.44505
MCY,-10.39584,5.82115,27.48968,7.20454,-9.26,-14.03018,-52.98827,-616.852,-16.88125,-52.98827,-9.26,-361.965,-10.09738,-52.98827,-14.03018,-14.03192,7.20454,-6.14792,-18.16493,-27.99641,-27.99641,21.77986,-52.98827,27.84432
MTH,0.0,152.94551,53.99922,9.03464,13.37,15.7686,32.65545,1303.694,20.7192,38.62105,13.52,1802.895,3.11556,34.54473,15.7686,15.76881,1.76474,15.1316,17.11492,28.37266,28.37266,22.90494,0.90008,29.70999
MET,0.0,822.20654,34.7068,10.66505,2.91,3.66917,29.5351,4263.0,6.11481,-60.19152,2.93,14543.0,-15.94021,-61.2603,3.64192,3.37566,10.66505,0.3183,3.37873,5.37229,5.38322,42.1027,4.6547,72.71961
MTUS,-20.99503,14.78488,15.57926,2.98125,1.3,4.89511,-43.58727,117.0,8.79765,-59.1195,1.86,126.7,4.43266,-61.92983,4.89511,6.40559,1.80611,3.27435,5.08348,9.63659,9.63659,4.57326,0.2812,4.79243
MEI,-3.32038,4.1796,24.74411,3.3351,2.7,8.78309,-10.50107,167.9,14.42936,-15.3605,2.59,264.9,4.19173,-16.435,8.78309,8.28773,2.40721,5.04622,6.18934,11.15842,11.15842,20.25482,1.38237,25.39943
MCB,0.0,35.130657,52.59333,0.9141,5.29,20.68165,46.02299,179.49,62.46781,-17.9845,5.42,245.635,35.130657,-1.86607,20.68165,20.61559,0.9141,1.67639,14.59375,10.49091,10.49091,36.19619,1.82021,56.73046
MTD,9.57557,5.77849,1.11988,1.19809,38.41,22.25936,12.37836,1239.104,31.61214,17.17511,39.17,2308.042,15.34858,13.46151,22.25936,22.47646,0.70163,20.64431,34.10472,188.35184,188.35184,98.84977,1.71954,188.35184
MAA,0.0,73.36858,52.00104,0.07274,5.48,33.58818,0.0,0.0,0.0,18.87202,5.29,1230.709,43.77045,19.41678,32.69868,31.3,0.07274,3.09879,3.26418,10.65034,10.56558,41.70806,73.36858,71.55031
MTX,9.84231,5.5079,48.60748,2.12992,3.73,5.94213,3.71938,343.0,16.13738,-23.25103,4.9,465.0,3.93966,-25.6691,5.74924,7.53846,1.30681,4.65812,5.8576,7.83635,7.9118,40.97113,3.26443,69.40863
MOD,44.1155,6.13894,8.66731,1.53205,1.62,4.20955,-5.71776,155.0,7.56061,33.671947,1.04,309.3,-0.71338,33.671947,4.1559,2.63792,0.89626,4.63254,7.654,21.31599,21.19872,48.51652,2.78516,94.23707
MC,14.22259,21.96994,6.94604,1.03439,2.14,17.11991,-55.46636,224.075,22.74187,-59.92509,2.29,913.571,-3.9823,-58.83361,15.25885,15.28515,1.03439,9.74284,20.43477,32.21207,35.99559,29.57833,0.86026,42.00175
MHK,-1.40036,7.17033,126.09798,1.92005,0.39,0.21967,-14.23745,1671.079,14.23762,-97.38956,12.83,3011.4,0.98166,-97.55633,0.21511,6.97694,0.83784,4.75719,6.01999,0.30727,0.31355,28.67412,1.92889,40.20157
MOH,8.19761,16.67484,51.10345,1.47104,13.55,2.47701,27.50958,1664.0,5.20423,20.44444,17.12,3926.0,2.15566,20.18209,2.47701,3.09482,1.43574,7.58472,17.43859,28.31605,28.31605,46.06006,1.52103,85.39136
TAP,11.63422,15.25989,58.66713,0.78154,-0.81,-1.74283,-21.66902,1777.8,16.6134,255.30743,2.62,3655.2,5.25138,255.30743,-1.63817,5.31051,0.43438,2.55435,3.36673,-1.34295,-1.40335,34.17833,3.77225,51.92564
MCO,-3.95349,3.24318,13.75,1.72379,7.44,25.12802,-25.45629,2328.0,42.57498,-36.84211,7.77,3855.0,19.79014,-37.94038,25.12802,26.1321,1.47832,8.59916,11.64241,52.38277,49.02765,74.51668,3.37758,292.41354
MOGa,0.0,0.0,0.0,0.0,0.0,0.0,0.0,0.0,0.0,0.0,0.0,7106.927,0.0,0.0,0.0,0.0,0.0,0.0,0.0,0.0,0.0,0.0,0.0,0.0
MS,0.0,3450.1704,54.54593,1.36263,6.15,16.95432,15.42871,29200.0,44.28537,-23.4122,6.54,46437.0,14.3827,-26.63962,16.72683,16.77254,0.80009,1.33013,2.93435,11.66584,10.75788,81.19369,14.9675,3450.1704
MOS,10.95819,13.48887,35.55185,1.18483,10.06,18.89758,65.8899,5873.0,30.70818,135.59718,10.43,5755.8,10.05591,119.7228,18.7334,19.21827,0.47579,13.37253,19.49566,31.62406,31.50632,23.79673,0.64839,31.22796
MSI,9.52381,6.27548,0.69254,1.15241,7.93,15.0022,8.55294,2348.0,25.76822,10.59972,8.62,4394.0,16.60997,9.47791,14.9583,15.84559,0.63377,9.53886,18.64884,334.41238,334.41238,98.03951,2.79003,334.41238
MOV,19.01314,8.69366,20.65476,3.65682,3.87,12.63789,219.19334,128.603,17.55929,45.179317,3.91,419.065,15.19428,45.179317,12.50681,12.38036,2.48927,9.83059,13.36196,20.39903,20.40947,13.81463,0.59464,16.107
MLI,-19.39287,9.34617,15.70922,4.40619,5.82,16.6435,41.78315,914.507,22.9634,41.09091,5.98,1117.593,15.36845,40.50969,16.53041,16.7514,3.05319,27.40816,34.88947,43.69791,43.16742,1.29779,0.02608,1.31486
MWA,7.44581,5.66742,4.29468,2.82158,0.48,6.14077,-7.92079,186.0,14.91102,9.09091,0.56,364.3,-0.40284,8.80682,6.14077,7.06622,1.57469,5.2054,6.78655,11.23003,11.23003,41.44357,2.54677,70.77544
MUR,51.52121,12.01207,32.12735,0.77302,6.14,29.25323,121.87719,2527.656,64.81618,280.91306,6.28,3099.084,18.74897,280.91306,24.74651,25.00531,0.70209,10.2558,13.53249,21.13453,24.09365,35.11243,1.10229,54.11272
MUSA,43.94481,89.09049,29.45747,0.85086,28.1,3.16422,43.8285,1190.9,5.60005,88.3378,28.68,1475.6,2.46486,69.53893,3.16422,3.17011,0.42156,14.80469,20.29237,92.94841,92.94841,78.00021,1.90747,148.1398
MYE,30.01758,7.76787,7.0254,1.86704,1.64,6.69971,52.20246,108.496,12.06118,78.26087,1.74,284.066,3.1536,79.69766,6.69971,7.04301,1.13859,10.62128,14.98314,25.87944,25.87944,34.04469,1.21997,51.61781
VYX,11.69399,8.09912,10.72464,1.13601,0.34,0.80316,12.73234,1213.0,15.46405,-41.37931,2.04,712.0,7.66509,-38.14433,0.76492,3.55518,0.58828,3.40742,5.09759,4.67836,3.83328,77.69583,5.0371,87.86228
NL,14.75621,9.97796,7.82838,6.05167,0.69,21.88735,24.44132,17.708,10.63148,-34.28571,0.69,48.799,0.92443,-33.88294,20.31916,20.22045,5.00443,1.42317,2.17616,9.09027,9.2561,0.12399,0.02824,0.12415
NNN,-10.99529,19.92736,22.72841,1.27519,1.89,43.58117,0.0,0.0,0.0,25.16556,1.91,746.772,58.51704,15.34333,43.58182,43.88211,1.27519,3.67498,3.72404,8.33942,8.33929,48.70983,51.41785,94.96913
NPKI,23.53029,4.04337,4.71598,2.61422,-0.22,-2.55446,76.59286,62.528,7.66656,13.405487,0.17,59.991,-0.37215,13.405487,-2.55446,1.93246,1.64051,2.03695,2.55845,-4.70605,-4.70605,24.80117,2.23129,32.9808
NRG,53.87635,8.12859,16.67531,1.25027,5.17,3.87091,-44.14003,2569.0,8.14444,-42.10526,4.9,4019.0,6.52998,-44.1701,3.87091,3.66611,0.53543,4.62229,10.07099,32.87561,32.87561,68.44188,3.23161,216.87566
NUS,14.6759,50.20718,18.12719,2.11519,2.07,4.70773,-30.00997,256.946,11.54472,-27.62238,2.86,1621.644,3.89369,-28.85119,4.70773,6.42532,0.9071,6.24576,8.21372,11.57725,11.57725,36.71289,2.0258,58.01007
NVR,12.34368,334.5825,1089.4219,7.34871,491.82,16.30934,38.91387,2310.114,21.83413,53.46356,525.2,2823.687,14.61806,39.52846,16.30934,16.31153,3.65948,24.93072,31.36195,53.01935,53.01935,22.57801,0.4427,29.16228
NBR,13.84871,8.63057,39.1881,1.6778,-40.52,-11.57668,46.57037,694.232,26.16026,80.260704,-40.93,987.762,10.19105,80.260704,-13.19864,-13.72371,1.30739,0.35543,0.43041,-73.00055,-23.54507,67.9104,3.70497,80.260704
NBHC,0.0,16.71205,29.04097,0.93159,2.18,20.3375,-9.4842,139.407,39.77875,-27.57475,2.53,297.418,-232.89618,-23.85745,20.3375,23.36122,0.92824,0.91557,6.12242,7.37709,7.37709,31.21374,3.55519,45.37787
NFG,76.20854,6.97535,22.73657,0.39182,6.15,26.43211,13.62754,1136.631,53.07853,54.91184,5.95,1272.752,-0.15081,55.65122,26.43211,25.39889,0.22535,6.24013,10.1904,29.28122,29.28122,56.75375,2.40142,131.23392
NSA,89.92972,61.30934,15.83627,0.14262,0.99,22.70627,0.0,0.0,0.0,1.02041,1.04,605.544,46.14332,-1.44034,12.81789,11.72457,0.14262,3.23365,3.29578,6.96321,7.54454,59.95574,47.76623,149.7237
NGVC,0.0,35.05927,6.86699,1.02129,0.94,1.96077,0.17426,58.061,5.32853,3.2967,0.94,353.711,0.37016,3.80934,1.96077,1.95544,0.16362,2.85952,3.44728,14.31285,14.31285,71.62856,6.77519,252.46709
NNI,-17.26135,0.10649,86.15564,8.55637,10.83,22.99493,12.33383,747.995,43.40816,6.17647,10.59,1339.762,213.91643,3.57526,23.63944,22.66827,8.55637,2.05202,2.1907,13.2467,12.88015,82.0769,19.59052,116.34958
NJR,9.14187,13.99716,18.8801,0.68477,2.85,9.46056,34.01912,535.724,18.43523,133.60657,2.86,605.678,-11.5272,133.20213,9.46056,9.45795,0.19725,4.23988,5.44382,15.94642,15.94642,63.24841,5.83764,172.09706
NEU,21.45045,7.88436,78.58246,2.81237,27.77,10.11061,29.79516,416.562,15.06663,56.80407,28.36,640.497,2.96986,46.4255,10.11061,10.29343,1.23241,8.94061,11.52627,36.67188,36.67188,58.87373,2.62005,143.1536
NEM,8.60534,33.89758,24.40605,2.22659,-0.58,-3.34872,-23.55433,4693.0,39.38733,426.1787,0.28,4526.0,17.29648,426.1787,-3.6005,1.86588,1.40943,2.50962,3.68535,-2.21868,-1.92782,23.89246,1.30663,31.39303
NEE,28.74482,5.4241,19.74283,0.50534,2.1,15.4896,25.04006,8584.0,40.96202,16.0221,2.44,10139.0,-6.14144,16.06493,19.78908,22.96786,0.31969,1.70128,2.3738,10.85162,6.82614,56.78747,7.56827,134.43282
NI,26.19913,6.2657,14.62818,0.55451,1.7,13.53366,10.51782,1984.9,33.92644,33.85827,1.64,2250.7,-13.78534,37.47649,13.74389,11.41155,0.23974,2.85916,4.00166,14.07036,10.43579,58.96022,5.71928,143.666
NIC,0.0,33.23166,66.19897,0.83877,6.56,28.40543,40.321,167.946,50.61084,20.58824,6.87,286.381,-149.78535,55.4112,28.40543,28.79563,0.83831,1.27549,7.96764,10.11146,10.11146,36.26973,3.29558,56.91131
NKE,4.57092,10.2322,9.72693,2.62936,3.75,12.9437,-6.78436,7392.0,15.82531,5.33708,3.7,21479.0,4.40805,5.57011,12.9437,12.50602,1.64623,10.68876,15.59929,43.11181,43.11181,45.24509,1.7082,82.63203
NINE,64.43108,7.00975,-0.7076,2.42861,0.45,2.42559,24.631395,84.636,14.26332,24.631395,0.49,136.289,-0.89211,24.631395,2.42559,2.55421,1.52418,6.86331,8.07547,24.631395,24.631395,106.63487,4.46385,24.631395
NOAH,-30.13337,1.81224,21.78302,3.31615,2.07,31.33785,-16.48541,161.645,35.95995,-32.35294,2.23,240.45845,19.42253,-31.55638,31.49846,33.89891,3.11961,5.07438,6.39314,10.7694,10.59514,1.73285,0.15027,1.76341
NE,132.81142,4.1212,26.78243,1.57667,1.73,11.94953,388.1393,420.615,29.74968,-66.79463,3.08,435.745,3.71725,-52.03203,11.94953,18.52884,1.49868,3.81874,4.60441,6.61541,6.61541,16.64812,1.71286,19.9733
NAT,123.89991,10.54949,2.58617,1.97009,0.07,4.45011,22.102207,86.597,25.51924,22.102207,0.07,105.395,-14.73872,22.102207,4.45011,4.16759,1.48829,2.61231,2.71285,2.90906,2.90906,36.21411,3.54022,56.77449
JWN,0.0,355.58344,3.64492,0.95715,1.1,1.2036,355.58344,1107.0,7.48529,355.58344,1.53,5445.0,2.6185,355.58344,1.2036,1.64494,0.17954,3.34112,5.71933,40.18059,40.18059,88.89526,4.20145,355.58344
NSC,20.78273,15.58069,55.82788,0.75764,13.88,25.65712,7.35665,5954.0,46.71636,14.61602,13.34,6030.0,12.43331,8.81864,25.65712,24.57616,0.60551,7.64591,10.32739,24.79715,24.79715,55.87858,2.70843,126.64729
NOC,7.68789,5.06497,99.97519,1.07776,31.47,13.37632,0.6721,4943.0,13.50473,-27.72164,31.61,7474.0,5.19473,-30.10707,13.37632,13.37738,0.94252,5.21376,7.77485,34.67668,34.67668,49.48535,3.03459,97.96238
NWN,40.19466,4.75518,33.08771,0.82807,2.54,8.31954,2.72293,284.184,27.39511,-0.78125,2.54,383.051,-21.78798,9.70813,8.31954,8.32112,0.32893,2.37544,3.94894,8.1781,8.1781,58.77069,5.89598,142.5459
NCLH,-72.05314,6.48539,0.16276,0.37051,-5.41,-46.86254,-38.15023,-790.291,-16.31565,-38.15023,-4.92,576.674,-8.36437,-38.15023,-46.86254,-42.63802,0.25189,-5.1613,-6.43605,-181.50262,-181.50262,99.52094,-38.15023,-38.15023
NOV,36.02694,3.44127,12.97243,2.254,0.39,2.14177,300.0,692.0,9.56197,116.06992,0.7,1397.0,-3.21093,116.06992,2.14177,3.77228,1.43332,2.48286,3.26879,3.07144,3.03981,31.54667,3.41908,46.08492
NUE,-6.82262,11.15177,72.6438,3.3932,28.79,19.46317,13.5944,11567.736,27.86569,24.30915,28.33,12527.0,14.0751,11.42264,18.32543,17.90382,2.08177,22.52507,28.09136,46.91386,47.28572,25.77691,0.58753,34.72897
OI,9.82659,9.47658,9.16037,1.10437,3.67,9.11337,5.89452,1024.0,14.88372,317.04547,2.46,1213.0,6.07558,291.94632,8.48837,5.5532,0.6504,4.39418,6.42256,54.65606,53.24841,76.3979,4.83008,136.18687
OFG,0.0,53.428776,21.90803,0.85396,3.44,25.8689,9.08078,390.771,60.80894,22.41993,3.44,589.609,-29.89836,13.74469,25.8689,25.71244,0.84155,2.32307,20.25944,15.74557,15.74557,4.9602,0.13922,5.21908
OGE,42.67488,12.23967,22.04496,0.74398,3.32,19.72035,15.64257,1110.4,32.89392,-9.78261,2.21,1211.9,-21.3378,-9.71111,19.72035,13.10667,0.22883,3.22799,4.49195,15.71957,15.71957,50.94478,4.1277,103.85191
OGS,0.0,69.70242,46.69243,1.0237,4.08,8.6013,11.77702,578.436,22.43735,5.97403,4.09,646.653,36.64634,7.41545,8.6013,8.59993,0.48087,2.70387,3.52777,8.9884,8.9884,55.76117,5.63167,126.04575
OKE,6.27735,15.05468,14.52257,0.83489,3.84,7.69299,3.4433,3327.322,14.86281,14.62687,3.85,4477.0,1.99287,14.83724,7.69299,7.69603,0.57429,7.03425,8.44353,27.53561,27.53561,67.87968,4.12448,211.32938
OUT,1.61031,5.66166,7.64606,0.70776,0.86062,8.41375,41.51972,441.4,24.9083,1580.0,0.86062,855.5,12.26582,315.44943,8.34603,7.63636,0.64521,3.02043,3.25111,13.32733,10.8844,75.74385,9.54486,149.09581
OXY,1.73479,8.63093,22.58465,1.14555,12.4,36.31599,54.51269,21862.0,59.6768,501.94174,10.37,24571.0,28.3241,472.95435,36.31599,26.21798,0.71819,12.6452,18.38232,86.14349,52.78108,40.83579,0.94982,69.02111
OII,12.52761,4.5448,5.18393,2.28189,0.26,1.25556,29.13849,231.832,11.22084,39.34036,0.26,307.377,4.65126,39.34036,1.25556,1.26075,1.85871,3.4692,4.96952,5.06313,5.00392,62.39419,3.76305,165.9164
OIS,20.71752,3.79577,10.79053,2.38936,-0.15,-1.2932,230.89708,63.112,8.55517,24.755415,-0.21,159.15,2.28416,24.755415,-1.2932,-1.75463,1.34651,-0.24545,-0.29753,-1.37724,-1.37724,20.67253,2.84727,26.05974
ODC,26.29328,7.52843,10.58116,2.36383,0.4,1.60992,-12.03102,23.939,6.8674,-45.57823,0.73,62.515,-3.58355,-48.94268,1.62771,2.89873,1.40124,2.74138,3.50476,3.65761,3.62555,22.9272,1.86829,29.74745
ORI,11.96961,1.13633,20.76637,19.15713,2.26,8.49137,-52.5106,952.4,11.78203,-55.24753,2.28,5643.3,-4.25311,-55.26299,8.49137,8.50898,19.15713,2.30374,6.91547,10.51197,10.51197,22.78061,1.91002,29.50115
OLN,-18.0753,9.89991,19.226,1.38107,8.94,14.15179,1.34116,2312.2,24.66031,12.31156,8.96,2180.9,16.96956,2.32899,14.15179,13.8468,0.74408,13.48728,19.76962,51.07587,51.07587,53.65667,1.27368,115.78078
OHI,12.60448,0.76539,15.40806,4.89912,1.8,49.55828,0.0,0.0,0.0,2.85714,1.95,794.081,9.5007,2.4447,48.21283,52.02672,4.89912,2.37013,2.44134,11.36017,11.09374,58.24811,53.305702,139.51015
OMC,-4.43081,1.72474,16.04391,0.97078,6.36,9.82427,2.39881,2416.1,16.90869,-2.60337,6.98,2758.8,4.3681,-6.4853,9.21332,10.04324,0.8264,4.95428,12.56532,40.3692,33.91518,61.70532,2.77389,177.47061
OMF,3.48496,0.30593,25.02437,248.44006,7.06,17.24612,-22.40582,2348.0,46.12061,-28.47011,7.31,2639.0,9.57081,-33.18113,17.24612,17.83046,248.44006,5.84484,6.14035,28.68344,28.68344,85.8926,7.85434,248.44006
ONIT,0.0,66.87214,60.68297,7.35243,2.85,2.52456,-37.90279,245.8,24.14538,47.66839,2.89,889.0,16.94165,42.16174,2.52456,2.4548,6.77782,1.17635,1.25523,5.50679,5.50679,96.09902,45.77136,66.87214
ONTO,36.22358,4.80259,32.7916,7.0683,4.49,22.21824,34.62323,312.789,31.11762,56.99301,4.67,539.221,7.93312,56.89186,22.21824,22.962,4.91523,9.004,10.12854,14.77819,14.77819,1.36075,0.07041,1.37952
KAR,-12.10683,0.53324,13.94023,1.14346,-0.1,1.88232,-39.07552,241.2,15.87469,55.888035,-0.22,694.9,-5.91763,187.81955,12.59708,-1.68395,1.11361,1.40584,1.69065,1.88698,1.35075,51.52205,9.38889,106.27933
OPY,0.91492,0.77413,72.40706,1.41445,2.57,2.89034,-68.24405,77.005,6.93151,-78.03419,2.76,976.055,21.22104,-79.64885,2.91204,2.89828,1.09582,1.50669,2.87432,4.0003,3.62119,38.32358,6.6201,64.12703
ORCL,10.05731,7.47052,-2.33396,1.62129,2.41,16.2606,2.06852,18948.0,44.64656,-47.03297,3.92,33563.0,19.93491,-51.13488,15.82705,24.93874,1.4682,8.22886,11.86513,2509.2017,2509.2017,107.82112,4.19659,2509.2017
ORC,0.0,-53.358406,11.93426,0.07327,-6.9,-53.358406,-53.358406,-652.481,-53.358406,-53.358406,-6.9,-243.877,68.92916,-53.358406,-53.358406,40.91801,0.07327,-7.45903,-7.53135,-42.83065,-42.83065,88.50566,-53.358406,-53.358406
ORA,4.77779,5.83217,33.29241,1.32801,1.17,10.59648,4.19038,389.174,53.0095,6.36364,1.65,255.024,-41.91784,6.03782,8.96822,12.59999,1.12794,2.56058,2.88334,3.5374,3.85281,50.2712,5.27454,101.57043
OSK,0.0,0.0,48.65744,1.86614,2.63,2.09973,0.0,476.3,5.75103,0.0,3.51,1054.4,0.0,0.0,2.09973,2.78444,1.06119,0.0,0.0,0.0,0.0,21.11285,1.79005,26.76335
OVV,23.93661,9.28417,31.29426,0.60971,14.08,29.18004,81.56649,4984.0,39.98716,164.66165,14.56,7205.0,6.41748,156.85028,29.18004,29.62465,0.5518,16.54443,20.91112,56.99287,56.99287,36.88229,0.90149,58.43413
OMI,12.02132,13.77862,12.39665,1.4652,0.29,0.22489,-13.47676,421.35,4.23235,-90.13605,0.86,1918.626,3.6039,-89.89616,0.22489,0.64353,0.53175,2.6993,4.14157,2.37662,2.37662,74.60359,6.59256,293.75647
OC,2.34292,10.27474,49.78237,1.69011,12.7,12.71386,20.58347,2232.0,22.86651,33.12369,13.31,2658.0,12.84064,24.72362,12.71386,13.17228,0.98289,10.56965,14.31833,27.97881,27.71327,41.10375,1.44489,70.16971
PBF,13.98716,34.25897,38.02251,1.25873,22.84,6.34803,418.19775,4439.4,9.47976,1102.1052,24.16,5182.2,6.08073,1145.3679,6.14303,6.3249,0.70373,20.8531,34.46059,83.928,78.34704,34.31975,0.5951,52.25277
PCG,10.10533,3.15025,11.48162,0.81169,0.84,8.36716,20.70615,7316.0,33.74539,670.5258,1.39,7015.0,-22.40429,670.5258,8.36716,12.73953,0.61971,1.94845,3.00337,8.28424,8.18999,69.88148,7.31807,232.02167
PJT,-0.11697,5.55652,7.56183,3.69657,3.51,16.0674,-7.49709,217.75,21.23344,-12.03008,3.64,977.304,28.03817,-14.72572,8.82824,8.90136,3.69657,12.40478,14.96321,59.30084,23.58721,15.15072,0.62286,17.85604
PNC,0.0,1389.8914,99.82045,0.75565,13.86,25.93661,4.5063,11039.0,46.83695,9.13386,13.97,20643.0,-214.92532,6.4681,25.63113,24.42038,0.75344,1.12275,6.40304,13.31878,12.04081,57.05863,5.51436,132.87567
PPG,5.09862,6.409,28.04223,1.51938,4.33,5.97962,-0.74203,2274.0,12.87656,-26.98145,5.55,5681.0,2.19493,-28.70049,5.80974,7.4199,0.94599,5.1075,7.61844,15.96521,16.09756,53.22783,3.35752,113.80236
PPL,62.69663,6.75962,18.89375,0.74532,0.96,9.03569,14.55526,2975.0,37.6487,3100.0,1.41,2887.0,-5.71691,404.69836,9.5672,13.13336,0.51597,3.15578,4.21435,5.1668,5.16624,50.66289,4.80403,102.68717
PRG,-2.6392,39.72484,11.87595,4.55499,1.9,3.79968,-8.29919,1996.378,76.84803,-48.22888,2.23,840.096,72.54821,-59.47191,3.79968,4.45695,4.12597,8.22169,10.33484,15.7951,15.7951,51.76005,0.3066,107.29708
PVH,16.16524,13.20358,77.16933,1.31074,13.25,10.39903,386.59634,1245.2,13.60176,332.24524,11.01,5324.1,8.12233,332.24524,10.40231,8.51484,0.72029,4.59512,6.08568,19.00969,19.01015,42.82996,3.18198,74.91681
PKG,-3.66013,8.06353,40.88411,2.86499,11.03,12.14673,13.02934,1945.8,22.95117,24.91506,11.18,2090.6,5.45603,22.43491,12.14673,12.17167,1.68213,11.74987,14.54136,28.31338,28.31338,43.2355,1.43545,76.16645
PARR,29.61283,32.68705,10.65861,1.04891,6.08,4.97405,4908.9966,520.034,7.10256,312.40683,6.24,945.771,5.14305,312.40683,4.97405,5.07465,0.43955,9.43011,20.09882,80.0207,80.0207,57.51082,1.6776,135.35406
PGRE,4.08824,2.02873,16.58805,1.97976,-0.16,-4.09348,0.0,0.0,0.0,27.960623,-0.16,408.465,33.14637,27.960623,-5.28477,-5.14056,1.97976,0.87719,0.89873,-1.01395,-0.63609,46.54319,27.960623,87.06692
PKE,9.24931,6.70899,6.62978,20.0952,0.41,15.79753,55.61497,12.804,23.89787,64.0,0.43,17.917,4.37026,74.01316,15.79753,16.39005,18.86523,4.49601,5.36373,6.23332,6.23332,0.16709,0.01773,0.16737
PK,34.375,22.48,19.36518,1.03971,0.71,6.84065,0.0,0.0,0.0,49.723248,0.73,753.0,13.72578,49.723248,6.40569,6.58126,0.98615,2.02835,2.14162,3.68559,3.97976,53.06279,49.723248,113.05057
PH,6.86568,6.91464,68.88238,2.05598,10.09,8.29794,15.41738,3495.039,22.03458,-24.41948,17.09,5316.306,16.80433,-24.65466,8.29427,13.84936,1.63663,7.89474,10.2617,15.25665,15.23929,56.7311,3.32371,131.11287
BTU,35.60261,13.77547,22.45518,2.58245,8.29,26.44373,134.132,1592.8,31.97174,176.33333,9.46,1691.1,11.94399,260.2055,26.03625,26.983,1.99227,14.50912,23.01159,51.88761,51.5052,9.88951,0.22702,10.97487
PEB,22.17033,33.82358,23.71466,0.35573,-0.95,-6.10544,0.0,0.0,0.0,28.317326,-0.41,382.283,16.74346,28.317326,-6.26278,-3.8427,0.35573,0.99246,1.04601,-2.83386,-2.72007,47.13666,28.317326,89.16702
PFSI,44.15603,0.50141,69.43765,2.15979,8.5,20.48555,-41.82492,1035.083,44.59293,-42.83793,9.19,2026.727,218.78802,-52.61468,20.48555,21.00944,1.42574,3.51368,5.01415,13.80407,13.80407,67.15523,6.85645,204.46243
PMT,-41.89065,0.1574,15.98998,0.5046,-1.26,-10.26154,35.52081,473.507,66.29977,14.802875,-1.26,-321.203,14.802875,14.802875,-10.26154,-16.1311,0.5046,2.13721,2.20351,-4.51362,-3.38482,85.31542,24.08347,14.802875
PAG,23.52861,33.90602,59.52757,0.98963,18.55,4.98368,9.28344,1615.1,5.80662,24.66398,18.55,4838.8,0.53578,16.18118,4.96139,4.96149,0.21498,6.74331,8.52279,33.58481,33.52439,62.80404,4.36444,168.8464
PNR,-0.54879,7.08822,16.45831,1.466,2.92,11.72303,12.08776,822.5,19.95487,-12.04819,3.5,1370.4,5.62163,-13.03798,11.66723,13.99389,0.64792,7.98917,10.51396,18.83821,18.83821,46.97382,2.91672,88.58609
PFGC,0.0,292.1392,21.48112,1.65758,0.74,0.23838,41.74118,840.1,1.7801,146.66667,1.03,5256.4,-2.06806,176.41278,0.23838,0.32694,0.64767,2.33204,3.51906,4.16235,4.16235,60.23118,5.94834,151.45325
PR,279.48978,12.74768,10.17468,0.76588,1.61,35.18286,135.36682,1534.827,72.01484,250.0,2.01,1705.759,22.10692,272.74255,24.16579,26.9878,0.5654,11.0419,11.84658,18.11456,17.83843,28.11189,1.44114,39.10506
PRGO,6.56471,6.21862,35.94729,2.44244,-0.97,-2.94052,4.81468,576.9,12.95939,103.18789,0.52,1479.2,7.0747,103.18789,-3.15842,1.57112,1.20277,1.38915,1.65375,-2.61962,-2.61962,47.17671,7.4961,89.31042
PFE,-4.59099,8.94566,17.03365,1.21646,5.47,31.29772,52.75298,43113.0,42.9712,39.18575,6.16,67078.0,24.23839,42.73625,31.26881,34.43166,0.79937,12.55971,18.73803,36.29022,36.22217,28.93142,0.90569,40.70916
PM,23.2789,9.11,-5.7779,0.7177,5.81,29.99496,-4.49399,13835.0,43.55834,-0.34305,6.09,20659.0,23.17982,-0.66967,28.48687,29.71948,0.29167,15.48737,27.70587,1659.3413,1659.3413,116.86261,3.16133,1659.3413
PSX,54.72467,21.7448,63.31304,1.3797,23.27,6.70098,442.64352,11249.0,6.61745,683.5017,18.88,20058.0,3.01702,737.0539,6.48509,5.2367,1.07735,9.08559,13.40723,45.31032,40.86971,34.81643,1.61943,53.41289
PDM,6.73441,3.30872,14.96814,0.40436,1.19,25.92036,0.0,0.0,0.0,32.51055,1.29,337.708,59.12707,32.51055,25.92036,28.09044,0.40436,1.19645,1.27912,8.0821,8.07495,51.75356,32.51055,107.2692
PNW,18.70866,7.90027,53.44603,0.99342,4.26,11.58144,1.98608,1485.106,34.34259,-22.12066,4.27,1707.97,-17.92258,-21.83831,11.18314,11.17724,0.33994,2.04551,3.12857,8.09048,8.22284,59.03527,5.97745,144.11246
PIPR,14.54847,4.21258,77.09157,1.43884,6.52,7.05029,-61.84398,190.753,13.2918,-60.31649,8.79,1269.825,-10.19429,-60.26268,7.71184,8.56388,0.96456,4.20644,6.4002,10.45928,8.15677,19.07591,1.54969,23.5726
PBI,1.47647,3.92279,0.34852,1.04001,0.21,1.04408,-6.00031,295.081,8.34024,950.0,0.18,1101.412,2.76894,116.324455,1.04408,0.88479,0.9195,1.69134,3.06189,42.63497,42.63497,97.70231,8.74027,116.324455
PLNT,69.65183,25.49074,-2.38539,2.27183,1.18,11.79113,62.28155,359.181,38.34241,131.37254,1.27,513.537,17.02861,132.38882,10.61112,11.40662,2.20499,6.0352,8.403,72.307396,72.307396,109.78192,6.61042,72.307396
PLYM,0.0,19.566479,10.9919,0.17121,-0.67,-9.32226,0.0,0.0,0.0,19.566479,-0.62,126.788,52.13338,19.566479,-9.20775,-13.44845,0.17121,0.69557,0.73338,-4.08486,-3.33017,63.83303,19.566479,176.49539
PII,42.61954,29.43959,19.2807,1.18853,10.04,7.02527,9.88779,989.1,11.51589,27.41117,10.25,2007.9,1.45273,-9.4756,5.2055,7.07678,0.29537,9.20907,14.56889,51.90031,51.31825,66.06458,2.1928,194.67732
POR,20.97264,7.28198,31.12575,0.80882,2.6,8.80242,4.09207,814.0,30.75179,-4.41177,2.61,1311.0,-4.864,-4.5082,8.80242,8.80419,0.37634,2.4871,3.79628,8.49435,8.49435,58.89661,4.89189,143.28896
POST,5.87859,12.10677,55.43441,2.69896,11.75,12.68971,-23.27138,825.6,14.10993,393.69748,4.84,1467.5,6.83898,353.86923,12.93068,5.03753,1.91296,2.35376,2.80475,24.51471,22.39312,63.05486,7.38481,186.69504
PBH,21.50117,8.56064,31.37714,2.04478,4.04,18.89757,12.559,368.705,33.92537,24.30769,4.22,627.87,18.21766,24.71369,18.89757,19.51515,1.16101,5.92632,7.06352,13.99097,13.99097,48.8448,4.08554,95.48355
PRI,-5.87353,0.61853,46.74938,7.78921,9.74,13.52779,-8.4164,613.394,22.55015,3.83795,11.31,1795.454,36.65152,-0.09241,13.71301,15.79872,7.78374,2.29963,9.11965,19.61151,19.30972,54.76457,3.39773,121.06565
PRMB,-0.24886,9.19892,8.03057,0.77903,0.18,1.33628,14.10971,389.0,17.56128,74.91574,0.41,994.2,2.56196,74.91574,1.33628,2.97561,0.55198,2.4728,3.01135,2.2743,2.2743,57.33196,4.43136,134.36745
PRIM,40.32911,6.16578,20.87225,1.49762,2.47,3.00912,-6.04021,274.465,6.20877,13.82489,2.19,456.885,-0.32674,15.05912,3.00912,2.63557,0.96327,3.59984,5.13581,12.67535,12.67535,54.84529,4.90702,121.46085
PRA,-1.99863,1.55744,20.45842,4.52452,-0.01,0.57491,-77.2524,19.84,1.81889,12.170882,-0.09,196.751,4.6581,12.170882,-0.03685,-0.44562,4.52452,0.13077,0.45399,-0.03175,0.49526,28.81937,22.52979,40.48766
PUMP,68.49658,7.43854,8.33108,1.15696,0.02,0.15863,116.40214,300.641,23.49307,43.40441,0.61,396.881,-3.33383,43.40441,0.15863,5.04645,1.1087,8.99726,11.88923,0.22805,0.22805,3.35922,0.1103,3.47598
PG,8.84656,16.25193,19.49223,0.65455,5.81,18.44813,-0.77029,20869.0,26.02542,5.63636,6.08,38030.0,12.17701,3.04767,18.38453,18.27556,0.37354,9.54591,14.232,31.64334,31.64007,40.80129,1.54742,68.92261
PGR,8.89656,3.18162,26.32433,4.72342,1.18,1.45504,-63.76416,1727.0,3.48281,-79.15194,1.49,1688.0,-2.04913,-78.46847,1.45504,1.75604,4.72342,1.18556,3.80075,4.35494,4.22887,29.11025,3.77852,41.06412
PLD,-10.90043,15.67665,57.60038,0.66243,4.25,56.54093,0.0,0.0,0.0,7.86802,4.3,4775.47,57.66454,14.46167,53.51077,53.72619,0.52517,2.21583,2.34563,7.77675,7.43766,29.75893,225.35909,42.36685
PB,0.0,94.03579,73.36634,0.61594,5.73,42.30094,1.60221,803.2,64.77613,2.32143,5.73,1150.359,-160.17445,1.00501,42.30094,42.33118,0.61585,1.28255,6.07261,7.99164,7.99164,25.77745,2.89677,34.72995
PRLB,-4.77945,6.25045,25.94645,2.60639,-3.77,-21.18395,-7.19806,65.198,13.34936,12.065857,-0.21,215.465,10.72243,12.065857,-21.18395,-1.17857,2.24072,1.8614,2.07187,-13.55864,-13.55864,2.96982,0.32751,3.06071
PFS,0.0,42.685833,21.25481,0.90221,2.35,31.70713,4.75649,315.184,56.8955,7.30594,2.41,500.337,-200.4418,4.60157,31.70713,32.49804,0.90203,1.37,7.00189,10.66214,10.66214,46.90143,4.4775,88.329
PRU,0.0,471.72943,44.4034,4.7506,-3.93,-2.49284,471.72943,-539.0,-0.91904,471.72943,-5.14,9289.0,-39.155,471.72943,-2.45192,-3.26289,4.29483,-0.05092,-0.60025,-3.68123,-3.66343,61.94941,471.72943,162.808
PEG,9.15222,4.51405,27.62374,0.64416,2.06,10.52041,589.1667,2481.0,25.31633,273.59967,2.07,2604.0,5.5574,273.59967,10.52041,10.51898,0.41287,1.76658,2.5276,7.32062,7.32062,59.85203,8.2495,149.07858
PSA,0.0,194.8723,32.65552,97.35877,23.5,100.84447,0.0,0.0,0.0,138.09525,11.49,3214.493,52.59236,122.66059,100.4489,46.50895,97.35877,8.13665,8.3438,79.37429,44.57579,40.54859,194.8723,68.2046
PHM,0.0,377.74796,39.47086,5.68357,11.01,16.12741,31.91814,3449.517,21.25527,48.18304,11.07,4834.498,-0.56686,34.47516,16.12741,16.03033,0.54631,15.00312,19.30737,31.91147,31.91147,23.39484,0.78919,30.5395
PSTG,17.63261,4.34855,2.57775,2.30194,-0.5,-6.56896,80.681625,-12.1,-0.55483,80.681625,-0.49,1472.519,12.90659,80.681625,-6.56896,-6.42329,2.05332,-1.99947,-3.57753,-19.04607,-19.04607,54.82185,80.681625,121.34593
PRSU,33.06331,10.51895,0.70129,1.1347,0.52,2.18635,36.03067,101.293,8.98536,36.03067,-0.14,24.298,-0.18059,36.03067,2.05977,-0.25569,0.88699,3.11875,4.1114,221.71825,10.61776,71.3845,5.7724,254.84961
QGEN,-11.34862,6.03473,16.14263,2.45654,1.95111,19.7622,-11.02397,764.442,35.69627,-16.74208,2.14197,1445.437,23.23458,-17.43819,19.7622,21.46634,1.92239,5.84281,6.88099,12.89656,12.89656,36.06029,2.55752,56.39733
QUAD,2.92818,8.75851,3.28084,0.88572,0.18,0.28909,1.61154,239.6,7.44793,-74.64789,0.88,598.2,2.93402,-75.39683,0.28909,1.38688,0.50013,3.42099,6.37848,6.00581,6.00581,79.84849,2.85935,35.8107
KWR,9.80134,4.30204,71.1932,2.80208,-0.89,-0.81509,-4.18945,254.972,13.11864,50.45348,6.14,612.654,2.93811,50.45348,-0.81967,5.63617,1.84295,3.77561,4.75443,-1.19548,-1.18822,43.68415,3.88983,77.56989
NX,-11.00992,12.03765,14.03106,2.007,2.66,7.23175,19.42854,151.39,12.39376,56.47059,2.67,268.498,3.79011,55.02984,7.23175,7.22374,1.08058,9.64681,12.89399,19.97158,19.97158,15.87032,0.57921,18.86411
PWR,13.10633,3.81178,37.66478,1.6253,3.32,2.99664,35.21707,1530.522,8.9641,-0.5988,3.65,2529.155,2.61338,1.07685,2.87684,3.06744,1.5229,4.20744,5.98791,9.35976,9.73099,42.40836,2.59747,73.63631
DGX,-16.89847,7.50703,53.09009,1.22373,7.97,10.27016,-31.06592,1966.0,19.89275,-48.74598,8.75,3452.0,10.23095,-52.58145,9.57199,10.27016,0.97357,7.22644,8.74794,15.33598,16.15085,43.48481,2.35097,77.94266
RBC,116.59285,5.13268,82.15527,3.06973,1.56,5.80208,53.45573,235.131,24.93602,-56.42458,2.99,352.7,10.10032,-38.96221,5.80208,8.54442,1.38528,3.37595,3.89749,3.03732,3.03729,42.93323,7.59148,75.23333
REVG,0.797,10.8877,7.69166,1.68449,0.25,0.65191,-28.47627,85.9,3.68417,-63.76812,0.6,247.5,0.51199,-65.76577,0.65191,1.5569,0.45525,2.59398,4.5881,3.11763,3.11763,35.42315,2.91385,54.85426
REX,30.98463,34.0318,24.25631,6.83729,2.65,7.33181,409.26575,87.115,11.24352,1522.449,2.65,90.629,9.36917,1644.885,6.75837,6.13794,5.75328,8.38637,9.10871,11.66588,12.28598,2.20438,0.12616,2.25407
RH,-2.623,64.02051,54.41377,2.90615,22.13,18.32399,74.1895,981.57,26.12212,122.18876,33.54,1855.411,10.50094,153.3142,18.32399,18.98531,2.12787,13.76931,17.40953,85.14743,85.14743,74.58734,3.49931,293.5046
RLJ,23.92011,34.43537,12.63998,1.18478,0.1,3.5218,0.0,0.0,0.0,29.365961,0.1,363.06,19.56388,29.365961,3.4976,1.35106,1.18478,1.56033,1.62745,2.05594,1.74352,49.01242,29.365961,96.1262
RPM,13.38203,4.78459,15.344,1.56308,3.79,7.34177,-10.1839,797.708,11.89237,-2.06718,3.58,2433.053,-0.12473,-2.22066,7.32709,6.82875,0.84186,6.24686,8.58328,26.39892,26.42798,60.27472,3.77336,151.72888
RTX,-1.80763,3.21976,49.53623,1.08511,3.51,7.94198,2.6445,9199.0,13.7147,36.04651,3.78,13668.0,8.13262,34.49793,7.74816,8.31528,0.68676,2.10722,3.11977,7.15992,7.15451,31.32784,3.6804,45.64157
RDN,-24.2012,7.05869,24.95497,10.54706,4.35,62.39336,21.90768,1063.141,89.28511,37.65823,4.45,1422.689,34.83134,23.68401,62.39336,62.75907,5.87594,8.7536,11.4325,18.16882,18.16882,29.22897,1.52258,41.30076
RL,-10.21041,14.51395,36.2804,1.86962,8.07,9.65024,154.73103,1060.7,17.05717,260.1274,8.42,4134.2,10.52866,260.1274,9.65024,9.88438,1.39327,6.65345,8.54741,23.34838,23.34838,57.21925,3.19779,133.75
RRC,1.96598,8.70423,12.03924,0.52866,4.69,28.53692,103.90893,2102.454,50.7006,191.30435,5.26,3581.443,23.98519,187.38058,28.53692,30.55156,0.49552,16.18637,21.80683,47.70048,47.70048,40.16252,0.91814,67.11933
RNGR,25.90618,5.74328,10.69334,1.88054,0.65,2.48151,1381.6327,72.6,11.93098,3.1746,0.96,104.6,4.41454,75.5814,2.48151,3.62386,1.6349,4.55015,5.35796,5.86636,5.86522,15.83939,0.69008,18.82044
RJF,65.95304,0.30342,43.40773,0.99256,6.98,13.33569,11.95256,2454.0,21.70145,5.27904,7.58,10169.0,59.31531,7.55524,13.34454,14.07006,0.97078,2.02059,10.93194,17.16431,17.00592,34.37696,2.01345,52.3855
RYN,41.70831,25.05849,12.66538,2.12302,0.73,13.50729,-26.07015,304.157,33.45797,-32.40741,0.74,236.994,-34.63533,-29.80859,11.77872,11.90174,1.64479,2.63978,2.79339,5.88793,6.23958,44.79471,5.29946,85.70515
RMAX,-6.04721,10.52856,26.92033,1.61248,0.32,3.04398,17.65569,100.205,28.35568,28.8092,1.44,263.067,12.82992,28.8092,1.72899,7.61144,1.44386,5.47416,7.3324,1.23503,21.34982,93.96243,4.92368,28.8092
O,97.60803,2.96761,43.48501,1.49978,1.42,25.90506,0.0,0.0,0.0,63.21839,1.44,3110.903,45.94856,141.8677,25.81574,26.15825,1.47567,1.75991,1.84519,3.23406,3.23281,39.20508,161.02077,64.48744
RWT,-11.78834,0.0581,9.55179,5.63138,-1.43,-23.10081,41.80501,555.229,78.43835,41.583607,-1.38,-41.821,211.18996,41.583607,-23.10081,-22.85424,5.63138,2.43918,2.47547,-13.2401,-13.2401,91.5659,21.19561,41.583607
RRX,1.4762,6.59159,96.49849,2.99391,7.29,9.48466,59.11809,1064.5,20.40093,65.68182,8.51,1708.6,5.7722,132.92044,9.36967,10.87827,1.48264,4.60512,5.58468,7.69915,7.74934,24.97489,2.00846,33.2887
RM,20.63257,0.37539,32.40922,24.71405,5.3,10.09963,-29.48302,107.403,21.17621,-36.37455,5.57,309.241,-43.29616,-42.24182,10.09963,10.209,24.55596,3.9409,4.04646,17.32387,17.32387,81.75056,12.87263,24.680367
RF,0.0,470.27563,15.28961,0.81324,2.28,30.00936,-4.59347,3884.0,51.91819,-8.43374,2.4,6894.0,-176.0794,-10.94804,30.00936,29.99599,0.81046,1.52597,12.12235,14.50493,13.09916,15.10006,0.73043,17.78572
RGA,3.64777,1.29089,62.1663,2.22021,9.21,3.93671,83.37469,739.0,4.63992,1.88053,9.31,1918.0,-2.80969,0.97245,3.9116,3.91322,2.22021,0.48832,3.24645,7.2615,7.26999,54.19146,6.77943,118.29988
RS,-6.9697,10.48112,120.56067,3.55312,29.92,10.83231,25.43684,2756.6,16.19148,36.18571,30.56,5259.4,8.22239,30.22647,10.80822,10.87039,2.01825,15.83367,18.58713,27.93554,27.96446,20.81529,0.67667,26.28701
RNR,20.99801,0.54811,104.65424,3.71577,-25.5,-22.71445,0.0,0.0,0.0,-39.98814,-25.5,-790.125,-61.36886,-39.98814,-20.78316,-21.49441,3.71577,-1.99405,-6.99562,-20.31097,-11.57559,11.32677,-39.98814,23.65253
RNST,0.0,42.101017,38.17518,0.85034,2.95,24.03081,-6.30957,300.29,43.45335,-5.44872,3.01,606.68,-201.05528,-5.58525,24.03081,24.35003,0.84246,1.0367,5.74801,7.64257,7.64257,35.92753,3.98859,56.07327
RSG,31.91757,9.16455,30.6422,0.69517,4.69,11.01004,16.03172,3877.2,28.69598,16.08911,4.94,5306.0,9.92003,15.28208,11.01004,11.57297,0.6271,5.71861,7.61099,15.94008,15.93871,55.50023,3.11601,124.72024
RMD,-3.76577,5.83314,22.95423,2.80209,5.3,21.78338,7.66505,1160.078,32.42138,63.58025,5.38,2063.961,3.34817,64.26318,21.78338,21.96219,1.28322,12.75133,15.74184,24.95624,24.95624,21.4466,0.79094,27.30193
QSR,14.62926,12.14753,8.1363,0.96786,3.25,22.78248,4.63796,2211.0,33.98924,20.81784,2.29,2598.0,19.11799,20.2864,15.49577,10.80753,0.84688,5.53629,6.86006,42.56757,36.49797,77.18745,6.53143,224.9732
RVTY,-40.14605,4.04727,58.45508,2.12923,4.06,15.48018,-30.94061,1265.072,38.19867,-49.75248,4.66,1989.83,-8.43336,-39.65172,17.18628,17.75102,0.69161,3.59621,4.30585,7.05965,7.05965,38.36477,3.63257,62.24486
REXR,0.0,34.432484,33.84869,0.89776,0.92,28.06652,0.0,0.0,0.0,15.0,0.93,480.701,54.35988,30.67896,26.5499,25.11618,0.89776,1.69947,1.77673,3.03865,2.95482,21.95202,34.432484,28.12632
RHI,3.41183,7.22738,14.56441,1.87889,6.03,9.08961,28.50785,1024.151,14.14936,12.5,6.08,3094.049,6.90782,9.90485,9.08961,9.08992,1.73462,20.59978,35.30323,44.61059,44.61059,13.16706,0.23224,15.16367
ROK,21.91646,4.90978,23.65972,1.01078,7.97,11.84346,11.84369,1574.2,20.28504,-31.17444,8.02,3102.0,4.50057,-31.35999,12.01227,11.97771,0.62947,7.77773,11.68307,36.44823,32.18814,58.15486,2.66326,138.97636
ROG,8.29436,4.66945,63.12404,4.62944,6.15,12.00911,-25.76373,135.159,13.91712,7.32984,2.03,321.0,-10.67783,7.85699,12.00911,3.92635,3.19915,3.43937,4.08811,10.17989,10.17989,16.41899,1.7041,19.64441
ROL,14.2677,15.18312,2.57326,0.70602,0.75,13.67297,7.84221,584.714,21.68963,5.6338,0.75,1387.424,13.62503,5.10769,13.67297,13.69619,0.57763,15.03169,19.96983,31.38021,31.38021,20.97434,0.5752,26.54118
RCL,0.0,155.77367,11.23971,0.37383,-8.45,-24.38722,155.77367,654.9,7.40792,155.77367,-7.53,2373.0,-15.40071,155.77367,-24.38722,-21.72076,0.28764,-1.42309,-1.75186,-54.20825,-54.20825,89.32049,36.63759,155.77367
R,11.26248,8.13589,63.45194,0.66345,16.96,7.18508,13.1094,2725.0,22.68754,74.84536,15.91,2390.0,-4.5134,67.03883,7.21838,6.56336,0.56604,4.31732,6.16951,30.09619,30.09619,70.69155,2.59963,241.1985
RHP,26.36858,10.89922,1.74757,0.63563,2.33,7.49398,0.0,0.0,0.0,46.395367,2.38,623.882,21.08008,46.395367,7.16329,7.28769,0.60637,5.30927,6.29839,46.395367,70.03646,87.99338,46.395367,46.395367
SPGI,51.15152,5.39624,113.04132,0.94466,10.2,31.49987,10.76791,5164.0,46.18549,-18.46523,8.51,7428.0,30.63903,7.40741,29.04928,24.11966,0.63261,6.75531,8.41879,16.90786,15.55654,22.66952,2.2562,31.94068
SFL,15.64331,14.40095,7.8754,0.28107,1.53,30.24614,30.83023,450.595,67.21356,17.69231,1.6,459.427,-44.32732,23.38098,30.24614,30.26022,0.25707,4.48677,4.58677,19.5575,19.5575,71.01862,5.93449,245.04912
SLG,0.0,33.86727,67.77106,3.73848,-1.49,-9.91248,0.0,0.0,0.0,33.86727,-1.49,433.055,15.34515,33.86727,-10.14255,-12.3721,3.73848,0.61216,0.65484,-1.75328,-1.46547,56.10227,33.86727,134.95387
SM,-3.74125,14.29616,25.30474,1.23158,8.96,33.10714,33.56857,2564.741,76.36233,2989.6553,9.52,2779.435,17.53709,2969.232,33.10714,34.68008,1.13445,22.30012,27.55542,43.19444,43.19444,34.23166,0.62616,52.04884
SPXC,13.91201,5.41375,23.82761,2.16028,0.43,1.35533,29.75035,187.1,12.80717,-66.14173,1.02,525.0,-2.13653,-99.95299,0.01369,3.16599,1.30378,3.86007,6.38144,1.81477,1.81477,21.22053,1.55372,26.93662
STAG,23.40705,6.28809,18.88336,0.63766,1.0,27.71839,0.0,0.0,0.0,-13.04348,1.01,531.644,55.51186,-7.28316,27.12397,27.46081,0.63766,2.11765,2.18702,5.31323,5.31933,42.28729,36.15186,73.27205
SAFE,66.77405,0.22926,34.32133,19.56484,2.21,51.78975,49.17663,231.182,82.75178,63.7037,2.37,276.258,-178.28415,85.19891,48.47477,51.89317,19.56484,2.74445,2.82256,7.08312,7.51641,61.96722,15.25564,164.3747
CRM,17.86276,2.94323,58.77755,1.04874,1.48,5.4507,24.24504,2880.0,10.87121,-66.21005,1.56,19466.0,32.52963,-64.53831,5.4507,5.62358,0.9306,0.46592,0.62496,2.8989,2.8989,19.82042,4.98958,24.72003
SBH,4.53361,114.36688,2.74503,1.69543,1.66,4.81064,-12.41171,491.302,12.87626,-20.95238,2.19,1937.481,1.68231,-23.47431,4.81064,6.23699,0.21385,9.01784,11.50434,63.91377,63.91377,85.51972,3.5298,120.31155
SD,53.3666,9.91472,13.2343,4.81838,6.52,95.24499,65.16117,187.742,73.83917,108.30671,6.6,197.092,21.19668,107.44573,95.24499,95.38225,4.61769,22.26982,28.9566,66.05387,66.05387,0.0,0.0,0.0
BFS,-3.85227,4.53104,8.97252,0.66292,1.63,26.58903,0.0,0.0,0.0,3.82166,1.65,181.338,42.35233,3.73019,20.40938,16.0776,0.66292,3.84257,4.01965,23.04946,12.42853,70.14695,28.566809,234.9742
SLB,32.3048,4.55026,12.45258,1.24838,2.39,12.43103,28.92528,6298.0,22.41999,81.06061,2.42,5161.0,2.89817,82.93461,12.24948,12.19864,0.82593,6.12994,8.4771,21.05295,20.98873,41.80954,2.05224,71.84946
SNDR,-7.99012,8.09512,15.93727,2.12011,2.56,6.93174,22.8013,1017.9,15.41245,12.2807,2.88,1270.5,0.78792,12.92551,6.93174,7.75774,1.93877,10.11296,14.17493,17.40354,17.40354,9.09906,0.27901,10.00987
STNG,644.74023,9.99094,40.91879,1.4524,10.34,40.77433,771.83453,1030.552,65.93959,186.00375,11.69,1146.45,30.15761,186.00375,40.77433,41.47931,1.38102,11.11815,11.3315,29.34115,29.34115,43.52646,1.87482,77.07407
SMG,-38.14646,10.03093,2.66126,2.05613,-7.88,-11.14905,-37.77251,525.2,13.38396,69.07978,4.14,1033.1,-4.55359,69.07978,-11.14905,5.85536,0.48304,5.77126,7.47203,-75.36606,-75.36606,95.67825,6.22601,69.07978
SDRL,-18.93491,6.61438,34.04,2.12129,73.32,68.55644,357.14285,224.0,22.13439,68.55644,15.41,281.0,32.36166,68.55644,68.55644,76.13636,1.80693,1.34731,68.55644,68.55644,68.55644,23.64289,2.35268,30.96357
SEE,-4.60177,9.29167,2.37848,1.01681,3.33,8.70806,7.21342,1150.4,20.39029,3.41615,4.15,1772.9,8.08305,-2.99921,8.71338,10.73193,0.5733,9.70146,14.86999,165.75574,165.75574,91.59953,3.26156,150.20172
WTTR,84.68156,4.1865,7.00078,2.23934,0.5,3.95367,365.23645,166.55,12.0043,43.874424,0.51,274.262,-3.31315,43.874424,3.4797,3.49996,1.91272,2.92412,3.68064,7.11148,6.94837,8.3166,0.48132,9.071
SRE,27.23322,6.13642,41.71664,0.59723,3.31,15.8252,-2.74176,4576.0,31.69195,65.08728,3.64,4576.0,-34.95135,62.29135,14.81405,15.89,0.37681,2.12208,2.87074,8.33626,8.06352,50.20764,6.44668,100.83402
ST,13.6117,5.77333,20.40864,2.35378,1.99,7.71072,-2.51965,884.41,21.94968,-12.7193,1.78,1332.114,8.3698,-14.54838,7.71072,6.85859,1.66917,4.34254,5.1023,10.01315,10.01315,57.92591,4.84259,137.67595
SXT,15.69694,5.10285,23.85903,3.43476,3.34,9.80398,13.15438,249.218,17.34247,18.86121,3.36,489.111,-4.82043,18.64668,9.80398,9.79401,1.18694,6.59865,7.77482,14.53925,14.53925,40.72951,2.75624,68.71803
SRG,0.0,-29.556185,12.85285,0.17809,-1.59,-112.18252,-29.556185,-133.186,-124.40895,-29.556185,-1.48,7.155,-237.1823,-29.556185,-69.07197,-68.7487,0.16846,-5.11941,-5.35376,-10.5024,-15.32437,58.90282,-29.556185,143.32568
SCI,-17.1975,63.63161,10.86911,0.45021,3.53,13.77661,-12.5845,1175.839,28.61855,-25.21186,3.92,1154.602,12.13736,-29.59141,13.75967,15.04712,0.38287,3.99156,10.16445,31.55989,31.59666,72.59944,3.77079,264.9561
NOW,24.10072,4.65169,24.8026,1.10808,1.6,4.48585,8.74812,721.0,9.95169,41.59292,1.71,5672.0,35.04486,41.30435,4.48585,4.75425,1.0055,1.96601,3.59637,7.44815,7.44815,30.72687,3.0957,44.35612
SFBS,0.0,61.880894,23.88124,0.93878,4.61,42.59019,21.77439,374.22,63.37116,20.68063,4.64,454.493,61.880894,21.07022,42.59019,42.66605,0.93864,1.53978,7.77766,20.54007,20.53169,56.75171,4.55117,131.223
SHAK,15.64867,102.02073,10.05761,2.32868,-0.61,-2.88367,22.22296,54.938,6.10093,34.012768,-0.48,313.036,-5.755,34.012768,-2.67533,-2.09151,2.26937,-0.75607,-0.98683,-5.98797,-6.07168,63.1883,13.11495,171.65276
SHW,8.04293,8.82303,11.98296,0.99111,7.72,9.12054,10.55578,3574.6,16.13895,10.60172,8.03,9325.1,4.96949,8.35121,9.12054,9.35369,0.47078,8.64959,12.5779,72.93701,72.93701,80.38756,3.55701,577.1747
SIG,-77.56483,144.12523,31.34269,1.80152,12.22,9.83772,230.10854,1064.6,13.60337,219.46129,13.13,3129.4,11.23594,219.46129,9.83772,8.80814,0.70778,8.83154,15.70474,55.90531,38.03196,39.58782,1.36408,65.52953
SLGN,-7.50198,9.36464,15.6093,1.48321,3.07,5.3162,15.4726,918.782,14.33022,-4.95356,4.0,1047.809,3.36465,-5.07768,5.3162,6.89168,0.86489,5.42445,7.36829,20.77738,20.77738,68.93575,4.15011,221.9135
SPG,-10.4511,6.81442,9.47255,0.50954,6.52,41.28995,0.0,0.0,0.0,-4.67836,6.52,4290.493,50.55014,-4.89396,36.0226,35.9861,0.50954,6.04805,6.7877,66.68565,59.63525,86.94121,213.21649,213.21649
SSD,16.49331,8.46189,33.20909,3.38318,7.76,15.78361,34.05546,549.555,25.97034,26.79739,8.35,954.893,9.79153,25.35138,15.78361,16.93804,1.6349,15.31636,18.63028,25.71787,25.71787,31.01578,1.15633,44.96069
SPNT,12.06879,0.67459,11.55952,5.10439,-2.51,-18.26873,-28.68757,-384.7,-18.2072,-28.68757,-2.51,-156.6,-11.457,-28.68757,-18.30659,-19.03426,5.10439,-2.55604,-8.80192,-18.51426,-16.83421,29.06434,-28.68757,40.97282
SITC,3.50042,9.23295,36.31478,0.31029,2.92,29.08978,0.0,0.0,0.0,43.13726,2.96,346.871,44.36255,35.04542,29.0772,27.16413,0.28759,2.44629,2.58031,8.94187,8.16352,45.468,33.097908,83.37856
SITE,15.66785,9.45367,29.00748,2.35674,5.36,6.11284,10.86076,437.9,10.90796,3.07692,5.63,1421.5,2.8095,2.93624,6.11284,6.31761,0.88514,8.98118,11.26585,20.79132,20.79132,36.2074,1.68874,56.758
SKX,15.7608,9.41704,22.99021,2.2605,2.38,5.76478,-7.73515,684.87,9.19962,-49.68288,2.4,3515.357,-2.11266,-49.69299,5.01075,5.01716,1.02429,5.10534,6.376,10.92429,11.5776,29.77682,2.39706,42.40311
SMBK,0.0,12.077563,25.58736,0.84942,2.55,23.06204,16.09304,85.744,45.96326,14.86487,2.6,161.198,-241.35562,23.66197,23.06204,23.33114,0.84864,0.98794,8.34772,9.98327,9.98327,17.75102,1.0885,21.58205
SW,0.0,0.0,0.0,0.0,0.0,0.0,0.0,0.0,0.0,0.0,0.0,3272.0,0.0,0.0,0.0,0.0,0.0,0.0,0.0,0.0,0.0,0.0,0.0,0.0
SNA,0.0,179.12285,84.54804,3.46737,16.82,19.28549,6.4398,1307.4,26.99845,12.73458,17.14,2447.1,8.81699,11.11517,18.82705,18.83011,2.25504,10.98853,13.42849,21.04765,21.45097,21.98354,0.97063,28.17808
SGI,0.73898,11.68792,-0.12962,1.2181,2.53,9.31074,-20.2723,796.4,16.18305,-17.32026,2.58,2049.6,-0.25934,-27.02962,9.25994,9.16935,0.50143,9.63499,12.84704,141.48798,141.48798,100.3664,4.23066,141.48798
SAH,-28.97033,40.81953,24.70676,1.19557,2.23,0.63209,0.38911,645.0,4.60678,-72.33251,6.44,2317.0,1.02929,-74.63457,0.63209,1.78006,0.52216,6.49904,7.36986,8.97748,8.97748,79.57097,5.40589,129.90639
SON,13.88409,8.40432,21.15637,1.35401,4.72,6.44061,44.51599,1099.099,15.15883,127.08101,5.75,1258.473,-1.05461,127.08101,6.43312,7.77111,0.68217,8.27256,10.74262,23.89987,23.81131,62.97466,3.20765,170.0853
SSB,0.0,110.35715,67.03556,0.84487,6.6,29.07209,1.14624,918.858,53.85179,-1.63934,6.97,1563.063,-241.84286,4.31212,29.07209,30.45355,0.84358,1.24342,8.77692,10.04365,10.04365,17.33609,1.15829,20.97177
SO,26.24026,10.61218,27.92287,0.66243,3.26,11.70805,7.28537,9410.0,32.13908,45.53571,3.61,10627.0,-4.23939,46.80233,12.0735,13.25438,0.35824,2.73745,3.95355,12.13068,10.21774,63.13323,6.28427,171.24696
SCCO,1.39224,7.08797,10.05452,4.19819,3.2788,26.35377,-23.85353,5232.1,52.07158,-22.32346,3.2788,5514.3,14.12472,-22.33081,26.25922,26.23704,3.03617,15.58609,17.93187,32.50705,32.38213,46.57595,1.35751,87.18163
SBSI,0.0,32.5852,23.64716,0.6565,3.26,35.74078,-5.89392,152.194,51.79521,-6.05187,3.27,249.957,23.32395,-7.39059,35.74078,35.745,0.65638,1.19016,6.40984,12.66698,12.66698,42.46146,3.61723,73.79654
LUV,43.26241,141.2478,17.99158,1.42687,0.87,2.22507,8318.182,2778.0,11.46797,-45.96273,2.21,5908.0,-0.72913,-44.83112,2.22507,5.41005,1.28464,2.48818,4.16638,5.10876,5.10876,46.87842,3.39489,88.2474
SWX,20.49413,5.68036,45.57218,1.08317,-3.1,-3.98556,19.99643,927.678,18.70315,102.86784,2.45,994.865,-30.56081,102.86784,-4.09858,3.23824,0.31476,2.20142,3.01834,-6.76216,-6.20804,65.56707,6.60564,200.33975
SPB,-0.40258,12.65914,30.96078,2.72309,-1.89,-2.45364,-24.49686,240.1,7.65088,66.278366,0.47,990.5,-5.48483,-62.23629,2.28156,0.61255,0.4939,1.5833,2.0573,-5.64513,-5.60387,71.84595,13.48855,255.18872
SR,-41.93444,9.02875,49.08087,0.67641,3.95,10.04321,-2.68355,645.5,29.36093,-20.3629,3.96,825.0,-11.36968,-18.7339,10.04321,9.36639,0.26734,2.62473,3.75623,8.84491,8.02968,60.61205,6.75043,154.59998
SPR,14.6569,5.53464,-2.3515,1.61757,-5.21,-10.85971,15.347347,96.0,1.9087,15.347347,-4.06,58.2,-2.73034,15.347347,-10.84977,-8.44353,0.84671,-2.09237,-3.74542,15.347347,15.347347,106.55641,41.27396,15.347347
JOE,-9.54369,11.06186,10.81325,1.07046,1.21,27.8328,-24.65545,84.355,33.43162,-4.72441,1.04,106.423,-69.22353,-4.86365,28.10983,24.20282,0.95652,2.91148,3.42455,11.45637,10.9971,46.44622,6.69427,86.72818
SMP,-7.17924,7.87852,28.25998,2.35954,3.3,5.3306,-10.81547,141.213,10.29388,-24.82916,3.67,382.539,-4.15761,-39.09843,4.03487,5.80109,0.58425,5.75418,8.32735,12.05712,11.85508,31.91343,2.06137,46.87185
SXI,13.49763,5.51539,42.23131,2.51378,5.07,8.36104,17.81901,128.656,17.49615,61.46497,5.96,269.946,6.4557,68.32451,8.34894,9.70505,1.67892,6.66671,8.68256,12.22588,12.22588,30.00725,1.66396,42.87193
SWK,-22.04984,13.07569,63.48442,1.21395,1.06,1.00487,-37.07496,1591.5,9.39082,-88.98129,4.46,4395.4,-4.07378,-37.1004,6.2694,3.89935,0.24903,2.39753,3.51516,1.64489,1.59857,44.84235,4.9623,81.29851
STWD,15.05614,0.11183,20.80128,5.89797,2.74,47.83195,0.0,0.0,0.0,80.26316,2.8,577.083,-89.02795,94.63906,39.35972,38.63674,5.89797,1.33392,4.22532,13.9047,15.29605,74.05402,43.22295,43.22295
STT,0.0,854.3865,66.51405,0.59565,7.19,20.2941,3.12943,7283.0,53.28115,0.0,7.51,12128.0,-115.16662,3.0078,20.2941,20.06553,0.59333,1.25857,8.86295,11.41517,10.55676,42.86589,2.59508,75.0268
SCS,25.93415,9.0804,7.60153,1.69111,0.03,0.14426,0.0,102.4,3.69315,-86.36364,0.03,761.5,-4.18365,-84.67433,0.14426,0.12313,1.02786,0.54442,0.77336,0.44133,0.44133,45.41029,6.92285,83.1847
STEL,0.0,18.696394,26.11984,0.86681,1.47,15.02208,-0.27689,139.739,40.81449,-48.00379,2.01,258.6,-49.97981,-36.93426,15.02208,20.39377,0.86681,0.87116,6.02079,4.67639,4.67639,12.43527,1.40568,14.20123
SCL,4.14071,6.47615,52.44277,1.5579,6.38,5.30612,13.62758,303.272,10.93554,7.77027,6.5,427.069,-4.34324,6.78427,5.30612,5.33942,0.91056,5.79662,7.84255,13.13715,13.13715,35.81821,2.14577,55.80744
STC,0.0,94.67115,50.20829,2.35574,5.94,5.91778,-29.14534,331.733,10.79897,-50.08403,6.69,1759.856,3.00918,-49.78436,5.28355,5.89206,2.35574,6.18229,8.81585,12.27649,13.64263,30.27614,1.79364,43.42292
SF,18.3721,0.22686,44.07745,0.87944,5.32,14.41716,-14.82117,1010.077,21.99249,-20.12012,5.74,4125.046,26.22765,-19.72497,14.41716,13.60355,0.84968,1.64899,7.27958,14.72531,12.77868,33.30687,2.63452,49.94048
SRI,5.16464,5.83337,10.27548,2.30484,-0.52,-1.56191,54.19533,36.313,4.03512,17.45151,-0.52,174.926,-5.44737,17.45151,-1.56191,-1.57504,1.19844,0.24886,0.3455,-4.87301,-4.87301,39.54674,5.06111,65.41706
SYK,0.0,728.28687,43.87642,1.63018,6.17,12.78118,0.04208,4755.0,25.77376,18.4261,8.13,11646.0,10.44772,18.25476,12.78118,16.6663,0.87149,6.5668,8.10817,14.97476,14.97476,44.87426,2.84459,81.40347
INN,45.17132,38.08064,8.97747,0.29295,-0.16,0.18009,0.0,0.0,0.0,27.654087,-0.15,305.824,26.51206,27.654087,0.21694,-2.33386,0.28157,1.15449,1.18994,0.1537,0.09488,50.32552,27.654087,104.92418
SUI,2.19453,8.09718,62.98226,1.31751,2.0,8.87439,0.0,0.0,0.0,-40.47619,2.29,1418.9,23.97684,-36.34125,8.14102,9.25984,1.02417,2.41961,2.61546,3.35327,3.49152,47.67555,70.66324,93.45883
SXC,35.05155,21.62829,7.02066,1.66964,1.19,5.31812,7.52805,297.1,15.0621,128.84615,1.2,367.6,5.83143,132.02765,5.1052,5.0981,0.86964,5.87538,8.25953,18.58448,18.11588,46.5677,1.82666,87.15272
SHO,46.49358,25.46883,8.617,0.56176,0.34,10.0637,0.0,0.0,0.0,466.66666,0.29,421.301,26.79226,154.50172,9.67819,6.83632,0.52325,1.78278,1.88344,4.69116,4.19753,28.51531,54.743244,39.8901
SYF,15.11547,0.22615,27.70089,1.32283,6.15,17.20872,-23.93534,4894.0,27.92423,-16.21253,6.19,8299.0,33.26629,-28.54774,17.20872,16.96723,1.32283,2.79252,10.12883,24.07023,22.73824,52.43497,2.89967,110.23848
SNV,0.0,156.63548,27.07222,0.91159,4.95,30.42411,0.04935,1271.243,51.03092,1.02041,4.97,2121.683,-179.34679,-0.33729,30.42411,29.00134,0.90282,1.3576,9.86957,17.42642,15.51075,52.05545,3.82269,108.57429
SYY,27.96243,15.92408,2.71755,1.19808,2.64,1.97967,55.30148,3300.13,4.80815,158.82353,3.1,12320.0,1.60342,159.20349,1.97967,2.3063,0.6569,7.26027,12.04873,92.58574,90.53347,88.95483,3.45127,711.09436
SNX,8.6026,6.33926,84.79409,1.24787,6.77,1.0447,88.95881,1672.157,2.68215,8.49359,8.46,3900.199,-0.02594,64.85905,1.0447,1.2922,0.65513,2.77261,6.35141,8.17635,8.17635,36.06298,2.7071,56.40392
TEL,-2.15164,5.62092,33.9599,1.56909,7.47,14.90695,7.96077,3743.0,22.98999,10.33973,7.56,5260.0,8.47921,7.38611,14.91309,14.99834,0.85341,8.75272,11.99358,22.64415,22.4255,29.8642,1.23965,42.95501
TJX,12.2488,99.20692,5.08216,1.26657,2.7,6.76172,304.80887,5376.793,11.07476,3757.1428,2.73,13836.0,3.10938,3528.6228,6.76172,6.74763,0.65522,9.51905,14.16052,55.47322,55.47322,67.5689,2.32611,208.34596
TRTX,1.60918,0.06231,17.07774,3.99674,-0.95,-19.6481,-57.91187,87.928,28.76199,3.383526,-0.95,-28.028,-37.85753,3.383526,-19.6481,-24.02028,3.99674,1.02117,1.03152,-4.31093,-4.3109,75.88704,47.31732,3.383526
TXNM,36.52142,10.50777,25.53658,0.46158,1.97,8.23185,15.57877,701.295,31.17483,-13.21586,2.05,1019.583,-18.83491,-13.39346,7.55963,7.84822,0.30497,2.7647,3.8865,7.8018,8.24688,66.06551,6.26411,194.68547
TALO,1.93093,8.12381,14.11622,0.60592,4.56,23.11862,44.20921,1251.746,75.77247,139.83507,4.34,1340.4,33.72713,139.83507,23.11862,21.66191,0.42191,16.76098,26.28458,39.65416,39.65416,39.70381,0.61315,65.84796
SKT,-5.53798,7.40143,4.70481,2.96103,0.77,18.87151,0.0,0.0,0.0,862.5,0.79,324.914,42.77205,800.011,18.04304,18.01,2.96103,3.71119,4.04329,16.92775,16.93382,74.68251,109.15018,294.9838
TPR,26.02398,29.54475,9.47554,1.75232,3.17,12.81023,7.60274,1413.9,21.15192,7.45763,3.54,4650.4,10.33323,2.64925,12.81023,13.99689,0.96861,9.73466,12.43459,30.8866,30.8866,58.82279,2.30915,142.85277
TRGP,5.74367,15.27555,11.79294,0.76845,3.88,7.31684,30.04087,2863.5,13.68145,387.56445,2.72,4047.7,1.07538,1504.3539,5.45777,2.95395,0.53067,6.33733,7.56306,48.84233,28.07178,69.91716,4.04379,232.4154
TGT,0.0,1877.6212,27.21771,0.992,14.1,6.55252,25.27568,11588.0,10.93156,63.19444,13.68,31042.0,3.58391,59.02015,6.55252,6.29896,0.33402,10.64402,19.00396,50.94803,50.94803,56.21288,1.42104,128.37764
TMHC,0.0,177.14404,42.87537,6.69904,9.06,12.84204,64.22266,1456.719,17.71105,74.90348,9.06,2117.236,12.67599,58.78714,12.80013,12.66562,0.87563,10.53256,12.40699,24.60912,24.51303,35.73604,1.77387,55.60821
TISI,-1.93461,4.45657,27.1149,0.7743,-35.85,-17.86308,6.5760713,-4.033,-0.48,6.5760713,-29.84,201.611,-5.32812,6.5760713,8.34067,-14.87014,0.63392,-3.83062,-5.16687,-176.96123,-176.96123,74.19451,6.5760713,287.51443
FTI,5.9875,7.13416,7.32745,1.1951,-0.14,-0.54474,0.0,589.7,8.80097,74.26039,-0.05,896.3,3.71806,74.26039,-1.5999,-0.33543,0.59588,1.36467,2.24792,-1.86364,-1.09035,41.15545,3.88621,69.93927
TECK,-22.91772,9.87229,49.58547,1.41422,5.63757,23.50427,49.47735,6656.47,52.02703,43.69115,5.80012,6332.8457,4.02446,15.65551,19.15569,23.87813,0.5972,9.02088,12.91971,16.86951,16.18805,27.4228,1.11189,37.78432
TK,94.44203,7.02509,6.34129,3.54586,0.35,17.61375,0.0,334.515,28.10616,90.39833,0.55,392.067,172.1513,904.4453,6.58781,4.71906,3.21748,3.3846,5.42258,6.45667,11.02741,30.81966,1.824,44.54975
TNK,184.06232,13.47484,31.52733,2.70023,6.68,21.54864,7885.219,347.916,32.72622,416.11816,6.79,405.002,14.32628,416.11816,21.54864,21.71424,1.78299,9.14365,9.91202,24.00795,24.00795,35.00181,1.65616,53.85045
TGNA,2.49704,5.04267,13.74692,3.33409,2.81,19.24827,19.3852,1131.903,34.51718,31.30841,2.84,1586.024,19.05888,32.18627,19.22604,19.36945,3.12894,8.86905,10.42666,22.55046,22.4419,50.56941,2.79203,102.88399
TRC,-31.20655,14.50064,17.41504,6.90373,0.59,19.95784,323.55792,18.357,23.17306,195.0,0.6,23.428,-2.6186,195.58714,19.95531,20.05479,6.41799,1.54213,1.65541,3.49975,3.38506,9.46669,2.72049,10.45658
TDY,6.88319,4.86897,174.1351,1.84974,16.53,14.45242,5.54428,1300.2,23.81929,64.47761,15.05,2330.3,5.84376,77.09409,14.44693,12.90331,1.17927,4.20368,5.01315,9.98784,9.9893,33.27591,3.13483,49.8935
TFX,6.58682,7.05106,85.71056,2.42649,7.67,12.99079,-6.52858,795.21,28.465,-25.02444,9.57,1531.087,10.49815,-25.18367,12.99877,16.06555,1.20529,5.11439,6.07568,9.3334,9.3334,31.52215,2.32821,46.03261
THC,2.80868,5.25655,11.16914,1.33624,3.78,5.21703,-0.65083,3053.0,15.92759,-55.16014,4.71,7048.0,-0.37432,-55.03282,2.1442,2.62748,1.10478,5.05161,6.58835,37.78802,22.56063,77.99427,5.34949,443.53027
TNC,18.96878,4.71895,25.41979,2.19916,3.55,6.07032,-3.8787,136.3,12.4794,3.19767,3.6,420.9,-4.16476,2.15717,6.07032,6.09581,1.25726,5.10062,7.06908,14.65841,14.6164,41.31759,2.43874,70.40881
TDC,2.60116,5.12126,2.55193,1.02085,0.31,1.83844,-30.98592,294.0,16.37883,-76.15385,0.78,1089.0,25.73816,-77.55102,1.83844,4.48446,0.94638,4.77213,10.37883,9.1922,9.1922,71.17318,2.16667,246.89923
TEX,7.83928,8.3732,17.68264,1.96475,4.32,6.79539,28.22603,472.0,10.68429,40.71661,4.47,871.0,3.01939,35.80806,6.79086,6.9311,0.86752,8.9232,13.60635,26.20919,26.20919,42.2622,1.83178,73.19675
TRNO,20.9068,6.31747,29.16248,0.99895,2.61,71.47978,0.0,0.0,0.0,112.19512,2.61,207.309,46.96287,126.93974,71.47978,71.13171,0.99895,2.2521,2.36944,9.23613,9.23613,25.7941,37.163074,34.76017
TTI,42.13614,5.01024,0.83649,1.91884,0.06,1.37397,169.20831,54.407,9.83473,26.885952,0.03,152.584,-3.1259,-92.41385,1.417,0.69457,1.15254,3.24093,4.56916,7.37379,7.41706,64.59971,3.5686,182.48354
TXT,-2.87037,6.04462,34.50216,2.18192,4.01,6.69827,2.82258,1275.0,9.90753,21.51515,4.05,2651.0,8.10669,15.41555,6.6905,6.69731,1.12218,3.43633,5.01408,12.37794,12.37794,35.62896,3.08784,55.34936
TMO,5.38849,4.88951,112.61655,1.48319,17.63,15.49594,-7.4598,11971.0,26.65257,-9.40391,17.58,18971.0,12.9489,-10.03236,15.47367,15.34312,1.05603,5.58439,6.81586,16.39712,16.35242,44.96703,3.01337,81.92451
THR,27.92446,4.18918,11.96475,3.01783,0.6,5.64899,85.74307,56.243,15.81308,1900.0,0.61,140.118,7.17437,1624.6351,5.64899,5.7125,1.77612,3.59074,4.16563,5.16262,5.16262,26.18911,2.51841,35.48136
THO,6.25516,19.80085,66.93485,1.74409,20.59,6.97772,62.92964,1861.841,11.41357,73.75527,21.32,2806.03,3.56655,72.42799,6.97503,7.19292,0.71522,14.02151,19.58396,34.93033,34.76209,33.79219,0.98707,51.03959
TDW,0.0,39.08787,17.12956,1.94011,-0.49,-3.42652,312.6439,163.832,25.29505,39.08787,-0.2,247.053,22.07726,39.08787,-3.35797,-1.36276,1.65256,2.33305,2.91288,-2.7754,-2.83118,16.94273,1.07825,20.39885
TKR,9.93296,5.86118,31.25284,2.47333,5.48,9.27347,18.24713,823.0,18.30231,14.40501,6.24,1343.0,6.18064,10.37659,9.05998,10.21363,1.16891,7.52757,9.86314,17.85589,17.6299,46.59055,2.49393,87.23278
TWI,4.53719,8.31279,6.06639,2.03879,2.77,8.25978,87.40458,247.702,11.4181,250.6329,2.66,348.998,3.4271,255.54794,8.12684,7.72969,1.04338,10.42642,16.31342,57.75319,58.71967,54.44371,1.84852,119.50864
TOL,0.0,200.4862,54.78758,4.03109,10.9,12.34759,42.93989,1627.162,15.6172,64.40422,10.13,2525.92,4.02055,54.32562,12.34759,11.35316,0.57821,8.1383,10.47547,22.76767,22.64507,36.55152,2.13198,57.60819
TR,6.6186,12.10765,10.50451,3.42854,1.00666,11.04735,51.61565,128.423,18.69412,16.80412,1.00666,232.731,5.33442,16.24315,11.0539,11.02114,2.35891,6.79513,8.75766,9.78435,9.78192,1.66973,0.10352,1.69809
BLD,25.08187,6.6584,60.98366,1.96171,17.14,11.10037,57.64948,925.486,18.47741,75.25562,17.23,1486.719,6.33696,71.59307,11.10037,11.08157,1.36283,11.34988,14.52718,31.18156,31.18156,46.49714,1.81205,86.90588
MODG,56.37958,26.37652,20.41266,1.29136,0.82,3.95175,19.21821,455.1,11.38974,-54.94506,0.82,1339.7,-13.04526,-50.96091,3.95175,3.79453,0.37528,2.0068,2.2808,4.23483,4.23483,50.24388,8.37464,100.98031
TTC,8.44371,15.26683,13.00088,1.57515,4.2,9.82005,13.55846,688.472,15.24969,11.11111,4.26,1504.6,1.05079,8.16385,9.82005,9.89092,0.48981,11.16087,16.71759,35.42721,35.42721,44.18656,1.55434,79.16832
TT,14.92175,5.73642,26.60787,1.12176,7.57,11.23208,14.26453,2697.1,16.86562,27.01342,7.43,4964.8,4.74996,23.40171,10.98382,10.80697,0.73887,8.22429,12.94064,28.80635,29.02176,46.4963,1.96715,86.90297
TDG,26.1324,5.57679,-69.40638,3.96143,13.38,15.95137,23.25236,2486.0,45.79112,28.53026,13.85,3099.0,11.12221,27.35294,15.95137,14.84749,2.86606,7.45885,8.38087,281.49344,281.49344,123.36518,7.99839,281.49344
TRU,8.94886,6.30507,21.63934,1.60155,1.31,7.20505,14.84812,1149.4,30.98197,-28.80435,1.54,2324.8,0.79854,-80.57098,7.26435,7.99078,1.32689,3.24263,3.82435,6.24164,6.45996,57.62466,5.05116,135.98631
RIG,-1.42276,5.27124,14.9483,1.28883,-0.89,-24.11651,3.17919,714.0,27.72816,77.52014,-0.9,907.0,-7.00485,77.52014,-24.11651,-24.43107,0.94737,-0.06384,-0.06999,-5.64648,-5.64597,42.00656,10.94818,72.43328
TNL,3.68853,1.43541,-11.646,3.75984,4.23,9.98038,14.94102,877.0,24.58649,18.15643,4.34,1728.0,8.99566,15.90909,10.00841,10.14735,2.63936,7.10004,9.96949,136.59259,136.59259,118.64302,6.55986,136.59259
TRV,0.67068,1.78322,92.891,7.40122,11.77,7.77608,-10.26738,4195.0,11.47806,-18.77157,11.91,8515.0,21.36163,-22.39214,7.77608,7.72319,7.40122,1.78305,6.41587,11.26727,11.26727,25.98696,1.80453,35.11132
TG,-19.61456,10.3695,5.934,1.62033,0.84,3.02388,-12.18786,78.418,8.3551,-51.16279,0.86,105.954,-1.68659,-50.79203,3.03176,3.09762,0.69806,6.10129,10.3825,14.68677,14.68677,42.93012,1.93544,75.22378
THS,-24.09178,18.77174,30.0713,0.98393,-0.29,-0.46613,-44.80918,206.8,5.98726,39.43271,1.18,522.9,1.81782,39.43271,-4.23567,1.91314,0.24378,0.83237,1.09181,-0.91156,-0.91156,48.55609,7.69971,94.38649
TREX,-38.7928,8.56528,4.76673,0.98707,1.65,16.69248,-12.38755,312.624,28.26509,-8.33333,1.8,403.989,0.54806,-11.5509,16.69248,18.18011,0.46236,18.09077,21.89095,29.69737,29.69737,32.83991,0.81076,48.89794
TPH,0.0,100.98666,28.03846,14.38249,5.54,13.39323,24.26679,798.557,18.36383,34.46602,5.6,1169.457,4.41915,22.75741,13.24723,13.25111,3.58127,10.63567,11.81106,21.82041,22.04356,33.91598,1.82301,51.32251
TRN,46.79262,7.04041,12.48335,1.60081,1.02,5.00177,4.10803,458.7,23.1983,168.42105,1.01,367.7,-48.31272,-66.97802,3.0395,4.18343,0.80471,1.34359,1.67979,8.43208,7.70729,81.84211,12.47526,47.96928
TSE,-23.57252,8.5938,11.97436,2.01726,-11.91,-8.61947,-70.39124,183.9,3.70356,15.913643,-2.2,272.3,0.45237,15.913643,-8.67788,-1.59058,1.15709,-0.68163,-0.92548,-59.71815,-59.71815,85.07033,13.02284,15.913643
TRTN,0.71789,0.9827,43.49534,1.88972,11.19,40.8699,7.50374,1563.4,85.54576,54.98615,11.27,1768.974,-14.35269,40.86489,40.8699,38.09659,1.88972,4.68913,5.06511,31.06302,23.82878,71.59919,5.16713,252.10268
TGI,-17.39499,5.00583,-12.18657,1.5994,-0.66,-2.92875,-15.14614,170.709,11.69286,37.37937,0.62,334.067,17.75134,37.37937,-2.92875,2.74076,0.86586,3.59304,7.50981,37.37937,37.37937,195.8746,9.4238,37.37937
TROX,-39.30269,6.81262,15.25596,2.30588,3.16,14.47597,-8.03571,824.0,23.8564,74.58564,2.1,832.0,3.60814,73.77622,14.38911,9.41577,0.65529,5.52144,6.94729,22.84532,22.49719,52.6129,3.23786,111.02788
TBI,-11.19215,6.74747,15.16392,1.77133,1.86,2.76255,5.97054,102.358,4.5408,6.89655,1.92,602.144,3.34907,1.03677,2.76255,2.80132,1.63739,4.45068,8.16432,12.58826,12.58826,11.19455,0.61123,12.6057
TFC,0.0,1389.129,40.5787,0.79865,4.43,24.78839,-5.07483,12495.0,49.42251,-0.89486,4.69,19196.0,-105.6379,-2.79503,24.7607,24.63762,0.78233,1.2687,5.77751,10.75241,9.6558,52.96526,5.45578,112.60882
TPC,-7.27223,1.16386,28.13839,1.86974,-4.09,-5.08004,-1.3609984,-140.4,-3.70375,-1.3609984,-3.48,29.612,6.45013,-1.3609984,-5.54003,-4.71166,1.77866,-2.7618,-4.94005,-13.52872,-12.36138,41.29466,-1.3609984,70.34225
TWLO,41.0319,8.17833,56.77637,6.16722,-6.86,-32.82905,52.54,-749.202,-19.58022,52.54,-6.14,1814.116,6.90035,52.54,-32.82905,-29.36458,5.82422,-5.02843,-5.32994,-11.63609,-11.63609,10.50414,52.54,11.73701
TYL,10.84631,3.37121,62.80997,0.95228,3.87,8.87686,12.45393,369.22,19.95564,1.3089,4.02,783.863,21.48321,1.72305,8.87686,9.0264,0.88586,2.89185,3.68967,6.63808,6.63808,28.50173,2.83347,39.86353
TSN,7.375,21.41129,54.72778,1.81254,8.92,6.09774,-3.66105,5605.0,10.5195,6.95444,8.81,6668.0,0.25642,6.26846,6.0771,5.95248,0.67928,7.54478,9.79113,17.30394,17.25209,30.7961,1.57288,44.50053
UDR,103.67461,37.15718,12.32084,0.12615,0.26,6.10921,7.76679,247.411,16.32645,-45.83333,0.28,1009.909,48.1027,-42.05685,5.73604,5.94351,0.12615,1.33556,1.38772,2.33304,1.90651,53.47818,22.94377,138.50983
UGI,28.49162,9.88362,28.17036,1.55565,4.97,10.62735,-27.21733,2150.0,21.27449,-28.17919,5.33,4133.0,-2.87577,-26.85753,10.61746,11.07243,0.66244,5.94787,7.78745,19.1385,18.50926,54.84015,3.4307,121.43563
UMH,21.38728,3.27046,5.61828,0.69354,-0.67,-2.64626,0.0,0.0,0.0,15.557457,-0.66,101.883,22.09348,15.557457,-2.58345,-19.10539,0.69354,1.05877,1.08108,-1.60887,-0.76886,58.13082,15.557457,138.83919
USB,0.0,1500.0173,28.71237,0.77836,3.69,21.30579,-15.32795,11954.0,43.62615,-27.64706,3.86,22207.0,26.92329,-26.84918,21.25835,20.97566,0.77441,1.14115,6.35103,12.59391,10.95114,58.60944,6.06868,141.60095
USFD,15.90909,21.08793,17.64365,1.36624,1.01,0.77811,29.21914,1026.0,3.0126,87.03704,1.23,5492.0,1.39582,61.58537,0.77811,0.80937,0.74678,3.23199,4.25981,6.88669,6.04747,53.3278,5.00585,114.26029
USNA,0.0,41.679623,22.62168,2.67242,3.59,6.94472,-34.06288,120.688,12.08571,-37.3473,3.6,804.711,10.43337,-40.47466,6.94472,6.94115,2.05539,11.45523,15.61501,16.71898,16.71898,3.24512,0.12074,3.35396
UAA,0.0,0.0,0.0,0.0,0.0,0.0,0.0,0.0,0.0,0.0,0.0,2837.254,0.0,0.0,0.0,0.0,0.0,0.0,0.0,0.0,0.0,0.0,0.0,0.0
UNF,19.61638,8.74621,102.64511,4.36478,5.46,5.16808,-19.29963,244.694,12.22967,-31.23426,5.49,694.371,-2.44113,-31.57083,5.16808,5.16507,2.5666,3.49215,4.32423,5.45837,5.45837,2.62622,0.21117,2.69705
UFI,23.87533,9.22214,20.10396,3.23798,0.8,1.85974,-20.85387,54.428,6.67208,-48.05195,0.78,80.485,-4.34577,-47.81756,1.85974,1.76212,1.49172,3.10739,3.78972,4.21494,4.21494,25.38366,2.25915,34.01891
UNP,9.81417,13.76972,19.86143,0.71594,11.21,28.13266,6.19584,12255.0,49.26633,12.66332,11.2,13535.0,16.17236,7.28193,28.13266,28.03715,0.52899,9.65505,13.42313,53.16821,53.16821,74.18718,2.85247,287.40442
UIS,-12.619,4.2804,-0.21681,1.43028,-1.57,-5.29825,-20.73733,223.6,11.2935,45.747593,-1.07,556.3,8.29019,45.747593,-5.35381,-3.65683,1.26549,2.91521,11.49855,45.747593,45.747593,96.30884,2.54383,45.747593
UCB,0.0,63.25576,24.51684,0.79039,2.52,29.1811,8.29764,513.699,54.02456,-15.15152,2.67,826.151,-159.63013,2.84321,29.1811,29.95018,0.78971,1.42835,10.23038,11.73225,11.27266,28.47712,2.09322,39.81539
UNFI,9.9356,25.3532,30.72041,1.57096,4.07,0.87804,2.23286,641.0,2.21585,71.0084,4.64,4182.0,-0.13179,66.44295,0.8573,0.93031,0.52296,2.93671,4.39941,15.00303,15.366,65.36529,5.27613,188.72768
UPS,0.35812,7.79748,23.03912,1.22475,13.2,11.5091,5.55418,17066.0,17.00851,-10.08174,13.02,25215.0,8.19455,-10.41117,11.5091,11.30222,1.12933,12.34443,20.87018,67.85158,67.78587,54.29092,1.37824,118.77493
PRKS,-7.66492,23.39541,-6.84802,0.5711,4.14,16.81977,14.03514,663.859,38.34593,28.57143,4.3,880.71,13.11506,13.51861,16.81977,17.2888,0.3748,12.94642,15.97449,89.42966,89.42966,124.38738,3.36261,89.42966
URI,19.49911,6.32546,101.82101,1.1137,29.65,18.08109,27.05336,5476.0,47.03659,55.72479,29.69,5023.0,3.47342,51.8759,18.08109,18.03103,0.86299,9.15964,11.38428,32.25312,32.25312,63.38087,2.2321,173.08128
X,-21.73289,11.3131,44.7377,1.98687,9.16,11.98196,-27.27615,3866.0,18.35272,-38.44086,10.37,4353.0,5.70852,-39.53043,11.98196,12.15877,1.29907,10.31215,13.91151,26.25338,26.00185,28.60407,1.06855,40.06401
UNH,24.37395,20.32555,83.26767,0.774,21.18,6.36688,17.58948,31835.0,9.82071,17.14602,21.47,79617.0,8.06244,16.4015,6.20677,6.20597,0.654,7.76215,13.33965,26.91063,25.35099,40.02431,1.81005,70.74647
UTL,14.44184,4.10047,29.13965,0.74894,2.59,7.35085,4.22433,143.1,25.40838,10.21277,2.59,169.0,-3.74201,14.68144,7.35085,7.35382,0.66744,3.21414,4.77461,9.04226,9.03832,56.85949,4.30678,131.80067
UVV,4.88595,5.58786,54.6046,3.36983,3.47,4.92508,3.88952,226.128,10.74957,-1.69972,3.81,419.8,-3.3293,-0.95298,4.11566,4.48521,0.90045,4.40335,5.26543,6.53944,7.58117,34.86122,3.27737,53.51839
UHT,3.44732,0.95829,16.59791,8.56502,1.53,22.98292,2.09254,33.957,36.98375,-80.68182,1.53,86.719,41.18944,-80.66981,22.98292,22.94767,8.56502,3.30204,3.43591,9.08731,9.08731,60.72889,10.43325,154.64009
UHS,15.52053,7.11908,83.8265,1.32538,9.14,4.90308,-14.01226,1642.966,12.26152,-22.67344,9.56,5162.775,0.88967,-31.86609,5.0421,5.21672,1.10767,4.9887,6.02931,11.25054,10.79833,46.89197,3.20839,88.36494
UVE,250.65147,2.16604,9.47369,3.34602,-0.72,-1.82038,27.02446,-13.538,-1.10726,27.02446,-0.72,284.259,-37.49915,27.02446,-1.82038,-1.81087,3.34602,-0.52155,-2.79181,-6.2032,-6.2032,26.30617,27.02446,35.69657
UNM,-4.95754,0.65906,46.50957,9.84942,6.5,10.95641,32.30528,1943.3,16.20119,61.69154,6.57,4038.9,16.89253,59.45159,10.95641,10.99019,9.84942,1.73688,8.19057,12.75062,12.75062,28.11252,1.85087,39.10628
UE,0.0,21.279467,8.31829,0.55391,0.39,11.86307,0.0,0.0,0.0,-55.68182,0.39,249.28,37.22929,-55.03769,11.57012,11.47057,0.51776,2.28233,2.43563,4.68179,4.55621,63.00705,21.279467,170.3218
VVX,107.95517,5.45688,32.7233,1.19001,-0.68,-0.4957,144.71277,198.21,6.85644,45.62111,2.51,295.012,4.26613,45.62111,-0.4957,1.82299,1.07855,4.12653,6.00778,-2.12743,-2.12743,57.21402,6.72674,133.7214
VFC,11.83794,9.31952,9.09187,1.38387,3.1,10.27095,71.80403,1836.281,15.50672,240.65935,2.94,6457.147,11.80575,240.0457,11.71221,9.68984,0.82824,7.23969,9.4554,36.93207,36.93207,65.8204,3.70231,192.57216
VICI,9.26073,203.95947,22.77407,1.19025,1.27,42.55688,17.0567,1682.278,63.00676,-27.84091,1.27,2615.211,33.63565,10.23661,41.85905,41.73921,1.17092,3.80415,3.88406,6.56623,6.5914,39.52614,8.66027,65.3607
MTN,11.0064,6.93139,40.02977,1.61275,8.55,14.58234,57.74036,842.731,33.36344,173.16293,9.26,1227.124,14.47656,172.13374,13.77415,14.83448,1.35889,5.87095,7.61147,21.69747,20.03709,61.43296,3.49202,159.28874
VLO,7.95546,16.51686,63.31407,1.38211,29.04,6.93911,295.80405,17451.0,10.194,1179.2952,29.33,19224.0,5.24282,1139.57,6.73408,6.76758,0.96655,16.53908,26.8829,54.907,52.46329,33.31239,0.72901,49.95288
VHI,-34.24428,7.47813,33.63509,3.22545,3.16,6.12374,-25.2442,244.9,11.01912,-29.14798,3.44,490.4,2.22272,-29.08805,4.05849,4.41125,1.78937,3.98911,6.26614,10.08892,11.0417,30.76556,2.37117,44.43679
VMI,9.02839,5.821,74.04436,2.21468,11.62,5.85124,26.20577,529.307,12.18128,27.69231,13.23,1126.224,6.32122,28.2334,5.77327,6.48857,1.19917,7.7319,10.34399,16.90626,16.64323,39.01545,1.9843,63.97596
VVV,-89.02128,4.73965,1.74106,1.76322,0.61,8.85042,-45.09058,303.1,24.52067,-73.36245,0.7,476.4,-42.2215,1.02381,34.3257,10.14238,0.09735,4.38308,6.06088,49.5471,49.5471,87.48878,7.07357,35.757347
VEEV,13.53956,2.83428,18.88258,3.6956,2.63,23.09246,30.86441,532.944,28.79569,11.44068,2.79,1347.099,34.89135,12.47165,23.09246,23.10221,3.65198,9.20753,11.93184,16.50806,16.50806,1.84032,0.10243,1.87482
VTR,3.15718,5.63764,25.40166,0.44709,-0.12,-0.98446,0.0,0.0,0.0,99.459656,-0.13,1851.383,27.70866,99.459656,-1.14119,-1.24928,0.44709,1.17171,1.23358,-0.45172,-0.37703,54.35478,99.459656,122.1641
VRE,-44.11223,5.82172,13.5578,0.41435,-0.62,-9.56361,0.0,0.0,0.0,11.457225,-0.39,115.947,7.24887,11.457225,-16.12032,-9.94768,0.41435,-0.97121,-0.99995,-4.51728,-1.75724,49.90367,11.457225,136.29347
VZ,0.0,5466.017,21.70167,0.75456,5.06,15.89359,-0.76333,47582.0,34.77327,-4.88722,5.28,77702.0,6.2674,-3.66644,15.53404,16.2141,0.58095,5.10585,7.19042,24.58279,24.76105,65.6008,3.70583,190.70439
VNCE,-6.05433,10.43842,4.65376,1.26066,-1.07,-3.93699,11.43028,6.282,1.9468,11.43028,-1.03,153.865,-0.78622,11.43028,-3.93699,-3.7991,0.33878,-0.00336,-0.00421,-20.82845,-20.82845,78.89847,33.19978,11.43028
VIPS,13.88704,193.49074,8.10472,1.18258,1.43,6.11894,10.7863,1031.991,6.90029,34.90566,1.42,3134.037,5.86651,23.9313,6.10631,6.04027,0.95084,5.35708,9.14787,18.47609,17.82945,9.69207,0.51375,10.73225
SPCE,0.0,-41.19402,34.87496,5.44199,-37.8,-41.19402,-41.19402,-488.886,-41.19402,-41.19402,-37.8,0.406,-41.19402,-41.19402,-41.19402,-41.19402,5.18244,-28.29536,-33.02664,-72.77653,-72.77653,49.74686,-41.19402,98.99255
VRTS,-19.85824,7.94435,113.75926,1.64803,15.5,12.02962,-29.14894,280.505,31.64617,-40.40754,17.94,402.508,24.56606,-43.52547,13.26081,14.95913,1.48225,3.45624,4.0845,14.28813,11.15212,72.05764,8.61104,293.5148
V,2.64228,14.6991,16.08172,1.44847,7.0,51.03037,23.15896,20671.0,70.52542,24.33393,7.39,28567.0,86.96349,21.49297,51.03037,52.64524,1.21901,14.70483,21.04027,44.14308,40.88288,39.23076,1.11122,64.55693
VSH,4.97405,8.60755,14.53634,2.92074,2.98,12.30865,23.91866,786.684,22.49339,45.36585,3.21,1065.65,3.97162,43.91046,12.26082,13.16151,1.83444,10.50581,15.53419,22.62847,22.67568,23.64145,0.80687,30.9611
VPG,3.09448,6.12813,22.59172,3.91392,2.63,10.08136,24.12022,62.358,17.19841,77.7027,2.83,149.602,3.29252,78.3443,9.94622,10.63689,2.31022,6.25978,7.74048,12.35783,12.5275,21.72014,1.3639,27.74679
VST,47.38726,7.94444,7.4457,1.07536,-3.26,-8.8141,0.0,119.0,0.86684,101.20092,-3.71,1682.0,-7.08862,101.20092,-8.93794,-11.41666,0.24678,-2.95542,-4.9139,-26.69422,-18.31946,73.07124,112.14286,271.35013
VTLE,-3.12634,12.85381,66.26572,0.59187,37.44,32.87762,62.00813,1387.18,72.21902,273.28015,37.89,1460.006,10.92315,335.5015,32.87762,32.88752,0.5004,25.38067,31.88132,77.74723,77.74723,50.60394,0.8203,102.44529
VNO,5.45709,1.80152,24.27342,3.98954,-2.13,-28.09081,0.0,0.0,0.0,56.20256,-2.13,1030.76,3.26866,56.20256,-25.43945,-29.99006,3.98954,-0.63757,-0.67627,-7.1361,-5.57864,58.35107,56.20256,150.17184
VOYA,-1.40356,0.28375,45.98352,16.94595,4.3,7.31172,-73.11453,770.0,13.00236,-73.97094,5.7,3162.0,14.01976,-76.01129,8.61196,9.6925,16.94595,0.2877,3.96003,8.01761,5.43356,37.08732,4.68312,60.59486
VMC,7.96731,8.98232,52.13394,1.98829,4.45,8.13512,14.03288,1630.1,22.28374,-11.88119,4.83,1557.7,5.20047,-14.19201,7.86855,8.78158,1.26197,4.66827,5.7118,8.82021,8.80332,39.97151,2.83989,66.58756
WRB,14.97291,1.84381,17.00607,16.13207,3.29333,12.56604,36.71537,1706.026,15.47921,35.21898,3.32667,4811.56,0.7314,35.06851,12.53073,12.53463,16.13207,3.13512,10.36142,20.6108,20.61574,31.00362,1.78267,44.93513
WTI,23.94222,12.72008,0.05224,0.71973,1.59,25.09769,97.98245,595.945,64.70651,91.15115,1.66,661.455,24.49761,91.15115,25.09769,25.80002,0.689,22.01503,47.78801,91.15115,91.15115,98.92965,1.18399,91.15115
WEC,20.76775,5.77444,36.06734,0.69133,4.45,14.68835,9.23562,3046.8,31.7461,8.27251,4.46,3307.5,-4.23331,8.28275,14.68419,14.65693,0.40063,2.97456,4.32003,12.64508,12.40393,59.8604,5.68593,149.13055
WEX,13.41279,0.75952,38.1655,1.08311,4.5,7.12445,32.22677,888.113,37.78383,0.0,9.92,1726.5,84.96788,146935.03,8.56997,18.73755,1.06467,3.57348,8.21604,11.5494,8.94941,62.98882,3.16095,170.18866
WPC,-5.15237,1.89592,42.70061,1.23294,2.99,39.64491,0.0,0.0,0.0,33.48214,3.09,1395.282,62.27661,46.13574,39.68844,40.86292,1.21889,2.57329,2.73872,7.22924,7.21406,47.10969,80.9254,89.07056
GWW,21.60775,7.83535,48.55142,2.47612,30.06,10.59233,38.14195,2394.0,15.72104,51.5121,29.78,5849.0,5.81248,48.32215,10.15892,9.95405,1.22289,19.34062,26.4669,71.71998,65.90398,49.72427,1.12991,98.90311
WNC,44.79381,11.58157,8.3399,1.70554,2.25,4.50696,96.53488,216.096,8.63649,11150.0,2.31,322.691,2.81849,9544.158,4.4865,4.48922,0.90995,9.05216,13.21917,31.04686,31.1664,51.26667,1.93813,105.33383
WD,-16.34563,2.87085,52.14922,2.05109,6.36,16.47201,-13.33615,534.995,42.17873,-21.96319,5.24,1236.498,156.04272,-19.54456,16.85746,13.35448,1.26921,4.05298,5.11292,13.20049,12.68156,43.59961,2.48072,77.30374
WMT,27.07182,77.04271,10.05107,0.9278,1.62333,2.44578,1.0517,36416.0,6.3892,2.52632,2.15667,143754.0,2.52763,1.20651,2.39893,3.16938,0.26368,6.47373,10.73282,16.65631,15.53879,38.41664,1.57412,62.38152
DIS,-3.21614,7.73269,52.08772,1.00086,1.75,4.24264,47.7309,12956.0,15.47077,57.65766,2.28,28321.0,7.12923,57.64411,3.75545,4.96049,0.8348,2.39202,3.03301,3.47895,3.37414,32.53236,4.03358,52.85147
HCC,24.29472,12.69263,28.02329,7.66117,12.4,36.88296,129.90361,942.099,54.18292,323.2082,12.77,1001.086,16.94319,325.0356,36.88296,37.9133,6.48854,29.52487,33.83937,55.29628,55.29628,18.82459,0.35631,23.19002
WM,8.03336,8.31315,16.79146,0.80815,5.39,11.37171,9.55089,5586.0,28.35821,25.64103,5.47,7404.0,9.58917,23.23789,11.36156,11.46317,0.72508,7.1034,9.89039,32.03321,32.02287,69.31879,2.77623,225.9324
WAT,17.99467,4.45057,8.5356,2.2449,11.73,23.81445,5.82634,1022.166,34.39371,5.01343,12.07,1723.774,12.0378,2.15229,23.81445,24.3617,1.53268,17.48136,26.94507,162.3213,162.3213,76.72922,1.62734,147.10167
WSO,6.96594,10.06435,48.7545,2.53578,15.41,9.67367,32.45753,844.226,11.60553,42.94991,14.25,2030.289,4.68139,43.49545,8.26421,6.96677,0.98687,15.44976,20.28949,33.82868,33.1487,14.79945,0.46259,17.37014
WTS,5.83975,8.70684,39.08875,2.51017,7.48,12.70523,19.57237,363.5,18.36322,53.27869,7.16,874.3,8.89619,51.78033,12.70523,12.1172,1.43808,10.68929,14.10721,20.33309,20.33309,13.28177,0.54801,15.31601
W,20.35398,49.06827,-23.48174,0.93292,-12.54,-10.89376,155.73012,-943.0,-7.71812,155.73012,-13.04,3416.0,-4.91283,155.73012,-10.89376,-11.31315,0.78137,-20.15337,-40.65594,155.73012,155.73012,258.8785,155.73012,155.73012
WBS,0.0,163.1614,44.6658,0.82455,3.72,23.66102,69.08041,1167.999,42.89427,-15.8371,4.85,2194.45,-80.87944,57.5788,23.66102,29.82558,0.82448,1.27754,6.51836,11.6449,11.21027,49.5889,6.78493,98.36902
WMK,-2.38927,91.20904,48.39891,2.14614,4.65,2.66605,4.63222,251.652,5.35892,14.81482,4.45,1223.657,1.17784,15.01805,2.66605,2.54893,1.21029,5.07323,6.74822,9.92998,9.92998,12.49851,0.73892,14.28377
WFC,0.0,4695.161,41.96094,0.8088,3.14,15.54689,-19.40271,35030.0,42.27664,-36.56566,4.26,72834.0,-135.51244,-38.82495,15.90895,19.56354,0.80383,1.14355,5.45952,8.01179,6.92609,55.89359,6.5795,126.7244
WELL,0.0,104.91819,41.37501,0.53,0.3,2.74977,0.0,0.0,0.0,-61.53846,0.32,2232.904,27.39251,-57.98928,2.41833,2.53281,0.53,1.35032,1.40375,0.74459,0.79505,41.15724,104.91819,71.22432
WCC,23.37502,6.41208,87.7526,2.18229,15.33,4.02482,46.48421,1684.545,7.86431,95.53571,16.95,4661.3,-0.25442,84.89563,4.01712,4.01464,1.21897,6.90548,9.6949,20.89344,20.96146,57.6473,3.59529,136.11246
WST,3.76278,5.79466,36.23347,3.69846,7.73,20.29513,-0.44053,881.4,30.53102,-10.84198,8.06,1136.2,8.39482,-11.46872,20.29513,20.7719,2.70077,13.72176,16.79174,23.34124,23.34124,10.58679,0.36068,11.84029
WAL,0.0,211.32721,46.46786,0.91736,9.7,35.05172,28.27379,1877.8,62.25302,11.88005,9.75,2472.8,-37.49586,17.5823,35.05172,34.65058,0.89698,1.84434,11.27564,21.7348,20.49309,57.93607,3.92853,137.73338
WU,0.0,163.73338,1.27925,0.93369,2.34,20.34633,-19.04974,1090.4,24.36376,18.78173,1.99,1849.1,12.72037,13.00571,20.34633,17.21658,0.25744,6.54309,17.54637,218.52652,218.52652,84.5602,2.39985,163.73338
WAB,2.8436,5.58211,55.75055,1.24805,3.46,7.66563,6.74079,1536.0,18.36881,16.89189,3.69,2579.0,9.66426,13.44086,7.56996,8.04016,0.59417,3.59413,4.67113,6.23553,6.28863,28.28468,2.60547,39.44023
WLK,-5.17837,9.329,77.96786,2.59922,17.34,14.5435,12.29646,4000.0,25.32607,11.29653,18.09,4073.0,10.33779,11.51365,14.22692,14.65732,1.75326,9.87913,12.73672,25.1258,24.18786,34.45857,1.3755,52.57525
WHG,23.096,5.50881,12.45756,3.30374,-0.59,-6.66965,-36.53137,5.504,7.93209,2.5512316,0.12,28.557,9.23201,2.5512316,-6.66965,1.35653,3.04003,1.27958,1.52024,-4.04981,-4.04981,5.19651,1.10193,5.48135
WY,-29.5858,23.57407,14.66852,1.57816,2.53,18.46033,-11.53562,3589.0,35.24156,-27.08934,3.03,3620.0,13.92012,-27.88646,18.46033,22.07354,1.13793,11.10611,12.17955,17.47537,17.47537,32.48116,1.44079,48.1068
WHR,-49.83871,8.47433,43.25926,1.07806,-27.18,-7.66072,-38.16216,1716.0,8.70006,224.59236,-12.66,3073.0,1.62176,224.59236,-7.70128,-3.58798,0.59231,4.14673,7.02146,-42.3002,-40.19152,76.95208,4.87587,224.59236
WTM,13.64635,1.09471,1456.8041,6.6905,-38.34,-17.06161,83.49575,-126.2,-11.28499,83.49575,-33.52,370.9,-38.51493,83.49575,69.87392,-8.47127,6.6905,-1.14142,-1.82902,-3.00754,-4.99496,13.27441,83.49575,15.30623
WSR,13.12908,5.90753,8.46667,0.47414,0.71,25.62176,0.0,0.0,0.0,222.72726,0.72,96.473,24.12346,192.74568,25.24244,25.38151,0.47414,2.64513,2.78668,8.69543,8.69468,59.60447,37.920662,147.55215
WMB,22.19959,6.70028,9.40066,0.77648,1.67,19.30689,12.66133,5063.0,46.17419,34.67742,1.88,6078.0,10.91085,35.06922,18.68673,20.88938,0.59387,3.9747,5.0858,17.94378,15.04299,62.16529,4.55797,164.30759
WSM,-8.38041,59.88095,11.55988,1.31169,7.375,13.6593,44.94678,1649.203,20.00019,71.31243,7.585,3631.963,11.88961,65.46406,13.6593,13.66378,0.55429,19.55838,29.61288,67.94593,67.94593,43.55664,0.77871,77.16877
WGO,0.1245,19.52124,41.6669,2.09504,11.84,7.87933,46.94644,639.555,12.90016,42.99517,13.03,929.3,5.05777,38.5868,7.87933,8.53514,1.02873,16.35043,21.02994,33.67624,33.67624,32.1572,0.93606,47.39958
WT,-4.12691,9.65648,2.13526,1.98043,0.31,16.81926,-32.79545,60.347,20.02588,0.0,0.31,131.031,16.0118,1.78123,16.81926,14.71277,1.09577,3.62538,5.06785,17.62814,12.06513,42.40991,5.34708,73.64097
WOLF,56.62148,6.0642,19.70435,4.53642,-2.46,-39.54704,3.9487946,-43.2,-5.78933,3.9487946,-1.69,208.1,-116.22889,3.9487946,-26.92308,-27.20488,3.83887,-2.75994,-3.13329,-12.95492,-12.95492,30.68595,3.9487946,44.2709
WWW,-24.37422,9.56636,4.0691,1.1396,-2.37,-7.04336,-23.96235,177.7,6.61874,58.19079,1.11,1070.4,-5.60656,58.19079,-7.01356,3.29511,0.33613,3.52179,5.17369,-39.63376,-38.45841,79.93727,7.60101,58.19079
WK,38.34583,5.87315,0.11363,1.47464,-1.72,-16.90858,-3.5525432,-77.952,-14.49259,-3.5525432,-1.71,407.99,6.99851,-3.5525432,-16.90858,-16.83502,1.33627,-6.86046,-13.95235,-230.35637,-230.35637,98.42199,-3.5525432,-3.5525432
WKC,39.85904,20.90243,32.01452,1.13657,1.82,0.1963,62.18058,380.8,0.64495,56.89655,2.05,1089.0,0.15895,54.81683,0.19325,0.21631,0.77952,2.41901,6.06462,5.85489,5.93218,34.44097,2.74632,52.53428
WOR,33.99082,7.0015,30.6067,1.9154,7.44,7.61632,10.58278,415.381,7.92376,-44.56036,7.46,327.608,-2.47277,-47.58378,7.23713,7.10677,0.97884,5.65065,8.33282,26.35591,25.22472,34.34829,2.03285,52.31895
WH,-4.87805,6.24167,11.13426,1.34237,3.91,23.69826,9.80036,605.0,40.38718,50.38462,3.69,954.0,34.90487,45.4918,23.69826,22.24346,1.02463,7.86463,10.58201,34.61726,34.61726,68.45902,3.45124,217.04782
XPO,-54.67934,5.04609,8.76684,1.08162,1.59,2.38404,-20.52365,941.0,12.19228,-43.61702,3.18,1122.0,6.28077,98.21429,8.62918,4.73827,0.93829,4.58233,6.93953,17.11628,17.11628,76.22739,3.44846,96.63705
XHR,31.66713,30.18935,12.80824,3.25145,0.49,5.77682,0.0,0.0,0.0,26.546988,0.45,278.151,19.18896,26.546988,5.60561,5.14542,3.25145,2.23381,2.3501,3.89406,3.9771,49.81067,26.546988,99.24555
XYL,15.00525,5.38995,19.38387,1.89434,1.96,6.42883,6.07477,908.0,16.44332,-16.59575,2.86,2084.0,7.16679,-16.86183,6.42883,9.33395,1.28302,5.17624,7.1924,10.57807,10.55135,38.55464,2.42071,62.74622
YELP,22.86183,9.97665,10.177,3.25992,0.5,3.0454,23.62693,103.205,8.64721,0.0,0.51,1087.801,17.85995,-8.37892,3.0454,3.02824,3.13888,3.52979,4.15337,4.97345,4.97345,15.09994,1.22412,17.78555
YEXT,4.26043,3.92417,1.61539,1.41158,-0.73,-23.87724,6.979277,-73.176,-18.73536,6.979277,-0.73,292.278,13.33146,6.979277,-23.87724,-23.88882,1.24806,-9.24497,-16.30933,-44.50388,-44.50388,38.49767,6.979277,62.59546
YUMC,-4.47761,146.0916,15.47017,1.81902,1.04,4.9953,-5.03195,1189.0,12.42554,-54.38597,0.99,1793.0,1.09599,-55.35354,4.61908,4.35563,1.512,2.92926,3.61097,6.52977,6.33868,25.11244,2.01934,33.58982
YUM,8.72483,11.0,-31.7,0.96637,4.57,19.36568,2.54453,2418.0,35.34054,-12.28407,4.6,3313.0,10.36978,-15.87302,19.36568,19.2283,0.76096,23.51422,36.84176,293.67856,293.67856,293.67856,5.23615,293.67856
ZBH,-1.6656,4.98127,57.5134,1.87741,1.38,4.19603,1.36042,2205.4,31.77856,-27.74869,3.54,4920.4,23.76655,-42.38048,3.33434,10.69157,0.76444,3.59089,4.21073,2.35161,2.35853,32.97406,2.68287,49.19598
ZTS,7.23742,6.88586,9.49746,2.37007,4.49,26.11331,3.5899,3405.0,42.12024,5.15223,4.61,5634.0,14.38954,3.78007,26.15042,26.73908,1.51437,12.74935,15.39977,47.25078,47.189,64.87715,2.38855,184.71497
ZWS,52.46357,7.04673,9.13069,2.61839,0.37,4.44687,18.17162,210.7,16.43782,-7.5,0.73,465.5,-4.39129,-48.96609,4.81354,8.63271,1.25406,4.95345,6.79036,6.54646,6.54646,26.40693,2.75036,35.88235
