,IQ_ACCT_RECV_1YR_ANN_GROWTH_CS,IQ_AR_TURNS_CS,IQ_BV_SHARE_CS,IQ_CURRENT_RATIO_CS,IQ_DILUT_EPS_EXCL_CS,IQ_EARNING_CO_MARGIN_CS,IQ_EBITDA_1YR_ANN_GROWTH_CS,IQ_EBITDA_CS,IQ_EBITDA_MARGIN_CS,IQ_EPS_1YR_ANN_GROWTH_CS,IQ_EPS_NORM_CS,IQ_GP,IQ_LFCF_MARGIN_CS,IQ_NI_1YR_ANN_GROWTH_CS,IQ_NI_MARGIN_CS,IQ_NI_NORM_MARGIN_CS,IQ_QUICK_RATIO_CS,IQ_RETURN_ASSETS_CS,IQ_RETURN_CAPITAL_CS,IQ_RETURN_COMMON_EQUITY_CS,IQ_RETURN_EQUITY_CS,IQ_TOTAL_DEBT_CAPITAL_CS,IQ_TOTAL_DEBT_EBITDA_CS,IQ_TOTAL_DEBT_EQUITY_CS
ACM,82.35381,4.79959,22.52848,1.29157,-1.04,-0.39596,141.59613,1003.513,5.57821,90.274895,1.04,535.188,1.79865,90.274895,-0.86073,0.86487,1.15931,2.61458,4.5727,-5.53585,-2.41328,55.92382,4.59081,126.87993
AES,-8.7117,5.73755,4.72249,0.98791,0.44,5.12579,-10.39866,3731.0,25.09754,-59.63303,0.92,2663.0,-3.37431,-60.20806,2.05839,4.25158,0.67353,4.24218,5.76627,8.24687,10.79932,75.61782,5.57679,278.7799
AGCO,-13.17701,8.29424,33.86387,1.32621,3.06,3.53541,-33.88472,643.5,8.61757,-29.81651,3.24,1560.6,9.5344,-35.08772,3.56756,3.77486,0.57816,3.44854,5.50413,8.4749,8.2756,29.9881,1.91919,42.83287
AME,3.04597,6.68647,13.81919,1.57985,2.45,14.86701,5.45822,1093.781,27.52138,3.37553,2.56,1392.108,14.80004,1.09486,14.86701,15.45329,0.96013,9.02069,11.62919,18.19655,18.19655,37.37185,1.7756,59.6726
T,13.80189,9.45304,19.96293,0.75272,2.37,9.32351,50.98299,47845.0,32.59174,99.15966,2.68,79755.0,10.30851,114.41195,9.09054,10.27448,0.45483,4.64216,7.70956,12.76783,13.00032,50.50262,2.63666,102.0309
ATI,-33.68125,7.4103,19.07763,2.72047,-3.53,-9.83708,4.67473,-8.9,-0.23927,4.67473,-1.77,60.3,3.07123,4.67473,-10.1597,-5.10595,0.80131,-1.80898,-2.80996,-16.14543,-14.88034,40.50972,4.67473,68.47189
AXS,15.03266,0.95882,54.53583,16.04998,6.04,16.6644,-54.19641,367.67,9.5491,-17.14678,3.74,955.998,-8.88197,-20.85909,16.6644,9.57839,16.04998,1.14296,3.32476,12.30083,10.92433,14.46082,2.6976,16.90549
ABBV,0.0,1333.495,2.45047,1.49752,3.13,22.50317,43.00741,9653.0,42.22844,184.54546,3.88,18620.0,30.6586,189.96619,22.50317,27.58213,1.20589,13.67452,21.04537,180.90382,180.90382,88.92352,3.28095,1333.495
ABT,-4.68489,5.82667,14.40314,1.54093,1.72,12.85469,8.24581,4844.0,23.73928,53.57143,1.83,11676.0,26.37221,93.65149,21.67606,13.41671,1.03886,5.10773,7.0472,12.19552,12.20994,29.67982,1.85818,42.2067
ANF,0.0,120.54671,20.03837,2.37053,0.71,1.3841,-6.35957,363.632,9.71232,2.89855,0.93,2313.57,4.41883,-5.13839,1.3841,1.78311,1.17694,3.19652,4.68764,3.32272,3.32272,19.83885,0.94583,24.74871
ACN,1.09635,5.78016,9.78723,1.35714,4.76,9.94637,9.85209,5146.174,15.63501,5.30974,4.93,9809.239,9.80061,3.81041,9.27733,9.38836,1.18242,15.54104,43.31471,51.46928,50.62727,0.41101,0.00533,0.41271
AYI,10.2571,6.89517,31.40515,2.75773,5.09,8.20556,30.07429,437.7,16.17098,25.67901,5.42,1145.6,8.75466,26.33675,8.20556,8.63051,2.24323,10.65478,15.16876,17.60254,17.60254,20.5793,0.80512,25.91177
AAP,2.87776,16.92194,33.56314,1.30106,6.4,4.86184,0.33783,1229.623,12.62833,-4.61997,7.52,4422.772,4.79153,-4.13649,4.86184,5.65254,0.18132,7.39923,16.28403,21.21168,21.21168,33.03279,0.9871,49.3268
AMG,-8.14745,6.08126,52.7342,1.80377,9.28,33.55605,1.56135,969.2,39.00986,15.85518,8.99,1456.8,22.44164,14.13404,20.76877,19.6481,1.80377,6.74131,8.37681,18.88692,19.23117,30.18928,1.95501,50.27195
AFL,-3.09524,12.63845,20.86338,1.2842,2.925,12.1173,-8.19773,4457.0,21.32128,-10.0,3.125,6803.0,7.37419,-14.16469,12.1173,12.87595,1.2842,2.31714,11.90181,14.05076,14.05076,22.05643,1.1243,28.29794
A,-38.35198,5.08244,12.55121,3.77664,1.31,10.84695,-43.44964,859.0,21.27291,-12.08054,1.48,2041.0,21.09646,-20.43651,9.93066,12.20505,2.92111,4.13026,5.44535,9.25515,9.24929,28.41202,1.92666,39.68825
APD,-5.37012,6.84247,33.66008,0.7979,5.88,13.31595,9.61103,2806.7,28.36512,28.10458,6.64,2226.1,7.51764,28.85953,12.91473,14.42092,0.5115,6.63845,8.59918,17.48775,17.3486,44.33602,2.09463,79.64938
ALB,43.51266,7.78503,29.00037,1.13257,3.0,9.86116,111.86125,913.069,25.00644,16.73152,4.19,916.133,3.39131,151.21216,9.17215,12.75842,0.53825,5.51847,7.01293,14.5174,14.7267,53.10689,4.21876,113.25094
ALEX,18.72038,12.36186,25.0225,0.82566,0.54,5.45136,-3.1746,115.9,20.31551,-1.81818,0.84,182.4,7.64461,-51.79153,5.18843,7.2,0.35409,1.68365,2.05459,2.43872,2.53515,32.19662,5.07507,47.93415
ARE,18.95722,3.15506,49.73086,0.89305,1.63,17.29413,0.0,0.0,0.0,64.64647,1.64,583.893,50.17986,41.9822,17.06458,13.8805,0.86017,1.75787,1.89089,4.08137,3.56327,48.01345,44.251225,92.66426
ALLE,16.73721,7.3428,0.26669,1.64415,1.59,7.4803,1.09265,444.1,21.47382,-17.1875,3.04,886.9,14.27337,-12.15753,7.44161,14.0968,1.12525,11.5026,17.30985,72.841255,72.841255,98.11441,3.47985,72.841255
ALL,0.99132,1.6673,52.55906,16.94547,5.05,6.14562,-20.83054,3546.0,10.03793,-19.45774,5.3,7691.0,6.06175,-23.82456,6.14562,6.01775,16.94547,1.92494,7.79247,10.25774,10.25774,20.3904,1.44642,25.61298
ALLY,11.64127,0.09376,26.43886,1.3787,-3.47,9.11215,-2.0979,5740.0,58.30963,577.4151,-2.99,6760.0,-21.49279,12.08696,13.09427,-14.6667,1.37749,1.37279,2.41031,6.67237,6.22096,84.68909,12.95035,577.4151
MO,0.0,152.04839,1.46934,0.85985,2.67,27.80842,9.74831,8590.0,45.56062,4.29688,2.74,11017.0,26.57858,3.37278,27.79782,28.49867,0.35222,15.60401,31.15039,177.84187,176.08733,81.61602,1.50396,888.0263
AMBC,-6.56146,0.04874,37.41005,28.36168,10.72,77.41831,53.90055,1305.623,205.15599,3.97672,22.31,1456.511,243.43248,1.92782,77.52972,158.3633,28.36168,2.89656,4.53888,31.9986,27.13012,87.37497,10.38069,168.2091
AMCR,-2.53964,7.95254,4.97868,0.92886,2.22,7.36491,-6.14185,1262.7,13.13698,-1.76991,2.35,1932.2,1.58443,27.77099,7.07776,7.35063,0.56896,6.41298,10.46526,38.89755,37.97781,69.31733,2.83939,225.91682
AEE,-8.86628,9.27453,28.63149,0.91591,2.38,9.59331,6.25313,2124.0,34.83109,-0.83333,2.57,2597.0,-0.78509,7.50853,10.33126,10.22437,0.48591,3.58408,5.83009,8.47793,8.39131,51.66394,3.56686,106.88488
AEO,0.6096,63.33852,5.8594,1.93972,0.46,2.70456,18.80052,309.511,9.42807,6.97674,0.52,1441.047,2.44576,-3.20668,2.4467,3.07985,1.04247,6.3961,9.40605,7.70077,7.70077,0.0,0.0,0.0
AXP,-10.49873,0.31749,21.33437,1.77688,5.05,14.99085,0.3609,10011.0,29.0671,-9.17266,5.32,22733.0,37.97799,-12.26848,14.99085,15.43126,1.58198,3.49999,7.20187,24.97461,24.97461,71.89106,5.28149,255.75871
AFG,-11.53143,1.18646,52.4956,10.26933,3.94,6.04773,-9.89144,747.0,12.20987,-20.72435,4.04,1204.0,20.79928,-22.12389,5.75351,5.78464,10.26933,0.78932,5.85491,7.43322,7.53257,27.45247,2.41633,37.84067
AIG,0.0,1319.0974,75.09567,1319.0974,1.65,3.84316,-36.38437,9765.0,16.8895,-68.51145,2.18,17927.0,8.723,-70.83278,3.79819,4.90101,1319.0974,0.63406,2.4879,2.23448,2.25033,24.54834,3.00563,32.5352
AMT,16.71874,19.65233,15.692,0.83037,1.41,14.08372,15.99815,2935.013,61.51112,-29.5,1.82,3462.7,28.56765,-16.95167,14.35758,15.97838,0.62886,4.27505,4.85271,12.9197,12.48368,71.83255,5.83269,255.01971
AWK,0.0,159.01889,28.3203,0.42857,2.64,15.06806,5.3466,1515.0,47.95822,10.46025,2.66,1769.0,-2.53568,12.50083,15.06806,15.07249,0.38356,4.3102,5.97756,9.55383,9.55383,56.49289,4.32739,129.8475
AMP,1.98426,1.30198,42.19654,1.60071,8.48,13.83581,-11.40896,2710.0,22.22587,2.04573,8.59,6302.0,20.32006,-3.52069,12.81063,12.80081,1.60071,1.07385,8.25062,20.36373,19.05138,55.41351,3.85461,124.28317
AU,-47.69231,83.67677,5.99608,1.90948,0.08,1.11058,-21.71095,1208.0,29.16466,99.128395,0.21,732.0,10.94278,99.128395,-2.05215,2.07671,0.94342,3.12157,4.34469,1.17536,1.72349,52.59416,2.26573,110.94447
NLY,-88.08178,3.91831,46.93905,0.05033,1.68,20.81467,0.0,0.0,0.0,52.947968,1.72,913.461,24.86376,52.947968,20.85083,18.19979,0.04548,1.55717,1.60365,3.98794,3.69059,83.65856,52.947968,52.947968
AR,-32.53011,15.34654,21.42101,1.76487,3.43,24.77955,50.76435,2644.556,66.86855,33.98438,3.52,500.598,-27.92008,39.75389,23.80273,24.39817,0.32678,8.8851,10.47117,18.2467,15.35983,39.25334,1.78046,64.6181
AON,-2.87744,4.21049,22.63158,1.06771,4.88,12.17257,-1.079,2567.0,21.97398,4.72103,5.38,3875.0,15.43721,-0.85898,11.85585,12.9319,0.27266,4.44359,10.49227,21.8506,22.22917,48.21008,2.23491,93.08778
AIV,0.0,18.634727,11.95157,0.13053,1.94078,27.52143,0.0,0.0,0.0,-26.21359,1.94078,0.0,34.35404,-19.57613,25.16648,23.86713,0.13053,2.68727,2.88806,19.85809,16.08476,67.65356,18.634727,219.57872
ATR,-3.78524,5.80341,18.38558,3.14395,3.09,8.60087,-1.23717,457.503,19.74422,8.42105,3.09,807.099,9.87178,4.01236,8.60316,8.34593,2.2243,8.16795,10.17537,17.69766,17.68664,41.61564,1.79124,71.27874
APTV,4.64231,5.63964,8.08747,1.30405,4.14,8.3152,-4.68085,2464.0,16.24794,-7.58929,5.24,2180.0,5.24975,7.32791,9.56149,9.85459,0.90476,10.58585,19.70504,49.91597,43.8914,59.45705,1.62662,146.65202
ARMK,-8.71172,9.46753,7.85004,1.09085,0.96,1.65381,-1.41031,1053.283,7.35064,52.38095,1.18,1478.011,1.4299,58.3998,1.64662,1.95676,0.75163,4.19301,6.03804,13.10303,13.08763,73.65502,5.02592,281.0785
ADM,-17.59379,16.0052,30.08235,1.61636,2.98,2.72666,-24.81752,2884.0,4.25985,-13.11953,2.81,3966.0,4.57871,-17.74911,2.73109,2.56504,0.83095,2.98453,5.11586,9.86818,9.83353,24.70158,2.0378,32.80491
AWI,-5.27165,13.37017,13.88753,2.01879,0.94,2.17355,-13.46276,271.9,11.23554,-48.63388,1.32,306.0,2.21539,47.6489,3.89256,3.02727,1.00894,3.62394,5.54353,7.41942,7.41942,56.6091,3.68886,130.46306
ARW,1.94525,3.81508,45.5599,1.51688,5.2,2.14967,1.24066,1049.001,4.50563,4.41767,5.82,3035.25,1.82276,-0.06405,2.13781,2.365,1.06248,4.38472,8.67754,11.99858,11.98235,36.62863,2.31134,57.79996
AJG,18.5641,3.37394,20.56152,1.03438,2.06,7.21571,15.4478,871.4,16.15978,4.56853,2.62,1584.5,12.26309,17.60053,6.61672,8.36856,0.98669,3.20926,5.7064,10.39067,11.24957,39.98243,2.8196,66.61786
ASH,-20.04992,4.98105,45.32836,2.24309,2.78,3.54557,42.16028,816.0,15.14758,198.92473,3.65,911.0,4.55031,32.61803,5.73603,4.60739,1.55249,2.83726,4.37486,5.77039,5.77039,55.1138,4.56985,122.78564
ASB,0.0,82.5551,18.61866,0.85547,1.19,17.40191,-0.84676,478.341,44.20606,2.58621,1.2,968.135,134.03323,-1.159,17.40191,16.56268,0.8492,0.95458,3.6534,6.77782,6.56387,54.46845,7.34574,119.62791
AIZ,-0.91033,1.05464,68.70109,1.93895,2.05,1.37316,-50.66718,461.138,4.47328,-68.1677,2.49,1249.4,-0.5669,-69.93992,1.37316,1.64645,1.93895,0.65748,3.36197,2.91707,2.91707,20.56734,2.5402,25.89281
AGO,-14.80076,2.05738,43.9574,33.30909,7.08,52.58964,-18.18735,1345.0,66.98207,13.09904,6.14,1564.0,41.90737,-2.94118,52.58964,45.28556,33.30909,5.70515,11.65592,17.86651,17.86651,17.65585,0.96654,21.44153
ALV,4.7647,5.24892,39.22361,1.81383,5.17,4.98931,5.88081,1209.9,13.19469,2.17391,6.65,1844.1,4.44758,-2.35143,4.98168,6.39646,1.41686,7.43984,11.08085,13.27386,13.2413,30.73635,1.27201,44.37588
AZO,23.3814,45.40106,-55.49398,0.84244,36.03,11.38905,6.80947,2222.97,21.82091,14.12734,36.76,5327.031,9.51957,8.45969,11.38905,11.38811,0.09166,15.6292,41.42595,378.42203,378.42203,155.75307,2.13815,378.42203
AVB,0.0,74.67637,71.82761,1.62933,5.51,38.51066,0.0,0.0,0.0,11.99187,5.26,1253.203,42.5084,8.55381,38.52649,36.47666,1.62933,2.85678,2.95898,7.85769,7.845,39.73466,74.67637,65.99984
AVY,0.68886,6.20647,10.73382,1.21678,2.95,4.5987,4.16065,721.0,12.08333,12.59542,3.52,1645.8,7.10042,10.2049,4.59703,5.36828,0.80324,7.91303,15.84939,27.00522,27.00522,52.30169,1.46866,109.65103
BWXT,-64.39248,4.84832,2.52349,1.82965,1.31,9.93614,115.69386,229.151,16.18837,385.18518,1.06,388.092,21.23868,347.34244,9.28734,7.99031,0.98745,5.00681,11.18802,22.26697,21.7414,51.75671,1.30918,107.28271
BXP,0.0,7.28242,35.87339,1.2052,3.72,31.74637,0.0,0.0,0.0,31.44876,3.87,1607.257,12.50639,31.44534,23.14174,23.57143,1.2052,2.86891,3.11893,10.59544,10.06491,53.8869,87.46375,116.8581
BALL,-4.93064,10.33939,4.39704,1.0198,0.995,3.78767,-9.55,1085.4,13.57259,-39.69697,1.785,1537.0,7.24569,-40.23404,3.51257,6.12931,0.51802,5.76363,9.25699,24.59289,24.22328,80.26999,4.72775,118.70109
BAC,0.0,5266.0107,22.53623,0.87197,1.31,17.07359,-3.47847,40346.0,43.35669,263.8889,1.45,79804.0,95.04613,228.73991,17.07359,16.30234,0.8665,1.11669,3.35447,6.93657,6.35932,63.15495,10.88467,171.40688
BOH,0.0,53.35723,25.7904,0.63835,3.7,25.94729,3.76043,337.983,54.57077,0.271,3.88,576.936,-25.55223,-1.43399,25.94729,27.07458,0.63731,1.34414,10.35849,14.80225,14.80225,44.13773,2.60953,79.0117
BK,0.0,1035.7242,32.69473,0.75273,2.71,20.79515,2.33789,8317.0,53.67884,26.04651,2.78,15034.0,92.00013,23.02298,20.38208,19.82134,0.74871,1.10065,5.82268,8.8504,8.29579,48.7488,4.45738,95.608
BKU,0.0,76.71332,21.65381,0.85591,2.35,25.60018,14.08808,517.977,52.69135,20.51282,1.89,803.565,-67.20104,23.23287,25.60018,19.62194,0.85305,1.3766,4.93293,11.71484,11.71484,66.28205,8.51584,196.57796
BBWI,3.27869,46.18548,0.06164,1.92496,3.5,9.09726,11.2093,2391.0,20.8748,14.7541,3.57,5387.0,8.54832,15.39313,9.09726,9.1011,1.15128,16.55983,25.99563,384.75708,384.75708,99.60284,1.99289,384.75708
BAX,0.0,245.80367,16.15251,2.05148,0.72,3.94262,-63.59638,1490.0,14.94783,-79.77528,1.14,4156.0,21.30066,-61.23348,9.71108,6.23295,1.58122,1.95929,2.79714,4.6328,4.61783,42.37894,4.37584,73.54766
BDX,42.54423,7.14276,34.0016,1.37825,3.35,6.75939,8.93855,2340.0,22.75822,-44.07346,6.07,4988.0,8.85285,-41.35021,6.75939,11.95681,0.715,4.8132,6.51522,11.37759,11.37759,64.15491,5.47949,178.97823
BBY,-2.14067,31.17388,14.21182,1.50817,3.53,3.08882,18.19709,2111.0,5.23315,78.28283,2.56,9047.0,2.47682,131.76692,3.0566,2.218,0.68818,6.21391,14.82636,27.74747,27.72277,24.48271,0.76788,32.42
BIO,3.66619,5.25127,84.8264,4.02762,3.85,5.60021,-16.36055,306.056,15.15548,26.22951,4.04,1121.67,7.83927,27.29248,5.60021,5.83882,2.67805,3.08756,3.92527,4.83752,4.83752,14.89847,1.42459,17.5067
BLK,5.51887,5.23342,172.12372,3.1234,19.79,29.40093,2.27178,4907.0,43.04008,2.8052,19.5,6172.0,27.32655,1.54827,29.33953,28.45895,2.86509,1.25358,8.34992,11.97444,11.85206,14.5111,1.00469,17.24983
BA,14.20335,12.62001,9.50311,1.35353,7.44,5.38527,-4.59957,8815.0,9.1714,0.81301,7.52,14026.0,-4.48985,-4.95777,5.38527,5.37434,0.41611,4.67057,26.42383,69.01333,68.16356,60.90092,1.13035,155.76051
BAH,-6.48245,5.9466,1.26664,1.3701,1.52,4.40908,-1.767,523.521,9.925,-1.2987,1.58,1274.394,4.20439,0.16409,4.40908,4.35572,1.25387,9.90109,15.81155,129.8782,129.8782,89.71235,3.10653,95.9591
BWA,18.64308,6.12458,16.2029,1.33004,2.7,8.05664,-1.91657,1361.3,16.96705,-5.59441,3.09,1703.1,4.79516,-7.02958,7.59921,8.64293,0.9566,8.09842,11.58993,17.00721,17.65541,41.40474,1.88504,70.66226
BSX,7.77684,6.08381,4.69313,1.4284,-0.18,-3.19647,8.98372,1941.0,25.95961,339.09396,0.61,5301.0,14.27712,339.09396,-3.19647,10.94198,0.65597,4.17555,6.46571,-3.7411,-3.7411,47.32016,2.92478,89.82595
BDN,-32.63596,2.99258,11.11792,1.70885,-0.21,-5.09747,0.0,0.0,0.0,25.89942,-0.21,358.936,41.71953,25.89942,-5.04126,-6.20419,1.70885,0.4583,0.48218,-1.49219,-1.49535,54.98784,25.89942,122.16218
BFH,20.08096,0.50703,33.01789,2.53692,8.85,9.40143,19.83996,1818.563,28.23967,12.45235,9.59,5441.3,-26.80465,12.20667,8.56425,9.21421,2.42227,3.88426,4.585,25.03244,25.17711,88.75038,9.44591,328.99374
BCO,-9.32254,6.34224,6.50102,1.21175,-0.19,-0.82969,23.44475,265.9,8.68557,51.019222,1.08,617.7,6.73997,51.019222,-0.38871,1.7392,1.08461,3.80536,9.25545,-2.42054,-6.31527,56.56287,1.61903,130.21779
BMY,40.38095,6.56101,8.54763,1.29911,0.93,9.84903,-28.88778,2858.0,17.25845,-22.5,1.24,12735.0,12.49472,-21.90619,9.45048,12.48237,1.04615,4.15095,6.18911,10.74937,11.0926,31.6819,2.34045,46.3741
BRX,1.23656,7.42742,9.59351,1.07481,0.65,15.59387,0.0,0.0,0.0,80.55556,0.64,956.051,43.57759,117.65803,15.29263,15.05601,1.00531,2.78075,2.97979,6.71067,6.69545,67.16758,67.66624,204.577
BR,4.63748,6.19855,7.84941,1.69267,2.32,10.65622,12.43066,547.2,20.3103,9.43396,2.41,866.0,14.56462,9.1635,10.65622,10.72523,1.51051,12.95448,19.03803,30.38899,30.38899,42.62924,1.25987,74.30481
BN,5.32218,10.31074,22.25016,0.86916,2.3,6.23773,0.80419,4124.25,16.94629,0.0,2.6,12163.997,-8.33759,2.80791,5.72015,6.51301,0.57205,5.55515,8.19531,10.00011,10.59321,44.14753,2.68826,80.59041
BRO,6.46244,3.67602,7.73384,1.1572,0.85,14.65322,-12.14211,465.081,28.00834,20.56738,0.875,799.999,22.22718,17.60401,14.65322,14.52371,0.86769,5.56954,8.39364,11.41395,11.41395,34.91009,2.47914,53.63363
BFb,-17.73517,6.76387,9.13785,1.72563,1.175,6.02693,-5.48525,11211.917,14.46828,-30.67847,1.2275,20437.688,0.41302,-30.59575,5.58693,5.81953,0.90559,5.03885,7.93427,12.92626,13.6616,32.6307,1.47981,48.43556
BG,-12.66304,25.21323,40.36271,1.48719,4.84,1.73743,7.83962,1802.0,4.14682,63.51351,4.71,2717.0,2.68554,53.59223,1.82027,1.55722,0.47507,3.99261,6.18797,11.1942,9.79502,41.65722,2.65039,71.79796
CBL,4.3253,10.43538,7.53673,0.20736,0.34,11.03671,0.0,0.0,0.0,-66.66667,0.34,771.673,34.09754,-52.83094,9.58598,5.37502,0.20736,2.87221,3.02775,7.68137,7.90163,76.77588,37.905525,37.905525
CBRE,42.36256,5.15964,8.11612,1.06229,1.63,5.14818,22.89466,1228.573,11.31719,12.41379,1.84,3772.878,-3.25507,12.92644,5.03999,5.63766,0.98342,6.12426,9.56313,22.00639,22.08796,61.82626,3.63722,161.96014
CF,13.19332,21.76459,17.31236,0.9275,2.96,17.0392,-12.08247,1739.8,40.38252,-45.34712,3.21,1547.0,-32.52994,-49.65835,16.24539,17.53158,0.474,6.67128,8.38996,16.97777,16.38671,56.03964,3.21457,127.47766
CMS,0.0,0.0,0.0,0.0,0.0,0.0,0.0,0.0,0.0,0.0,0.0,0.0,0.0,0.0,0.0,0.0,0.0,0.0,0.0,0.0,0.0,0.0,0.0,0.0
CNA,-0.12469,1.24891,43.4966,27.39173,1.77,5.31691,-38.07829,696.0,7.72561,-46.03659,1.77,2177.0,3.65884,-30.68017,5.31691,5.30863,27.39173,0.6916,2.57828,3.90224,3.90224,17.89356,3.68103,21.79313
CNH,-13.07378,1.17211,3.52557,1.89956,0.19,1.00498,-20.4441,2078.0,8.4208,-63.46154,0.37,4486.0,7.76128,-64.3662,1.02525,2.04065,1.55732,1.18084,1.76998,5.20362,5.04168,84.4443,12.69875,284.43307
CNX,-22.82722,12.69554,20.52803,0.47876,-1.64,-12.47332,13.159452,-8.697,-0.29764,13.159452,-1.97,244.489,-35.58916,13.159452,-12.82958,-15.45143,0.24336,-3.64961,-4.81973,-7.47417,-7.15693,43.29108,13.159452,76.33909
CDP,2.29773,3.42974,14.23266,2.27028,1.74,29.95373,0.0,0.0,0.0,596.0,1.16,328.338,23.59165,342.92636,28.29957,17.29087,2.08158,2.05607,2.17264,13.71532,11.88769,55.9508,69.90973,128.52892
CRH,36.29229,8.23471,17.16881,1.47543,0.96,3.08441,28.69001,2539.92,9.89634,0.0,1.26,7269.074,7.46096,11.63092,3.06326,3.98788,0.916,3.17241,4.4109,5.94567,5.85345,40.50516,3.94228,68.08181
CVS,22.72117,14.20997,33.78383,1.31115,4.62,3.41183,0.0,11856.0,7.73436,16.66667,4.87,26528.0,3.51466,12.76917,3.4164,3.55187,0.62303,7.26882,10.55577,13.91277,13.90865,42.44429,2.31646,73.822
CBT,-30.66861,4.92876,19.75728,2.37642,-5.29,-11.42459,-20.50848,469.0,16.33577,51.80646,2.81,595.0,13.29241,51.80646,-11.63358,6.20529,1.25624,4.99371,6.47528,-21.15869,-18.98148,42.11196,2.11727,72.74725
CADE,0.0,56.089993,17.58062,0.89981,1.33,17.17407,8.51873,347.006,46.74451,9.91736,1.33,723.052,-14.98831,9.2,17.17407,17.16817,0.88518,1.4597,9.17508,7.81793,7.81793,25.30778,1.61643,33.88275
CPT,288.2353,109.24,28.86674,0.20962,2.76,28.48398,0.0,0.0,0.0,-15.59633,2.77,520.585,37.21476,-14.64417,27.49721,27.22671,0.20962,2.61918,2.81592,8.85327,8.93438,48.50284,52.563892,94.18545
CCJ,-44.7688,8.27502,14.01495,3.2517,0.11532,2.30041,-9.0372,408.01093,20.55299,6.66667,0.12973,727.6235,0.82962,-64.75485,2.37026,2.58653,1.05111,1.68064,2.07694,1.18803,1.15318,21.20403,2.63596,26.91004
COF,10.19354,0.11682,89.67872,1.19007,7.0,16.02364,-5.3898,7864.0,31.40826,-7.65172,7.59,18877.0,-15.13,-8.53659,16.17541,16.42408,1.18553,1.32135,4.24943,8.68991,8.68991,55.55973,7.51717,125.02115
CPRI,15.71827,12.9052,11.22407,6.11193,4.28,20.15394,28.27413,1395.398,31.92057,32.91926,4.35,2647.7,9.66718,33.18866,20.15394,20.16856,4.10393,32.00772,38.8233,43.53853,43.53853,0.0,0.0,0.0
CAH,21.08267,17.07854,19.07317,1.2615,3.61,1.18208,10.87953,2660.0,2.59434,7.12166,3.95,5712.0,2.0873,4.2024,1.18501,1.27903,0.65435,4.92879,12.51639,19.15146,19.15146,46.74838,2.06466,87.78772
CSL,14.41257,7.52511,36.64835,2.17775,4.82,9.0201,24.66019,642.0,18.11921,25.84856,4.97,1015.8,11.52701,27.21846,9.02292,9.09558,1.50718,8.30924,10.59158,14.04095,14.04095,24.17959,1.16604,31.8906
KMX,72.27832,136.69781,15.11364,2.60641,2.73,4.01623,17.59062,1081.896,7.27393,26.38889,2.71,2254.821,0.20601,21.26979,4.01623,3.92858,0.46072,4.89953,5.2673,18.45468,18.45468,74.26402,8.41971,288.56104
CCL,0.0,468.38876,30.79145,0.35236,2.26,11.18111,22.06096,4205.0,26.75958,42.13837,2.28,6267.0,8.60061,42.1521,11.18111,11.27377,0.25978,4.09266,4.88936,7.31185,7.31185,26.98876,2.08966,36.96521
CRS,-10.45348,6.91844,26.35041,3.32319,1.11,2.63619,-19.25279,268.0,12.03575,-55.06073,1.48,318.3,-0.02414,-55.79819,2.63619,3.49612,1.16144,3.05405,4.50626,4.14812,4.14812,31.40714,2.2653,45.78777
CAT,0.0,889.4251,25.43095,1.30852,3.5,4.49469,-16.28665,8995.0,19.13382,-40.47619,4.55,11114.0,8.0537,-43.11231,4.47129,5.75198,0.87207,4.5602,6.82127,13.32277,13.32661,71.90343,4.23491,255.91534
CE,-11.86018,7.53019,16.2009,1.79807,2.01,5.05816,0.0,1087.0,19.15756,-50.24753,3.66,1318.0,3.40368,-51.28205,5.35777,9.72983,1.28258,5.30769,7.94077,11.77829,9.71729,51.30809,2.74241,105.37292
COR,30.25667,18.70712,3.06208,0.89576,-0.62,-0.09921,12.63195,1546.921,1.13776,246.11185,-0.5,3463.82,2.32075,246.11185,-0.09921,-0.08009,0.45995,3.30459,20.15223,-10.4143,-10.4143,84.64778,2.25807,246.11185
CNP,-26.96817,7.15005,8.04884,1.08999,-1.61,-9.36908,-2.31006,1903.0,25.76496,203.25777,1.08,2277.0,-12.61508,203.25777,-9.36908,6.2902,0.78679,2.61879,4.54147,-17.28056,-17.28056,71.80448,4.63163,254.66628
SCHW,9.10155,0.20559,9.04541,1.09341,1.03,22.5179,6.30517,2529.0,39.35574,8.42105,0.97,6072.0,-25.66916,9.53823,22.5179,19.84983,0.38984,0.85153,9.60609,12.65192,11.48185,17.73877,1.14274,21.56395
LNG,0.0,-15.755064,-3.82725,0.81468,-4.3,-15.755064,-15.755064,-275.316,-101.63575,-15.755064,-3.94,148.0,-15.755064,-15.755064,-15.755064,-15.755064,0.78162,-1.41643,-1.45891,-15.755064,-54.01608,91.49829,-15.755064,-15.755064
CVX,-23.15966,8.28261,81.11051,1.33566,2.45,3.84283,-51.58685,17680.0,14.42488,-75.83826,2.58,60174.0,-8.0116,-76.16028,3.74247,3.93199,0.91415,-0.78858,-1.11458,2.98105,3.03796,20.05008,2.18281,25.07831
CMG,9.88547,123.11542,1.39156,2.91006,0.302,10.56606,9.52623,907.151,20.15343,6.86483,0.3072,1689.25,9.32105,6.78711,10.56606,10.60985,2.71356,18.41992,23.45165,22.97404,22.97404,0.0,0.0,0.0
CHH,-2.54033,9.49968,-7.02734,1.49485,2.22,14.88921,4.98763,232.619,27.05256,7.24638,2.22,371.115,17.1934,3.95339,14.88921,14.66802,1.4104,20.6445,35.93068,46.220245,46.220245,194.65901,3.49987,46.220245
CB,-5.37993,1.02047,89.76686,2.57489,8.62,14.86338,0.0,0.0,0.0,2.3753,8.8,6078.0,19.42558,-0.66597,14.86338,15.02692,2.57489,2.26741,5.97733,9.65226,9.65226,27.69574,275.8876,38.30445
CHD,-14.46268,11.333,7.78429,1.03816,1.535,12.08908,6.29932,781.3,23.01461,1.99336,1.655,1511.8,14.81972,-0.84562,12.08908,12.78252,0.69463,9.88487,13.18339,19.8977,19.8977,36.25307,1.47267,56.8703
CIEN,9.95798,4.48894,4.57833,2.79478,0.1,0.47705,74.00596,264.148,10.80064,80.054535,0.31,1075.563,11.76913,80.054535,0.47705,1.50098,2.25675,3.62288,5.20052,4.23284,4.23284,67.5568,4.89444,208.23096
CI,3.24948,2.79054,46.91203,1.94976,8.04,5.48368,4.16166,4330.0,11.43204,2.68199,8.59,12452.0,6.13779,-0.38059,5.52857,5.80927,1.94976,4.11784,13.96602,18.36117,18.06715,29.90973,1.19376,42.91764
C,-5.55714,0.11706,69.46144,1.19072,5.42,19.69527,13.60828,35673.0,40.41122,146.36365,5.53,69246.0,95.77259,135.77191,19.53214,18.8186,1.00069,1.12512,2.98494,8.53691,7.99105,64.8736,11.54991,184.68614
CFG,0.0,311.12488,36.75626,0.95949,1.55,15.92115,9.06516,2310.0,43.78317,0.0,1.61,4522.0,55.92779,-2.89017,15.92115,16.34412,0.95561,1.06524,4.28393,4.34479,4.31721,40.40165,5.76537,67.78988
CCO,-0.03267,4.0221,-2.0957,1.71322,-0.27,-2.54108,-4.39623,683.718,24.36452,113.154396,-0.19,1320.502,2.70919,113.154396,-3.42356,-2.43413,1.20855,3.02442,4.09924,113.154396,113.154396,112.40681,7.54878,113.154396
CLF,-80.44747,16.43369,-17.66173,1.68936,0.63,7.11492,39.393536,260.4,12.893,39.393536,-1.09,236.5,8.28279,39.393536,-37.09957,-8.26958,0.85525,3.05689,6.80958,39.393536,39.393536,288.3356,10.65092,39.393536
CLX,-4.94506,10.61972,0.91747,1.01708,4.57,10.71618,2.9956,1169.0,20.67197,7.277,4.68,2465.0,13.00619,3.94265,10.25641,10.78428,0.64128,14.84208,26.1233,184.23367,184.23367,94.90941,1.88195,184.23367
KO,-11.75549,10.53741,5.90981,1.24007,1.67,16.62979,-2.51946,12149.0,27.42809,4.375,1.97,26812.0,11.21004,3.56438,16.59593,19.35576,0.8853,7.02849,8.99616,26.31278,26.15535,63.18219,3.63923,171.60767
CDE,-12.56847,33.71529,2.78498,3.18881,-2.83,-56.83191,-13.543098,-199.341,-30.85363,-13.543098,-2.89,143.488,-22.77179,-13.543098,-56.83191,-57.98868,2.04673,-15.23377,-22.19768,-72.94104,-72.94104,53.77975,-13.543098,116.35538
CL,-8.05412,10.76469,-0.33493,1.24052,1.52,9.65448,-4.17027,4435.0,27.65997,-35.59322,2.83,9419.0,14.59009,-36.51376,8.63166,15.92382,0.70713,19.60302,35.43741,647.7693,230.87248,100.67412,1.48162,647.7693
CMA,0.0,185.93648,43.02593,0.90259,2.84,18.38391,6.4441,1371.0,48.37685,-10.12658,2.93,2577.0,95.91126,-12.14165,18.38391,18.19619,0.90204,1.11029,7.51632,6.96431,6.96431,28.95405,2.24727,40.75397
CMC,-12.42735,6.16171,11.40832,3.73712,1.37,2.71444,15.90713,423.906,7.13274,59.30233,1.2,596.851,4.4235,22.57272,2.38317,2.35285,2.24499,5.15392,6.68473,12.09455,12.09337,50.56587,3.18362,102.28939
CYH,6.4588,5.24191,35.64302,1.68164,1.68,1.51772,-6.64989,2597.0,13.36112,27.27273,2.04,7398.0,0.55114,71.73913,0.81288,1.20126,1.30469,3.28148,4.11783,4.8367,6.35092,78.47839,6.56565,446.1951
CMP,-30.61033,6.09036,18.98107,2.99942,4.69,14.48985,-1.96271,299.7,27.27769,-27.17391,4.7,330.1,-8.54646,-26.93896,14.48985,14.40629,1.20726,8.47341,10.45642,24.61919,24.61919,53.19383,2.42576,113.64702
CAG,-20.95385,14.36893,10.5697,1.108,-1.46,-3.83644,-6.6409,2149.5,13.57659,214.38661,2.1,2319.0,8.78349,214.38661,-1.59546,5.65177,0.34922,5.27384,7.24586,-12.65675,-12.19042,63.16361,3.67751,171.47072
COP,-35.37079,5.38065,32.17001,0.94955,-3.58,-14.78487,-72.38328,4868.0,16.46597,710.18115,-2.41,10777.0,-1.36357,710.18115,-14.97768,-10.12388,0.74352,-3.19533,-4.89181,-9.66042,-9.46565,38.29931,5.11093,62.07275
ED,-16.99001,8.06553,44.54608,0.81271,4.05,9.50295,10.10819,3562.0,28.37343,9.16442,4.08,5494.0,0.04779,9.24908,9.50295,9.52238,0.59873,3.37966,5.7455,9.31013,9.3036,52.21877,4.0073,109.28719
STZ,-4.35963,9.84083,29.66316,2.57433,4.17,13.87193,33.48936,1768.2,29.33311,-57.57884,4.59,2578.6,-4.38101,-56.80614,13.92336,14.67475,0.70815,6.64848,7.75927,15.61198,15.39595,55.54338,4.15564,124.93836
CPA,-22.56353,22.50929,37.8363,0.92078,-5.13,-9.99857,-36.97665,400.976,17.82066,55.965515,4.89,697.627,7.60993,55.965515,-9.99857,9.5322,0.80757,4.26076,5.47071,-12.28517,-12.28517,45.03613,3.24383,81.9377
CLB,-26.10733,4.65227,-0.68586,1.97541,2.68,14.41118,-42.52169,215.139,26.976,-53.55286,3.09,264.868,23.14271,-55.39663,14.40052,16.62475,1.45243,18.03371,27.29444,26.870316,26.870316,105.78685,2.01373,26.870316
GLW,-8.59427,6.3425,14.59115,2.93852,1.0,14.69652,-15.08564,2578.0,28.29547,-42.19653,1.07,3653.0,13.13659,-45.83333,14.69652,14.31599,2.12225,2.97304,3.61065,7.48735,6.6099,19.19897,1.73856,23.7608
CTRA,-48.58836,7.83226,4.85457,0.61467,-0.28,-8.39192,-26.72474,526.663,38.80654,59.292526,-0.27,719.47,-34.6921,59.292526,-8.39192,-8.23033,0.53095,-1.11626,-1.50632,-5.48618,-5.48618,50.19598,3.84496,100.78699
COTY,2.22623,6.53139,2.68792,1.21635,0.64,5.90835,3.68399,740.2,16.85951,175.09673,1.04,2642.8,7.52323,175.09673,5.29565,8.36899,0.66892,5.0609,8.01842,25.63961,25.53652,71.09858,3.55944,267.56372
CXT,0.0,0.0,0.0,0.0,0.0,0.0,0.0,0.0,0.0,0.0,0.0,0.0,0.0,0.0,0.0,0.0,0.0,0.0,0.0,0.0,0.0,0.0,0.0,0.0
BAP,0.0,251.53554,60.53029,1.07911,11.59,21.21092,-2.12076,2266.013,50.93675,13.29423,11.82,2895.1067,44.60433,13.11569,20.73431,21.11785,1.07911,2.90296,8.21587,19.24719,18.90151,69.79371,5.08778,231.0569
CCK,-12.67606,10.97995,1.0327,1.04849,2.82,5.26136,7.92164,1267.0,14.46017,1.07527,3.52,1646.0,7.78076,1.55039,4.48528,5.54145,0.56018,6.52626,11.1001,298.8593,112.16545,92.69276,4.35517,151.91568
CFR,0.0,77.555855,44.30088,0.59216,4.28,25.90626,-3.31033,503.204,46.66962,-0.2331,4.31,1013.517,-5.2815,0.48601,25.90626,25.0863,0.59207,1.01426,7.28653,10.24535,9.72972,28.11844,2.24688,39.11775
CMI,0.0,336.48044,42.48996,2.08967,7.84,7.69231,4.23154,2611.0,13.663,-13.08204,8.78,4947.0,7.39207,-15.26348,7.32077,8.17987,1.264,8.50049,13.69917,18.46255,18.55709,17.4566,0.62773,21.14839
DHI,27.46114,246.8451,15.98901,5.26116,2.03,6.92751,39.0832,1165.1,10.75163,35.33333,2.07,2188.7,3.88871,40.71228,6.92751,6.9971,0.81521,6.52586,7.52861,13.63657,13.63038,39.26588,3.27139,64.6521
DTE,-15.15957,7.43669,48.87725,1.01859,4.05,6.96527,-19.48812,2202.0,21.30212,-20.58824,4.44,2576.0,-4.63021,-19.66851,7.03299,7.6885,0.55696,2.97561,4.69285,8.50342,8.40287,52.72014,4.45368,111.50654
DXC,-15.88462,5.08586,21.04876,1.36212,0.15,0.29574,0.0,1302.0,10.6958,0.0,1.03,1958.0,8.77865,0.0,-0.06572,1.20623,1.24049,1.88166,3.26305,0.61466,1.04454,47.50801,2.04992,90.50526
DVA,13.00122,8.48093,23.22139,1.87704,1.25,3.10126,12.73632,2522.155,18.30057,-62.46246,3.91,3116.943,8.56301,-62.69855,1.95716,6.01084,1.71472,6.44631,7.89381,5.37246,7.04221,60.55174,3.62006,179.58372
DHR,9.08966,5.41284,34.49374,1.27005,3.67,12.63769,5.99661,4813.2,23.40698,1.10193,4.02,7823.0,10.63671,29.21028,16.32731,13.64756,0.7706,5.51832,7.3986,11.04223,11.00822,35.13201,2.67398,54.15923
DRI,17.55725,158.22221,18.42203,0.88276,1.51,2.90361,18.74605,751.9,11.1162,9.42029,2.22,1422.5,21.17294,147.90356,10.48936,4.19122,0.51299,4.11213,6.08764,8.74755,8.74755,40.63247,2.12409,68.44225
DECK,0.0,0.0,4.69088,4.09804,0.77667,8.90341,0.0,270.212,14.87086,0.0,0.77167,878.108,0.0,0.0,8.90341,8.77379,2.28849,0.0,0.0,0.0,0.0,3.95029,0.14262,4.11275
DE,-7.38596,0.83309,21.29358,2.05209,5.77,6.85254,-32.17387,4303.5,15.19394,-33.14021,5.69,6783.6,8.07073,-38.64061,6.84936,6.70173,1.86432,3.06108,4.07379,24.54764,24.53249,84.50341,8.56266,487.2266
DAL,-12.05921,18.85754,13.93198,0.51672,5.63,11.1193,106.09418,9672.0,23.76179,621.79486,5.71,12041.0,18.13581,586.79816,11.1193,11.1804,0.31816,9.13361,25.93728,46.0357,46.0357,43.42771,0.86115,76.76498
DBI,-8.40276,97.78434,11.43814,2.70788,1.69,6.13066,-8.68423,310.375,12.43444,2.42424,1.71,948.575,3.00363,1.31988,6.14156,6.13132,0.9383,10.58459,15.06048,15.22911,15.22911,0.0,0.0,0.0
DVN,-43.06144,8.87276,16.86364,1.22185,-35.55,-115.65614,-611.52997,-15891.0,-120.89007,-611.52997,-31.59,4373.0,-108.83226,-611.52997,-109.95816,-97.81004,1.08103,-29.77304,-38.68204,-101.11935,-81.45192,54.40627,-611.52997,119.32842
DBD,-13.39863,5.42543,6.34442,1.71961,0.88,2.45939,-27.13384,184.1,7.60964,-50.0,1.49,656.5,-3.60592,-35.5865,3.04634,3.99707,0.82172,3.50925,7.52619,12.24571,12.01548,59.69832,3.50407,148.12859
DLR,0.0,70.212425,21.92861,0.26512,1.56,16.97721,0.0,0.0,0.0,57.57576,1.59,1118.954,38.59332,48.20889,16.70127,12.37383,0.26512,2.49109,2.74205,9.82392,7.13762,56.6745,70.212425,130.81094
DDS,83.23606,155.2405,49.02093,2.13305,7.79,4.89449,1.11116,816.688,12.04532,9.71831,7.79,2507.524,6.8831,2.52788,4.89449,4.89485,0.52818,8.60628,12.51041,16.54522,16.54522,28.91932,1.00595,40.6852
DFS,0.0,0.0,0.0,0.0,0.0,0.0,0.0,0.0,0.0,0.0,0.0,191.27307,0.0,0.0,0.0,0.0,0.0,0.0,0.0,0.0,0.0,0.0,0.0,0.0
DLB,21.47335,11.44681,17.88556,4.37965,1.75,18.87831,-15.69286,282.681,29.12322,-12.0603,1.61,875.822,9.45524,-11.99061,18.68771,16.97749,3.74928,6.48325,7.52427,10.31479,10.3302,0.0,0.0,0.0
DG,0.0,354.29782,18.81725,1.7772,3.49,5.63389,2.5681,2125.093,11.23818,10.09464,3.51,5802.507,5.08888,3.92434,5.63389,5.6546,0.2917,10.09089,13.37151,19.17428,19.17428,32.43057,1.28963,47.99592
D,-20.73976,8.60943,21.24832,0.51613,3.2,16.45981,12.69002,5115.0,43.78156,42.85714,3.39,5581.0,-6.15852,44.96183,16.25439,17.18939,0.24335,4.11053,5.77891,15.6819,15.04754,68.03516,5.66002,212.8437
DCI,-2.98003,5.07654,5.75617,1.83844,1.49,8.77656,-10.7136,379.469,16.00316,-15.34091,1.6,817.0,4.62889,-20.02621,8.77656,9.29482,1.20824,10.16709,13.67113,23.41941,23.36837,42.62128,1.5242,74.28065
DEI,-21.88073,7.06816,13.1107,1.68538,0.39,10.43805,0.0,0.0,0.0,30.0,0.4,433.05,45.55062,30.84422,8.86357,8.87141,1.62591,2.19077,2.26208,3.01752,2.99242,61.2826,34.784542,158.28183
DOV,-5.583,6.03,23.51278,1.77063,3.74,8.56605,-17.06013,1303.055,18.73198,-18.87202,4.01,2589.338,12.12563,12.20198,12.50417,9.08603,1.08448,6.88847,9.27223,16.22482,16.22482,43.21493,2.12855,76.10262
DUK,0.0,823.5146,57.74273,0.73,4.02,11.98261,1.91448,8890.0,37.8959,16.18497,4.37,9649.0,5.47711,49.54859,12.00392,12.928,0.29018,2.96963,4.31625,6.93779,6.96913,52.06754,4.85962,108.62689
CTA,0.0,0.0,0.0,0.0,0.0,0.0,0.0,0.0,0.0,0.0,0.0,0.0,0.0,0.0,0.0,0.0,0.0,0.0,0.0,0.0,0.0,0.0,0.0,0.0
EOG,-47.69829,6.43437,23.53883,1.42487,-8.29,-51.89666,36.02128,-3124.0,-35.8326,36.02128,-8.29,4140.563,-66.0034,36.02128,-51.89666,-51.88878,0.92884,-13.61641,-19.44784,-29.51834,-29.51834,33.97522,36.02128,51.45829
EQT,-42.18697,9.68761,33.2852,2.82856,0.56,13.75721,-21.7189,1382.355,59.08101,-77.86561,0.33,1430.957,-57.00482,-77.99,3.64016,2.14942,2.23441,2.70313,3.43673,1.76326,4.4703,27.80788,2.23701,38.51927
EXP,17.03634,10.17071,20.11331,1.98636,3.71,17.52238,29.95777,298.782,28.01866,48.99598,3.47,254.133,7.2062,50.39318,17.52238,16.14132,0.65605,8.2268,10.20527,20.28704,20.28704,33.65992,1.71616,50.73843
EMN,-15.38462,11.16667,26.67127,1.39981,5.66,8.85158,23.33901,2172.0,22.51244,14.34343,6.87,2587.0,10.94009,12.91611,8.78939,10.58128,0.64737,6.32042,9.02068,22.76205,22.4412,63.64376,3.24079,175.05595
KODK,-11.91136,5.29602,1.85714,2.78431,-1.72,-3.72636,-11.55379,222.0,12.34705,29.912542,-1.08,389.0,5.53393,29.912542,-4.44939,-2.5168,1.98693,2.26353,6.04036,-40.56338,-33.33333,86.84547,3.06306,29.912542
ETN,-5.12681,5.83683,33.09939,1.43049,4.23,9.49892,-5.46944,3232.0,15.49748,12.5,4.53,6593.0,11.20055,10.37368,9.48933,10.11132,0.84843,4.54422,6.04237,12.77929,12.75185,35.6799,2.61417,55.47239
ECL,-9.00369,5.39979,23.34678,0.93349,3.32,7.50973,0.24474,2908.2,21.4705,-15.52163,4.44,6402.2,10.58741,-16.68607,7.39825,9.71581,0.55004,6.74622,9.38365,14.08849,14.16467,48.08529,2.2232,92.62363
EPC,-43.47475,6.24987,30.97747,2.45441,-4.78,-12.22947,-54.81111,406.7,16.79746,76.395966,2.82,1188.0,18.81608,76.395966,-11.3704,7.22121,1.71926,3.31784,4.71041,-13.50082,-13.50082,48.01149,4.23285,92.3502
EIX,-6.04782,8.35678,34.89139,0.53867,2.99,9.3891,-9.70338,3927.0,34.07671,-30.94688,3.02,4268.0,3.04365,-34.28074,9.83166,8.54321,0.30384,2.49761,4.96204,9.83519,8.20256,47.17829,3.04635,89.35614
EW,9.51389,8.2655,3.87357,4.3005,0.75,19.84601,25.32549,702.7,28.17901,-39.83957,0.76667,1876.5,19.03647,-38.9841,19.84601,19.87609,3.29441,10.49798,13.51082,21.08425,21.08425,19.3329,0.85371,23.96628
ELV,-4.61507,16.79126,88.21113,1.61644,9.38,3.2341,4.79191,6020.4,7.60569,4.6875,10.15,18041.5,5.61667,-0.37748,3.2341,3.37237,1.53496,5.32657,8.41936,10.82558,10.82558,40.77376,2.63512,68.84409
LLY,8.60694,5.91579,13.80816,1.52785,2.26,12.06692,7.41772,5094.5,25.52521,1.34529,3.05,14921.5,8.62124,0.7488,12.06692,16.22768,1.0357,6.43514,10.17396,16.08576,16.06757,35.3519,1.5661,54.68359
EMR,-13.947,4.77704,12.34477,1.28833,3.99,12.25341,-11.75311,4475.0,20.06367,31.68317,3.4,7008.0,10.77161,26.22264,12.15029,10.26372,0.97,9.88869,14.68181,29.78022,29.87702,45.70474,1.52894,84.17815
ETR,0.86339,12.98402,25.94552,1.31633,-0.495,-1.36134,-14.24835,3217.529,27.94631,343.79657,3.0,4069.378,0.65288,343.79657,-1.36134,9.33755,0.78314,2.19355,4.18689,-1.62718,-1.57621,59.12491,4.30454,144.64777
EPD,-32.79576,8.45031,10.08426,0.60182,1.26,9.46577,-2.05541,4574.6,16.92547,-14.28571,1.3,3521.8,-0.44824,-9.55012,9.32814,9.45904,0.36363,4.20824,4.79791,13.14553,12.73048,52.53463,4.96013,110.67992
EFX,3.73666,7.75429,19.46841,0.93011,3.55,16.32377,8.06699,916.3,34.40081,19.52862,3.76,1776.2,22.56204,16.79369,16.10978,16.75597,0.78387,9.77737,12.28905,19.02461,18.96619,33.70939,1.30438,50.85092
EQC,0.0,0.0,23.61562,16.32656,0.56,13.8521,0.0,0.0,0.0,42.306015,0.53,389.943,36.65028,315.8629,13.8521,9.45638,16.32656,1.44594,1.50046,3.37426,2.98612,33.67568,42.306015,50.77425
EQR,0.0,102.75645,28.603,0.05409,2.36,32.8686,0.0,0.0,0.0,37.2093,2.37,1839.797,42.77404,37.82813,31.51054,31.19802,0.05409,2.77939,2.8938,8.38239,8.07792,49.33734,102.75645,102.54426
WTRG,2.96368,9.35775,9.7762,0.66444,1.14,24.78372,2.05229,446.39,54.82533,-5.0,1.14,506.474,-7.5661,-13.48359,24.78372,24.7528,0.52989,3.60049,5.88966,11.93574,11.9356,50.99374,4.02322,104.05555
EL,-14.84811,8.44264,9.71826,2.09239,2.82,10.14248,-9.79853,2032.6,18.85459,-7.84314,2.9,8680.0,12.94769,-9.56731,10.10074,10.20343,1.26409,12.56286,19.2651,29.04469,29.06549,30.94149,0.80552,44.80475
EG,12.12643,2.65393,178.21204,14.87004,22.1,18.45103,0.0,0.0,0.0,-14.70475,22.29,1091.323,7.03664,-18.45356,16.7919,16.61762,14.87004,3.64037,8.78019,12.98656,13.23414,7.08997,62.53503,8.3901
ES,-8.42399,7.7751,32.63717,0.87591,2.76,11.13794,8.12074,2430.02,30.54774,6.97674,2.82,3516.294,-5.28736,7.19167,11.04342,11.24965,0.33517,3.65353,5.42566,8.64267,8.58524,49.24559,4.19561,97.02722
EXPD,-10.01439,5.63525,9.29324,2.31418,2.4,6.94458,19.1875,767.496,11.5995,25.0,2.42,941.796,7.70535,21.31535,6.91021,6.91042,2.22911,16.47722,25.28837,25.68379,25.76895,0.0,0.0,0.0
XOM,-28.57451,14.90121,41.09986,0.78967,3.85,6.98915,-39.79836,30931.0,13.06153,-49.34211,3.85,77801.0,-1.11809,-50.33825,6.81981,6.82176,0.43686,2.34663,3.78305,9.35662,9.24962,17.95245,1.25075,21.88055
FMC,5.73387,1.81907,13.95897,2.04493,-1.4,-5.42957,-47.97658,408.8,12.47673,64.54742,0.25,858.2,1.49397,59.02439,14.92446,1.02011,1.41753,3.34293,5.34261,-11.03586,-10.24681,52.9651,5.25661,112.60808
FICO,2.23961,5.3414,13.96606,1.1752,2.65,10.31282,-4.60054,189.636,22.60852,-2.57353,3.0,568.246,11.53604,-8.82914,10.31282,11.2313,1.00417,8.03661,9.51714,19.40351,19.40351,58.18193,3.20614,139.13107
FDX,4.74359,8.48967,52.99996,1.83666,3.65,2.21272,-17.93469,4951.0,10.43348,-45.92593,4.79,13359.0,-0.18229,-49.92847,2.21272,2.85666,1.59174,4.17029,6.91898,6.93756,6.93756,32.64903,1.46799,48.47596
FRT,5.3653,5.0326,23.79739,0.81301,3.03,29.29597,0.0,0.0,0.0,25.72614,3.31,521.057,40.80444,27.76552,28.19548,30.54253,0.81301,3.98737,4.29413,12.9439,11.70906,57.92613,42.812855,148.28667
FHI,19.87842,30.13902,6.22284,2.48623,1.62,18.5608,16.9516,290.461,31.34666,14.08451,1.63,639.677,23.64161,13.78421,18.32564,17.67458,2.38894,15.0287,20.22053,27.01116,27.06193,24.78684,0.74623,33.39898
FERG,-6.86505,7.81173,1.65352,1.38015,0.20056,2.40774,0.57786,1511.807,7.25322,-40.625,0.26389,5830.466,2.47343,-60.87857,1.59766,3.11012,0.79254,6.7274,11.36964,11.22834,11.21461,42.70329,2.00931,74.5301
FNF,-1.5873,18.32,20.86438,2.32762,1.89,6.12445,26.4,1422.0,15.52402,80.0,1.98,4671.0,8.95606,-10.06826,5.75328,5.98756,2.32762,4.61348,6.63168,8.97174,8.17784,28.71979,1.96414,42.39526
FHN,0.0,83.119446,9.42437,0.91076,0.34,7.79791,-6.02681,585.219,46.89492,-62.22222,0.84,1151.67,63.84916,-60.87927,6.88168,15.76352,0.90323,1.31147,6.11584,3.86108,3.72094,46.07501,3.85383,85.44279
FE,-8.94466,10.1253,29.32524,0.54266,1.37,3.84539,58.07615,3944.0,26.23911,168.62746,2.24,8576.0,3.13851,93.31104,3.84539,6.28887,0.3081,2.86767,4.35659,4.6536,4.65304,63.98168,5.59483,177.63644
FLG,0.0,0.0,0.0,0.0,0.0,0.0,0.0,0.0,0.0,0.0,0.0,0.0,0.0,0.0,0.0,0.0,0.0,0.0,0.0,0.0,0.0,0.0,0.0,0.0
FLO,15.51839,16.2615,5.85625,1.33135,0.89,5.00703,2.75037,440.012,11.64514,8.53659,0.92,1815.352,5.63574,7.65453,5.00703,5.13244,0.7792,7.26834,9.22366,15.99163,15.99163,45.23122,2.33314,82.58578
FLS,-8.6892,4.40501,12.90942,1.9352,2.0,5.9915,-13.80106,751.335,16.47292,-46.80851,2.82,1477.537,6.40503,-48.40852,5.86861,8.22772,0.99623,7.81659,12.27861,14.87861,15.07479,49.2087,2.17116,96.88413
FLR,-18.25644,13.54459,21.56086,1.79818,2.85,2.65354,-20.49881,1120.105,6.18363,-36.38393,3.69,1094.696,4.00679,-19.2592,2.2773,2.94981,1.14126,7.34844,13.92695,13.69205,15.16929,24.17498,0.88622,31.88259
FLUT,0.0,0.0,0.0,0.0,0.0,0.0,0.0,0.0,0.0,0.0,0.0,889.2494,0.0,0.0,0.0,0.0,0.0,0.0,0.0,0.0,0.0,0.0,0.0,0.0
F,9.86436,1.53555,7.2155,1.82449,1.84,4.92852,34.13893,18094.0,12.09832,130.0,1.94,18148.0,-4.12098,131.34608,4.92986,5.14841,1.65425,2.91295,4.1269,27.58995,27.33797,82.20909,7.34243,1597.2985
FBIN,9.52277,9.52553,15.32713,1.87188,1.88,6.69302,30.95957,651.0,14.21584,14.63415,2.1,1587.4,7.43766,99.24099,6.87863,7.31428,0.97783,7.50014,10.2126,12.99253,12.99582,32.33137,1.80092,47.77896
BEN,-12.021,8.87875,19.61999,9.34945,3.29,26.47854,-5.69147,3141.7,39.5247,-13.19261,3.3,3733.1,28.48453,-14.63742,25.60545,25.52417,8.09114,11.62335,12.96623,17.37709,16.83585,14.65124,0.68603,17.2482
FCX,-27.70199,19.33861,6.2825,1.73253,-11.31,-76.14159,-295.88394,-9647.0,-60.76085,-295.88394,-11.36,4081.0,-70.15258,-295.88394,-77.06746,-77.41714,0.58068,-15.84031,-22.12784,-93.7086,-67.0996,61.46347,-295.88394,169.61143
GATX,-33.15356,4.93331,30.50274,0.67741,4.69,14.1596,11.79165,658.9,45.44451,4.6875,4.89,880.7,-17.99952,0.14634,14.1596,14.53611,0.5869,3.32931,4.15892,15.82762,15.82762,76.65743,6.38063,76.60149
GME,26.47815,211.03291,4.79968,1.25785,0.8675,4.2287,8.74535,789.6,8.49398,16.05351,0.895,2783.0,3.00559,10.9825,4.2287,4.32096,0.4413,9.49153,16.91406,18.20287,18.20287,14.67773,0.45048,17.20269
GAP,-40.47619,44.59973,7.08551,1.93241,2.87,7.67873,-2.90828,2604.0,15.84424,4.74453,2.85,6289.0,6.61546,-1.40625,7.67873,7.54335,0.80125,16.4425,29.06051,41.75352,41.75352,31.20388,0.51959,45.35702
GRMN,-6.78895,5.11998,17.63172,2.55322,2.39,16.17671,-18.65267,608.007,21.55847,27.12766,2.39,1538.704,6.52938,25.26448,16.17671,16.15477,1.82415,7.47307,10.1797,13.52086,13.52086,0.0,0.0,0.0
GD,-14.91358,8.39621,34.30813,1.17083,9.08,9.42197,5.05211,4637.0,14.73514,15.96424,9.18,6232.0,6.30978,17.05488,9.42197,9.3732,0.50068,7.71135,17.38377,26.27731,26.27731,24.04329,0.73302,31.65394
GE,-84.24772,0.80214,83.81702,1.17514,1.36,1.47623,-53.06648,16591.0,14.40716,-88.74172,7.12,25723.0,189.21373,1855.3055,-5.32052,7.68523,0.98653,1.12167,1.59347,1.48481,1.417,65.78806,11.95082,198.00276
GIS,-6.53141,12.28464,8.34592,0.77416,1.97,7.14338,-6.68341,3306.3,18.75351,-30.38869,2.85,6022.0,10.03705,-33.05744,6.92728,9.75256,0.3994,7.53156,10.56082,21.18198,17.78675,59.91296,2.7898,171.04419
GM,3.05397,5.86052,26.58067,1.09153,5.91,6.31088,36.03388,17026.0,11.17514,258.18182,5.01,18142.0,-5.4508,145.30261,6.35814,5.21533,0.71893,3.29362,6.58015,25.71952,25.18763,61.01572,3.70674,156.51366
G,12.24584,4.4109,6.16798,2.01028,1.09,9.74452,12.20581,416.968,16.94273,28.23529,1.14,967.497,11.43787,24.90339,9.74452,10.03363,1.75118,7.48886,9.90954,18.52232,18.52232,38.06047,1.92221,61.4478
GNW,-0.01591,0.33986,25.751,3.80332,-0.42,-0.07021,712.1212,1072.0,12.54388,107.01389,0.47,420.0,21.01714,107.01389,-7.19635,2.73553,3.80332,0.57854,2.78847,-1.49926,-0.03818,32.03158,6.4347,47.12714
GL,75.05746,5.80032,33.14172,0.55588,4.07,13.70908,-1.59151,850.829,22.59199,-0.489,4.13,1066.687,21.36527,-2.91727,13.99604,13.71836,0.55588,2.62937,9.39198,11.79691,11.79691,23.32701,1.45019,30.42402
GS,1.84769,0.13661,171.03261,1.44352,12.14,15.52816,-2.92018,18085.0,46.16582,-28.88108,18.97,30438.0,78.93724,-28.24112,15.52816,21.73797,0.93608,1.24401,1.99718,8.15826,7.14017,83.595,24.56616,2129.3071
GGG,4.62202,6.07616,3.79892,2.61549,1.95333,26.87268,-0.1736,345.025,26.8192,60.54795,1.36333,684.7,46.46624,53.25992,26.87268,18.3154,1.47635,12.86238,16.70901,56.14124,56.14124,39.13204,1.18425,64.29004
EAF,-36.89195,5.16812,0.0,4.44128,0.0,-22.45614,-55.54946,45.392,6.61043,1.8426942,0.0,47.194,19.65389,1.8426942,-22.45614,0.0,1.24671,-1.0945,-1.31397,-16.99122,-16.99122,31.18023,8.09013,45.30708
GHC,2.8314,4.73512,429.13474,2.56599,-25.23,-5.46728,-54.48453,294.598,11.39153,94.651115,16.94,1379.961,-4.83426,94.651115,-3.89213,3.7514,2.44807,2.66731,4.12411,-5.07281,-4.96991,13.71215,1.35753,16.05678
GPK,-2.77136,12.17857,3.39309,1.45698,0.7,5.53098,4.36606,721.9,17.35253,159.25926,0.74,789.1,11.25667,156.52174,5.53098,5.86102,0.65392,6.42511,9.25165,21.76916,21.76916,62.99543,2.59801,170.23691
GDOT,-48.16597,4.63101,13.13453,1.09796,0.72,5.52973,11.22119,114.173,16.43486,-20.0,0.64,696.013,30.98674,-10.02038,5.52973,4.72902,1.06361,1.97804,4.19279,5.94518,5.94516,15.49758,1.06551,18.33981
GEF,-19.46938,7.99271,21.24064,1.55873,1.5,1.85805,-14.9947,400.8,11.08193,-21.875,2.19,679.1,1.07246,-21.42077,1.988,2.89368,0.7881,4.76508,7.19646,6.6645,5.88673,52.84093,2.96307,112.04831
GES,-21.39602,9.62345,12.58577,3.68041,1.11,4.21342,-51.34654,99.833,4.32827,-38.33333,1.11,867.885,2.22632,-38.36438,4.10009,4.0715,2.31711,0.54864,0.80669,8.48782,8.5636,0.70017,0.07726,0.70798
HCA,3.42466,6.85108,-19.05758,1.67368,4.99,6.7947,6.8722,7869.0,19.83215,19.95192,5.73,14925.0,6.43808,13.54667,5.36569,5.98147,1.21265,11.66078,15.66801,1097.1213,1097.1213,124.73611,3.87444,1097.1213
DINO,-40.3331,28.10948,29.14775,1.68259,3.9,6.06219,80.96221,1590.504,12.01476,174.64789,3.91,1711.35,4.23087,163.10773,5.59077,5.57443,0.65364,8.82823,11.10599,13.73483,13.47565,15.18348,0.65391,17.90156
HNI,1.39803,9.53299,10.80108,1.00567,2.32,4.57408,21.12651,238.337,10.34261,71.85185,2.64,852.898,3.41796,71.52153,4.57538,5.0734,0.63365,9.02688,17.65123,23.65253,23.63893,28.52409,0.79919,39.90727
HPQ,-2.96221,6.25276,15.39486,1.22744,2.48,4.40617,-7.32906,12442.0,12.03812,-5.34351,3.4,9939.0,5.57859,-9.15619,4.40617,5.96739,0.92304,4.9866,10.53228,16.71223,16.47672,46.69986,1.9824,87.61678
HAL,-29.7065,3.66944,18.06308,4.03228,-0.78,-2.80117,-41.022,4155.0,17.58135,309.2327,0.09,2520.0,5.02951,309.2327,-2.83925,0.32484,2.88431,4.19184,5.2734,-4.19805,-4.16444,49.75844,3.69338,99.0384
HBI,1.2453,8.47571,3.25771,1.94019,1.06,7.48236,12.0768,965.081,16.83805,6.80101,1.67,2199.191,7.80279,6.01603,7.48236,11.65161,0.66466,9.92981,14.80465,32.21249,32.21249,67.29036,2.71974,205.72025
THG,13.52309,1.26616,66.14884,24.73441,7.39,6.57132,5.16221,515.4,10.23838,17.48808,7.16,1116.7,-4.61884,17.55319,6.58522,6.24402,24.73441,2.2014,8.19074,11.63069,11.63069,22.22465,1.57703,28.57545
HOG,6.31769,2.68536,9.95839,1.44706,3.69,12.5464,-6.50601,1519.052,25.33695,-4.89691,3.73,2222.561,10.1396,-10.94042,12.5464,12.60967,1.1468,8.45945,9.63151,31.67894,31.67894,78.92732,4.53598,173.31895
HIG,1.38289,0.54072,43.90512,1.18858,3.93,9.21763,5.28007,2293.0,12.63361,34.12969,4.06,5277.0,8.11846,110.77694,9.26722,9.29438,1.18858,0.5622,5.50027,9.20191,9.20191,24.87651,2.54775,33.11416
HE,0.0,58.22621,17.93821,0.96526,1.5,6.21468,1.56343,518.138,19.90555,-8.53659,1.65,579.896,9.23875,-4.96034,6.21468,6.74571,0.96526,1.83253,5.22132,8.69933,8.54181,50.70674,3.89508,102.86748
DOC,-13.55927,0.33937,20.07279,4.13525,-1.21,-21.00295,0.0,0.0,0.0,69.45859,-1.2,1302.501,51.61213,69.45859,-21.4956,-21.34643,4.13525,-0.12846,-0.13232,-5.57036,-5.26835,53.17719,69.45859,113.57114
HLF,-16.38756,58.22801,-0.28857,1.52899,1.985,7.58783,-12.88827,751.6,16.81808,16.76471,2.37,2361.6,11.29308,9.84775,7.58783,8.76089,0.93684,16.83564,26.82382,160.7892,160.7892,103.4109,2.15806,160.7892
HRI,-15.32804,5.34714,82.03691,1.31527,3.69,6.63211,-7.80615,566.9,33.78024,22.59136,3.42,401.3,-7.79481,24.08027,6.63211,6.1408,1.16259,2.58909,3.61873,5.54131,5.54131,5.58301,0.24114,5.91314
HSY,0.35732,12.35208,4.6038,0.83349,2.32,6.89266,2.03799,1675.979,22.68937,-38.46154,4.1,3398.784,15.52793,-39.43279,6.94432,12.1608,0.42635,16.59188,25.38731,41.82133,39.66783,69.79627,1.44425,231.08495
HES,-48.41657,5.33226,67.77232,1.6758,-10.61,-44.59012,-65.16588,1911.0,28.79747,0.0,-5.49,5196.0,-14.24993,303.33966,-46.05184,-23.46239,1.47451,-4.05198,-5.32862,-14.46467,-13.85267,24.52739,3.46939,32.49841
HLT,3.39506,11.40314,18.18305,1.04783,4.26,12.5621,7.38809,2471.0,21.92158,108.82353,2.4,1708.0,12.29374,108.61813,12.45564,6.99787,0.79368,4.3209,6.80768,26.15256,26.55415,63.92896,4.26831,177.23071
HD,6.15165,57.72103,7.13236,1.35788,4.71,7.6284,12.60076,12153.0,14.61119,25.26596,4.61,28389.0,7.9455,17.8273,7.6284,7.41582,0.28459,16.31475,24.41644,58.09376,58.09376,64.84785,1.41504,184.47758
HRL,-0.62951,15.24646,7.56644,1.69933,1.27,7.41876,15.62125,1217.93,13.14711,13.90135,1.365,1819.107,8.97941,13.84008,7.40607,7.78203,0.78998,11.69097,16.33582,18.04574,18.05395,9.80526,0.35716,10.87121
HWM,0.0,0.0,9.75341,1.5262,-0.54,-1.25675,0.0,2341.0,18.85926,0.0,0.26,2309.0,0.0,0.0,-2.59406,0.87972,0.52121,0.0,0.0,0.0,0.0,38.44847,3.77061,62.4655
HUBB,-1.89469,7.54093,30.09492,2.30111,4.77,8.32055,-0.49958,597.5,17.62329,-12.9562,5.55,1115.5,9.41961,-14.75561,8.17898,9.44535,1.36346,9.82738,13.02559,15.12119,15.31197,26.91488,1.07799,36.82676
HUM,0.96921,30.80227,69.76964,1.92726,8.44,2.35038,0.21701,2817.1,5.18908,14.67391,7.09,10020.0,2.21419,11.24673,2.35038,1.95184,1.51276,6.15023,10.60466,12.76511,12.76511,28.48058,1.4625,39.82215
HUN,-14.71472,6.67682,6.08234,2.0,0.4,1.26226,-12.42983,1092.0,10.60297,-70.14925,1.77,1734.0,3.41781,-71.20743,0.903,4.17279,0.89619,4.24431,6.50677,6.02485,7.26257,74.64591,4.39194,294.41376
H,8.75912,15.13287,29.29518,1.01536,0.86,2.86507,-0.62305,638.0,14.74122,-61.43498,0.87,951.0,7.68253,-63.95349,2.86507,2.87082,0.89341,2.52557,3.4896,2.8777,2.87503,25.60521,2.15517,34.41802
IEX,0.41073,7.95628,18.85817,2.78647,3.62,13.99572,-3.00608,509.027,25.19103,4.92754,3.81,907.715,16.17165,1.22447,13.99572,14.54222,1.8993,9.42737,11.62229,19.30593,19.30593,36.81098,1.65177,58.25534
IQV,19.53274,5.35975,-4.72631,1.513,3.08,6.76769,12.1044,807.59,14.07535,13.23529,3.4,1621.0,6.54697,8.64856,6.74853,7.29099,1.36714,11.75045,22.83558,127.94857,127.94857,115.74396,3.05577,127.94857
ITT,16.05178,4.96425,15.21899,1.5714,3.44,12.56035,0.0,478.3,19.24284,69.45813,3.52,809.1,9.22514,90.67751,14.15352,12.71709,1.11793,6.68924,17.30749,24.24525,24.1482,15.39748,0.51955,18.1998
ITW,-3.92499,5.96308,14.36207,2.83784,5.13,14.16636,-1.50221,3344.0,24.94592,9.85011,5.14,5517.0,15.8066,-35.53972,14.16636,14.10672,2.31757,10.73503,13.31644,31.53699,31.51344,58.67194,2.2195,141.96634
INGR,2.45776,9.04097,29.93744,2.62803,5.51,6.91507,14.81529,901.3,15.12756,16.24473,5.97,1252.0,6.38952,13.23944,6.74723,7.17442,1.63747,8.69774,10.98019,18.6068,18.78277,45.74415,2.03928,84.31193
ICE,48.61996,7.99658,24.8874,0.97388,2.278,27.65912,15.81152,2212.0,47.24477,34.63357,2.416,3338.0,21.68144,29.86748,27.21059,28.63904,0.03677,1.57077,5.88665,9.37868,9.44153,32.94415,3.3038,49.24528
IBM,-5.43801,2.90485,14.76812,1.24031,13.6,16.33941,-14.93453,19423.0,23.76164,-12.76459,13.67,40684.0,12.74636,9.71552,16.13633,16.3681,1.07234,8.53408,18.16451,102.28856,101.03639,73.44282,2.0537,276.54602
IFF,8.93699,5.8608,19.87351,1.96177,5.16,13.86771,2.35488,701.657,23.20917,1.97629,5.28,1359.539,13.99832,1.13474,13.86771,14.05042,0.97003,10.60237,14.91318,26.97094,26.89482,40.15458,1.52524,67.09716
IGT,0.0,0.0,15.06986,1.23612,-0.39,-1.19271,0.0,1458.573,31.1059,0.0,0.05,1751.398,0.0,0.0,-1.61171,0.20516,1.01034,0.0,0.0,0.0,0.0,71.40519,5.76298,249.7138
IP,-13.28671,8.3764,9.42398,1.65061,2.23,4.10016,-6.53778,3674.0,16.42745,70.22901,3.3,6362.0,4.41762,69.00901,4.19405,6.15882,0.94929,5.01932,8.21869,20.84676,19.99564,79.96618,4.24687,450.2146
IPG,2.66515,1.29528,4.87475,1.01435,1.09,6.31091,8.18689,1028.1,13.50311,-2.67857,1.11,2759.0,7.91999,-4.71599,5.97074,5.94961,0.98428,4.29837,13.34831,22.27449,20.61214,43.88197,1.71413,88.03577
IPI,-65.88705,14.99494,56.34202,5.00266,-69.4,-182.73227,-52.76788,44.265,15.41352,-27.675688,-25.9,-5.072,-0.18991,-27.675688,-182.73227,-68.24315,1.81515,-2.67063,-2.88347,-76.39712,-76.39712,26.01791,3.38868,35.16784
IVZ,-0.79186,7.27271,18.88695,1.26113,2.26,18.81942,1.02417,1479.6,28.88208,-0.87719,2.27,1889.0,9.83476,-2.02409,18.8975,19.00492,0.45488,3.80471,5.34772,11.94352,10.62469,45.86754,5.07556,86.36223
IRM,-6.59711,5.14771,2.40769,1.0191,0.58,4.16237,0.10963,931.413,30.96478,-65.06024,0.85,1717.951,8.8032,-62.20981,4.09714,5.95581,0.87467,5.6566,6.70059,18.0547,17.90453,90.16414,5.2025,118.44138
SJM,39.01099,15.39608,59.26641,2.00694,3.33,6.05864,-4.52617,1147.5,20.1574,-38.56089,5.16,1974.9,4.46032,-38.97735,6.05864,9.33961,0.54342,4.23671,5.35995,5.69306,5.69306,46.54543,5.37769,87.07474
JPM,0.0,6316.6064,60.46309,0.93237,6.0,24.32233,-2.30363,55684.0,55.41138,13.42155,6.53,89202.0,-124.89054,12.31505,24.32233,24.04531,0.931,1.28797,4.16443,11.2764,10.19185,65.87878,8.58408,193.07275
JBL,21.40898,13.37876,12.05227,1.03369,1.49,1.64357,0.0,1117.661,6.2442,124.22085,1.68,1503.218,2.04438,17.69735,1.58677,1.81795,0.41959,4.0679,9.25475,12.84232,12.80351,41.70345,1.49454,71.53675
J,-11.1179,4.47347,34.84889,1.65709,2.4,2.71471,-3.09262,752.011,6.20736,-3.22581,3.12,1968.338,3.78714,-7.6612,2.50083,3.21938,1.51911,4.63927,7.34255,6.91636,7.4222,12.06635,0.79493,13.72211
JHG,0.0,0.0,1.71977,1.81029,1.64,28.69016,0.0,340.7,29.49528,0.0,1.54,752.1,0.0,0.0,28.55164,25.61112,1.74535,0.0,0.0,0.0,0.0,9.97381,0.64837,11.55939
JEF,0.16848,1.08214,28.68374,1.36483,0.73,2.1105,0.20922,1477.152,12.6426,25.86207,0.92,2135.853,0.16406,36.12935,2.42769,2.93254,0.68714,1.60277,2.14038,2.68679,2.29767,69.46159,16.60327,231.57214
WLY,-1.70303,12.2758,17.93127,0.92191,2.97,9.70501,6.34076,379.829,20.84178,10.0,3.3,1322.757,13.62131,10.19127,9.70501,10.63513,0.75232,5.47847,9.03541,15.81093,15.81093,41.55324,1.97481,71.09588
JNJ,-2.28493,6.45278,25.82425,2.16996,5.48,21.98961,-12.41882,22116.0,31.56092,-3.85965,5.67,48619.0,22.70956,-5.59946,21.98961,22.42787,1.76992,8.68049,12.79084,21.87194,21.87194,21.82264,0.89804,27.91427
JCI,-2.04395,6.39804,16.78325,1.05698,2.28272,4.17171,-2.37082,3212.0,8.63929,2.83019,3.15183,4531.0,4.12632,28.64198,4.20399,5.30448,0.60486,4.70573,8.21298,13.27062,13.78238,38.07384,2.05791,62.71942
JLL,15.75516,4.02174,59.68397,1.05813,9.65,7.48182,11.54345,672.056,11.26539,13.26291,10.11,4236.6,1.31898,13.62705,7.35327,7.61597,0.96455,6.24877,11.06199,17.28566,17.32707,23.58311,1.25335,30.98695
JNPR,30.35565,7.04233,11.9125,1.61629,1.59,13.045,29.34225,1083.5,22.30434,201.95819,1.59,3080.7,14.63626,201.95819,13.045,12.78468,1.51435,6.70811,8.89532,13.35019,13.35019,30.36065,1.84061,43.59697
KBH,29.17146,35.049706,18.32366,8.7609,0.85,2.79163,18.30906,149.364,4.92621,-90.81081,0.92,502.834,-3.67122,-90.78313,2.79163,2.79317,1.56947,1.8668,2.1492,5.15057,5.15057,60.82741,17.5781,155.28053
KBR,-36.27524,4.65601,7.49694,1.30595,1.4,4.43485,28.66747,209.0,4.10126,28.66747,1.46,325.0,2.73254,28.66747,3.98352,4.12559,1.23654,2.79201,10.01886,20.2292,22.74786,5.48068,0.29187,5.79848
K,6.12431,11.94856,6.07958,0.56386,1.72,4.5576,8.16435,2027.0,15.04602,-1.71429,2.72,4939.0,7.98508,-2.8481,4.5576,7.14727,0.27792,6.13535,9.27191,24.97458,24.61415,78.4084,3.83029,312.41583
KMPR,0.0,52.325127,38.81778,52.325127,1.55,3.45422,-44.83941,176.9,7.61909,-25.48077,1.8,873.2,1.41001,-25.15284,3.6911,4.00089,52.325127,1.16576,3.30777,3.92839,3.92839,27.44355,4.26003,37.82373
KMT,-16.20688,5.41965,16.95505,2.60707,-4.71,-14.01336,-14.73893,373.643,14.11468,56.57584,2.02,815.693,13.51395,56.57584,-14.12423,6.05437,1.14112,4.5027,5.87281,-22.8329,-22.23292,35.33518,2.01151,54.64359
KEY,0.0,276.02213,12.5109,0.87017,1.05,20.41315,-1.02891,2020.0,44.86895,0.96154,1.06,4062.0,-41.14838,1.77778,20.34651,19.70362,0.86115,1.3363,6.11899,8.84272,8.6287,50.75973,5.49059,103.08579
KRC,22.73947,3.19075,32.28471,0.91734,2.42,41.03123,0.0,188.194,32.36254,374.5098,2.43,421.481,42.48005,29.88697,40.25344,37.54746,0.91734,1.81691,1.97137,8.58642,8.00883,40.90023,11.89468,69.20539
KMB,-3.0303,9.37755,-0.48218,0.85462,2.77,5.73396,1.1072,4018.0,21.61261,-29.15601,5.65,6669.0,7.31133,-33.6173,5.44887,11.05626,0.45677,13.46812,25.71357,500.60617,181.44681,98.68004,1.93504,500.60617
KIM,-19.20584,7.74569,12.20583,0.36809,2.0,52.17884,0.0,0.0,0.0,159.74026,2.01,862.292,49.75335,110.87568,51.82509,47.92052,0.36809,5.21303,5.56592,18.20985,17.54485,50.50564,66.99424,103.75069
KMI,0.0,648.087,15.75391,0.69471,0.1,1.44414,1.2426,6844.0,47.51788,-88.76405,0.72,7951.0,2.82233,-75.34113,1.75658,10.93272,0.37983,3.38833,3.63337,0.73127,0.59574,54.9752,6.31604,122.09982
KFS,-40.2671,3.40176,2.12841,134.3933,-0.6,-7.49163,16.395027,-8.373,-5.49518,16.395027,-0.7,38.381,10.88403,16.395027,0.72652,-9.05493,134.3933,-2.35332,-6.32089,-29.1557,-23.22648,47.20797,16.395027,89.42252
KEX,-30.28671,6.06428,42.23401,1.77051,4.11,10.61544,-11.34691,571.23,26.59937,-16.63286,4.12,785.166,5.10769,-19.61731,10.55556,10.49966,1.10318,5.70894,7.8438,10.02395,10.03365,25.46849,1.36343,34.17144
KSS,0.0,423.76114,29.80597,1.99301,4.24,4.55764,-2.12847,2575.0,13.53625,4.69136,4.28,6925.0,6.70701,-2.47469,4.55764,4.56731,0.49213,7.32844,9.77838,14.48743,14.48743,44.28013,1.84893,79.4692
KOS,-15.67408,3.9623,3.44208,1.60736,-0.18,-15.6339,-90.82589,48.348,10.82347,9.497013,-0.18,341.533,-154.55394,9.497013,-15.6339,-15.4176,0.96678,-2.17821,-3.11422,-5.24201,-5.24201,39.37439,17.80587,64.94678
KR,13.44086,91.07053,5.55647,0.78146,1.72,1.61066,14.8374,5085.0,4.68815,18.62069,1.73,23601.0,1.11603,13.75905,1.59314,1.56309,0.22117,6.55322,11.6003,32.01186,32.2414,68.17172,2.29223,214.18596
KRO,-15.52551,6.37731,3.98533,3.52405,-1.5,-12.8707,-67.17557,64.5,4.78203,11.39981,0.03,203.1,4.48176,11.39981,-12.8707,0.25779,1.56222,0.97047,1.44883,-27.93242,-27.93242,42.47104,5.28682,73.8255
LHX,106.32397,5.86241,27.46693,1.54494,3.11,6.57092,-1.13542,1071.0,21.07023,-37.8,5.15,1515.0,6.10663,-37.54675,6.57092,10.70933,0.87812,5.86926,8.77563,12.78959,12.77882,60.52448,4.87022,153.32158
LVS,-15.86275,8.68007,8.57835,1.46471,2.47,20.4107,-24.40966,3914.271,33.48834,-29.82955,2.47,8881.0,10.48661,-30.78167,16.82203,16.83764,1.40221,8.29517,9.74515,28.02837,27.36116,52.93533,2.41884,112.47359
LAZ,-10.62609,4.55507,10.46469,1.5389,7.4,41.38112,8.37341,669.234,27.89078,131.25,3.81,2170.74,32.33904,130.85095,41.10777,19.90616,1.46729,10.08166,18.69021,97.65107,92.91187,42.49999,1.51011,73.91301
LEA,6.14008,6.81462,39.31296,1.37686,9.59,4.36979,21.09056,1630.0,8.95044,16.52491,10.98,1890.0,4.09517,10.87151,4.09359,4.62765,1.03438,8.63737,16.48835,25.33043,26.32049,39.31222,1.19926,64.77781
LEG,-4.59184,8.52306,8.0059,1.86994,2.27,8.37333,36.93987,589.8,15.05667,46.45161,2.41,923.2,6.60708,231.7347,8.2993,8.66867,1.10297,9.93542,14.47905,29.022,29.1219,46.89919,1.64378,88.32104
LDOS,-17.64706,5.10383,13.48649,1.70137,-4.46,-6.51788,21.6129,377.0,7.44618,52.44894,0.18,617.45447,7.26842,52.44894,-6.37962,0.26309,1.43954,5.29021,7.73272,-25.45314,-25.45314,53.8817,3.09284,116.83367
LEN,20.76282,15.76437,26.75373,5.33038,3.46,8.64682,19.70526,1173.424,12.38572,23.57143,3.87,2133.31,-7.62849,25.66503,8.4747,8.38168,0.8148,4.95847,5.68615,15.32831,14.62678,52.7968,5.67157,111.85004
LII,0.33223,8.21464,2.2651,1.13859,4.11,5.39886,11.21615,435.3,12.55408,-3.97196,5.18,947.4,9.39501,-9.32945,5.38155,6.70768,0.56032,13.51793,26.15724,74.82002,74.82002,87.98344,1.70894,74.82002
LNC,4.71211,0.80097,55.84491,5.40976,4.51,8.55829,0.0,0.0,0.0,-20.45855,4.6,4175.0,2.47516,-23.82838,8.55829,8.55009,5.40976,0.39926,4.96042,7.86184,7.86184,29.55145,188.37933,41.94757
LMT,36.99864,6.61628,10.22112,1.15231,11.46,7.81453,0.14243,6328.0,13.71716,2.23015,11.95,4574.0,2.22378,-0.24903,7.81453,8.03799,0.65099,7.68843,23.73151,110.9743,110.9743,83.12997,2.41166,493.98657
L,0.0,4.0009,51.6655,4.3318,0.72,2.1394,-47.38309,1699.0,12.66493,-71.42857,0.75,5263.0,53.5492,-56.00677,1.93813,2.02626,4.3318,0.59992,1.34804,1.41147,1.20944,31.69227,6.22896,46.39632
LPX,-14.19558,21.42049,7.11268,5.37832,-0.6,-4.54425,107.27273,57.0,3.01189,22.579601,-0.6,209.8,0.12946,22.579601,-4.65522,-4.51466,3.71399,-1.23902,-1.53826,-8.06452,-8.06452,42.57157,13.22632,74.12979
LOW,0.0,1138.3832,10.38333,1.07831,2.71,4.79875,11.86954,6277.0,11.16447,26.63551,2.71,19558.0,7.25415,18.02275,4.79875,4.76225,0.06322,9.27834,13.70427,24.72847,24.72847,53.27865,1.8109,114.03491
LUMN,0.0,778.44354,25.85509,0.57559,1.58,4.90503,-1.36054,6960.0,38.88268,16.17647,1.67,10589.0,16.34846,13.73057,4.90503,5.1712,0.44939,3.54344,4.9497,6.03789,6.03789,58.99081,2.90589,143.8478
LYB,-27.00116,10.97569,14.88129,2.25086,9.6,13.6826,0.0,7204.0,22.00703,20.0,9.67,7052.0,10.41699,7.23527,13.67344,13.73622,1.20511,16.43548,25.72539,60.29333,60.04826,54.97877,1.11438,122.11743
MTB,0.0,329.81784,93.64135,1.00519,7.18,21.80757,1.70745,2702.845,54.59321,-3.2345,7.5,4518.624,-16.15222,1.25872,21.80757,20.72404,1.00314,1.43952,6.25682,8.2904,7.57417,44.15171,4.73059,79.05652
MBI,-6.22344,0.2397,24.60899,3.73855,1.06,23.52941,0.0,0.0,0.0,-61.5942,0.96,667.0,57.07516,-68.36555,23.52941,20.57236,3.73855,1.76226,2.30296,4.70097,4.6808,68.30198,42.917175,215.47716
MDU,-14.88682,6.53183,12.19621,1.07746,0.77,2.73632,-45.83332,481.863,11.49606,-49.6732,0.77,689.577,-3.99227,53.05082,-14.84976,3.58089,0.71198,2.20027,3.24753,5.45219,3.9753,43.1961,3.97775,76.04426
MTG,-13.92209,6.15677,6.58352,113.07029,2.6,112.55292,71.15933,560.326,53.81086,306.25,1.43,557.126,45.38238,365.17352,112.55292,46.63065,113.07029,6.24806,12.02256,71.61531,71.61531,35.35608,2.1827,54.69358
MGM,-3.79916,25.53861,9.0644,1.07632,-0.82,-11.31275,-10.00546,1867.807,20.32419,257.72354,0.55,3564.692,-7.54959,257.72354,-4.87178,3.24894,0.96824,2.52304,3.09784,-9.72159,-13.50286,62.06482,6.8066,163.73927
MSM,5.40357,7.40317,21.61715,2.44373,3.74,7.94769,-2.51509,453.415,15.57924,-0.53192,3.8,1316.575,6.37436,-2.01595,7.94769,8.00272,1.04593,11.53413,13.72812,16.93675,16.93675,24.31923,0.94462,32.13397
MSCI,16.51885,5.55625,8.92447,2.13459,2.09,21.39863,17.84521,481.697,44.80848,22.94118,2.07,807.318,26.20195,-21.28203,20.80421,21.01246,1.97935,8.35721,10.71069,19.70921,19.70921,63.66277,3.27883,175.19986
MAC,-1.53303,10.17687,30.53926,0.26303,3.08,39.219,0.0,0.0,0.0,-70.52632,3.18,849.357,54.0188,-67.47509,36.56771,37.66354,0.26303,1.82018,1.95601,9.41645,9.41244,51.02609,47.939793,104.19036
M,0.0,672.2012,15.79099,1.56774,4.22,5.42964,3.53225,3869.0,13.76623,9.32643,4.32,11242.0,7.23581,2.69179,5.42964,5.45975,0.48898,8.21731,13.53741,26.24925,26.24925,57.7168,1.89739,136.50056
MAN,2.62426,4.61472,35.93609,1.47566,5.4,2.20281,-3.23613,786.4,4.06831,1.88679,5.64,3295.8,2.72654,-1.96445,2.16866,2.24084,1.44118,6.02636,12.72864,15.05828,15.11135,24.10362,1.08736,31.75859
MPC,-27.74624,18.44626,24.92844,1.49267,5.26,4.45625,20.66197,6161.0,9.57287,19.81777,5.52,8210.0,2.5686,12.99525,4.43139,4.61437,0.64035,7.91539,11.73504,23.77856,18.46451,37.73734,1.93556,60.60991
MKL,2.43245,1.72127,561.2257,26.2906,41.74,10.97049,53.9176,1039.895,19.36401,87.42703,44.13,2686.274,9.57706,81.44603,10.85187,11.48643,26.2906,2.26047,5.64976,7.55426,7.5693,22.09392,2.15544,28.58741
VAC,19.86364,14.82365,33.0378,3.91457,3.82,6.85052,15.03319,259.975,14.50308,63.9485,3.77,655.972,13.64867,51.6037,6.85052,6.62219,2.58488,6.02221,8.43102,11.94388,11.50204,40.06927,2.61099,66.8593
MMC,2.09881,4.108,12.47945,1.3603,2.98,12.72558,5.33236,2884.0,22.43311,14.17625,3.08,5559.0,15.95559,9.14676,12.43777,12.72153,1.30663,8.53187,14.28422,23.5719,23.82235,40.06899,1.53051,66.85853
MLM,-2.97822,8.6802,62.92412,2.94715,4.29,8.16308,30.71321,764.369,21.59497,58.30258,4.59,726.92,12.5944,85.59778,8.15896,8.65852,1.57774,4.36303,5.4174,6.86909,6.86891,28.243,2.09068,39.35922
MAS,-17.98077,7.5457,-0.40847,1.32801,1.03,5.54467,4.1708,1049.0,14.68776,-56.90377,1.13,2253.0,11.61789,-58.52804,4.9706,5.3478,1.02514,9.01962,14.42487,90.4943,66.77909,98.33381,3.26311,152.56055
MA,-2.70514,8.83638,5.39998,1.75227,3.35,39.39175,1.2695,5584.0,57.76353,8.06452,3.44,9667.0,49.86164,5.28062,39.39175,40.35337,1.33323,20.64213,36.76719,59.41645,59.1029,35.30416,0.59241,54.56945
MKC,-7.77958,9.05628,6.56009,1.13409,1.555,9.35922,1.83892,714.4,16.62826,0.0,1.74,1741.3,10.2373,-8.28956,9.34758,10.36799,0.45783,8.65127,12.49616,23.19778,23.00146,45.27671,1.95367,82.73757
MCD,6.9417,20.22442,7.81639,3.26837,4.8,17.82277,-7.51228,8792.9,34.60001,-0.41494,5.08,9789.2,17.29981,-4.80264,17.82277,18.77839,3.04508,12.73001,15.5684,45.42633,45.42633,77.28965,2.74336,822.87195
MCK,0.0,692.2066,34.48707,1.09473,7.54,1.02879,30.62126,4142.0,2.31339,29.33105,9.04,11412.0,2.14709,16.86461,0.82437,1.17137,0.63453,3.99512,10.45797,21.4852,18.6164,50.96557,2.37663,121.75634
MDT,34.13802,4.5413,37.44246,3.36248,2.41,13.20271,13.38089,6516.0,32.16031,-20.19868,3.77,14590.0,12.27975,-12.72431,13.20271,20.38416,2.68091,4.50293,5.39172,7.36174,7.36174,40.46927,5.55341,67.98046
MRK,-2.14307,6.02563,16.06398,1.54997,1.56,11.28918,-3.78469,14872.0,37.65254,-61.67076,2.22,25075.0,30.54174,-62.7349,11.24614,15.82743,1.03687,5.41629,7.66125,9.51963,9.53206,37.19645,1.78281,59.22666
MCY,11.53889,7.03387,33.00857,8.71827,1.35,2.47496,-67.14403,100.444,3.33779,-58.20433,1.35,368.574,-0.41127,-58.14587,2.47496,2.47439,8.71827,1.00182,2.16208,4.02989,4.02989,13.73831,2.88718,15.92632
MET,0.0,1317.1415,61.8827,4.35672,4.57,7.61319,-19.96898,9803.0,14.02332,-15.68266,4.39,20342.0,-3.43466,-15.83452,7.59602,7.01958,4.35672,0.61276,5.72981,7.58566,7.54065,27.09469,2.59676,37.20604
MTD,-5.56137,5.65586,21.42698,1.4498,12.48,14.72878,4.57976,564.943,23.58403,9.09091,13.06,1351.993,12.94007,4.31024,14.72878,15.09171,0.85748,15.55382,26.73142,54.27783,54.27783,50.46995,1.04696,101.89764
MHK,15.43241,7.42733,65.65993,0.99722,8.31,7.64395,19.86617,1408.382,17.44869,14.62069,10.19,2469.539,6.42518,15.66588,7.62308,9.28108,0.41092,7.20041,8.87467,13.272,13.26049,39.69428,2.28202,66.119
TAP,-16.56781,7.95607,38.17344,1.03418,1.91,10.06027,-25.35751,584.6,16.38683,-30.7971,3.18,1435.9,1.65417,-30.05837,10.07709,16.51728,0.78607,1.70853,2.13009,4.77114,4.8016,29.37253,5.02463,41.58797
MCO,1.21151,4.37092,-2.88154,2.66155,4.63,27.25212,3.04546,1586.9,45.54169,0.43384,4.7,2508.2,27.94949,-4.79417,27.01392,26.9901,2.49011,18.80795,32.5501,210.95573,210.95573,110.85398,2.14317,210.95573
MOGa,0.0,0.0,0.0,0.0,0.0,0.0,0.0,0.0,0.0,0.0,0.0,3684.2212,0.0,0.0,0.0,0.0,0.0,0.0,0.0,0.0,0.0,0.0,0.0,0.0
MS,0.0,2033.5197,35.24018,1.37436,2.91,16.57975,5.81599,12663.0,33.35177,80.74534,2.71,31567.0,97.2997,76.72339,16.13727,13.62649,0.80622,0.88343,1.79411,9.26952,8.49024,79.84316,23.831,2033.5197
MOS,-8.91853,14.9614,27.03942,2.02348,2.78,11.26213,-8.4996,2045.4,22.99417,3.73134,2.66,1717.9,11.9528,-2.74159,11.24639,10.72038,1.0744,4.48517,5.72242,9.88787,9.87696,28.75021,1.88697,40.35128
MSI,-3.3357,4.11043,-0.60815,2.08938,3.17,11.29061,7.43007,1229.0,21.58033,191.947,3.45,2728.0,22.44293,-53.0408,10.71115,12.09166,1.72686,7.17039,12.89436,48.68771,48.16479,102.23568,3.57201,191.947
MUR,-40.1482,3.99315,30.84679,0.86492,-12.94,-80.93571,9.0292845,-1292.315,-46.36746,9.0292845,-11.83,1889.016,-101.44641,9.0292845,-81.47609,-74.00382,0.58469,-13.44075,-19.03162,-32.50354,-32.50354,36.56946,9.0292845,57.65276
VYX,-11.0785,4.9499,5.41353,1.43122,-0.94,-2.35368,17.41778,964.0,15.12631,125.96148,2.2,1481.0,12.88836,125.96148,-2.79303,5.78566,0.88658,5.14099,8.06841,-11.8873,-8.726,67.86311,3.37344,213.38583
NRG,-12.48109,11.83865,8.61581,1.68937,-19.46,-43.85989,111.88608,-927.0,-6.3173,111.88608,-16.41,3328.0,-11.85004,111.88608,-43.49189,-36.79222,0.73326,-4.23709,-5.41119,-102.36587,-72.51423,77.14931,111.88608,111.88608
NBR,-48.29196,3.35721,761.5494,1.46637,-57.0,-8.52639,-35.69585,1119.226,28.9622,151.8115,-40.5,1493.001,14.63516,151.8115,-9.64371,-5.93141,1.05242,0.86825,1.07931,-7.17803,-7.15314,46.02694,3.27164,85.27761
NFG,-28.30591,11.69467,23.94307,1.14987,-4.5,-21.54718,-11.54256,843.401,47.89567,86.72869,2.93,940.926,-25.30491,86.72869,-21.54718,14.0414,0.53648,4.71705,7.68109,-17.10624,-17.10624,50.71261,2.47096,102.89167
NYT,-2.59063,7.5224,5.12272,1.53044,0.38,3.97932,13.33121,248.83,15.75656,80.95238,0.57,944.503,13.74259,89.88801,4.0049,5.93347,1.45603,4.6957,8.87141,8.1446,8.07321,34.23306,1.73302,52.05207
NEM,-45.37815,21.00272,21.42925,3.51907,0.38,3.58391,31.08298,2796.0,36.17544,-65.45455,0.37,2480.0,10.14038,-56.69291,2.84642,2.47018,2.30297,3.22119,4.00802,1.78505,2.0233,30.37802,2.23033,43.6328
NEE,-1.16344,9.74422,12.24187,0.67231,1.515,15.79549,7.81745,7489.0,42.82855,8.21429,1.5375,8903.0,21.7281,11.643,15.73831,15.84453,0.30474,3.69899,5.70884,12.95364,12.7634,56.22644,3.96408,128.44843
NI,-38.32352,5.37749,12.04444,0.59349,0.58,4.26932,-27.2882,1324.3,28.46855,-65.26946,0.77,1629.5,-2.59389,-45.9434,6.15891,5.25956,0.26536,2.36049,3.70766,3.65313,3.96455,64.38929,5.24775,180.81436
NKE,-2.21316,9.0109,7.41365,2.52226,1.85,10.69573,13.88757,4781.0,15.62367,24.57913,1.9,14067.0,7.37925,21.53732,10.69573,10.7005,1.48911,12.9839,19.88626,27.81862,27.81862,9.05382,0.26459,9.95514
NE,-12.3292,5.75132,27.6854,1.43647,2.06,18.98883,7.87719,1681.636,54.75352,431.0151,0.9,2029.081,25.49084,5918.1367,16.63799,7.09578,1.2351,5.00085,5.43962,7.70509,7.92971,37.68661,2.66937,60.47914
JWN,4.99049,6.26293,12.83535,1.86571,3.72,5.33096,1.99557,1840.0,13.62358,0.26954,3.83,4893.0,2.55442,-1.90736,5.33096,5.38798,1.11893,9.34396,15.46823,31.85841,31.85841,56.20176,1.70163,128.31967
NSC,-10.33175,10.50575,40.92748,1.18019,5.1,14.80354,-12.32877,3968.0,37.75093,-20.18779,5.33,3938.0,3.29536,-22.2,14.80354,15.30898,0.91753,5.51288,8.40486,12.65246,12.65246,45.97757,2.61416,85.1083
NOC,1.24733,8.33221,30.4573,1.16071,10.39,8.45873,-1.11638,3543.0,15.05993,6.5641,10.51,5642.0,6.77283,-3.81827,8.45873,8.46125,0.94557,7.53537,15.25128,31.19856,31.19856,54.16667,1.84194,118.18182
NCLH,38.73952,112.23454,16.59627,0.14385,1.86,9.83043,35.4043,1136.692,26.16063,14.81482,1.96,1689.599,-2.99734,26.24042,9.83043,10.22125,0.068,3.76275,4.51156,11.70288,11.70288,62.85395,5.62821,169.20763
NOV,-33.74094,4.01989,43.59906,2.77736,-1.99,-5.19753,-47.6358,2381.0,16.13472,249.15208,2.8,3063.0,8.74077,249.15208,-5.21109,7.34296,1.17816,3.38796,4.6077,-4.14835,-4.12011,19.27415,1.65057,23.87606
NUE,-33.09364,9.52416,23.3263,4.15427,1.11,3.01768,-13.48182,1822.29,11.08498,-50.0,1.75,1113.89,12.31552,-49.90391,2.17564,3.41249,2.47138,4.69707,5.63353,4.70934,6.25534,36.27908,2.43261,56.93434
OI,2.36794,11.10351,1.06236,1.09991,0.85,2.62646,0.0,953.0,15.45071,44.0678,1.64,1132.0,4.2457,80.0,2.18872,4.2853,0.54477,4.36947,7.13139,20.91798,20.84942,95.2324,5.84785,104.82094
OGE,-7.24519,9.33064,16.65498,0.75744,1.36,12.34922,-3.55659,789.1,35.9188,-31.31313,1.71,880.3,15.76312,-31.45528,12.34922,15.53626,0.40316,3.14507,4.93871,8.25825,8.25825,45.31045,3.49208,82.85027
OKE,-20.32411,11.59143,1.60109,0.59527,1.19,4.96285,-0.19788,1428.823,18.40506,-21.71053,1.52,2122.154,-6.66621,-22.00842,3.15562,4.11578,0.42215,4.36658,5.36851,54.1124,9.91418,70.45294,6.28529,238.4432
OXY,-29.38659,3.47826,31.88513,1.37416,-10.64,-65.27244,109.31284,-4171.0,-33.42147,109.31284,-9.84,6676.0,-64.1246,109.31284,-62.73237,-60.36462,1.07629,-10.92697,-14.62641,-27.46969,-27.46969,25.49644,109.31284,34.22177
OII,-21.2735,4.40318,16.13439,2.46364,2.34,7.54259,-25.72855,637.33,20.80905,-41.5,2.52,640.129,12.46426,-46.06693,7.54259,8.09764,1.62028,7.13301,10.35339,14.276,14.276,33.51495,1.2487,50.40976
OIS,-33.02368,2.69234,24.64373,3.96545,0.55,2.57924,-59.1227,181.615,16.5108,-76.59575,0.84,314.279,13.57727,-84.10284,2.59933,3.8388,2.39603,1.97132,2.33911,2.18547,2.18547,9.32198,0.71077,10.28031
ORI,-4.59226,1.25297,14.81402,13.93199,1.48,7.32037,5.91349,700.3,12.14512,2.77778,1.63,3306.7,10.26084,3.02661,7.32037,7.33578,13.79311,2.46968,8.6536,10.81642,10.81642,19.85958,1.37327,24.78097
OLN,194.46053,5.98281,14.65052,1.68459,-0.01,-0.04905,15.71072,417.6,14.63005,58.094803,0.57,381.1,-7.58741,58.094803,-0.04905,2.06481,1.06021,2.01437,3.03077,-0.08158,-0.08158,61.6094,9.29526,160.4804
OMC,10.67022,2.20207,10.23112,0.84253,4.41,7.95142,-1.60637,2211.2,14.61042,4.00943,4.43,2643.0,12.38222,-0.91486,7.22791,7.14799,0.69205,5.496,15.17098,41.26056,36.66499,60.223,2.09334,160.19936
ONIT,0.0,114.870224,102.3717,1.57236,-29.55,-13.47641,-22.9473,820.404,44.81378,114.870224,-29.55,1413.879,-18.38684,114.870224,-13.49307,-13.48517,1.36631,5.59953,6.20884,-26.13997,-26.02718,87.1683,7.07667,114.870224
ORCL,-7.70495,6.53157,11.20493,4.13204,2.21,26.29362,-4.28395,17070.0,44.65547,-7.14286,2.31,30694.0,30.04303,-9.28343,25.99801,26.6134,3.97639,8.8256,10.91804,20.80363,20.82138,46.07934,2.458,85.45766
ORA,13.767,11.44537,20.15967,1.9901,2.43,20.74334,6.02903,276.265,46.45889,105.9322,2.54,218.279,4.95584,120.68768,20.10833,20.74308,1.58412,4.75301,5.53267,13.54993,13.18803,45.92362,3.33182,84.92362
OSK,-3.61356,6.60039,25.32801,1.66607,2.9,3.76347,-18.88432,513.3,8.41738,-19.66759,3.06,1039.2,-0.535,-25.80019,3.76347,3.9135,0.69097,5.36974,8.62189,11.78101,11.78101,32.93445,1.82837,49.10784
OVV,-50.5341,4.86201,36.28501,1.20555,-31.4,-116.80235,-199.09772,-4704.0,-106.37721,-199.09772,-30.4,1388.0,-109.628,-199.09772,-116.80235,-113.0341,0.89797,-19.36235,-26.43334,-65.16528,-65.16528,48.3371,-199.09772,93.56251
OC,5.19288,7.7368,32.26057,1.3769,2.79,6.24299,19.47514,865.0,16.16822,46.0733,2.81,1163.0,9.67991,46.0177,6.16822,6.15574,0.72068,4.72883,6.19246,8.88171,8.89599,33.11504,2.16301,49.51045
PCG,-7.02149,4.35919,33.68935,0.91498,1.79,5.27535,-3.9182,5027.0,29.86396,-41.50327,3.0,4071.0,-6.5333,-38.75862,5.27535,8.62591,0.68584,2.44501,4.59335,5.49437,5.41002,50.55969,3.42331,102.26408
PNC,0.0,1038.9011,81.86111,0.96409,7.39,25.46404,-3.82539,8372.0,51.45667,1.23288,7.52,14970.0,128.40504,-1.86425,25.23663,23.7571,0.95676,1.29412,4.47741,10.03139,9.00124,54.25422,6.51362,118.59939
PPG,1.98648,6.43189,18.67159,1.40765,5.14,9.27842,8.10923,2613.0,17.00176,26.91358,5.71,6455.0,12.09822,-33.11132,9.14829,10.08325,0.91216,7.63871,14.16988,27.64932,27.59822,46.04003,1.65519,85.32255
PPL,-32.08685,5.50934,14.71974,0.68266,2.37,20.90233,-19.47744,3729.0,48.62433,-0.42017,2.26,4018.0,-13.03299,-60.7369,8.89295,19.73894,0.52141,4.03505,5.44227,13.61532,13.61532,66.80722,5.35371,201.2703
PVH,-3.362,11.47839,52.89227,2.0308,5.27,5.32568,-18.24642,1008.8,12.24094,202.87357,7.3,4326.7,3.43837,205.84448,5.32689,7.29894,0.86987,4.27582,5.93268,10.09256,10.08377,44.83112,3.51556,81.2616
PKG,-1.48584,8.95322,16.99071,2.76651,4.47,7.6075,-6.50271,1121.5,19.53254,12.03008,4.53,1217.0,9.16345,11.25828,7.6075,7.6214,1.51077,9.00255,12.16946,27.69202,27.69202,58.81018,2.07936,142.77843
PH,-12.80729,7.30902,36.83837,2.37565,6.97,7.96549,1.63349,1859.84,14.63088,1.4556,7.32,3075.918,8.30685,-2.77682,7.96224,8.23027,1.65897,7.56362,11.3481,17.20783,17.20511,36.58873,1.5846,57.70068
BTU,-59.36779,14.16644,49.56216,0.18641,-100.34,-32.33795,-13.039624,-394.0,-7.02418,-13.039624,-82.65,560.9,-9.2765,-13.039624,-35.5844,-26.66985,0.069,-5.22305,-7.92998,-100.00824,-99.52812,87.30319,-13.039624,-13.039624
PNR,-2.08492,4.97704,22.21483,1.87057,-0.36,-1.00791,-3.54056,1160.6,17.99659,138.19151,2.85,1634.5,10.03528,138.19151,-1.18468,7.96798,0.94746,4.99563,6.86304,-1.49897,-1.49897,54.0212,4.05825,117.49152
PRGO,37.10833,4.1529,72.88175,1.87926,0.92,2.78025,21.90416,1345.7,29.22957,-48.0226,2.85,2065.0,20.05555,-37.65222,2.78025,8.62323,1.22832,2.96459,3.57006,1.32262,1.32255,33.25028,3.94702,49.81337
PFE,-5.68693,5.80006,10.47676,1.48998,1.11,14.27811,-3.86735,19016.0,38.92653,-21.2766,1.66,39490.0,33.03208,-23.81786,14.24741,20.98659,1.07031,5.14464,8.1608,10.22167,10.2108,37.4875,2.04975,59.968
PM,-30.61938,7.9015,-8.54813,1.02717,4.42,26.24468,-12.80664,11445.0,42.71479,-7.14286,4.45,17429.0,25.82435,-8.27439,25.65127,25.7261,0.40264,19.3277,37.9049,1390.3896,1390.3896,167.49,2.48842,1390.3896
PSX,-30.05075,15.89904,43.63348,1.62741,7.73,5.02377,27.9473,5535.0,6.49686,8.87324,7.43,25609.0,-2.89512,-11.23478,4.96156,4.72997,1.09507,5.69764,8.72596,18.91698,18.61882,27.07388,1.6056,37.12507
PDM,13.49503,2.78778,15.08755,1.82521,1.15,29.46001,0.0,0.0,0.0,325.92593,1.15,343.3,29.72991,299.07263,29.47159,29.49352,1.82521,1.0705,1.12083,7.67482,7.671,48.0249,55.72766,92.39981
PNW,-6.92673,9.16255,41.30399,0.61742,3.92,13.05099,9.80173,1349.024,38.59379,9.49721,3.94,1525.768,2.34473,9.97548,12.50934,12.51465,0.28239,3.64072,6.42724,9.76957,9.87578,44.73334,2.83166,80.9409
PBI,-1.52358,2.5498,0.91149,1.01788,2.0,11.76747,-3.70391,818.147,22.86566,36.05442,1.75,2019.469,7.13125,22.22828,11.40123,9.77377,0.9478,6.38342,11.40135,144.07391,99.2193,86.20561,3.62893,144.07391
PII,-26.40524,26.53866,15.0282,1.39665,6.75,9.64893,2.36301,798.974,16.92996,1.50376,6.9,1408.345,5.98083,0.29337,9.64893,9.65268,0.42611,18.11907,31.64134,49.42206,48.80828,31.8536,0.57984,46.74288
PG,-23.88036,13.56433,23.08357,0.99517,3.06,11.70702,-7.86806,17904.0,23.47173,-23.11558,4.12,33693.0,14.52448,-39.56884,9.22403,14.6465,0.55297,6.74402,9.2873,13.36815,13.42595,32.49465,1.69515,48.1364
PGR,14.82576,4.06678,12.4904,4.78387,2.15,6.24223,3.51801,2201.0,10.56451,0.0,2.17,2126.0,4.07107,-1.04606,6.08432,6.0984,4.78387,4.60937,13.10693,17.83092,17.71448,25.8827,1.2303,37.14846
PLD,213.8489,11.12724,27.81576,0.47638,1.64,38.85747,0.0,0.0,0.0,32.25807,1.76,1703.732,38.78576,36.66492,36.50314,38.5161,0.41446,1.23424,1.29304,6.10412,5.50829,38.69462,99.92837,63.11783
PRU,0.0,1319.033,93.69248,5.63122,12.17,9.97694,113.88698,9349.0,16.32956,280.3125,12.39,19940.0,-4.84961,308.54453,9.85468,9.77531,5.63122,0.75753,7.17843,13.48793,13.5561,47.16365,4.00278,89.26365
PEG,-17.75033,7.43132,25.85883,0.97734,3.3,16.12098,8.46753,4176.0,40.09602,10.36789,3.32,4021.0,-2.85526,10.60606,16.12098,16.09794,0.46406,5.08111,8.35232,13.29848,13.29743,43.18449,2.37835,76.00827
PHM,0.0,71.35657,13.63125,5.51165,1.36,8.25966,2.11116,831.094,13.89333,7.93651,1.36,1634.56,-13.10149,4.16412,8.25966,8.10676,0.7931,5.59454,7.02666,10.33199,10.33199,33.52221,2.8877,50.42618
QGEN,3.25075,4.75245,12.09802,3.58339,0.59463,9.90308,-7.53226,369.441,28.84036,12.5,0.63868,826.658,17.91115,8.97594,9.92228,10.57156,2.79191,2.57356,2.982,4.87951,4.86047,29.32313,2.87713,41.489
PWR,-10.5601,4.41069,19.31053,1.89203,0.62,1.73264,-39.12357,493.647,6.519,-54.07407,0.88,923.665,6.45515,4.78339,4.10577,2.26743,1.45422,3.20976,4.5241,3.16544,3.44665,13.51254,0.97728,15.6237
DGX,-3.32618,8.17567,32.75525,1.27963,4.87,10.04938,3.62875,1485.0,19.8185,28.83598,4.4,2901.0,8.0692,27.51799,9.46217,8.45589,0.90878,7.44115,8.93289,15.78186,16.52584,43.28907,2.45859,77.46658
RPM,9.41305,5.02094,9.69492,2.3248,1.78,4.96954,4.5807,598.348,13.023,-18.34862,2.56,1941.369,1.72592,-17.88932,5.21235,7.23963,1.3288,6.93379,10.69899,17.91046,15.89995,56.14689,2.76775,128.034
RTX,-5.86728,5.13883,32.63338,1.18074,4.53,7.71656,-6.70907,10415.0,18.44996,-33.57771,6.63,15667.0,18.74956,22.31511,13.47741,10.24978,0.7838,6.03069,10.58137,13.64498,14.1268,41.35369,1.96111,70.81195
RDN,-36.10977,12.78332,12.06993,9.96161,1.2,23.59424,23.86374,706.328,59.19348,-77.94118,1.77,878.529,36.7837,-70.09704,24.04553,29.65345,9.96161,6.246,11.0013,12.25684,12.06075,32.81291,1.72647,48.83811
RL,11.39456,12.26066,45.08691,2.8027,7.88,9.2126,-3.7196,1346.0,17.66404,-6.52432,8.03,4377.9,6.24508,-9.53608,9.2126,9.29457,1.65683,10.78222,14.16263,17.71609,17.71609,16.85897,0.58618,20.27756
RRC,-34.45467,10.21111,16.29877,1.24836,-4.29,-44.69106,-87.75658,189.372,11.8585,22.63867,-4.13,498.876,-72.1677,22.63867,-44.69106,-43.03173,0.35344,-3.51032,-4.59957,-22.95882,-22.95882,48.99875,14.0005,96.07361
RJF,15.53748,0.36875,21.09368,1.23064,2.28667,9.05545,7.80103,944.599,17.79521,3.31325,2.34,4790.864,19.8748,4.55848,9.45977,9.42592,1.1421,2.19927,7.77363,11.59239,10.42759,34.30088,2.64533,52.20904
O,26.85677,14.01146,26.08222,0.25899,1.09,27.83731,0.0,0.0,0.0,5.82524,1.09,967.933,56.35027,4.85192,27.73089,25.11393,0.23567,2.7256,2.83753,4.6731,4.67189,42.51223,57.245132,73.95005
RRX,3.24022,7.71787,43.34005,2.66841,3.18,4.23113,19.89819,541.7,15.43437,360.86957,5.37,953.9,7.73891,362.25806,4.08297,6.8393,1.16661,5.97396,7.56395,7.40243,7.49603,46.4788,3.1787,86.84184
RF,0.0,340.13745,12.35151,0.85753,0.76,19.25488,-2.61107,2499.0,44.76088,-3.79747,0.78,5074.0,40.4957,-8.05195,19.02203,18.51155,0.85206,1.27122,6.52045,6.69177,6.35474,33.16669,3.34494,49.62598
RGA,12.96947,1.56121,94.09372,2.49994,7.46,4.82009,-16.68941,951.302,9.13117,-23.72188,7.55,1464.346,-1.5608,-26.58896,4.82009,4.82306,2.49994,1.19698,5.84951,7.63238,7.63238,34.25502,3.36035,52.10286
RNR,102.71637,1.76982,99.13238,3.41983,9.28,36.20566,0.0,0.0,0.0,-26.34921,10.73,831.323,4.20566,-19.05811,28.79082,30.91963,3.41983,3.62843,5.94569,11.05918,10.06428,14.74489,51.437653,21.11778
RSG,3.49312,9.62869,22.4945,0.67054,2.13,8.23258,14.36666,2563.3,28.12178,39.21569,2.06,3546.4,10.73601,36.94302,8.2271,7.90968,0.61091,4.57449,6.16881,9.66403,9.66736,49.34075,2.95486,97.39732
RMD,0.82732,4.64969,11.29957,5.40368,2.47,21.01873,1.53733,492.321,29.32381,3.34728,2.56,1011.396,14.182,2.20492,21.01873,21.41852,4.04034,11.53038,13.27818,21.09581,21.09581,15.92213,0.61057,18.93736
RVTY,-6.70431,4.97452,18.83751,1.84005,1.88,9.40116,19.8308,419.838,18.55753,32.39437,2.01,971.506,14.71315,34.63537,9.38954,9.99572,1.20564,4.6358,6.18791,10.24375,10.24375,32.42969,2.41256,47.994
RHI,7.1409,7.47981,7.65334,2.0497,2.69,7.02259,16.04211,633.945,12.44266,19.02655,2.72,2114.471,6.51106,16.95432,7.02259,7.0336,1.41746,21.65823,36.53395,36.07471,36.07471,0.11543,0.00183,0.11556
ROK,-14.37737,5.59013,17.04532,3.04888,6.09,13.12006,1.71369,1359.2,21.54758,3.04569,6.15,2703.1,15.29412,0.09676,13.12006,13.11332,2.4028,11.83989,19.56313,33.67719,33.67719,39.94199,1.10425,66.50567
RCL,0.0,243.51808,36.98761,0.19498,3.02,8.02238,23.7842,2113.177,25.46281,-11.95335,4.85,3199.681,1.27034,-12.87228,8.02238,12.8298,0.08399,3.86144,4.80511,8.14543,8.14543,51.80518,4.10143,107.49117
R,2.70824,8.50181,37.14851,0.65365,5.73,4.65603,10.23448,1656.165,25.20073,38.4058,5.97,1485.444,-20.35452,39.43406,4.63745,4.7977,0.5367,3.08351,4.6004,16.07683,16.07683,73.52272,3.33171,277.6823
SPGI,6.33047,5.52574,0.73152,1.13343,4.21,23.86599,12.87028,2210.0,41.59609,309.0004,4.58,3595.0,-4.32195,309.0004,21.75795,23.41291,0.85213,17.16096,37.07382,309.0004,100.95541,75.63888,1.63394,309.0004
SLG,0.0,63.945473,74.96019,3.8474,2.71532,18.07226,0.0,0.0,0.0,-24.92669,2.69411,1108.697,33.46298,-45.16346,16.94906,15.05492,3.8474,1.49425,1.57443,3.91968,3.6882,55.35435,63.945473,130.55894
SM,-66.25062,9.48812,27.21078,1.71552,-6.61,-29.57262,29.219244,-120.293,-7.94572,29.219244,-6.37,815.301,-97.89394,29.219244,-29.57262,-28.495,0.44341,-11.53313,-15.5151,-21.63344,-21.63344,57.61456,29.219244,135.93007
SPXC,-65.61739,2.47699,8.33977,1.19472,-3.87,-10.76274,-99.78712,0.8,0.04503,12.483076,-1.22,275.9,19.71573,12.483076,-4.65522,-2.79731,0.71533,-0.5938,-1.23938,-14.58882,-17.95811,54.80135,12.483076,121.24554
CRM,33.64757,3.19825,6.11006,0.80865,-0.42,-4.88851,303.20667,304.667,5.66972,218.16582,-0.43,4084.316,20.7006,218.16582,-4.88851,-4.9945,0.67085,-0.91727,-1.74192,-7.49072,-7.46231,27.34301,4.91022,37.63301
SD,-63.3654,3.4607,-2.68035,1.54116,-7.16,-323.16153,-323.16153,-4274.052,-323.16153,-323.16153,-7.86,444.568,-323.16153,-323.16153,-323.16153,-323.16153,1.28713,-56.65429,-65.62618,-323.16153,-323.16153,148.60243,-323.16153,-323.16153
SLB,-21.40363,3.55621,28.36191,1.90581,1.63,6.01832,-29.14808,9373.0,26.42142,-62.18097,3.39,7154.0,17.58562,-61.89776,5.84073,12.10748,1.54479,5.15718,6.5462,5.6394,5.77386,34.60404,2.02699,52.91464
SMG,-14.59821,14.56778,10.10912,1.54722,2.57,5.24628,8.11462,449.0,14.84298,-2.65152,3.59,813.8,7.27893,-4.02402,5.28265,7.25121,0.69613,10.35874,15.08943,27.2139,26.44339,64.75729,2.59087,183.74664
SEE,-24.32648,7.98762,2.68911,1.22605,1.62,4.76996,5.83703,1098.8,15.62682,35.0,2.49,1455.2,13.16575,29.94963,4.76996,7.22052,0.69963,7.15766,10.3517,39.69466,39.69466,89.70166,4.17838,124.06541
SRE,3.30113,8.10376,23.77989,0.62684,2.685,14.15306,7.55616,3160.0,30.88652,15.98272,2.615,3248.0,2.77954,16.179,13.19519,12.69028,0.41262,2.95183,4.44509,11.67063,11.73467,53.82498,4.64019,116.5673
ST,5.10619,6.52104,9.79217,1.47707,2.03,11.68741,19.2737,734.986,24.70574,23.0303,1.31,1026.262,11.11766,22.53647,11.68741,7.4848,0.93603,4.93614,5.98117,23.40231,23.40231,68.56436,4.95157,218.11029
SHW,-1.44087,10.10255,3.13618,1.24139,3.72,9.29377,21.40999,1844.27,16.2644,27.10706,3.79333,5559.613,10.58891,21.70745,9.29377,9.25279,0.6163,17.89139,36.52189,113.05088,113.05088,69.33962,1.06428,226.15385
SIG,14.52065,3.94397,34.99876,3.29321,4.75,6.64714,12.98288,567.4,9.89139,4.16667,5.29,2292.1,-11.41393,3.61413,6.64714,7.36836,1.36487,5.04137,7.6177,14.19187,14.19187,34.20886,2.57543,51.99616
SLGN,-9.55518,12.721,5.29187,1.33799,1.405,4.58061,-8.98165,476.411,12.65714,-1.74825,1.495,554.126,4.43351,-5.47067,4.58061,4.84735,0.48769,6.43065,9.36366,25.55895,25.55895,70.30823,3.17698,236.79362
SPG,7.65395,9.21464,14.30973,0.31176,5.88,38.54099,0.0,0.0,0.0,32.43243,6.14,4290.976,45.78619,29.75547,32.9265,34.30127,0.31176,6.13479,6.76529,38.57233,38.1386,81.10622,214.5117,214.5117
SITC,-9.149,5.84779,68.18083,0.25774,-2.16,-6.66984,0.0,0.0,0.0,47.36701,-2.08,729.089,22.93199,47.36701,-6.84609,-8.90253,0.22575,-0.00186,-0.00197,-2.2119,-1.93665,59.74118,47.36701,148.39275
SW,0.0,0.0,0.0,0.0,0.0,0.0,0.0,0.0,0.0,0.0,0.0,2646.7554,0.0,0.0,0.0,0.0,0.0,0.0,0.0,0.0,0.0,0.0,0.0,0.0
SNA,0.0,129.2269,41.53597,2.83177,8.1,13.65395,9.93902,847.3,23.58131,13.44538,8.24,1818.0,11.09522,13.46291,13.32276,13.32398,1.76689,10.86734,14.7,20.7207,21.07388,27.07171,1.06491,37.12099
SON,-3.94272,7.74654,14.98781,1.41719,2.44,5.04846,2.68861,622.561,12.54059,11.41553,2.51,929.422,5.76037,10.7208,5.03863,5.13096,0.9292,6.23008,9.43347,16.66949,16.50623,42.5422,1.82304,74.04077
SO,-4.12234,11.87305,22.58586,0.71487,2.59,13.92304,3.98141,6712.0,38.37841,18.80734,2.81,7678.0,1.59958,19.20236,13.84299,14.62119,0.37803,3.91816,5.9991,11.94347,11.19978,56.48081,4.28159,129.78368
SCCO,-18.96419,9.72722,6.52198,2.69963,0.89422,14.68717,-28.84126,1970.5,39.05151,-42.23603,0.89422,2118.3,3.44377,-44.75507,14.59403,14.64696,1.55781,7.32446,8.30542,13.3076,13.31023,52.89893,3.0203,112.30941
LUV,0.0,568.2442,11.36192,0.54334,3.27,11.10037,60.99118,5295.0,26.94931,99.39024,3.46,7251.0,16.02899,91.98944,11.10037,11.64017,0.47597,12.88784,26.74599,30.86394,30.86394,30.16325,0.60019,43.19109
SPR,-13.32999,11.90556,15.62846,2.26121,5.66,11.87104,7.49523,1069.9,16.10349,123.71542,4.08,1122.4,13.26762,119.81605,11.87104,8.4991,1.02886,10.15749,18.43266,42.1652,42.15393,34.8334,1.05916,53.45283
SWK,-4.49895,8.92673,37.75139,1.30668,5.92,8.07569,2.1568,1842.5,16.49242,10.24209,6.31,4072.0,10.53154,16.13878,7.9101,8.37248,0.64126,5.75611,8.90027,14.76713,14.58561,39.61704,2.0864,65.60964
STT,0.0,707.76904,46.04006,0.50023,4.47,18.68806,-1.65869,5751.0,54.28032,-2.18818,5.09,10348.0,-143.06395,-2.79823,18.68806,19.59403,0.4988,1.23024,7.62708,10.44524,9.29403,45.69909,3.09285,84.15898
SCS,6.12777,9.67647,5.46477,1.56886,0.68,2.814,0.16407,244.2,7.98118,-1.44928,0.91,953.5,1.65948,-1.8244,2.814,3.63143,1.06602,6.72394,12.12609,12.84212,12.84212,29.98629,1.16421,42.82917
SYK,0.0,430.6441,22.81769,2.26777,3.78,14.46813,2.45776,2668.0,26.82485,182.08955,4.78,6616.0,13.53182,179.41748,14.46813,18.09922,1.63888,8.3591,11.30931,16.82451,16.82451,32.09128,1.5075,47.25649
SYF,11.61585,0.22175,15.11583,1.77758,2.65,16.25551,6.65155,4233.0,31.0793,4.33071,2.66,6795.0,32.75973,4.97866,16.25551,16.2842,1.77758,3.17423,6.77521,19.18378,19.18378,65.88719,5.751,193.14503
SNV,0.0,89.37281,22.18667,1.00604,1.62,18.62471,4.21694,587.844,48.42678,21.80451,1.66,1076.228,68.05435,15.79163,18.62471,18.10902,0.99964,1.31582,6.88496,7.81006,7.48434,44.06912,4.02134,78.79212
SYY,-1.3338,14.41945,8.85086,1.22285,1.15,1.41077,2.54939,2322.032,4.76992,-27.21519,1.85,8551.516,2.91155,-26.27497,1.41077,2.25003,0.90253,7.1662,10.81253,13.04794,12.99694,58.00239,3.15322,139.19325
TEL,-13.07913,5.36653,24.32784,2.20492,3.01,10.12017,-5.3701,2608.0,21.31938,-29.83683,3.65,4123.0,12.94858,35.87872,19.78256,12.08412,1.52334,6.10893,9.41435,13.31756,13.31326,28.93683,1.49655,40.71988
TJX,1.7754,137.18883,3.11379,1.70883,1.575,7.61778,7.57048,4202.101,14.45093,7.14286,1.605,8301.885,7.13835,3.63676,7.61778,7.6467,0.76412,21.13574,39.36219,52.15672,52.15672,28.31814,0.40089,39.5053
TPR,10.53647,20.05181,9.00181,3.00288,1.45,9.60015,-32.09451,980.3,23.38725,-48.02867,1.93,2918.3,17.39033,-48.49847,9.60015,12.69446,2.09093,11.83219,16.589,16.38919,16.38919,26.34086,0.90829,35.76047
TGT,0.0,1295.7551,21.863,1.20032,3.83,3.37244,11.23487,6891.0,9.48938,24.7557,4.36,21340.0,2.82127,1295.7551,-2.25289,3.81075,0.28391,6.92497,10.47865,16.20352,16.20352,47.75874,1.85692,91.41959
TECK,7.62548,7.67922,28.47192,2.78389,-3.09194,-30.07628,19.91723,-495.14227,-8.3182,19.91723,-2.42166,917.4907,-32.92469,19.91723,-29.9552,-23.44246,1.84531,-3.69091,-4.93016,-14.13189,-14.00502,36.67162,19.91723,57.90708
TK,17.15988,6.46062,12.63942,0.69941,1.12,16.54681,45.74952,1215.395,49.60023,135.58247,0.97,1352.008,-42.11207,135.58247,3.35258,2.87653,0.61574,3.55723,4.10131,8.14444,11.0206,65.32937,6.13433,201.44528
TGNA,-38.99687,4.1556,9.97466,1.32693,1.56,13.78661,-30.31925,1054.244,34.55467,-65.93887,1.47,1036.691,22.99625,-56.73747,15.06163,10.82587,1.16069,5.37626,7.22638,13.12523,14.04144,62.86911,3.98528,171.01749
TFX,-4.12416,6.75106,48.28936,1.50954,4.91,13.08556,7.48325,436.052,24.0954,19.7561,6.01,953.903,16.96385,30.46905,13.53066,13.80146,0.90111,5.21367,6.75961,12.03689,12.06729,34.64186,2.44453,53.00312
THC,10.28571,6.32948,7.01559,1.20033,-1.43,0.40786,11.52664,2177.0,11.68295,428.1197,0.48,6681.0,4.202,428.1197,-0.75132,0.25545,0.80107,4.12453,5.61396,-21.16244,3.44671,81.82023,6.66514,428.1197
TDC,-6.81818,4.2521,6.49579,1.81952,-1.53,-8.4585,-31.04435,482.0,19.05138,85.813896,1.23,1287.0,9.01186,85.813896,-8.4585,6.78688,1.48898,6.9101,10.28523,-16.74491,-16.74491,47.88214,1.61826,91.87279
TXT,-5.98749,6.18287,18.10173,1.93159,2.5,5.20003,3.83865,1596.0,11.89004,16.27907,2.55,2405.0,5.80627,16.16667,5.19258,5.2562,0.78769,4.9125,8.61244,15.11477,15.11477,42.10404,2.26191,72.72361
TMO,2.88244,6.76114,53.42492,1.38432,4.93,11.67258,3.23402,4175.3,24.61068,4.67091,5.24,7765.0,15.06323,4.27576,11.6437,12.31441,0.72312,3.74189,4.54203,9.45289,9.45289,36.97711,3.00019,58.67252
TDW,0.0,59.299236,52.61622,1.80165,-1.34,-4.36966,-0.18668,416.503,27.8501,59.299236,3.63,634.644,-0.47682,59.299236,-4.35903,11.81078,1.66315,3.12823,3.67143,-2.52975,-2.52992,38.21676,3.68419,61.8562
TKR,-4.43557,6.175,16.502,2.38749,-0.84,-2.36744,-11.20812,437.3,15.22473,63.042225,2.23,823.1,7.93397,63.042225,-2.46492,6.57067,1.15654,6.62079,9.29577,-4.88158,-4.63578,32.84723,1.504,48.91418
TOL,0.0,74.93348,24.15001,7.71475,1.97,8.08076,9.94728,527.88,11.74575,7.06522,2.06,937.687,-8.67932,6.80377,8.08076,8.08673,0.98776,3.63281,4.19034,8.9927,8.97953,47.26976,7.18012,89.64449
TTC,13.00048,14.82692,4.22833,1.60159,1.775,8.42786,13.94799,362.219,15.14318,17.54967,1.825,835.935,4.30628,15.94352,8.42786,8.47891,0.68349,15.11584,23.2352,46.29529,46.29529,45.00255,1.04405,81.82662
TT,1.49127,6.23042,22.26471,1.2634,2.57,5.31626,6.09602,1851.8,13.92258,-21.40673,3.77,4035.8,7.97919,-28.66803,4.99673,7.51409,0.80548,5.47965,9.14815,11.67222,11.85952,41.8948,2.28912,72.10165
RIG,-35.55662,4.31048,39.82584,1.79281,2.16,11.15624,-8.16702,3497.0,47.34633,333.6117,0.19,3643.0,3.25278,333.6117,10.70945,0.93379,1.52042,5.78623,6.68376,5.6019,5.72044,36.42839,2.4278,57.33387
TNL,7.11611,6.6739,8.34769,0.95503,5.14,11.05491,2.99769,1340.0,24.2052,22.96651,5.04,2543.0,13.19545,15.68998,11.05491,10.74278,0.61625,7.12813,11.08572,55.5102,55.38462,84.53173,3.88657,184.62276
TRV,-0.999,1.34114,79.74992,6.08008,10.88,12.93733,-2.10761,5713.0,21.49199,1.68224,10.99,9207.0,29.3253,-6.85265,12.93733,12.84137,6.08008,3.01028,10.0099,14.20077,14.20077,21.18763,1.11045,26.88363
TRN,-8.73427,16.49303,23.91296,2.86313,5.08,12.92099,9.0435,1526.5,23.8788,21.24105,5.14,1736.5,-2.66906,17.44323,12.45952,12.07671,1.77195,8.93957,11.09673,23.95561,22.18611,44.11038,2.09329,78.9241
TFC,0.0,635.1171,31.65684,0.88394,2.56,20.46857,-0.25768,5032.0,48.51523,-6.90909,2.77,9183.0,75.63512,-3.11483,20.09256,19.97674,0.87654,1.4401,5.38236,8.97541,8.2023,50.02011,5.4376,100.08047
TSN,-3.80048,25.04419,26.26287,1.52221,2.95,2.95845,42.53201,3006.0,7.26561,24.47257,3.36,4147.0,4.67032,41.2037,2.94878,3.2891,0.65347,6.13554,8.59741,13.13169,13.15422,40.92873,2.23719,69.28704
UDR,16.18067,61.71445,10.89689,0.09748,1.29,37.26159,68.55045,232.485,24.25463,118.64407,1.31,621.93,46.58736,120.54959,35.51138,35.35212,0.09748,1.94521,2.01334,12.28415,10.40449,48.13792,15.35925,123.10493
UGI,-9.61373,10.05576,15.61585,0.8695,1.6,6.18732,-12.59382,1164.6,17.40521,-16.66667,1.62,2954.6,8.21651,-16.66667,4.19961,4.19133,0.6378,4.78752,6.65543,10.50251,11.44342,52.12608,3.33995,108.88198
USB,0.0,1346.7423,23.28112,0.81172,3.16,27.60305,-1.38169,11991.0,55.78766,2.5974,3.18,18524.0,64.73318,0.47855,27.35182,26.09807,0.80127,1.74525,6.75175,14.81734,13.04171,56.15236,5.0,128.06245
UAA,54.96203,11.10992,3.85991,3.13018,0.525,5.86815,21.07521,515.847,13.01555,10.52632,0.55,1905.547,-6.46254,11.79137,5.86815,5.98105,1.17686,10.44643,13.05627,15.40973,15.40973,28.62373,1.2969,40.10258
UNP,-15.82868,14.70374,24.37792,1.28821,5.49,21.87686,-5.56442,10064.0,46.13762,-4.52174,5.51,10988.0,8.09953,-7.87645,21.87686,21.88036,0.85683,9.37884,14.89522,22.78294,22.78294,40.68705,1.41107,68.59724
UIS,-6.08752,5.0214,-27.8497,1.17022,-2.2,-3.42277,-29.23889,187.8,6.22865,42.929817,0.05,593.5,3.99489,42.929817,-3.64499,0.08276,0.97558,1.76429,42.929817,42.929817,42.929817,42.929817,1.66294,42.929817
UNFI,5.47358,17.72955,27.65756,2.92684,2.76,1.69306,20.42322,314.36,3.83634,9.52381,2.84,1260.515,-0.99206,10.56088,1.69306,1.73364,0.92656,6.48695,8.66864,10.55454,10.55454,28.39323,1.74763,39.6516
UPS,7.10104,8.46147,2.78781,1.23485,5.35,8.29978,21.89918,9769.0,16.73834,63.10976,5.39,14506.0,8.33726,59.76253,8.29978,8.32101,1.10883,13.01977,32.26822,210.10628,208.3889,85.19465,1.4673,1089.202
URI,-1.06383,6.22139,16.08264,1.04947,6.07,10.05673,5.36122,2771.0,47.63624,17.86408,6.99,2509.0,6.582,8.33333,10.05673,11.43611,0.89943,7.77495,9.79449,35.75795,35.7361,84.68562,2.94551,243.9248
X,-44.83653,7.74181,16.65288,1.82356,-11.24,-14.18697,-98.82276,18.0,0.15552,24.602663,-2.47,433.0,3.63962,24.602663,-14.18697,-3.11778,0.84637,-3.07501,-5.12756,-52.67041,-52.65352,56.4666,175.61111,129.70866
UNH,53.41016,29.16139,35.49843,0.73754,6.01,3.73503,8.18584,12714.0,8.09257,5.4386,6.1,37026.0,6.09099,3.45257,3.70003,3.70022,0.61157,6.96597,11.59588,17.53968,16.93433,47.50796,2.5243,95.16383
UNM,-0.86977,0.92238,35.96203,6.35764,3.5,8.06687,77.14286,1512.8,14.074,117.3913,3.48,3039.6,9.29711,109.74843,8.06687,7.9963,6.35764,1.4306,7.59836,10.07301,10.07301,26.83382,2.10041,36.67517
VFC,3.75176,10.14998,12.62227,2.14405,2.85,9.95086,1.36889,2076.633,16.77851,19.7479,3.05,5392.627,8.43345,17.57395,9.95086,10.48333,1.16658,11.49712,15.74132,22.36065,22.36065,25.72153,0.89794,34.62851
VLO,-25.62135,17.15028,43.39379,2.03424,7.99,5.01198,7.82878,7658.0,9.35911,14.63415,8.0,8910.0,4.72691,9.91736,4.87632,4.85921,1.19511,8.84107,14.10106,19.36705,19.25443,25.6761,0.96331,34.54622
VMI,-13.12584,5.2203,40.18205,3.34699,1.71,1.73098,-25.28509,330.408,12.61617,-75.88152,5.71,642.741,11.47708,-78.19444,1.53181,5.07745,2.29173,5.83105,7.94703,3.78413,4.09214,44.24703,2.3184,79.36265
VTR,7.16775,3.05056,28.60642,0.83333,1.22,12.4238,0.0,0.0,0.0,-23.27044,1.46,1873.721,31.0347,-12.17487,12.71981,14.68059,0.83333,2.4509,2.6096,4.45877,4.35365,53.29317,92.86535,116.43116
VRE,-6.14217,3.97057,16.24929,0.36783,-1.41,-23.97482,0.0,0.0,0.0,20.886808,-1.41,317.964,10.19548,20.886808,-21.22379,-21.24882,0.36783,-1.49457,-1.58001,-8.1645,-7.96765,56.13777,20.886808,127.98656
VZ,-3.83654,9.58736,4.03322,0.63563,4.37,13.96064,35.82697,49077.0,37.28689,80.57851,4.38,79063.0,15.16373,85.75584,13.5838,13.59391,0.52864,8.65721,16.20696,124.47957,116.60004,86.06486,2.24533,5600.4214
V,3.04136,16.63271,12.26131,2.0268,2.58,45.59078,11.4968,9572.0,68.96254,19.72158,2.58,13406.0,61.53278,16.36631,45.59078,45.46291,1.68106,14.39947,19.81923,22.10462,22.10462,0.0,0.0,0.0
VPG,-5.22738,6.35521,13.08042,3.94254,-0.96,-5.59657,-8.71532,24.216,10.42993,7.1959605,0.57,84.229,5.75485,7.1959605,-5.6026,3.31059,2.38665,2.95906,3.8124,-6.97144,-6.95612,16.3525,1.3921,19.5493
VNO,1.07318,2.53037,28.74497,1.34712,3.33,31.15642,0.0,0.0,0.0,110.75949,3.35,1129.963,30.75081,-12.07351,29.3525,24.35572,1.34712,2.50249,2.65196,13.06341,9.2077,56.55238,70.50124,151.56355
VOYA,4.56562,0.42964,64.25661,22.1065,1.8,4.74906,-8.51321,1135.9,10.0157,-80.04435,1.84,3668.0,0.41376,-82.24551,3.60015,3.6569,22.1065,0.29571,2.36802,2.76404,3.09549,39.08279,9.1928,64.15722
VMC,11.93233,9.09886,33.44688,3.06833,1.72,6.80601,41.55993,845.512,24.70682,10.25641,2.11,857.533,8.59544,7.93176,6.46304,8.21327,1.98947,4.35946,5.654,5.39722,5.39722,30.77811,2.34233,44.46296
WRB,0.64846,1.85767,11.05391,16.99872,1.14667,7.05614,-14.76245,846.148,11.8438,-20.37037,1.20296,3152.726,6.41725,-22.37534,7.05036,7.04908,16.99872,2.30492,7.13223,10.96156,10.89097,32.41308,2.62599,47.95761
WEC,59.86944,7.08864,27.41611,0.81462,2.34,10.80475,26.4673,1919.9,32.39736,-9.65251,2.75,1976.7,2.7845,8.83903,10.80475,12.58037,0.39808,3.81329,5.9068,9.79464,9.7493,54.4371,5.40487,119.47681
GWW,3.06887,8.36951,36.54152,1.70455,11.58,7.87269,-3.30813,1573.638,15.77838,1.13537,12.15,4232.622,7.10213,-4.0828,7.71048,7.9377,0.83855,15.07449,20.73969,28.08345,27.85878,45.8093,1.26384,84.53352
WMT,1.51266,71.87232,8.405,0.96945,1.66333,3.47741,1.38254,34612.0,7.15832,2.8866,1.69667,120565.0,2.66098,2.12832,3.38413,3.4002,0.2438,7.78509,11.5301,20.52915,19.9257,36.95844,1.45559,58.62551
DIS,2.50206,7.12356,26.80614,1.02596,4.9,16.8722,12.65548,15578.0,29.69218,15.02347,5.2,24101.0,12.28557,11.7451,15.97637,16.78986,0.7523,9.58995,12.76517,18.73429,18.28302,26.51745,1.1271,36.08673
WM,-2.39446,8.26594,11.95276,0.93426,1.65,5.80202,-2.832,3534.0,27.26642,-40.86022,2.49,4730.0,9.12545,-41.98767,5.80974,8.69704,0.8498,6.56511,9.25536,13.43324,13.36176,62.59409,2.54131,167.33743
WAT,8.00224,4.5288,25.27066,5.69699,5.65,22.96654,4.24537,672.687,32.9372,11.43984,5.85,1199.66,18.67334,8.67268,22.96654,23.5841,5.08367,8.94083,10.27748,23.72839,23.72839,44.76126,2.48011,81.03238
WFC,0.0,5745.294,33.83261,0.89571,4.12,25.85274,-0.26397,47985.0,53.29712,0.48781,4.18,83690.0,41.11451,-0.70694,25.42845,23.84745,0.87996,1.72619,6.4928,13.51392,12.27356,60.49087,6.19077,153.10603
WELL,0.0,116.22387,38.28961,0.44619,2.34,23.14941,0.0,0.0,0.0,63.63636,2.4,2126.643,32.69241,72.55586,23.02438,21.77452,0.44619,2.61219,2.6778,6.86322,6.14521,45.7791,116.22387,85.44929
WCC,-3.77325,6.85782,42.12719,2.38187,4.18,2.77148,-17.88055,438.71,5.83508,-19.30502,4.85,1493.661,3.55969,-23.63812,2.80225,2.80176,1.46718,5.0009,6.98436,11.37212,11.25721,46.39482,3.49951,86.54914
WU,0.0,184.93456,2.79638,0.92945,1.62,15.27801,-1.15755,1426.0,26.00434,1.88679,1.7,2285.3,15.58323,-1.71281,15.27801,15.8911,0.26781,7.46668,14.96949,61.93768,61.93768,69.65986,2.26199,229.5964
WAB,-5.13873,5.37879,18.50698,2.42555,4.1,12.05043,14.265,672.301,20.3235,13.25967,4.14,1047.816,11.04996,13.34964,12.05043,12.02378,1.54627,11.49968,16.0679,22.73426,22.7162,29.02411,1.03485,40.89291
WLK,-17.1136,9.53174,25.08008,4.16191,4.86,14.90018,-11.09954,1169.098,26.19337,-4.14201,4.75,1185.0,10.21367,-4.79173,14.4737,14.02906,3.23587,11.12019,14.45551,20.91531,19.66478,17.77925,0.65882,21.62381
WY,-7.2381,13.99605,9.5106,2.48457,0.89,7.14487,-12.98309,1441.0,20.34736,-36.42857,1.02,1093.0,8.80225,-72.28916,7.14487,7.43714,1.74743,4.63516,5.73247,9.97536,9.9479,52.59468,3.74879,110.94681
WHR,-8.59827,7.88637,61.42112,0.94589,9.83,3.93471,5.81567,2147.0,10.27715,20.31824,12.1,3660.0,4.95548,20.46154,3.74803,4.55828,0.43259,4.73893,9.33005,16.26506,14.33304,41.33582,1.86213,70.46176
WTM,-58.69389,1.96422,695.8037,10.32493,33.8,11.71247,47.18851,-24.8,-1.60747,-34.71122,-9.93,326.2,40.25716,-4.82891,19.2896,-3.74016,10.32493,-0.55626,-1.14172,5.02668,4.05721,9.22882,47.18851,10.16713
WMB,0.0,357.27106,8.20828,0.61153,-0.76,-17.85326,31.65468,3294.0,44.75544,357.27106,1.27,3938.0,-10.76087,357.27106,-7.75815,12.929,0.45695,1.95315,2.35546,-7.65159,-7.22038,60.14689,7.43382,150.92142
WSM,11.82662,73.53526,6.66391,1.58905,1.62,6.57315,8.64696,657.124,13.98517,14.89362,1.63,1800.504,4.93143,10.73926,6.57315,6.49638,0.33152,13.25396,24.8776,24.90047,24.90047,0.16043,0.003,0.16069
WOLF,-17.32235,8.06669,23.37623,5.1347,-0.57,-3.86086,-37.87277,188.33,11.35213,30.623352,-0.07,485.01,0.29835,30.623352,-3.86086,-0.47689,3.52982,0.3184,0.35455,-2.3477,-2.3477,7.50087,1.06197,8.10913
XYL,-2.85344,4.80658,11.68312,2.43621,1.87,9.30742,-5.33752,603.0,16.50698,2.18579,1.91,1404.0,9.04394,0.89021,9.30742,9.4561,1.73633,6.17057,8.67415,16.14818,16.14818,37.93925,2.11277,61.13244
YUM,16.0,37.33618,2.16905,0.54663,2.92,9.90462,2.09346,2731.0,20.83937,25.86207,3.22,2582.0,8.52919,23.02569,9.86646,10.71286,0.37403,15.17205,25.14129,105.20749,100.30912,80.31099,1.45624,252.78249
ZBH,58.59007,5.0859,48.78096,3.62377,0.77,2.43756,30.85042,2368.0,39.48114,-81.62291,4.99,4515.0,1.90778,-79.58617,2.4509,15.59115,1.89777,5.61537,7.0406,1.79173,1.78162,53.88633,4.88019,116.85542
ZTS,-4.38776,4.99635,2.14717,2.15048,0.68,7.07872,9.06433,1492.0,31.15473,-41.37931,1.7,3084.0,19.83974,-41.85249,7.07872,17.73861,1.17406,11.1312,14.76567,28.49937,27.92422,81.69156,3.26274,206.97644
