,IQ_ACCT_RECV_1YR_ANN_GROWTH_CS,IQ_AR_TURNS_CS,IQ_BV_SHARE_CS,IQ_CURRENT_RATIO_CS,IQ_DILUT_EPS_EXCL_CS,IQ_EARNING_CO_MARGIN_CS,IQ_EBITDA_1YR_ANN_GROWTH_CS,IQ_EBITDA_CS,IQ_EBITDA_MARGIN_CS,IQ_EPS_1YR_ANN_GROWTH_CS,IQ_EPS_NORM_CS,IQ_GP,IQ_LFCF_MARGIN_CS,IQ_NI_1YR_ANN_GROWTH_CS,IQ_NI_MARGIN_CS,IQ_NI_NORM_MARGIN_CS,IQ_QUICK_RATIO_CS,IQ_RETURN_ASSETS_CS,IQ_RETURN_CAPITAL_CS,IQ_RETURN_COMMON_EQUITY_CS,IQ_RETURN_EQUITY_CS,IQ_TOTAL_DEBT_CAPITAL_CS,IQ_TOTAL_DEBT_EBITDA_CS,IQ_TOTAL_DEBT_EQUITY_CS
MMM,5.72942,7.04634,17.2575,1.88551,8.16,16.79896,2.37787,8697.0,28.88505,7.65172,8.35,14991.0,16.37633,4.48997,16.77239,16.76989,1.13684,13.75831,20.23113,45.89657,45.79448,53.06743,1.34472,113.07164
AOS,3.45034,5.26595,8.73669,2.04023,1.85,12.15607,13.71997,525.5,19.56514,17.08861,1.87,1114.2,14.80556,15.41181,12.15607,12.16402,1.66314,10.39278,16.30219,22.07871,22.07871,17.59748,0.61579,21.35551
AIR,5.98253,7.0494,25.08475,2.6538,1.16,2.43594,63.56034,136.9,8.23409,39.71871,1.1,233.1,3.48325,367.64706,2.869,2.27595,0.83252,2.79412,4.10457,4.73435,4.73435,14.60696,1.08181,17.10557
ABM,7.09382,6.68794,17.5183,1.65838,1.09,1.21096,15.34426,175.9,3.41905,15.95745,1.84,541.3,1.55378,-25.03277,1.11182,2.01357,1.42123,3.33728,6.1415,6.28817,6.28817,21.59704,1.5253,27.5462
ACCO,5.87598,4.09602,6.56769,1.65034,0.87,6.1332,10.41376,237.5,15.25271,11.53846,1.02,514.9,6.17012,11.17579,6.1332,7.00918,1.06767,5.77105,8.56702,14.80735,14.80735,49.55513,2.93137,98.23621
ACM,-6.40283,3.71514,21.87705,1.13121,0.62,0.93891,-16.29227,840.018,4.82469,76.83709,1.26,642.824,5.32401,76.83709,0.55201,1.12007,0.99357,2.09941,3.65927,2.83731,4.55136,53.73025,4.91095,116.12394
AES,-12.41407,5.8573,4.23859,1.21605,0.0,2.65715,-9.13964,3390.0,24.95216,279.8896,0.14,2383.0,-2.77584,279.8896,-8.31739,0.68011,0.88999,3.83553,5.139,0.26922,5.47343,75.94359,6.03628,279.8896
AGCO,6.40535,8.58094,34.93488,1.47592,1.96,2.1618,-10.66045,574.9,7.75791,-35.94771,2.48,1515.5,2.10124,-39.9024,2.16045,2.72414,0.61546,2.74604,4.33914,5.70319,5.60091,37.40458,2.94904,59.7561
ALE,1.07261,10.99467,38.19613,0.73717,3.14,11.62947,-1.91847,409.0,30.52922,7.53425,2.96,456.3,0.38162,10.06379,11.59215,10.89259,0.38098,2.71565,3.87349,8.36475,8.38672,45.14792,3.80954,82.30851
AME,-1.81818,6.42359,14.19708,2.08579,2.19,13.33715,-7.91859,1007.169,26.22777,-10.61225,2.31,1292.488,16.64916,-13.31976,13.33715,13.99161,1.41662,7.64022,9.74255,15.73175,15.73175,41.82802,2.3249,71.90406
AMN,18.98006,5.28386,9.43844,1.6399,2.15,5.56391,45.57111,225.478,11.85338,27.97619,2.28,619.724,7.01511,29.24253,5.56391,5.74679,1.53741,11.84255,17.75621,26.551,26.551,44.67941,1.60966,80.76452
T,1.58481,9.82794,20.05785,0.75864,2.1,8.14164,4.84272,50162.0,30.63085,-11.39241,2.18,86596.0,8.95601,-2.76508,7.92365,8.21079,0.45134,3.76863,6.11035,10.55792,10.76327,49.87945,2.46228,99.51898
ATI,12.9403,7.35476,12.44159,2.49259,-5.97,-20.00574,20.322315,66.7,2.12786,20.322315,-1.08,234.1,-1.49182,20.322315,-20.44599,-3.69693,0.9619,-0.97512,-1.51839,-37.2833,-34.44374,56.50551,28.14093,129.91418
AXS,16.66821,0.86061,59.53536,12.1685,5.08,12.81608,23.39217,453.676,11.32588,-15.89404,5.13,1054.584,-4.4568,-19.99015,12.81608,11.62507,12.1685,1.38455,3.9991,9.8864,8.45798,13.66698,2.18868,15.83054
ABBV,0.0,1437.8798,2.91112,1.65494,3.63,23.21944,15.92251,11190.0,43.64615,15.97444,4.43,19845.0,22.53247,15.72706,23.21944,28.0266,1.14314,10.49212,16.21559,138.7484,138.7484,88.82299,3.2924,1437.8798
ABT,-4.97367,6.25653,13.94421,4.02042,0.71,5.1935,2.70438,4975.0,23.85748,-58.72093,1.81,11768.0,10.28929,-68.34728,6.71366,12.82007,3.30676,4.82095,6.19781,5.09234,5.15187,51.50856,4.42332,106.22194
ANF,0.0,107.77293,19.17003,2.20493,0.51,1.09584,-17.96349,298.311,8.47792,-28.16901,0.66,2157.543,6.61713,-31.3483,1.01106,1.29198,1.20711,2.13814,3.14564,2.65417,2.87173,20.47844,1.11855,25.75205
AAMI,7.83926,4.20602,1.43661,1.26052,1.0,18.08591,0.6536,200.2,30.17332,-21.875,1.2,292.4,14.50829,-18.71383,19.05049,21.56491,0.97475,10.19104,28.56016,72.87057,71.34364,69.97182,1.98452,240.78789
ACN,8.68014,5.82494,12.1726,1.34884,6.45,12.4997,7.64302,5539.497,15.91917,35.5042,5.39,10277.427,10.78296,34.65803,11.81658,9.67784,1.25363,15.46764,40.37881,60.07642,58.63205,0.3314,0.00492,0.3325
AYI,39.13044,6.68624,37.95043,1.96714,6.63,8.83542,29.92918,568.7,17.27889,30.2554,7.2,1439.0,6.79063,30.93201,8.83542,9.516,1.46617,11.76408,16.97229,19.25955,19.25955,17.62779,0.62458,21.40017
ADNT,-2.43674,7.98719,45.02674,1.33592,-16.4,-8.60605,2.43446,1094.0,6.4976,128.70103,9.34,1609.0,4.70838,128.70103,-9.10495,5.18673,1.07089,3.99446,6.79545,-31.17121,-28.48717,44.8923,3.25777,82.1009
AAP,5.88396,15.92653,39.54212,1.40715,6.2,4.8039,-8.55514,1124.427,11.75235,-3.125,6.82,4255.915,2.19785,-2.91003,4.8039,5.24362,0.21121,6.53835,14.08898,17.09636,17.09636,26.3485,0.92781,35.77457
WMS,12.10785,8.59902,3.44354,1.74302,0.39,2.36829,55.33246,191.862,14.86521,44.443394,0.74,285.352,9.45129,190.62645,1.941,3.09479,0.76705,7.39117,10.14324,13.2684,9.72182,57.62106,2.22689,139.14156
AER,42.50285,6.99589,48.36648,0.48435,5.52,21.27574,-3.98992,3966.353,81.17923,-3.4965,5.34,2669.165,-36.30712,-11.20698,21.42135,20.2755,0.47696,3.15813,3.62436,12.40567,12.2238,76.35692,6.98803,302.13535
AMG,-2.01943,5.66714,63.83774,1.48491,8.57,33.67356,-10.844,864.1,39.37392,-7.65086,8.72,1262.2,25.17087,-8.37209,21.54379,21.53577,1.48491,5.57113,6.83023,14.64525,15.58809,29.26099,2.44138,47.65842
AFL,77.33415,9.91096,25.23595,1.97751,3.21,11.88433,-2.73727,4335.0,19.37517,9.74359,3.34,7131.0,2.64537,4.97434,11.88433,12.28491,1.97751,2.15979,11.03509,13.92511,13.92511,20.74143,1.23645,26.16932
A,4.12541,6.79386,13.1175,3.84656,1.4,10.99476,12.1071,963.0,22.91766,6.87023,1.65,2197.0,15.07615,15.21197,10.99476,12.80105,3.08995,5.85695,7.46891,10.98692,10.97909,31.04904,1.98546,45.03062
APD,2.39653,6.69295,32.5722,1.31493,6.94,16.22884,9.2493,3066.3,32.19415,18.02721,7.61,2326.4,13.6397,-50.61429,6.62614,17.29037,0.98282,7.53802,10.02109,21.15071,21.18195,46.32328,2.0302,86.3005
ALK,0.0,203.22734,23.76589,0.80868,6.54,13.7245,10.84849,1829.0,30.83797,-0.30488,7.34,2464.0,16.4538,-4.00943,13.7245,15.29099,0.74241,11.10943,20.37923,30.47548,30.47548,50.2799,1.62056,101.1259
AIN,0.0,31.213528,15.80576,2.50641,1.64,6.77217,7.61617,173.742,22.27921,-8.37989,1.97,301.284,3.39738,-7.93659,6.76204,8.10545,1.77109,5.84477,7.52945,10.47968,10.41818,48.67525,2.7909,94.83776
ALB,-12.08206,5.1541,33.72669,2.90028,3.9,17.87829,-22.26907,709.737,26.51039,30.0,3.42,970.306,31.98523,92.19572,24.04282,14.35589,2.4672,3.59987,4.71738,12.52704,13.03495,37.53663,3.33823,60.09384
ALEX,-9.78044,8.13221,24.67959,0.83767,0.65,8.43871,43.57205,166.4,42.94194,20.37037,0.78,138.2,16.83871,24.05453,-2.63226,9.86323,0.3513,1.45177,1.79122,2.54018,2.65562,29.61877,3.09555,42.45796
ARE,18.78099,2.89435,53.37168,0.75535,-1.99,-5.404,0.0,0.0,0.0,40.452847,-1.94,643.114,43.06734,40.452847,-7.15132,-16.0213,0.74058,0.36709,0.39719,-1.5905,-1.02931,43.61924,40.452847,77.52835
ALLE,-14.30455,7.94462,1.1892,1.9304,2.36,10.33065,10.33551,490.0,21.89455,48.42767,3.38,989.7,12.86361,48.8629,10.23682,14.46845,1.3601,11.81967,16.97937,85.01906,85.01906,92.63384,2.98735,85.01906
ALSN,0.97436,9.39117,6.5954,1.60023,1.27,11.67808,-11.03439,631.3,34.30605,23.30097,1.34,864.0,22.55869,17.88261,11.67808,12.21889,1.17358,6.59847,8.36542,18.9431,18.9431,66.64711,3.41945,199.82413
ALL,2.70524,1.67414,56.21038,14.95894,4.67,5.19542,-17.08968,2940.0,8.13773,-7.52475,4.78,8045.0,3.3108,-13.54215,5.19542,4.93242,14.95894,1.56378,8.21469,9.24676,9.24676,23.57727,2.15884,30.85112
ALLY,6.53811,0.08587,28.51606,1.1766,2.24,11.31134,-8.9547,5226.0,53.20709,535.79987,2.05,6289.0,54.76481,-17.22265,10.86337,10.04139,1.1766,1.30581,2.50682,8.52648,8.30468,83.37827,12.78243,535.79987
MO,21.77419,140.63274,6.57139,0.98441,7.28,73.66189,6.7404,9169.0,47.41687,172.65918,3.12,11601.0,33.70675,171.68478,73.63604,31.49527,0.64,14.28148,26.35463,181.96805,181.20985,52.00435,1.51391,108.67455
AMBC,-9.97347,0.03823,37.94196,22.58642,1.64,16.21969,-72.63843,357.239,77.96744,-84.70149,1.59,563.5,45.97241,-84.83126,16.33449,15.68936,22.58642,0.4891,0.75987,4.4042,3.77592,86.19732,34.57825,45.97241
AMCR,-1.07284,7.93908,2.71304,0.87597,0.83,2.90406,0.0,1299.8,13.7964,-62.61261,2.33,1994.8,2.52805,-64.11877,2.59094,7.18565,0.50889,6.86045,11.40607,21.69681,22.49538,83.71094,3.3429,146.10915
AEE,16.74641,8.94187,29.27865,0.59574,2.68,10.84595,4.80226,2226.0,36.63595,12.60504,2.69,2634.0,-7.66335,3.65079,10.7472,10.74052,0.30067,3.57113,5.80389,9.29604,9.19556,51.95305,3.51932,108.12975
AAT,4.00958,6.29863,17.70218,0.46704,0.72,15.46178,0.0,0.0,0.0,-16.27907,0.72,189.274,35.49693,-15.2623,11.10381,11.05808,0.46704,3.08967,3.23368,4.07354,5.47378,55.86762,19.981173,126.59099
AEO,33.61545,57.99572,5.8366,1.56007,1.09,6.05622,46.86231,454.555,12.90672,136.95651,1.07,1302.734,6.97676,171.57939,6.19385,5.90473,0.73537,11.72717,17.71102,19.46866,19.46866,0.0,0.0,0.0
AXP,9.595,0.31497,22.6781,1.57957,5.65,15.98912,-8.41075,9169.0,27.10877,11.88119,5.14,24308.0,25.43129,4.7453,15.98912,14.17858,1.57183,3.15315,6.88353,26.26901,26.26901,71.94411,5.73356,256.4314
AFG,4.7924,1.302,56.55515,9.50592,7.33,10.35017,28.78179,962.0,14.90549,86.04061,5.43,1316.0,7.27262,84.375,10.05578,7.31123,9.50592,0.98636,7.54813,13.65166,13.78883,31.07748,2.30561,45.09047
AIG,0.0,841.0781,76.65753,77.71306,-0.7,-0.48367,-30.07681,6828.0,12.75094,841.0781,-0.18,10546.0,2.24421,841.0781,-1.58546,-0.36676,77.71306,0.3439,1.50269,-0.91469,-0.31005,28.96607,4.59007,40.7778
AWR,15.4931,10.53172,13.51609,0.9378,1.62,13.69979,-4.33336,153.566,35.21453,1.25,1.63,239.155,-17.43176,-1.22512,13.69979,13.66236,0.41758,5.08657,8.3108,12.44332,12.44332,45.41822,2.6784,83.21131
AMT,39.95878,18.4387,15.83651,1.03592,1.98,16.77177,15.99404,3404.44,58.84264,40.42553,2.04,3995.3,29.44278,39.60901,16.53094,14.99035,0.82026,4.06433,4.65671,14.25859,13.13049,69.67236,5.44391,265.66705
AWK,0.0,167.23936,29.29864,0.32776,2.62,14.17323,6.60066,1615.0,48.90975,-0.75758,2.85,1880.0,-9.12326,-1.68067,14.17323,15.36342,0.26212,4.28723,5.9623,9.11659,9.11659,57.91936,4.44706,137.63895
AMP,-3.48948,1.26335,40.6565,1.34898,7.81,11.19346,-23.72694,2067.0,17.60797,-7.90094,7.97,5578.0,27.05299,-15.87708,11.19346,11.29066,1.34898,0.82847,7.72589,19.4537,17.8812,46.35061,2.6299,86.39542
ABCB,0.0,37.596645,18.51141,0.90997,2.08,20.90667,34.96776,189.847,55.0495,63.77953,2.22,320.089,-151.99759,76.51235,20.90667,22.11014,0.88883,1.7622,11.20023,12.41823,12.41823,49.35828,3.31875,97.46565
AU,2.94118,122.4058,6.65076,1.53421,0.15,1.89439,9.02318,1317.0,31.18636,87.5,0.23,836.0,9.44826,111.77815,1.49183,2.24709,0.53816,4.22526,6.01815,2.44898,3.06455,44.16058,1.65376,79.08497
NLY,-57.6888,29.10419,44.62646,0.0417,5.56,56.88449,0.0,0.0,0.0,230.95238,5.52,1722.912,35.92406,207.3063,56.923,53.1335,0.03996,1.77602,1.82751,12.82972,11.70486,85.31598,113.8497,113.8497
AR,40.45154,6.59695,19.88912,0.49253,-2.88,-45.50686,22.948051,-98.155,-5.96002,22.948051,-2.84,662.212,-77.91598,22.948051,-51.54054,-50.86216,0.39547,-4.72284,-5.49292,-13.91842,-9.98249,37.83594,22.948051,60.86466
HOUS,7.80142,39.6587,17.57138,0.77905,1.46,3.73494,0.92838,761.0,13.09811,17.74194,1.62,2865.0,7.1364,15.76087,3.66609,4.02909,0.64476,4.67329,5.56684,8.72593,8.87344,60.05501,4.87779,150.34427
AON,-5.30358,4.36859,20.89695,1.0521,5.16,12.29896,3.54499,2658.0,22.86058,5.73771,5.86,3722.0,19.15262,0.79422,12.00654,13.51222,0.27291,4.99498,11.3646,24.10845,24.4549,52.867,2.33446,112.16558
AIV,0.0,30.088165,13.58233,0.15982,3.40914,48.1515,0.0,0.0,0.0,75.6579,3.4219,0.0,37.02746,73.05697,42.88443,41.65618,0.15982,2.57123,2.72986,27.4832,24.78324,65.47722,30.088165,199.7275
ATR,10.61264,5.65282,18.88989,2.33937,3.17,8.82067,4.0909,476.219,20.43039,2.589,3.37,834.76,9.01388,3.13121,8.82007,9.08003,1.65799,7.96295,9.82327,17.69764,17.69437,44.63199,1.98764,80.6097
APTV,6.83636,5.8583,8.89951,1.30641,4.21,7.31049,15.17857,2838.0,17.03379,1.69082,6.3,2748.0,8.84701,-13.31035,7.54457,10.32367,0.97348,11.14774,20.07421,49.53773,44.32314,58.96941,1.39923,143.7206
ARMK,2.19961,9.87074,8.83074,1.1409,1.16,1.99941,6.15656,1118.129,7.75626,20.83333,1.42,1531.421,2.11491,21.97961,1.99646,2.38659,0.76779,4.71213,6.70229,14.23244,14.18374,70.82586,4.71326,243.86957
ADM,0.0,0.0,29.97033,1.59759,2.16,2.06589,-11.13037,2563.0,4.11093,-27.51678,2.08,3618.0,0.67807,-30.82747,2.05146,1.9617,0.78426,2.60084,4.33724,7.29357,7.33485,28.71644,2.70425,40.34107
ANET,75.45663,5.68303,0.9778,3.32089,0.15625,16.31194,61.52187,262.809,23.27459,49.7006,0.16625,723.116,5.35808,52.0941,16.31194,16.20051,2.43922,10.53209,15.36883,19.42951,19.42951,3.58659,0.15681,3.72001
AWI,-41.90801,8.86853,4.89454,1.81258,1.68,7.60632,-17.69033,223.8,18.1288,78.7234,2.11,307.0,19.7985,11.1465,8.48117,9.46894,1.23516,4.10122,6.2676,18.14142,18.14142,76.63158,3.90349,33.580124
ARW,9.49893,3.69152,49.63771,1.54229,5.68,2.20238,4.03574,1091.336,4.58058,9.23077,6.29,3144.322,0.94559,5.02767,2.1941,2.40139,1.08847,4.27928,8.39755,12.21967,12.11771,38.45432,2.55665,62.48093
AJG,6.38985,3.12664,20.16834,0.95759,2.32,7.95381,9.8577,957.3,17.11053,12.62136,2.9,1583.7,9.84776,16.1435,7.40688,9.20362,0.94059,3.39402,6.01125,11.45558,12.11874,43.79151,2.97524,77.90908
APAM,-0.53115,12.03468,3.11725,2.62995,1.57,23.99928,-17.177,243.006,33.71062,-15.5914,1.63,336.944,29.31553,-10.72236,10.13097,8.62373,2.46054,15.78413,46.89093,55.94154,147.69684,62.88861,0.82087,169.45903
ASH,-6.9719,5.33477,53.98387,2.35691,0.03,0.06063,12.37745,917.0,18.53274,-98.92086,4.11,890.0,12.43179,86.20668,-0.5861,5.23302,1.73684,3.69415,5.5408,0.06266,0.09674,50.61632,3.53762,102.49605
ASB,0.0,78.79622,19.27007,0.89421,1.26,17.49957,4.05987,497.761,43.49343,5.88235,1.27,990.156,-17.04993,6.35844,17.49957,16.50893,0.88852,0.96278,4.08613,6.96939,6.64418,55.48958,7.74233,124.66649
AIZ,11.18446,0.71593,73.25754,2.21679,9.13,7.68611,106.61949,952.801,12.95363,345.36584,8.4,1326.6,-13.29042,299.3854,7.68611,6.99605,2.21679,1.73144,9.52604,13.11403,13.11403,20.65818,1.11988,26.03694
AGO,14.58797,1.50597,50.81726,35.14706,6.56,60.71675,-33.15985,899.0,61.95727,-7.34463,4.46,1074.0,29.57443,-16.57197,60.71675,40.88077,35.14706,3.91619,7.40625,14.02085,14.02085,16.72215,1.45273,20.07995
AUB,0.0,35.914692,22.95471,0.93271,1.77,21.17832,4.96058,179.851,49.16286,18.79195,1.77,314.932,-25.24592,15.49964,21.17832,21.18424,0.92602,1.2103,5.32095,7.76158,7.76158,49.72521,5.50505,98.90683
ATO,2.34635,13.01995,33.32075,0.3812,3.38,10.45103,6.06086,961.114,28.69041,9.38511,3.38,1169.864,-13.31979,11.11767,10.45103,10.44527,0.19434,4.37097,6.50341,10.51702,10.51702,48.55556,3.40084,94.38447
ALV,9.64981,5.37588,41.67743,1.59413,6.42,5.57497,5.06653,1271.2,12.61912,24.17795,6.76,1628.0,3.82212,24.14624,5.62957,5.91876,1.24068,7.04478,10.59712,15.90119,15.18967,28.21675,1.21413,39.30827
AZO,16.0599,39.71856,-61.38945,0.9039,40.7,11.66834,6.06495,2357.792,22.16871,12.96142,41.52,5608.736,7.2081,6.96114,11.66834,11.66819,0.10335,15.42015,40.65166,397.48428,397.48428,154.43394,2.15091,397.48428
AVB,0.0,84.65875,74.06497,1.01625,7.52,49.46182,0.0,0.0,0.0,36.47913,7.35,1368.187,43.33101,39.34623,49.47589,48.15616,1.01625,2.92664,3.03169,10.33385,10.32175,40.98176,84.65875,69.49217
AVNS,-15.39831,7.67744,23.64408,1.82953,0.85,2.49953,-5.37489,209.5,13.15707,30.171349,1.39,297.2,12.32808,30.171349,2.49953,4.06795,0.9365,4.42964,5.44134,3.68894,3.68894,34.43354,2.76372,52.51701
AVY,3.76283,6.19271,10.48025,0.95036,3.54,5.26904,7.83634,777.5,12.77417,20.0,4.08,1699.7,5.7453,16.91579,5.26904,5.97269,0.6278,8.82463,17.74266,33.91498,33.91498,58.27322,1.66238,139.65424
AVNT,4.81268,9.39862,8.77361,1.86323,1.95,4.94042,0.95425,412.6,12.35403,19.6319,2.11,678.6,4.54181,14.2462,4.9464,5.30059,1.15856,7.33538,10.17116,23.12268,23.06563,63.42877,3.04969,173.43901
AXTA,-1.05068,6.3644,4.72391,2.08764,0.17,1.16171,4.74308,821.5,20.0493,-56.41026,0.97,1563.9,14.45398,-55.38954,1.02016,5.63667,1.457,5.99219,7.70661,3.78315,3.96865,72.18622,3.9731,259.53403
BWXT,-11.33272,10.72037,1.51089,1.57674,1.76,11.84156,33.91737,306.873,19.79094,34.35115,1.72,464.234,10.79757,39.24391,11.80577,11.36688,0.69897,10.68345,25.21145,88.06448,85.39199,77.73366,1.71111,53.898808
BXP,0.0,88.55873,36.32418,0.52947,3.26,22.19194,0.0,0.0,0.0,-12.36559,2.88,1637.072,31.6612,-12.05973,19.96518,17.2364,0.52947,2.83151,3.02658,9.24293,7.2063,55.25779,88.55873,123.50261
BALL,53.60127,9.47853,9.82186,1.23038,0.815,2.93566,25.66796,1364.0,15.05353,-18.09045,1.59,1849.0,-1.23524,-6.37238,2.90255,5.55459,0.70327,4.38825,6.51989,11.22421,11.07803,68.02131,5.52199,212.70827
BAC,0.0,5358.206,24.03551,0.84808,1.5,19.11768,5.70069,42646.0,45.53181,14.50382,1.65,80104.0,81.52092,12.70141,19.11768,18.11711,0.83466,1.16588,3.67785,7.53062,6.84683,60.63715,9.63884,154.04662
BOH,0.0,58.69286,27.2431,0.68254,4.23,27.79125,5.29879,355.892,54.50583,14.32432,4.22,606.1,24.65041,12.91629,27.79125,27.56101,0.67756,1.34213,10.82576,15.93303,15.93303,40.81247,2.25049,68.9545
BK,0.0,1104.1539,33.67008,0.72674,3.15,22.63621,4.36456,8680.0,55.37833,16.23616,3.19,15248.0,1104.1539,12.31792,22.62983,21.70124,0.72125,1.23376,5.94863,10.02629,9.03316,47.07566,4.05599,89.28961
BKU,0.0,88.914474,23.21684,0.80312,2.09,19.36637,21.0241,626.877,53.77992,-11.06383,2.11,925.891,14.55033,-10.29921,19.36637,18.63393,0.80106,1.3775,4.84551,9.68362,9.68362,69.99686,9.00042,233.29845
BBWI,3.57143,47.38402,-0.8931,2.21653,4.22,10.30936,10.79046,2649.0,21.79529,20.57143,4.07,5812.0,9.22536,20.24952,10.30936,9.74469,1.49813,17.08549,26.73953,418.4176,418.4176,104.72268,2.15968,418.4176
BAX,0.0,357.52963,15.36309,2.39577,9.01,48.86353,32.01342,1967.0,19.35452,1151.3889,1.77,4306.0,11.11507,412.9132,48.85369,9.5092,1.63703,4.17568,5.76625,57.95985,57.92943,25.14916,1.41434,33.59903
BDX,15.72104,6.84,35.78679,1.44705,4.49,7.81863,36.02564,3183.0,25.49868,34.02985,6.53,5991.0,15.66831,40.43166,7.81863,11.12669,0.80136,5.08768,6.80687,13.19186,13.19186,60.21164,3.62897,151.32974
BHE,-8.02438,5.02356,27.68022,3.71419,1.29,2.7721,-8.90851,142.56,6.17032,-29.5082,1.3,214.685,9.99204,-32.86548,2.7721,2.77385,2.72144,2.8316,3.5033,4.76652,4.76652,14.07376,1.5688,16.37889
BERY,0.0,0.0,0.0,0.0,0.0,0.0,0.0,0.0,0.0,0.0,0.0,123.0,0.0,0.0,0.0,0.0,0.0,0.0,0.0,0.0,0.0,0.0,0.0,0.0
BBY,-9.21875,32.37346,13.52157,1.42758,2.3,2.04159,2.41592,2162.0,5.46954,-34.84419,2.62,9194.0,2.61492,-27.25061,2.26928,2.29668,0.6683,6.53779,14.7746,17.21967,17.21049,28.37042,0.80204,39.60713
BIO,-4.88831,5.41525,87.45846,3.91351,0.95,1.3599,-11.61879,270.496,13.07899,-75.32468,2.6,1140.528,5.01591,-75.13109,1.3599,3.70105,2.58072,2.1092,2.68165,1.10788,1.10788,14.38199,1.60638,16.79785
BKH,78.51796,7.65857,30.24688,0.88423,1.37,5.25317,29.78865,564.286,35.87383,75.48437,3.23,613.181,-8.14209,75.48437,4.63898,10.66185,0.52875,4.19887,5.54601,4.73753,5.16396,65.641,5.87208,191.51881
BLK,5.05141,4.86375,178.38292,2.58492,19.04,28.41775,-0.7744,4869.0,43.64859,-3.78979,19.22,6018.0,29.71425,-5.1719,28.43568,28.3305,2.41481,1.30377,8.51128,11.0137,10.8584,14.3466,1.00945,16.86106
BA,0.56643,11.61235,1.32382,1.24642,7.61,5.17601,-3.91378,8470.0,8.95623,2.28495,8.06,14470.0,8.16384,-5.4289,5.17601,5.41617,0.38475,4.63111,31.40861,136.8848,134.58894,91.90138,1.17497,1017.27057
BAH,4.08009,6.1794,2.7602,1.26583,1.94,5.4404,-3.32384,506.12,9.36264,27.63158,1.62,1312.629,3.34609,26.45452,5.4404,4.39016,1.14885,9.43889,14.55331,98.85745,98.85745,79.63414,3.15589,96.56445
BWA,1.66702,6.32765,15.16185,1.39191,0.55,1.76607,10.24756,1500.8,16.54503,-79.62963,3.21,1928.7,7.095,-80.56421,1.30636,7.58616,1.0197,7.8453,11.83335,3.49971,4.62111,40.19814,1.47888,67.21887
BSX,15.45098,6.10557,4.94308,0.90298,0.25,4.13785,0.0,2286.0,27.25972,385.78125,0.77,5939.0,33.149,385.78125,4.13785,12.46544,0.53276,5.09261,7.61956,5.31679,5.31679,44.88827,2.39895,81.44958
BRC,-6.38748,7.35514,11.96191,2.44366,1.58,7.14869,12.04046,150.309,13.41296,1480.0,1.59,558.773,11.2081,2581.955,7.14869,7.17102,1.73074,6.9937,8.86623,13.44933,13.44933,26.43606,1.44309,35.93617
BDN,2.00471,3.14443,10.71105,0.81984,0.19,7.86128,0.0,0.0,0.0,26.531515,0.57,307.373,32.27638,26.531515,7.80111,19.36356,0.81984,0.7072,0.7433,2.11521,2.11189,51.66397,26.531515,106.88502
BFH,21.28873,0.48124,28.8885,2.12247,7.34,7.01374,11.03822,2019.3,27.36253,-17.06215,10.06,5769.1,-20.85658,-21.61606,5.85788,7.98824,2.06694,3.93025,4.48975,23.56995,26.98921,92.66507,10.37424,348.79968
BCO,4.02962,6.44945,6.742,1.11926,0.72,1.53943,11.28244,295.9,9.79607,54.618996,1.96,628.9,2.74242,54.618996,1.14216,3.24439,1.00372,5.23595,13.2368,11.05344,13.56872,55.53885,1.4978,124.91545
BMY,28.019,5.78013,9.67524,1.55005,2.65,23.19967,87.9986,5373.0,27.65738,184.94624,2.61,14479.0,5.09729,184.79233,22.9423,22.44974,1.27429,9.06539,13.4345,29.28095,29.29382,29.09564,1.24847,41.03505
BRX,1.28089,7.3932,9.60391,0.50388,0.91,21.78446,0.0,0.0,0.0,40.0,0.92,968.333,43.61062,42.28164,21.58756,21.73206,0.47039,3.15188,3.35838,9.51645,9.51326,66.60799,64.0014,199.47282
BR,2.00225,6.45283,8.8377,1.86017,2.53,10.61443,5.9576,579.8,20.01381,9.05172,2.6,921.1,14.61426,7.10554,10.61443,10.61719,1.70447,11.79996,16.8037,31.16607,31.16607,49.44391,1.76354,97.8001
BKD,-1.62996,34.83353,10.9341,0.84731,-2.18,-8.13015,-2.88402,801.908,16.11234,118.90676,-1.91,1439.981,1.64386,118.90676,-8.12535,-7.12475,0.53473,1.82642,2.06819,-17.82714,-17.83929,74.4213,7.53848,290.9503
BN,9.98399,9.10751,22.41978,2.11193,2.95,8.32574,-1.90612,4045.637,17.47175,28.26087,3.15,11823.076,1.69645,30.37229,7.83813,8.38595,1.89558,4.96053,6.65332,13.1893,13.63341,60.34463,5.36176,155.80566
BRO,24.62408,3.37653,8.42307,1.21837,0.91,14.57527,5.76158,491.877,27.84269,7.05882,0.94,837.57,22.40904,5.82489,14.57527,14.48755,0.95277,5.71445,8.73689,11.4187,11.4187,31.271,2.18321,45.49898
BFb,11.79368,5.63241,9.13542,1.69394,1.1625,7.27861,-3.14714,10859.062,17.60379,-1.06383,1.27,19009.816,-1.32097,-1.14545,6.9382,7.56392,0.90677,5.05379,7.7697,12.75021,13.08611,33.5157,1.59538,50.41145
BC,4.82291,11.00932,16.12347,1.74992,2.98,6.1134,13.25442,583.6,13.00212,23.65145,3.13,1232.4,7.64175,14.33306,6.14905,6.35972,0.91896,9.315,16.59954,20.16609,20.16609,23.50066,0.75805,30.72009
BG,4.29372,26.0,46.2649,1.44352,5.07,1.81822,-7.49168,1667.0,3.9059,4.75207,4.15,2408.0,1.28283,-5.81542,1.74559,1.35982,0.46499,3.7692,5.92691,12.35559,11.06043,39.48908,2.87463,65.25943
CBL,5.64327,10.57418,7.19402,0.17612,0.75,17.0425,0.0,0.0,0.0,120.58824,0.77,746.801,29.79291,67.2442,15.06841,11.4604,0.17612,3.74971,3.94565,13.75554,14.04789,76.6687,52.06586,52.06586
CBRE,5.4157,5.14899,8.93767,1.13193,1.69,4.46819,11.57261,1370.751,10.48649,3.68098,2.13,3985.297,9.48108,4.54022,4.3757,5.46555,1.05154,5.75652,8.89052,19.97413,20.08364,55.60215,2.7932,125.23612
CF,7.99239,16.85727,14.36207,3.87026,-1.19,-4.28765,-38.38372,1072.0,29.09091,91.0928,0.3,843.0,-71.70014,91.0928,-7.51696,1.89769,2.04811,2.05419,2.57305,-7.50352,-2.90463,47.09047,5.38993,89.00185
CMS,0.0,0.0,0.0,0.0,0.0,0.0,0.0,0.0,0.0,0.0,0.0,0.0,0.0,0.0,0.0,0.0,0.0,0.0,0.0,0.0,0.0,0.0,0.0,0.0
CNA,0.0971,1.28042,44.24834,204.11497,3.17,9.30157,78.44828,1242.0,13.44884,79.09605,3.23,2848.0,6.00704,79.33194,9.30157,9.45741,204.11497,1.3205,5.02207,7.24131,7.24131,18.46175,2.18197,22.64183
CNH,-1.51167,1.21798,3.26373,1.82904,-0.18,-1.05201,-3.60924,2003.0,8.46255,304.0347,0.34,4286.0,-4.73985,304.0347,-1.06468,1.95648,1.49539,1.0036,1.51852,-5.45101,-5.33591,84.96706,12.61907,304.0347
CNO,-7.25254,0.65394,25.82329,121.12546,2.01,8.98848,-6.25793,738.5,18.53153,44.60432,2.01,1594.6,23.06184,32.32361,8.98848,8.90925,121.12546,0.91818,3.41128,8.3057,8.3057,48.48565,5.71848,94.12066
CNX,9.83203,8.919,16.55485,0.6661,-2.38,-28.56583,22.778965,117.646,6.27029,22.778965,-2.38,303.361,18.88288,22.778965,-45.20209,-29.09754,0.49728,-2.98834,-3.93433,-12.82099,-12.18564,41.31179,23.5798,70.39198
CDP,0.80684,3.11523,13.7114,3.06944,-0.03,2.69401,0.0,0.0,0.0,21.461664,0.02,332.069,25.61353,-93.58441,1.96849,0.32525,2.89495,1.06694,1.12989,0.84859,0.96237,54.40982,21.461664,121.06525
CRH,0.16641,7.948,17.61219,1.59274,1.57,4.68566,29.6192,3292.224,11.51122,63.54167,1.67,8680.46,4.87735,66.83126,4.58604,4.83363,0.99457,3.93989,5.56829,9.11069,8.94963,35.03801,2.4968,53.93616
CVI,58.5595,38.61445,9.88242,2.32462,0.28,0.1861,-48.58524,287.1,6.00326,-85.64103,0.32,374.0,4.43371,-85.43632,0.51648,0.5808,1.58685,1.59734,2.28235,2.68158,0.53775,40.5191,4.05643,68.1212
CVS,2.32167,14.76185,34.71254,1.18255,4.91,2.99674,9.53947,12987.0,7.31555,6.27706,5.43,28860.0,5.05285,1.52759,2.99505,3.28199,0.59512,6.98494,10.18044,14.36793,14.36363,42.77325,2.11989,74.74344
CABO,-5.83103,27.48621,79.62702,1.67295,17.14,12.07125,10.8249,335.109,40.88565,12.83739,17.3,522.771,13.82921,11.12621,12.07125,12.12398,1.57557,8.59476,12.20406,22.23706,22.23706,54.16605,1.60287,118.17888
CBT,-4.40252,5.16827,20.47869,2.73618,2.34,6.76068,-1.0661,464.0,19.24513,59.070023,3.09,608.0,11.40606,59.070023,6.18001,7.99735,1.64824,6.18974,8.08949,11.80223,11.79877,39.8451,1.99569,66.23748
CADE,0.0,58.543262,18.39849,0.90615,1.41,17.4136,-0.54034,345.131,45.28036,6.01504,1.48,724.353,15.96167,4.10774,17.4136,18.29474,0.89187,1.38426,7.85092,7.85529,7.85529,38.71233,3.15501,63.16496
CWT,1.53585,11.05674,13.749,0.56775,1.01,7.98776,4.79747,164.597,27.01101,7.44681,1.02,300.821,-15.92817,8.12582,7.98776,8.02666,0.51519,2.71043,5.03142,7.47911,7.47911,49.83195,3.97974,99.33007
CPT,30.30303,58.72618,30.82125,0.72753,4.79,51.01553,0.0,0.0,0.0,73.55073,4.81,552.31,41.07915,228.8302,91.84272,48.27039,0.72753,2.58208,2.78323,14.9871,15.20875,44.48575,59.912395,80.13392
CCJ,-0.20519,10.27574,13.28566,4.35122,-0.11912,-2.46273,-55.29608,188.40697,10.40847,40.088757,-0.20845,673.58215,-6.08019,40.088757,-2.53397,-4.55794,1.22388,-1.022,-1.2632,-1.14038,-1.10848,22.11729,5.9008,28.39819
COF,6.39104,0.11856,98.94236,1.14528,6.93,13.71158,-4.34893,7522.0,27.3577,-1.0,7.31,19042.0,36.94535,-7.38272,13.64248,13.4236,1.14059,1.16231,3.74697,7.95375,7.95375,55.99496,8.03776,127.24671
CPRI,-15.27686,14.03833,11.3108,3.83421,4.44,17.77764,-2.6586,1358.3,28.82579,3.73832,4.49,2797.2,16.4004,-4.75845,17.80735,17.75123,2.33938,27.93232,34.6207,39.61135,39.50982,0.1149,0.00169,0.11503
CAH,13.07786,17.34884,20.35404,1.11446,4.32,1.17733,20.45113,3204.0,2.63604,19.66759,4.55,6543.0,1.22546,17.44856,1.17404,1.2241,0.50277,5.0028,13.4098,22.27947,22.11063,45.30138,1.72878,84.29463
CSL,1.81095,7.2486,38.39115,2.63914,3.83,6.82375,14.15888,732.9,19.94069,-20.53942,5.97,1088.4,10.7019,-21.73913,6.80742,10.43231,1.74664,9.39248,12.07727,10.41896,10.41896,19.4692,0.81375,24.17609
KMX,-4.00828,117.33604,14.91837,2.45901,3.03,3.93772,8.64824,1175.461,7.42449,10.98901,3.05,2410.796,4.23681,4.36422,3.93772,3.916,0.51074,4.73478,5.07412,20.56985,20.56985,78.58241,9.06694,169.98282
CCL,0.0,529.85736,31.12534,0.23883,3.72,16.9565,14.41142,4811.0,29.35506,64.60177,3.73,7006.0,5.24132,58.16733,16.9565,16.95558,0.1274,4.91378,5.94538,11.98672,11.98672,29.49674,1.96508,41.83741
CRS,-16.60638,6.50314,23.7103,3.38253,0.23,0.62314,-12.98508,233.2,12.85982,-79.27928,1.18,278.4,7.37289,-80.74957,0.62314,3.12992,1.12316,2.49772,3.90154,0.92974,0.92974,35.61939,2.62136,55.32627
CAT,0.0,680.881,22.39951,1.22329,-0.11,-0.1531,-35.70873,5783.0,15.00636,680.881,2.27,8135.0,8.46784,680.881,-0.17386,3.44179,0.83771,2.24378,3.33822,-0.4795,-0.41996,73.57189,6.36054,278.38492
CE,13.45609,7.15196,18.39898,2.29527,6.19,16.84914,10.0276,1196.0,22.19336,207.9602,6.35,1405.0,8.84673,196.05263,16.70069,17.07395,1.57103,6.69155,9.5764,36.32702,31.04274,49.89219,2.51505,99.56968
COR,11.5886,16.88041,9.67687,0.9039,6.32,0.97238,33.6789,2067.907,1.40818,309.46335,6.78,4138.848,0.6509,309.46335,0.97238,0.97975,0.47244,3.42648,19.59135,103.36361,103.36361,67.789,2.16712,210.45293
CNC,142.22049,18.46562,17.1447,0.97008,1.705,1.38078,92.8744,1597.0,3.9518,17.99308,1.985,7057.0,8.82999,58.30986,1.39068,1.56757,0.87359,6.1238,11.83001,13.88475,13.3206,43.46811,2.91484,78.77814
CNP,23.27982,7.73292,8.03375,0.94903,1.0,5.73858,9.56385,2085.0,27.6966,230.90678,1.17,2533.0,7.17654,230.90678,5.73858,6.69247,0.76916,2.77726,4.92765,12.48375,12.48375,71.29107,4.12086,248.3237
SCHW,3.43379,0.22992,10.23298,1.08989,1.31,24.76403,32.14709,3342.0,43.81227,27.18447,1.31,7225.0,4.531,30.54596,24.76403,22.73781,0.33198,0.95431,10.91629,14.76877,12.66808,14.90387,0.86056,17.51416
LNG,0.0,12.29664,-5.86832,2.07893,-2.67,-51.80877,40.676567,216.656,16.88447,40.676567,-1.81,482.0,40.676567,40.676567,-47.53793,-32.26938,1.81454,0.12468,0.12948,40.676567,-55.40406,96.31853,101.24344,40.676567
CVX,9.58009,7.66622,76.9524,0.93186,-0.27,-0.41719,-24.63801,13324.0,12.89711,2925.1807,-0.24,50894.0,-0.98611,2925.1807,-0.48108,-0.43507,0.66362,-1.45696,-1.98955,-0.33325,-0.28675,23.91832,3.46187,31.43769
CMG,5.66309,99.17911,0.97348,1.85375,0.0154,0.58749,-77.4225,204.812,5.24569,-94.90066,0.0212,1140.167,0.94395,-95.17706,0.58749,0.79452,1.64403,1.53762,2.06927,1.29943,1.29943,0.0,0.0,0.0
CHH,20.12714,9.40211,-5.53018,1.30798,2.46,15.07299,6.65423,248.098,26.83182,10.81081,2.5,348.144,16.69124,8.85893,15.07299,15.1064,1.20602,19.17023,31.75462,45.521683,45.521683,158.82779,3.38819,45.521683
CB,32.47468,1.48456,103.60131,1.93299,8.87,13.18937,0.0,0.0,0.0,2.90023,9.56,9005.0,7.93356,45.90685,13.18937,14.10383,1.93299,2.65829,6.74019,10.68337,10.68337,23.4896,406.39288,30.70119
CHD,3.91021,12.40447,7.78814,0.75537,1.75,13.14019,6.84756,834.8,23.89854,14.00652,1.8,1595.5,16.56659,11.84211,13.14019,13.27417,0.4739,10.58385,14.30977,22.94369,22.94369,38.09583,1.45807,61.54002
CIEN,1.63214,4.52024,5.48295,2.25729,0.51,2.79108,12.78261,297.913,11.45567,410.0,0.58,1161.576,4.86765,522.1308,2.79108,3.08474,1.83575,3.74082,5.25652,10.46469,10.46469,62.7177,4.32733,168.22382
CI,-8.10007,2.998,53.42412,1.96519,7.19,4.64606,-3.69515,4170.0,10.51225,-10.57214,8.3,13029.0,8.9748,-10.8405,4.70656,5.34307,1.96519,3.82145,12.32721,14.49647,14.23276,26.74178,1.20672,36.65768
C,1.90964,0.11165,74.25609,1.18892,4.74,18.20725,-7.23236,33093.0,40.08066,-12.54613,4.9,64048.0,47.72455,-13.51351,18.0607,17.13985,1.01921,1.0421,2.81397,7.28457,6.69271,66.23093,13.40259,196.129
CFG,0.0,341.9374,38.08929,0.97448,1.97,18.13292,12.85714,2607.0,45.23686,27.09677,1.97,4886.0,7.5026,24.40476,18.13292,17.84705,0.96858,1.13258,4.66469,5.37289,5.30551,46.47929,6.57806,86.84357
CLH,2.00635,5.22635,18.92284,2.16553,-0.69,-1.44718,-17.31654,426.454,15.478,67.6267,-0.07,822.369,1.98319,67.6267,-1.44718,-0.14617,1.6633,2.2717,3.10976,-3.6572,-3.6572,60.10172,3.82989,150.63736
CCO,-14.98216,4.18764,-2.98823,2.09038,0.39,6.08471,-5.33509,647.241,23.95064,108.96857,-0.2,1261.503,6.45556,108.96857,5.23354,-2.66648,1.78435,3.13759,4.31753,108.96857,108.96857,122.29309,7.90585,108.96857
CWENa,0.0,0.0,0.0,0.0,0.0,0.0,0.0,0.0,0.0,0.0,0.0,0.0,0.0,0.0,0.0,0.0,0.0,0.0,0.0,0.0,0.0,0.0,0.0,0.0
CLF,220.14925,25.07993,-6.28255,2.10841,0.97,10.34939,48.88633,387.7,18.30501,53.96825,0.49,280.1,5.26794,67.067444,8.22002,4.57285,1.28024,8.38486,18.27713,67.067444,67.067444,247.76765,5.75419,67.067444
CLX,9.63391,10.59007,2.29601,0.95315,4.92,11.24805,4.44825,1221.0,21.19424,7.65864,5.0,2598.0,10.95296,11.72414,11.24805,11.23694,0.62259,15.20387,26.71524,194.05847,194.05847,88.67709,1.905,194.05847
KO,-2.15681,10.73823,5.37827,1.28185,1.49,15.64628,-3.61347,11710.0,27.9722,-10.77844,1.88,25398.0,15.82722,-11.20936,15.59133,19.38695,0.9821,7.02937,8.97549,26.85124,26.74343,66.31316,3.90342,196.85185
CDE,-40.3233,46.64427,4.24736,3.52202,0.34,8.3139,27.146435,200.401,30.10032,27.146435,0.18,222.111,3.53373,27.146435,8.3139,4.3218,1.90865,3.2579,4.5673,9.30315,9.30315,21.53356,1.05237,27.44302
CNS,-5.51882,7.10192,5.79242,5.45712,2.0,26.52654,6.30586,139.755,39.94415,41.84397,2.02,182.746,33.19958,43.97298,26.56255,26.52969,4.51722,26.50634,33.22801,37.35445,36.412,0.0,0.0,0.0
CL,-1.12123,10.70825,-0.27516,1.31256,2.72,17.01876,-0.63134,4407.0,29.00296,78.94737,2.83,9169.0,18.25354,76.37283,16.0645,16.60937,0.84629,20.57639,37.89095,666.8737,666.8737,99.74046,1.48241,666.8737
CMA,0.0,187.13524,44.46878,0.93425,2.68,16.11487,4.23049,1429.0,48.27703,-5.6338,3.09,2600.0,3.83446,-8.4453,16.11487,17.95541,0.93389,1.12872,6.92151,6.21256,6.21256,39.94299,3.62841,66.50847
CMC,-14.97137,5.53351,11.92707,2.49431,0.62,1.57342,-23.12706,325.869,7.06794,-54.74453,0.69,574.206,7.54784,-61.33556,1.18776,1.72422,1.58933,3.82369,4.86831,5.40061,5.39999,43.93139,3.28789,78.35291
CBU,0.0,41.956726,26.96177,0.70333,2.32,23.60104,12.98818,238.77,54.28293,5.93607,2.35,421.445,46.60175,13.79152,23.60104,23.53996,0.70273,1.58527,9.12767,8.87757,8.87757,17.17077,1.04021,20.73032
CYH,-12.08159,5.13165,14.18197,1.61621,-15.41,-8.73739,-16.05699,2180.0,11.82341,426.0167,-3.51,6803.0,3.27788,426.0167,-9.33398,-2.10796,1.24697,2.76611,3.43923,-60.56088,-46.30641,86.97935,6.99266,426.0167
CMP,117.11773,4.85599,21.22288,1.92204,4.79,14.29701,-6.53987,280.1,24.61336,2.1322,3.4,307.9,-8.55009,2.19849,14.29701,10.09125,1.0707,5.79309,6.95993,23.9829,23.9829,64.88419,4.73045,184.772
CRK,0.0,0.0,0.0,0.0,0.0,0.0,0.0,0.0,0.0,0.0,0.0,107.253,0.0,0.0,0.0,0.0,0.0,0.0,0.0,0.0,0.0,0.0,0.0,0.0
CAG,-14.00966,12.86864,8.47728,1.41238,1.09,4.26011,-24.78716,1616.7,13.88572,197.87202,1.63,2478.2,8.43379,197.87202,-5.8147,6.08158,0.65989,5.02218,7.11388,11.76999,11.80278,59.29549,3.41931,145.67303
COP,-24.68707,6.2655,28.2671,1.24606,-2.91,-15.02131,6.12161,5166.0,21.80391,607.70825,-2.88,8108.0,7.49852,607.70825,-15.25767,-15.13893,1.02388,-3.22887,-4.74353,-9.67405,-9.45185,43.6393,5.27971,77.4286
ED,9.98584,8.14503,46.87869,0.88629,4.12,10.31056,3.50926,3687.0,30.53416,1.7284,3.92,5923.0,0.80021,4.35876,10.31056,9.75212,0.67734,3.28951,5.37464,9.10421,9.09855,52.52539,4.29292,110.63889
STZ,22.30756,9.83686,32.88729,1.31039,5.18,16.19632,15.16231,2036.3,31.09615,24.22062,5.53,2960.7,4.87047,25.68807,16.10928,16.61483,0.41372,7.06683,8.10335,17.1107,16.87094,54.7025,3.96857,120.76273
CPS,-1.18033,6.26005,39.41891,1.70698,7.42,4.04386,15.2735,413.999,11.92088,22.03947,10.72,664.776,6.44042,24.22953,4.00208,5.38949,1.3585,7.59329,12.65626,21.3698,21.01452,51.38505,1.8428,105.69805
CPA,22.53181,22.8869,43.81144,1.19028,7.9,15.05701,8.7075,435.891,19.61839,68.00589,7.53,718.947,5.82288,68.00589,15.05701,14.35542,1.04134,4.6721,5.97318,19.50869,19.50869,39.12671,2.71658,64.27567
CLB,-21.5253,4.57461,3.4281,1.7925,1.46,10.73728,-47.61201,112.707,18.9506,-45.52239,1.47,152.729,19.14689,-44.36511,10.74333,10.74655,1.30278,8.95376,13.73242,104.49751,97.05163,58.22935,1.9208,139.40256
GLW,7.94461,6.58255,16.83909,3.28899,3.23,39.35037,8.30101,2792.0,29.73376,223.0,0.96,3763.0,12.31496,175.9522,39.35037,10.42812,2.46165,3.53657,4.4158,23.03544,20.06898,17.84832,1.39756,21.72606
CTRA,57.82004,7.61863,5.52008,2.77676,-0.91,-36.09348,-94.38673,29.563,2.55807,28.71067,-0.9,646.604,-15.59468,28.71067,-36.09348,-35.57761,2.71471,-6.74764,-8.62685,-18.22754,-18.22754,37.19317,51.43355,59.21835
COTY,0.48558,6.384,1.06853,1.04485,0.44,4.12039,4.40422,772.8,17.76919,-31.25,0.81,2624.6,12.20138,-32.51613,3.60764,6.43478,0.56883,5.16518,8.15541,23.59399,23.71311,90.43274,5.38665,154.32263
CUZ,0.0,14.013665,24.89657,0.19575,0.96,22.58973,0.0,0.0,0.0,-58.62069,1.4,172.865,20.8087,-36.97398,29.32428,32.94001,0.19575,0.74152,0.79678,2.90148,2.90357,35.4522,14.013665,54.92395
BAP,0.0,266.00653,74.24942,1.11397,13.25,23.07392,6.00734,2402.14,51.14852,14.32269,13.28,3157.0657,-10.90783,14.37593,22.46415,22.47171,1.11397,3.05338,8.3496,19.69913,19.65216,65.71713,4.81879,191.6909
CCI,27.97245,9.98875,20.96072,1.37801,0.95,9.10361,3.75823,2129.04,54.29528,-34.02778,1.09,2480.0,20.26176,-76.53025,9.10361,9.46083,1.17842,2.79885,3.20325,4.8746,4.87457,61.69396,5.71673,161.0554
CCK,-6.85484,11.52958,2.61728,0.98101,3.56,7.03766,5.20916,1333.0,16.09126,26.24114,3.88,1661.0,5.09718,26.20865,5.98745,6.48823,0.49171,6.91931,11.77159,194.5098,105.7117,88.02653,3.68417,153.0082
CFR,0.0,88.13001,45.02697,0.59601,4.7,26.9778,5.31633,529.956,46.98941,9.81308,4.62,1074.371,115.58226,8.92607,26.9778,25.55169,0.59592,1.02483,7.31154,10.8589,10.32641,28.77641,2.28908,40.40292
CMI,0.0,302.03995,41.04478,1.78197,8.23,8.31572,-12.40904,2287.0,13.06185,4.97449,8.12,4458.0,6.76866,-0.3574,7.96162,7.83933,1.06289,7.30221,11.95098,19.52244,19.5122,20.55371,0.81154,25.8712
DKS,-23.53535,102.63419,16.01034,1.52113,2.83,4.54398,0.27439,723.576,9.95158,-0.35211,2.91,2182.887,2.71642,-4.01135,4.54398,4.61176,0.15588,9.70398,18.68154,18.24653,18.24653,0.3294,0.00817,0.33049
DNOW,-27.01031,5.02265,11.00721,2.76369,-2.18,-11.10584,4.9912057,-169.0,-8.02088,4.9912057,-1.39,345.0,15.20527,4.9912057,-11.10584,-7.05885,1.32565,-8.0786,-10.05799,-18.09745,-18.09745,5.20833,4.9912057,5.49451
DHI,-27.03252,286.0376,18.21422,5.87253,2.36,7.28212,20.05836,1398.8,11.49299,16.25616,2.4,2488.7,2.25302,18.06314,7.28212,7.31581,0.79413,7.41967,8.5225,13.972,13.97024,32.504,2.33865,48.15693
DTE,19.279,7.59828,50.2193,1.13336,4.83,7.84572,10.6267,2436.0,22.91628,19.25926,4.89,2845.0,-0.98542,19.39477,8.16557,8.23434,0.70004,3.00273,4.57588,9.76213,9.11774,55.36394,4.83662,124.03411
DXC,-23.95976,3.69143,14.63351,1.30828,0.5,1.01323,-31.49002,892.0,12.55277,233.33333,1.13,1921.0,4.22706,140.7061,3.53223,2.19894,1.15376,1.63071,2.84146,2.4262,2.89099,56.54406,2.96413,130.1181
DVA,11.19771,8.0983,23.89078,1.4761,4.29,7.00627,1.20576,2552.566,17.31128,243.2,3.9,3264.208,6.15882,226.20305,5.96723,5.3333,1.33623,6.14769,7.63109,18.48703,17.55265,61.01201,3.56989,187.8939
DAN,7.13224,8.35868,8.03818,1.82283,4.36,11.20838,-0.97087,612.0,10.50463,349.48453,1.86,835.0,2.90294,302.51572,10.98524,4.66117,1.2514,5.8513,10.1186,67.90451,63.00048,57.26084,2.71895,133.97746
DHR,-19.62615,4.72222,33.23144,0.96961,3.08,12.7553,-14.8716,4097.4,24.27025,-16.07629,3.48,9360.0,16.0366,-23.93817,15.1264,14.24783,0.6037,3.96891,5.15645,9.22363,9.19455,34.71134,2.99434,53.16595
DRI,-6.06061,154.76562,15.46555,0.69101,2.78,5.18786,21.14643,910.9,13.13767,84.10596,3.32,1541.1,6.11271,-47.14588,5.40852,6.10035,0.2854,7.31401,11.99307,16.78684,16.78684,22.53968,0.62356,29.09836
DAR,4.57872,8.94489,11.98565,1.97698,0.62,3.1554,4.37903,439.276,12.92705,29.16667,0.59,756.595,3.84343,30.28358,3.01088,2.85788,1.13031,1.96793,2.40551,5.32367,5.29393,45.75039,3.98598,84.33313
DECK,11.91363,12.36697,5.03576,3.29464,0.61667,6.52012,-10.68494,241.34,12.87011,-20.60086,0.74667,848.517,2.01226,-24.42515,6.52012,7.7779,1.80113,9.76899,11.70486,12.83971,12.83971,9.37694,0.41479,10.34718
DE,-2.61541,0.80596,20.71367,2.11801,4.81,5.85057,-7.87731,3964.5,15.24456,-16.63778,4.85,6153.9,3.58129,-21.44845,5.8598,5.87834,1.94362,2.59286,3.50228,22.97903,22.87557,84.49805,8.99846,447.25757
DK,14.12017,16.82862,16.01001,1.49091,-3.88,-5.23357,-81.33718,38.8,0.92427,10.159732,-1.68,138.0,3.98979,10.159732,-3.66135,-2.47812,1.03605,-1.54319,-2.23799,-22.37554,-17.32377,41.50094,21.62113,70.94292
DAL,2.17822,19.41185,16.81451,0.48894,5.79,11.03206,-8.4574,8854.0,22.33659,2.84192,5.82,11482.0,5.66961,-3.38047,11.03206,11.02657,0.35114,8.32415,22.39806,37.80093,37.80093,37.37194,0.8281,59.67283
DLX,23.44849,13.38431,18.14712,0.95801,4.65,12.40532,7.36942,471.851,25.5184,6.65138,4.99,1181.896,16.52053,4.91838,12.40532,13.10526,0.55144,11.7986,15.76069,28.21359,28.21359,46.2698,1.60781,86.11508
DBI,-36.64113,131.43628,11.04671,2.46012,1.54,5.19165,-7.48997,287.128,10.95805,-8.87574,1.55,968.526,5.85026,-11.2623,5.19165,5.17965,0.87094,9.50856,13.93177,14.19947,14.19947,0.0,0.0,0.0
DVN,19.72093,8.72481,11.3327,1.4419,-6.52,-35.94721,16.737574,-1792.0,-17.3913,16.737574,-4.12,2201.0,-43.70512,16.737574,-32.04581,-20.27213,1.2672,-8.24917,-10.24792,-50.89396,-34.67515,49.46174,16.737574,97.86988
DRH,0.0,30.835577,9.17471,1.53566,0.57,12.79321,8.1688,157.616,17.56519,32.55814,0.57,278.543,20.60083,34.06049,12.79321,12.7731,1.51097,3.082,3.41928,6.27062,6.27062,33.38521,5.84039,50.11681
DBD,101.95699,5.30693,7.87012,1.43579,-2.56,-5.1473,-41.39055,107.9,3.25363,56.71151,-0.71,865.8,7.50196,56.71151,-0.99509,-1.47939,0.89773,0.36072,0.68709,-35.20622,-22.69343,62.71973,16.66636,175.47813
DLR,0.0,82.52361,25.67652,0.23319,2.2,20.04183,0.0,0.0,0.0,41.02564,2.25,1396.643,50.9754,43.64773,19.77893,15.65825,0.23319,2.72771,2.98528,11.68748,8.9329,53.90051,82.52361,116.92213
DDS,-16.58468,130.33623,49.98065,2.22158,6.91,3.98798,-13.41957,707.092,10.46839,-11.29653,6.91,2403.74,3.05881,-18.82852,3.98798,3.99027,0.3328,7.11017,10.46152,14.1232,14.1232,31.49372,1.16723,45.97202
DFS,0.0,0.0,0.0,0.0,0.0,0.0,0.0,0.0,0.0,0.0,0.0,178.33076,0.0,0.0,0.0,0.0,0.0,0.0,0.0,0.0,0.0,0.0,0.0,0.0
DLB,-31.34696,13.07705,19.42632,3.56542,1.81,18.17248,12.55797,318.18,31.01962,3.42857,1.85,916.756,31.83702,2.4643,18.11964,18.16511,3.37126,6.55546,7.67602,9.84083,9.82423,0.0,0.0,0.0
DG,0.0,385.00577,18.75824,1.71999,3.95,5.71999,8.13146,2297.894,11.28157,13.18052,3.97,6306.091,4.09166,9.36176,5.71999,5.73673,0.07915,10.82196,14.48292,21.01532,21.01532,35.58219,1.29273,55.23657
D,26.91667,8.62064,23.25637,0.52348,3.44,18.84638,2.97165,5267.0,44.87518,7.5,3.52,5886.0,-21.66759,11.79568,18.0881,18.48622,0.24239,3.55426,4.90539,15.5708,14.53255,67.57485,6.66319,208.4026
DCI,-1.65795,4.8668,5.77457,1.85675,1.42,8.59343,-2.94332,368.3,16.58785,-4.69799,1.53,760.5,8.20644,-8.31816,8.59343,9.22011,1.27915,10.19278,13.59876,24.74437,24.61855,42.42854,1.54358,73.69717
DEI,16.62018,8.57407,12.6783,2.11544,0.55,12.65804,0.0,0.0,0.0,41.02564,0.57,512.5,42.47484,46.26781,11.24944,11.21038,2.04879,2.14293,2.20805,4.43926,3.62904,59.17889,40.744015,144.97127
DOV,12.91498,5.69591,24.44699,1.33442,3.25,7.48994,-12.62832,1138.501,16.7566,-13.1016,3.72,2232.887,10.97037,-41.49517,7.48994,8.49912,0.832,5.18902,7.01812,13.67195,13.67195,48.8908,3.19263,95.65947
DUK,0.0,832.6807,58.61857,0.69596,3.71,11.32988,1.41732,9016.0,39.6238,-7.71144,4.34,9824.0,-2.78413,-23.57955,9.45768,13.17984,0.26283,2.81687,4.1013,6.33977,6.38024,55.10867,5.58807,122.76017
CTA,0.0,0.0,0.0,0.0,0.0,0.0,0.0,0.0,0.0,0.0,0.0,25.464,0.0,0.0,0.0,0.0,0.0,0.0,0.0,0.0,0.0,0.0,0.0,0.0
EME,9.96932,5.28949,25.6408,1.46242,3.02,2.45374,12.72007,393.951,5.21684,11.02941,3.1,1037.862,2.28946,5.60057,2.40925,2.49469,1.29787,5.27781,10.44356,12.28197,12.27933,21.5843,1.07457,27.52549
EOG,30.70137,6.85946,24.24412,1.75338,-1.98,-14.89376,303.77377,2592.319,35.20549,303.77377,-1.56,3661.311,7.45358,303.77377,-14.89376,-11.72393,1.39522,-2.77393,-3.85854,-8.14635,-8.14635,33.31924,2.69502,49.9683
EPR,0.0,38.724167,34.34195,2.67074,3.17,45.99194,0.0,0.0,0.0,8.56164,3.14,458.62,-6.16137,15.65295,45.99194,40.68391,2.41403,4.31589,4.49143,10.5638,10.56311,53.20799,38.724167,113.71169
EQT,93.05707,6.20283,33.90837,2.2721,-2.71,-8.14892,-53.58681,641.595,39.89155,59.728638,-2.63,581.684,-19.348,59.728638,-28.16449,-27.30455,2.15197,-1.21534,-1.52112,-8.28269,-1.52867,26.50928,5.127,36.07161
ESE,18.39933,5.1002,23.91838,2.04638,1.77,8.02892,15.39568,101.097,17.69103,11.32076,2.05,220.652,11.56936,7.92717,8.02892,9.24163,1.10903,5.25954,7.12954,7.65152,7.65152,15.17013,1.08806,17.88301
EXP,6.14095,9.81126,21.44231,3.15122,3.05,13.34439,9.56818,327.37,28.62897,-17.78976,3.59,266.616,8.35821,-18.3358,13.34439,15.53145,1.08828,7.64243,9.37074,14.87887,14.87887,32.79287,1.55089,48.79374
EGP,7.27527,6.73329,19.1306,0.35679,2.93,37.81978,0.0,0.0,0.0,96.6443,2.93,178.539,46.56177,99.53412,37.58954,37.55041,0.35679,3.1647,3.31404,16.01797,16.00144,63.17885,36.83529,171.58301
EMN,2.52525,11.23192,30.94804,1.59666,5.75,9.53597,-7.22836,2015.0,22.36901,1.59011,6.24,2357.0,5.4965,0.70755,9.48046,10.20373,0.77549,5.78167,8.06868,20.15815,19.90961,58.86449,3.27246,143.09895
KODK,-16.3522,5.28425,-1.7217,2.63529,0.99,2.98121,23.42342,274.0,17.75762,44.3339,1.27,404.0,9.85094,44.3339,0.97213,3.47336,1.72235,5.4931,16.88924,44.3339,49.46237,83.06122,1.4854,44.3339
ETN,2.32826,5.61074,33.14864,1.26545,4.21,9.74832,-5.04332,3069.0,15.5416,-0.47281,4.47,6355.0,8.53674,-2.88024,9.73312,10.29954,0.78505,4.45688,5.8398,12.77798,12.76018,35.64907,2.69697,55.3979
ECL,-2.05004,5.55979,23.64808,1.4173,4.14,9.48163,-1.26195,2871.5,21.83185,24.6988,4.41,5683.9,12.05627,22.70233,9.34858,9.80723,0.91859,6.8312,9.31834,17.8061,17.8779,48.96068,2.32875,95.92736
EPC,-6.82631,8.74006,31.58131,1.67243,2.99,7.56562,9.41726,445.0,18.83997,86.47517,3.6,1161.9,14.99047,86.47517,7.56562,9.02286,1.25593,4.51184,6.06825,9.67751,9.67751,50.21097,4.14494,100.84746
EIX,-18.86228,9.80909,36.81889,0.3591,3.94,11.90496,4.37993,4099.0,34.53534,31.77258,3.99,6344.0,-4.37274,26.56664,12.08189,10.95914,0.19959,2.57308,5.02691,12.17257,10.24433,46.77268,3.04245,87.90442
EW,15.88459,8.70524,4.12571,4.20657,0.87,19.21585,22.68393,862.1,29.08864,16.0,0.95,2166.3,11.6379,15.07375,19.21585,20.48284,3.16563,11.53682,15.10666,22.23697,22.23697,23.89504,0.95383,31.39748
ESI,3.1085,3.45163,9.62666,1.913,-0.65,-2.13893,38.0916,723.6,20.17904,84.14544,-0.08,790.3,12.45155,84.14544,-2.05527,-0.54279,1.36538,2.35437,2.92834,-3.04546,-2.64073,64.44986,7.24019,181.29282
ELV,27.33119,16.22061,95.16848,1.61145,9.21,2.91034,0.43685,6046.7,7.12525,-1.81237,10.2,18028.0,4.11113,-3.52344,2.91034,3.15989,1.52778,5.20343,8.27482,10.25995,10.25995,38.52055,2.60091,62.65597
LLY,14.69969,5.62741,13.32956,1.37453,2.58,12.89976,3.55089,5275.4,24.85805,14.15929,3.09,15512.0,13.5406,13.66883,12.89976,15.40951,0.98346,6.5064,10.30599,19.15812,19.09678,42.25919,1.95344,73.18774
ELME,-38.46154,99.54318,14.08662,0.67191,1.65,38.043,0.0,0.0,0.0,25.9542,1.64,197.073,4.62035,32.98306,38.05926,37.743,0.67191,1.95226,2.03363,12.65126,12.62926,51.3764,27.851404,105.66145
EMR,-37.46238,4.13732,11.77356,1.24376,2.45,11.1486,-26.65922,3282.0,22.60019,-38.59649,2.54,6262.0,14.61834,-39.6679,11.25878,11.26401,0.73464,7.73996,11.60464,20.32079,20.56395,46.59282,2.02499,87.24075
ESRT,0.0,31.17267,7.4059,1.66637,0.38,15.81858,0.0,0.0,0.0,31.03448,0.38,380.509,33.90745,52.55262,7.58938,7.50366,1.66637,3.20761,3.49498,6.12986,6.3924,44.84684,31.17267,81.31328
ENR,22.76527,9.43534,-0.48644,1.66854,2.04,7.81422,-7.68262,293.2,17.9415,64.96089,2.34,723.3,11.5607,64.96089,7.81422,8.86342,0.99193,9.62854,16.54355,64.96089,64.96089,102.96121,3.55764,64.96089
ETR,13.61113,11.40276,22.5585,1.1513,-1.63,-5.20488,13.88628,3664.324,33.78613,382.24686,3.555,4403.063,-6.90535,382.24686,-5.20488,11.7271,0.73686,2.74664,5.29353,-6.51152,-6.32143,64.83384,4.16846,184.3643
EPD,29.53989,7.80192,10.41137,0.79125,1.2,11.08925,0.91811,4616.6,20.05273,-4.76191,1.2,3431.1,-6.7262,-0.32128,10.91594,10.84896,0.4543,3.98656,4.52272,11.87046,11.93908,51.55743,5.13315,106.42998
NVRI,-7.18896,5.90611,1.20114,1.34989,-1.07,-5.54167,-5.64371,258.122,17.78652,26.954851,0.48,278.654,10.35155,26.954851,-5.90309,2.65706,0.76991,4.14552,7.50179,-46.93819,-35.87337,82.73199,2.55334,26.954851
EPAM,-2.63215,4.34725,15.29242,5.56321,1.87,8.55644,27.00317,158.994,13.70482,15.4321,1.98,422.946,11.54682,17.53576,8.55644,8.58625,5.48641,9.94567,11.65263,14.23541,14.23541,3.10592,0.15754,3.20548
EFX,23.87078,8.03192,22.20767,0.53422,4.04,15.74295,22.13249,1119.1,35.5846,13.80282,4.36,2031.5,20.70217,13.91284,15.54263,16.53941,0.47753,9.55316,11.94052,19.65578,19.52403,49.54482,2.38781,98.19572
EQC,-12.38948,2.98046,25.33336,16.37819,1.62,45.57514,0.0,0.0,0.0,189.2857,1.66,299.974,27.95304,133.22752,45.57514,40.75976,16.37819,0.90536,0.93301,7.60468,7.02659,25.93452,39.640472,35.01566
EQR,0.0,147.56757,27.85626,0.13811,11.68,179.67403,0.0,0.0,0.0,394.91525,12.04,1619.575,40.26015,393.28403,172.15659,176.26624,0.13811,2.63175,2.74044,41.61638,40.41814,45.18405,147.56757,85.91217
ESNT,32.62442,24.57213,14.43288,7.61602,2.41,48.57657,36.45199,316.046,68.96683,40.11628,2.45,396.352,32.71634,41.48896,48.57657,48.60512,3.90751,11.63384,15.21558,18.0759,18.0759,6.9263,0.31641,7.44173
WTRG,3.14797,9.1434,10.42915,0.42665,1.32,28.56314,2.28097,456.572,55.688,15.78947,1.32,522.691,-10.72301,16.05233,28.56314,28.54098,0.33547,3.42,5.60061,13.09744,13.09744,50.59739,4.15008,102.41845
ESS,449.39423,130.63663,94.49667,0.29879,6.27,32.10821,0.0,0.0,0.0,79.65616,6.22,938.931,44.85344,78.77779,30.39217,29.82508,0.29879,2.54006,2.60727,6.71696,6.89357,46.74937,90.2644,88.41466
EL,7.13495,9.25987,9.71258,1.57624,2.96,9.95055,6.76966,2170.2,19.2672,4.96454,3.27,9081.0,13.04511,2.36018,9.89551,10.74159,0.98553,12.54975,19.70703,30.89632,30.95449,38.4556,1.03285,62.48432
EVR,31.35381,7.17597,13.45457,1.99739,2.43,10.19447,40.35266,312.018,21.41819,147.95918,2.9,1324.766,30.60352,150.86438,7.38116,7.80744,1.94572,11.42832,18.97438,20.84179,19.92718,21.59853,0.69162,27.54864
EG,7.95797,2.38626,197.44727,12.67792,23.68,17.31057,0.0,0.0,0.0,7.14932,23.4,1184.503,8.52548,1.88931,17.31057,16.80245,12.67792,3.20902,7.74476,12.70524,12.12035,7.27072,68.89604,7.8408
ES,3.85063,7.66243,33.80312,0.68094,2.96,12.43363,4.8479,2547.825,33.3523,7.24638,2.91,3768.667,-0.19041,7.26444,12.3352,12.10035,0.28748,3.65691,5.41193,8.94706,8.88718,49.73272,4.21997,98.93658
EXPD,7.00106,5.29714,10.25614,2.38575,2.36,7.09299,-6.58466,716.959,11.75721,-1.66667,2.38,897.589,7.56853,-5.77749,7.06468,7.07525,2.3277,15.59009,23.65133,24.36256,24.42386,0.0,0.0,0.0
XOM,21.06773,13.49351,40.33872,0.86939,1.88,4.24012,-24.85209,23244.0,11.76804,-51.16883,1.88,67869.0,3.36039,-51.45511,3.96926,3.97572,0.52586,0.17539,0.27078,4.63719,4.77698,19.74311,1.8397,24.5999
FMC,-1.26391,1.7842,14.64358,1.98109,1.81,7.47624,63.13601,666.9,20.31745,81.264,2.26,931.2,13.02325,-57.23926,6.37034,9.2186,1.4117,5.53742,8.68982,12.70074,12.58042,48.71333,2.83851,94.98244
FNB,0.0,71.81153,11.67789,0.80835,0.78,19.45698,24.272,437.169,49.77434,-9.30233,0.91,751.993,114.9156,7.0417,19.45698,21.36884,0.80598,1.26913,4.80805,7.67354,7.32212,54.19377,6.95956,118.31093
FICO,5.67666,5.39784,14.44409,1.08762,3.39,12.41814,6.11118,201.225,22.8313,27.92453,3.52,616.183,20.47917,26.52655,12.41814,12.43244,0.99039,8.64836,10.27668,24.76687,24.76687,56.09985,2.83762,127.78966
FDX,26.80539,7.76579,51.69575,1.49713,6.51,3.61362,24.5203,6165.0,12.24064,78.35616,7.49,14457.0,1.37695,73.33333,3.61362,4.10452,1.3469,5.31377,8.85058,12.64899,12.64899,50.15009,2.24931,100.60215
FRT,-3.53046,5.37052,27.3173,0.34271,3.5,32.27907,0.0,0.0,0.0,15.51155,3.14,556.549,49.80541,18.88079,31.16027,27.74933,0.34271,3.88751,4.19406,13.80532,12.51012,55.76849,43.19107,134.81091
FHI,33.64754,29.19444,5.83169,2.21339,2.03,19.37376,18.04786,342.883,29.98878,25.30864,2.01,846.905,20.10741,23.03321,18.2722,17.42419,2.12844,17.72732,24.52836,33.62497,34.48086,23.36888,0.55777,32.10056
FERG,-2.33229,7.5289,1.6112,1.47394,0.26389,3.43728,-6.78215,1409.274,7.35967,31.57895,0.31667,4770.9785,2.6646,162.60736,4.56688,3.97157,0.82136,6.41729,10.70702,16.92876,16.60966,39.66306,1.79567,65.73595
FNF,7.05645,18.61928,22.02752,1.84966,2.34,7.23774,13.36146,1612.0,16.86016,23.80952,2.41,5105.0,10.15976,23.33966,6.79845,6.85619,1.84966,5.34884,7.70431,11.06383,9.76436,27.49299,1.70347,39.80864
FAF,0.0,177.5161,27.36101,0.45185,3.09,6.16911,11.30323,600.669,10.78851,17.93893,3.1,3285.674,2.89911,19.05924,6.16044,6.15515,0.45185,3.66981,8.8341,11.89568,11.89318,19.63969,1.22645,24.43954
FHN,0.0,114.09137,9.90493,0.91491,0.94,17.40512,12.21389,656.697,47.92185,176.4706,0.96,1267.176,87.94286,164.37895,16.56847,16.30182,0.90952,1.41349,8.06884,9.95257,8.92519,42.39817,3.03198,73.60559
FE,1.76678,10.20105,14.10893,0.41398,-14.49,-42.41862,3.75254,4092.0,28.10054,501.9954,2.23,6522.0,0.35452,501.9954,-42.41862,6.52369,0.25456,3.22416,4.8573,-66.19869,-66.19515,78.32459,5.51124,501.9954
FLG,0.0,0.0,0.0,0.0,0.0,0.0,0.0,0.0,0.0,0.0,0.0,0.0,0.0,0.0,0.0,0.0,0.0,0.0,0.0,0.0,0.0,0.0,0.0,0.0
FLO,0.70778,15.70933,5.80589,1.39991,0.78,4.17063,1.53859,446.782,11.37752,-12.35955,0.86,1900.026,6.66346,-13.43351,4.17063,4.56646,0.82872,6.7725,8.57796,13.35224,13.35224,44.69829,2.18913,80.82623
FLS,-10.69951,4.26555,12.45197,1.94978,1.01,3.39638,-29.61662,528.815,13.25189,-49.5,2.08,1236.798,10.21029,-50.51538,3.31927,6.79863,1.06056,5.28686,7.95319,8.06938,8.16182,48.9594,2.97008,95.92247
FLR,41.32918,13.11395,22.44173,1.47019,2.0,1.72011,-20.61851,889.156,4.67079,-29.82456,2.32,790.316,3.58265,-31.78356,1.47822,1.69609,0.95956,4.92081,9.26401,9.1923,10.30308,33.04118,1.79968,49.34553
FLUT,0.0,0.0,0.0,0.0,0.0,0.0,0.0,0.0,0.0,0.0,0.0,1425.2025,0.0,0.0,0.0,0.0,0.0,0.0,0.0,0.0,0.0,0.0,0.0,0.0
F,-43.74307,1.90532,7.33966,1.20137,1.15,3.03491,-11.86581,15947.0,10.50527,-37.5,1.78,16867.0,34.75684,-37.66445,3.02767,4.65872,1.06798,1.86983,2.59242,15.89981,15.8769,83.00001,8.96532,1429.6461
FBIN,9.57024,9.4653,15.39319,1.71476,2.61,8.27298,19.60061,778.6,15.61917,38.82979,2.78,1800.6,9.2532,31.1746,8.28903,8.60507,0.95183,8.19293,11.04908,17.13906,17.1234,37.71909,1.83804,60.56284
BEN,-5.2148,8.1088,20.92733,7.68815,2.94,26.55938,-21.52338,2465.5,37.25446,-10.6383,2.95,3047.2,24.0862,-15.16238,26.09096,26.02312,6.67405,9.14959,10.09967,14.52424,13.98068,14.19916,0.84502,16.62968
FCX,63.42525,16.3416,4.18754,2.44666,-2.96,-25.83951,220.86893,297.0,2.0027,220.86893,-2.14,4149.0,-10.46359,220.86893,-28.01079,-19.01902,1.48628,-3.6117,-5.17772,-56.17119,-34.73374,63.38791,53.96296,173.13385
FDP,0.8957,11.5389,34.95718,2.6039,4.33,5.62383,52.33969,351.6,8.7648,270.08548,4.67,461.4,3.32762,260.73718,5.61137,5.99632,1.17123,6.52456,8.44886,12.86359,12.64822,11.3389,0.66069,12.78903
GATX,-0.76433,6.04561,34.15562,1.18136,6.29,18.12734,0.8499,664.5,46.85187,34.11514,5.6,873.0,-16.77977,25.23137,18.12734,15.99098,1.05113,3.27956,4.13496,19.57068,19.57068,76.02463,6.42874,80.98186
GME,-34.34959,229.7865,5.0363,1.08047,0.945,4.30167,2.83688,812.0,8.67169,8.93372,0.9725,2918.3,5.68466,2.46757,4.30167,4.40355,0.34937,9.52373,16.83386,19.41813,19.41813,14.41145,0.43153,16.83806
GAP,2.54546,56.72172,6.41058,1.57199,2.23,5.82389,-15.47619,2201.0,13.93303,-22.29965,2.36,5754.0,6.24723,-27.09984,5.82389,6.14015,0.65168,13.29717,23.4121,33.28509,33.28509,40.48176,0.78646,68.01572
GRMN,-0.83145,5.70343,18.12639,2.89117,2.7,16.92185,14.14737,694.024,22.99109,12.97071,2.71,1688.525,11.82593,11.96488,16.92185,16.9511,2.09636,8.64186,11.53144,15.10585,15.10585,0.0,0.0,0.0
GD,4.78816,8.88565,36.29402,1.20248,9.87,9.76621,2.71727,4763.0,15.19153,8.70044,10.05,5665.0,4.68297,-0.33727,9.42494,9.76718,0.46279,8.30327,18.57264,28.203,28.203,26.15716,0.81629,35.42274
GE,-7.05328,3.17509,69.38154,1.17468,8.0,7.93229,23.31987,20460.0,17.09445,488.2353,8.32,24582.0,1.60668,1997.8906,7.37668,7.84206,0.94283,1.98572,3.28789,11.24016,10.34058,62.84911,6.65743,175.77654
GIS,-1.86774,12.05685,8.26106,0.78513,2.77,10.48596,4.48538,3454.6,20.85721,40.60914,3.05,5965.4,13.23914,38.98305,10.24808,11.0284,0.46432,8.14649,11.86869,34.19799,28.18497,57.81083,2.44049,158.86076
GM,20.14173,5.72825,29.224,0.8946,6.0,5.57038,29.58417,22063.0,13.26061,1.52284,6.39,19383.0,-3.11328,-2.68401,5.66595,5.91453,0.68228,3.58983,6.43639,22.5238,21.96261,65.75449,3.83574,192.00908
G,4.25799,4.26539,6.47227,1.67776,1.28,10.40733,0.79263,420.273,16.34823,17.43119,1.3,1016.416,5.99587,12.45408,10.49046,10.46076,1.41913,7.43465,9.82367,20.81695,20.61603,41.10575,2.14428,70.04107
GPC,6.37301,8.15729,21.51963,1.40156,4.59,4.48014,-3.85676,1217.259,7.93534,-0.86393,4.61,4599.607,4.26098,-2.61198,4.48014,4.47939,0.51399,7.86404,16.99864,21.67849,21.58892,21.4337,0.71883,27.28104
GNW,2.35842,0.32653,25.36918,3.19631,-0.5,-0.45745,-31.15672,738.0,8.88407,72.600296,-0.46,775.0,16.47556,72.600296,-3.33454,-2.75934,3.19631,0.42695,2.21759,-1.94754,-0.26113,24.28033,6.28591,32.06608
GBCI,0.0,42.418575,14.59483,0.73555,1.59,26.8303,9.63178,238.22,52.76529,3.24675,1.64,419.507,-6.75647,4.30908,26.8303,27.70852,0.72365,1.483,6.87475,11.04445,11.04445,43.38371,3.5926,76.62761
GLOB,17.88388,6.44925,6.01836,2.43324,1.01,11.10774,82.82486,61.005,18.89542,12.22222,0.98,131.698,8.39155,13.34155,11.11208,10.44241,2.32512,12.33337,16.94372,19.46297,19.45084,0.10394,0.00356,0.10405
GL,4.17599,4.66344,38.69205,0.55821,4.41,13.71387,1.71021,865.38,21.99394,8.35381,4.5,1087.644,30.59996,4.3026,13.97283,13.72441,0.55821,2.5902,9.50314,12.51599,12.51599,23.43264,1.61506,30.60395
GS,3.69986,0.12857,182.47348,1.46335,16.29,19.52288,-2.7039,17596.0,46.43479,34.18451,16.64,26976.0,5.56849,21.61762,19.52288,18.76797,0.94449,1.20516,1.96157,9.78455,8.47491,83.39155,24.93936,1960.2744
GGG,-3.29963,6.24266,3.42575,2.82812,0.23667,3.05982,2.16622,352.499,26.51778,-87.88396,1.21,710.869,15.2937,-88.23475,3.05982,15.18775,1.57294,14.51431,19.78582,6.72647,6.72647,35.41103,0.89248,54.82521
EAF,-21.63789,4.77648,0.0,2.94406,0.0,-24.85804,-2.3714724,-9.231,-2.10771,0.0,0.0,-30.239,22.09607,-2.3714724,-53.84998,0.0,0.93555,-4.18443,-5.11919,-15.68815,-15.68815,38.75959,-2.3714724,63.29087
GHC,6.87529,4.33278,439.91052,2.28503,29.8,6.82778,34.56575,396.428,15.97283,102.71349,24.01,1211.86,10.04449,102.71349,6.79281,5.37782,2.16835,4.36725,6.532,6.82048,6.8025,16.63094,1.2407,20.05132
GVA,22.96069,6.9025,22.36158,2.05496,1.42,2.63261,-8.68963,146.313,5.8185,-6.57895,1.41,301.37,-1.31604,-5.56006,2.2716,2.21805,1.27102,3.05204,4.46599,6.62198,7.38546,20.93557,1.66967,26.47912
GPK,7.86817,12.27853,3.36965,1.42973,0.71,5.30467,2.34104,738.8,17.18899,1.42857,0.73,801.0,5.41169,-0.91265,5.30467,5.45025,0.62311,6.20097,8.88152,21.12872,21.12872,67.07081,2.9127,203.68198
GDOT,62.75446,5.34164,13.53578,1.05479,0.8,5.78763,9.56181,125.09,17.40325,11.11111,0.81,717.019,11.30959,8.29103,5.78763,5.58219,1.02129,2.28048,4.98672,6.17645,6.17644,12.83574,0.80491,14.72592
GBX,18.61357,12.50519,30.99844,2.62523,5.73,10.62965,4.26212,454.856,16.97525,-3.37268,6.28,551.437,8.18155,-4.98828,6.83752,6.83329,1.27117,13.53061,19.16555,22.79975,30.29533,23.01408,0.66828,29.89388
GEF,-1.11469,8.27899,19.8234,1.39609,1.57,2.27163,8.70759,435.7,13.10928,4.66667,1.97,684.9,8.44077,4.17246,2.25358,2.83432,0.76289,5.95753,9.03915,7.63118,7.36729,50.9053,2.35529,107.13018
GES,-2.41745,10.07818,12.14871,3.1684,0.96,4.03794,-11.6755,88.177,4.198,-13.51351,0.96,787.43,3.57797,-13.4493,3.89682,3.85124,2.04195,0.69634,1.01965,7.82391,7.96225,0.60812,0.07192,0.61496
FUL,-3.72192,5.85221,18.70477,2.07035,2.42,5.93821,3.48065,277.562,13.25128,41.52047,2.47,606.35,6.02435,43.20258,5.92608,5.91214,1.32101,6.09309,7.69095,13.70977,13.66782,42.81372,2.54234,75.20839
HCA,-1.06979,7.08323,-19.70659,1.55742,7.3,8.27187,3.74889,8164.0,19.67703,46.29259,7.14,15660.0,6.46632,35.74448,6.96553,6.6012,1.1193,11.65003,15.43788,1148.2859,1148.2859,121.88168,3.84321,1148.2859
HEI,11.36277,7.17137,7.33032,2.72465,1.17248,12.7992,19.49679,331.22,24.06671,16.24366,1.22368,515.492,12.72475,17.11706,11.34904,11.64299,1.14346,8.98997,11.4772,17.61655,16.52617,28.54198,1.38345,43.73607
DINO,36.14459,25.35128,26.3971,2.63195,-1.48,-1.81236,-42.33124,917.224,8.70587,94.85701,1.01,1040.459,-0.48505,94.85701,-2.4721,1.68818,1.55304,3.8866,4.81511,-5.24324,-3.43681,29.65505,2.43685,42.15661
HNI,-5.74054,9.32013,11.35695,0.93434,1.88,3.88647,2.17297,243.516,11.05138,-18.96552,2.68,849.613,4.80055,-18.83512,3.8837,5.40187,0.57824,8.87913,16.65739,17.50834,17.50737,29.93136,0.87886,42.7172
HPQ,-74.73128,4.73038,-2.27149,0.98192,1.53,5.52676,-68.9439,3864.0,8.01028,-38.30645,1.47,8998.0,7.70321,-45.19104,5.17434,5.27199,0.68572,3.2489,7.91744,22.32924,21.97675,231.9647,1.76915,563.60205
HAL,-26.2366,3.43912,10.8649,2.90256,-6.69,-36.30012,-47.22022,2193.0,13.80374,138.7502,-3.12,870.0,25.48625,138.7502,-36.27494,-16.90892,1.98533,1.34888,1.63768,-46.32705,-46.24143,56.7102,5.64387,131.00127
HBI,19.65868,8.06667,3.23199,2.05776,1.4,8.90692,5.4153,1017.343,16.8764,32.07547,1.86,2315.427,8.80583,25.77258,8.94765,11.77988,0.79506,9.12214,12.8872,42.95751,42.95751,75.35591,3.67865,159.7991
THG,2.83613,1.15353,67.39387,20.12187,3.61,3.15621,-29.16182,365.1,7.38202,-51.1502,4.97,704.3,2.62217,-53.21267,3.13599,4.30094,20.12187,1.49226,5.72517,5.47537,5.47537,21.58127,2.15393,27.52056
HOG,2.62409,2.57229,10.91321,1.3463,3.83,11.54288,-5.71442,1432.247,23.88488,3.79404,3.85,2110.931,13.75444,-7.98224,11.54288,11.53602,1.1107,7.68741,8.75464,36.81908,36.81908,77.99933,4.75307,165.41806
HIG,1.14211,0.53454,45.20135,1.26828,2.27,4.93148,-47.66681,1200.0,6.60466,-42.23919,2.33,4916.0,6.46087,-46.73008,4.93148,4.97188,1.26828,0.28056,2.77474,5.18744,5.18744,23.84664,4.41083,31.31397
HE,0.0,65.65379,19.03385,0.90942,2.29,10.50745,6.71308,552.921,23.22559,52.66667,1.74,578.521,19.52302,54.63352,10.50745,7.90108,0.90942,1.87869,5.51412,12.52486,12.31343,46.30166,3.27648,86.22548
DOC,-73.02643,0.47433,11.85178,1.56057,0.77,17.47928,0.0,0.0,0.0,90.424866,0.89,1381.074,277.5268,90.424866,29.32501,19.42414,1.56057,2.44468,2.53058,4.86181,4.77027,60.73369,90.424866,154.67123
HL,48.86583,38.48189,3.74362,2.37986,0.18,10.76651,159.37837,242.926,37.60715,43.655838,0.18,307.632,5.25757,43.655838,10.76651,10.76773,1.79591,3.33739,3.9797,4.9347,4.93456,25.73987,2.11151,34.66176
HP,-36.12956,4.41162,42.20031,4.76398,-0.5,-3.26247,-54.24759,581.525,35.80308,60.97786,-0.39,725.427,25.13953,60.97786,-3.49876,-2.59313,4.09683,-0.15251,-0.20347,-1.12049,-1.12049,9.7342,0.84579,10.78393
HLF,0.57225,64.02853,1.05424,1.84776,1.51,5.79271,-1.29058,741.9,16.52928,-23.92947,2.4,2361.2,8.4749,-23.32645,5.79271,8.87621,1.15515,15.95186,25.04124,157.31393,157.31393,88.06106,1.95161,157.31393
HRI,1.91105,5.35123,11.22615,1.53026,-0.7,-1.26704,-15.48774,479.1,30.81425,45.37572,0.59,351.4,-5.32223,45.37572,-1.26704,1.07329,1.36558,1.52472,2.11168,-1.49838,-1.49838,87.35271,4.58005,45.37572
HSY,-2.95323,12.60563,3.70233,0.95147,3.34,9.62442,-5.81684,1578.49,21.21575,43.96552,3.68,3227.645,10.1549,40.37286,9.67778,10.59156,0.46,15.18199,22.67895,80.72907,76.37516,78.2637,1.88799,227.94885
HES,10.97993,5.3296,45.91452,1.8996,-19.92,-127.59345,-42.01989,1108.0,23.26754,200.62704,-7.13,3598.0,-5.15015,200.62704,-128.76942,-46.4004,1.66948,-6.40561,-8.14063,-36.15673,-33.76306,30.388,6.1426,43.65339
HPE,-14.17598,4.70904,18.87259,1.28343,1.82,6.30649,-2.00756,7517.0,14.99711,34.81482,1.78,9773.0,12.30124,28.44372,6.30649,6.09042,1.10674,2.9062,4.80384,9.7287,9.66135,33.8663,2.14713,51.20883
HXL,4.95727,8.35822,13.62035,2.23244,2.65,12.4632,10.90998,453.4,22.62136,8.60656,2.62,564.6,-1.07457,5.31197,12.4632,12.13072,1.03273,9.81092,12.1995,20.60631,20.60631,35.6175,1.51897,55.32171
HTH,8.58926,0.23791,18.98146,1.37565,1.48,8.48829,9.00611,373.359,21.42148,-29.1866,1.86,1643.876,-32.49468,-30.84708,8.37067,10.50143,1.10761,1.66523,5.88154,8.08845,8.19034,51.15451,5.25803,104.72718
HLT,13.73134,10.8594,17.91147,1.32526,1.05,3.12098,10.03642,2719.0,23.31304,-75.35211,3.06,1691.0,12.61682,-75.21368,2.9838,8.63191,1.05812,4.89389,7.66383,5.85661,6.16949,64.89406,3.97646,184.85211
HOMB,0.0,55.98214,9.45021,0.98978,1.26,33.83309,23.27182,346.31,66.1417,24.75248,1.28,474.401,1.77157,28.18183,33.83309,34.32757,0.98769,2.17655,7.40977,14.01889,14.01889,52.83899,4.29475,112.03956
HD,27.35849,52.47125,5.04473,1.35662,5.46,7.91807,11.8407,13592.0,15.3549,15.92357,5.48,30265.0,8.39043,10.46493,7.91807,7.9056,0.3278,18.03443,27.47461,89.64062,89.64062,77.14162,1.5682,1927.9878
HMN,6.49588,5.17169,32.15262,23.689198,2.02,7.51053,-20.79821,119.327,10.69909,-8.18182,2.04,299.152,5.33671,-10.39451,7.51053,7.52822,23.689198,0.68103,4.59999,6.54761,6.54761,16.04013,2.07169,19.10452
HRL,-2.37399,15.91183,8.41654,1.92738,1.64,9.351,16.44093,1418.169,14.89169,29.13386,1.68,2158.175,8.56117,29.72855,9.34612,9.33725,0.97298,12.85183,17.59451,21.07579,21.07035,5.31756,0.17628,5.6162
HWM,1.45833,12.81696,11.53197,2.14333,-2.58,-8.56866,-1.79411,2299.0,18.5493,238.24347,1.1,2698.0,7.17686,238.24347,-7.59238,3.88981,1.20553,2.58117,4.03159,-12.46113,-11.02117,61.12665,3.51631,157.24567
HUBB,15.62991,7.30098,28.68256,2.63111,5.24,8.49595,1.03766,603.7,17.22298,9.85325,5.69,1132.6,8.61221,5.66174,8.35901,9.00933,1.66011,9.51928,12.84569,17.57965,17.76744,38.26485,1.64602,61.98229
HUM,-13.04348,33.18152,71.56492,2.0698,4.07,1.11775,1.62934,2863.0,5.2119,-51.77725,7.22,9372.0,4.10985,-51.88088,1.11775,1.96331,1.77717,5.98292,10.25032,5.839,5.839,27.69168,1.42927,38.29668
HII,8.37989,6.31635,35.77922,1.59494,12.14,8.10696,6.12033,1023.0,14.47368,45.21531,12.24,1623.0,6.43216,41.83168,8.10696,8.10458,1.40283,8.45386,18.37461,36.46198,36.46198,43.60287,1.24927,77.31398
HUN,-1.26761,6.84408,5.44485,1.99944,1.38,3.73822,-6.50183,1021.0,10.57264,245.0,1.8,1518.0,7.16838,250.53763,3.37579,4.40447,1.04612,3.98495,6.26655,24.18468,23.32041,74.095,4.1097,286.0259
H,2.01342,14.71429,29.83603,1.23268,1.52,4.60601,0.47022,641.0,14.47279,76.74419,1.55,920.0,7.16866,64.51613,4.60601,4.65214,1.09091,2.43565,3.44724,5.16848,5.1626,28.58187,2.43994,40.02047
IEX,4.98248,8.10117,20.1972,2.66117,3.53,12.83026,5.34097,536.214,25.37639,-2.48619,3.75,945.467,12.78243,-4.13639,12.83026,13.4527,1.64569,9.42309,11.59658,18.15147,18.15147,39.6722,1.89343,65.76106
IQV,46.42946,4.78845,36.67375,1.23364,0.76,1.89008,38.31276,1117.0,16.24019,-75.32468,3.43,2067.0,15.45788,-70.29997,1.672,7.43549,1.10129,4.11788,5.68928,2.85049,3.0501,44.83188,6.44584,81.26411
ITT,-7.39915,4.64363,16.13575,1.61833,2.02,7.58294,-18.16851,391.4,16.27172,-41.27907,2.48,760.9,8.78232,-47.10063,7.73676,9.19664,1.13669,5.07147,11.4006,13.04644,13.05748,13.15134,0.55263,15.14282
IDA,9.32094,8.65568,42.73877,1.76326,3.94,15.69611,-1.13516,415.437,32.91842,1.80879,3.94,459.051,-4.58528,1.85382,15.71195,15.70293,0.91727,2.75899,4.39263,9.41585,9.38826,45.02734,4.2545,81.90861
ITW,6.99047,5.96447,12.2629,2.21848,5.7,14.96434,5.68182,3534.0,25.98721,11.11111,5.67,5691.0,16.52971,7.16166,14.96434,14.80146,1.77717,12.3828,15.48225,42.94155,42.90081,64.76671,2.21534,183.8225
IMAX,1.51572,1.74013,8.49474,21.46339,0.42,10.42048,-22.86244,87.366,23.15349,-46.15385,0.43,202.003,11.68315,-48.44925,7.62932,7.70067,19.24661,4.0949,5.3819,4.85504,6.03201,4.17759,0.31266,4.39465
NGVT,-6.45833,9.77718,3.01548,2.15632,0.83,4.88825,-0.45455,197.1,21.69988,-56.31579,2.08,274.4,13.06699,-56.0,3.87537,9.6427,0.99781,12.4164,16.24271,10.93168,13.52422,78.40873,2.47996,24.274134
INGR,11.69415,8.52975,35.42133,2.30266,6.55,8.23647,13.39177,1022.0,16.97111,18.87477,7.3,1401.0,5.49859,20.64677,8.0538,8.76436,1.47137,9.51087,12.04925,20.59885,20.77487,42.97957,1.91389,75.37572
NSP,35.12999,12.60995,1.43936,1.0655,1.545,2.24356,28.02264,123.273,4.19104,95.56962,1.555,491.61,3.16531,67.53237,2.24356,2.20286,1.00798,7.87704,39.50627,56.6495,56.6495,63.3015,0.8469,172.4907
ICE,11.0,8.06771,26.41513,0.97468,2.37,24.32024,29.33996,2861.0,48.01947,4.03863,2.52,4512.0,27.41272,11.61695,23.86707,25.16616,0.03218,1.78449,6.43932,9.31695,9.45051,28.72619,2.2244,40.39609
IBM,3.05268,2.87787,19.29024,1.20987,12.39,14.8461,-15.62066,16389.0,20.50676,-8.89706,11.41,38517.0,10.02377,-9.99242,14.85486,13.64036,1.04127,6.58434,13.0666,73.09585,72.31229,69.63012,2.57295,229.2736
IFF,2.37258,5.72567,20.53001,1.79118,5.05,12.99697,0.0,721.5,23.15209,-2.13178,5.59,1406.263,12.04092,-3.39084,12.99697,14.28698,0.97368,10.01425,13.78494,25.18409,25.10945,44.82898,1.83697,81.25458
IGT,-2.9395,4.86131,15.17018,0.9777,1.05,5.12636,10.46228,1611.173,31.26126,184.09877,1.26,2018.059,17.80354,184.09877,4.10053,4.92645,0.73952,3.01867,3.90166,6.94463,7.53269,68.47441,4.91897,231.35081
IP,11.25,8.04696,10.55575,1.71144,2.19,4.30286,-9.5264,3324.0,15.76925,-1.79372,3.13,6095.0,3.36947,-3.62473,4.28863,6.10438,0.99067,4.10006,6.32099,22.10334,21.94001,80.14756,5.29422,418.07266
IPG,-0.79928,1.32285,5.15092,0.96522,1.49,8.06082,6.8184,1098.2,13.99587,36.69725,1.41,1591.4,3.73187,33.85394,7.75495,7.15009,0.90947,4.67685,14.62736,30.55793,27.72177,42.25961,1.53916,82.18505
IPI,6.15827,21.00448,50.25253,5.13031,-8.8,-31.58741,-1.6506265,-10.971,-5.20081,-1.6506265,-8.3,-4.716,-3.18763,-1.6506265,-31.58741,-29.83189,0.71219,-5.67681,-6.24831,-16.87131,-16.87131,26.85843,-1.6506265,36.72115
IVZ,0.0,13.49601,18.58296,1.05259,2.06,18.34023,-10.44201,1325.1,27.98876,-8.84956,2.19,1654.6,44.13812,-11.76531,18.04241,19.18285,0.21037,3.01112,4.97136,11.10136,10.3625,45.17395,4.90944,85.46599
IRM,22.4748,5.59304,7.34422,1.06263,0.41,2.95832,17.55065,1094.882,31.18031,-29.31035,0.85,1955.639,9.72769,-14.94389,2.9852,5.95911,0.91844,5.05899,5.88398,8.29897,8.24453,75.84039,5.70946,140.18773
SJM,4.65008,17.74869,60.25863,1.29712,5.76,8.81683,47.07625,1687.7,21.60616,72.97297,6.43,2980.0,19.71752,99.68107,8.81683,9.78914,0.46158,4.79703,6.13561,9.77198,9.77198,43.65478,3.2174,77.47735
JBTM,22.58824,5.71036,6.17005,1.2341,2.28,5.03517,33.22341,161.6,11.96594,21.2766,2.68,380.7,1.74472,20.93023,5.00555,5.83428,0.74733,7.45699,14.10274,43.92765,43.92765,73.48954,3.08602,277.20956
JPM,0.0,6455.4077,64.0578,0.93856,6.19,23.44671,1.80662,56690.0,53.74173,3.16667,6.24,91208.0,73.57991,1.19057,23.44671,21.40515,0.93664,1.3219,4.33967,11.00156,9.85844,66.08738,8.73794,194.87549
JBL,-7.33598,12.9848,13.03849,1.05035,1.32,1.38885,10.12865,1230.865,6.70658,-11.4094,1.41,1527.704,1.45487,-10.53592,1.38448,1.46287,0.40798,3.35118,7.7802,10.69192,10.63727,46.31143,1.72222,86.25939
J,-16.99191,4.7012,35.2645,1.60683,1.73,1.95651,-12.70394,656.476,5.98747,-27.91667,2.92,1767.831,7.646,-30.53362,1.91956,3.19941,1.55461,4.34526,6.80437,4.91907,4.93896,8.21866,0.59066,8.95461
JHG,0.0,41.83157,1.50733,2.34254,0.94,17.73177,-21.51453,267.4,26.74267,-42.68293,1.03,657.2,19.87074,-42.69254,18.90189,19.78828,2.26171,5.80088,7.51827,10.75575,9.22429,0.0,0.0,0.0
JEF,12.60988,0.94671,28.17862,1.37891,0.34,1.78682,-12.4977,1292.542,11.88517,-53.42466,0.34,1709.346,17.33413,-54.16852,1.19538,1.16054,0.78634,1.48372,1.96108,1.26649,1.80361,68.19849,17.86138,221.37653
WLY,13.89767,10.97155,18.01657,0.85786,2.48,8.44116,-12.35135,332.915,19.27666,-16.49832,2.74,1260.86,14.93822,-17.57582,8.44116,9.20157,0.67976,4.57198,7.8586,13.93612,13.93612,36.8432,1.8173,58.33608
JNJ,8.99013,6.40931,26.018,2.47392,5.93,23.00737,12.87756,24964.0,34.72528,8.21168,6.5,50101.0,19.53784,7.33987,23.00737,24.74955,2.05189,9.65429,14.06088,23.36686,23.36686,27.80899,1.08661,38.5214
JCI,39.41923,5.47229,25.77271,1.05008,-1.3,-1.73064,4.01619,3341.0,8.86819,418.14462,3.41,5654.0,5.87209,418.14462,-2.30398,6.04086,0.66378,3.21223,5.05607,-5.03276,-3.61469,39.23747,4.89464,65.17736
JLL,17.52407,3.93025,61.69992,1.1124,6.98,4.9149,-3.14795,650.9,9.56671,-27.66839,8.18,4706.5,-3.76812,-27.46289,4.6768,5.42873,1.05478,4.59989,7.72215,11.6164,12.04854,39.57209,2.83869,65.64465
JNPR,35.01985,5.43939,13.02152,2.28809,1.53,11.87752,2.03969,1105.6,22.15587,-3.77359,1.58,3104.5,11.06165,-6.46994,11.87752,12.08565,2.15099,6.18855,8.23954,12.42962,12.42962,30.67004,1.98562,44.23778
KBH,-21.42539,47.557323,20.2549,5.183,1.12,2.93812,9.748,163.924,4.56023,31.76471,1.23,599.12,-2.74669,24.77701,2.93812,2.93265,1.01153,1.97456,2.30837,6.18721,6.18721,60.50816,16.10593,153.21687
KBR,18.30986,4.58925,5.30097,1.31302,-0.43,-1.19494,-88.03828,25.0,0.58575,17.498428,-0.2,274.0,-8.68381,17.498428,-1.42924,-0.66542,1.25914,-0.33086,-0.98001,-6.69594,-5.67613,48.19193,27.72,93.02013
K,-5.42636,11.49447,5.44053,0.65713,1.96,5.35315,11.34682,2257.0,17.38427,13.95349,3.21,5006.0,11.29843,13.02932,5.34545,8.65362,0.33773,7.16026,11.09807,34.37345,34.20276,80.13614,3.44262,327.71527
KMPR,0.0,6.79568,38.5247,31.87353,0.25,0.50509,-66.13906,59.9,2.38228,-83.87097,0.25,741.1,-0.00249,-80.39673,0.66815,0.50863,31.87353,0.31083,0.92263,0.64019,0.64019,27.58204,12.55927,38.08728
KMT,-16.7179,5.14141,12.10032,2.51674,-2.83,-10.66909,-35.41134,241.331,11.50052,41.947823,1.11,623.367,13.46701,41.947823,-10.7684,4.223,1.24626,2.96707,4.04864,-19.56323,-18.88332,41.3287,2.9066,70.44108
KEY,0.0,317.99014,12.57743,0.84175,0.8,14.63008,8.51485,2192.0,40.64528,-23.80952,1.13,4724.0,149.82385,-13.64629,14.66716,19.44061,0.83092,1.18315,5.29121,6.57484,6.06946,49.08799,6.70347,96.41732
KEYS,9.799,6.98922,8.90011,2.87888,1.95,11.48047,-2.30497,551.0,18.8828,-35.0,2.1,1624.0,10.65799,-34.69786,11.48047,12.23441,1.89596,7.23225,10.54337,23.80107,23.80107,42.11936,1.99819,72.76933
KRC,15.72263,2.95105,35.94315,1.2074,2.97,47.51774,10.45251,207.865,32.51264,22.72727,2.94,463.093,59.66735,25.50698,45.95205,42.46366,1.18203,1.88392,2.06225,9.28366,8.68751,38.16343,11.16168,61.71661
KMB,2.92008,9.19061,-0.28606,0.87496,5.99,12.19097,1.2444,4068.0,22.34919,116.24549,6.07,6697.0,14.03829,113.82034,11.89979,11.98527,0.53011,14.2771,26.90228,534.9927,534.9927,97.74106,1.86136,534.9927
KIM,2.98579,7.02997,12.36632,0.3576,0.79,27.18533,0.0,0.0,0.0,-60.5,0.86,841.768,41.63398,-57.62849,26.67223,25.33286,0.3576,3.04777,3.24523,7.35462,7.1783,47.99426,44.861004,93.77172
KMI,0.0,609.4586,15.4392,0.54507,0.25,5.52152,-9.89188,6167.0,47.22775,150.0,0.4,7257.0,6.19544,179.8419,5.42196,6.83106,0.36411,3.00926,3.22351,2.03595,2.05399,53.50558,6.49424,115.07959
KFS,24.30746,4.67038,2.61003,42.10228,-0.04,-0.41773,8.571981,-2.02,-1.15117,8.571981,-0.27,22.895,-7.322,-27.46161,0.45762,-3.07786,42.10228,-0.97063,-1.81446,-0.92285,-1.29324,79.05613,8.571981,8.571981
KEX,2.1469,6.02159,44.73713,1.80432,2.62,8.06496,-21.88103,446.239,25.20166,-36.25304,2.63,646.007,6.38905,-37.61977,7.986,7.93958,1.11107,3.62484,4.95104,6.04541,6.08705,23.05097,1.61976,29.95615
KRG,3.88642,6.79775,19.67292,0.88875,0.01,0.87992,0.0,0.0,0.0,-94.44444,0.01,263.361,50.54349,-95.63742,0.33407,0.23562,0.88875,1.10178,1.1655,0.07022,0.17548,49.98041,13.704332,105.27944
KN,-24.5842,5.09215,11.36505,2.21544,0.21,2.22274,6.26003,132.4,15.40789,24.11863,0.3,300.5,13.6041,24.11863,-4.92261,3.09556,1.41812,2.32663,2.69098,1.8955,1.8955,23.73138,2.37009,31.11552
KSS,0.0,418.37836,29.52151,1.8703,3.46,3.50448,-3.41748,2487.0,12.95043,-18.39623,4.05,6939.0,4.26083,-22.37601,3.50448,4.07025,0.27008,6.92389,9.26567,11.7227,11.7227,46.16139,1.89304,85.7403
KOS,13.85749,2.81401,2.79554,1.2842,-0.74,-91.43074,-12.048621,-98.893,-31.86222,-12.048621,-0.72,176.049,-153.28476,-12.048621,-91.43074,-89.404,0.97804,-4.57056,-6.51756,-23.58238,-23.58238,55.00765,-12.048621,122.26001
KR,36.96683,73.22,7.05274,0.76262,2.06,1.86561,0.0,5665.0,5.15797,19.76744,2.09,25013.0,0.80044,17.99769,1.85651,1.83824,0.2262,6.93529,12.4253,33.33878,33.48039,63.98792,2.13222,177.68462
KRO,15.69437,6.53088,3.40811,3.57166,0.37,3.17379,73.95349,112.2,8.224,30.248741,0.29,264.7,1.31478,30.248741,3.17379,2.46361,1.63042,3.7,5.83154,10.1062,10.1062,46.18529,3.02139,85.82279
LHX,-19.7774,7.09454,24.51802,1.3279,2.75,4.62033,47.33894,1578.0,21.13299,-11.57556,5.77,2174.0,13.50609,-2.99401,4.33909,9.56644,0.76375,6.02488,9.34875,10.6927,10.68277,59.63824,2.86248,147.75925
LVS,-40.67852,11.6394,7.76981,1.10406,2.1,17.66871,-2.91934,3800.0,33.30412,-14.97976,2.17,8825.0,17.76044,-15.06615,14.63628,15.11963,1.03849,7.99333,9.47408,25.70468,25.3362,56.14066,2.525,128.0016
LAZ,28.37195,4.16693,10.11968,1.72241,2.92,16.64123,-6.92673,622.878,26.32885,-60.54054,3.28,2173.642,17.06365,-60.69459,16.38787,17.29868,1.69229,8.11504,15.06284,30.41434,29.58846,48.12506,1.927,92.77129
LEA,6.55523,6.52931,44.03157,1.35076,13.33,5.60687,16.77914,1903.5,10.25725,38.99896,14.0,2178.7,4.63934,30.79812,5.25445,5.45776,1.01241,9.87561,18.86328,32.58697,33.50723,37.82205,1.02033,60.82871
LEG,0.44563,8.33682,8.17678,1.87504,2.62,9.78959,-0.10173,589.2,15.71242,15.4185,2.53,901.7,8.76123,18.67118,10.28827,9.3039,1.0876,10.13366,14.57246,33.68547,33.49911,47.19058,1.6592,89.36015
LDOS,0.0,0.0,20.9,1.18105,2.35,3.49283,47.27157,633.0,8.98765,-34.39986,3.08,940.0,0.0,-7.57576,3.46443,4.4606,1.01984,0.0,0.0,0.0,0.0,51.08797,5.19273,104.44868
LC,-5.28687,0.26836,12.25903,23.00391,-1.9,-12.2444,7.2522,612.956,51.41692,93.87108,-1.55,1189.18,22.58826,93.87108,-12.2444,-10.08332,22.89022,6.41798,6.68043,-14.46935,-14.46935,81.57765,7.04927,93.87108
LEN,40.1621,13.869,29.96499,5.10042,3.93,8.33873,16.59025,1368.098,12.49405,13.58382,4.18,2393.842,1.60803,13.56966,8.32734,8.3379,0.90218,5.29847,6.04758,14.38809,13.87504,46.52992,4.58705,87.02048
LII,11.11637,8.15953,0.87493,1.13201,6.34,7.65048,17.9876,513.6,14.10369,54.25791,7.06,1076.5,7.23926,48.8746,7.62852,8.41399,0.58519,16.54919,32.50414,92.28926,92.28926,95.80667,1.69042,92.28926
LNC,4.72071,0.75191,63.96713,5.29309,5.03,8.99283,0.0,0.0,0.0,11.52993,5.29,4234.0,2.62354,3.29289,8.99283,9.34608,5.29309,0.41913,5.46792,8.4855,8.4855,27.74367,193.83138,38.39619
LMT,1.74916,5.81049,5.22837,1.20459,12.38,7.94319,-0.30025,6309.0,13.35295,8.02792,12.37,5481.0,9.26679,47.07351,11.22164,7.83597,0.80043,6.6308,18.76862,162.89062,159.60027,89.89174,2.26375,538.0005
L,0.0,3.86139,53.95682,40.52987,1.93,5.4569,34.84403,2291.0,17.46056,168.05556,1.97,6316.0,-62.01128,151.53847,4.98438,5.07402,40.52987,1.18511,2.67836,3.6614,3.10151,31.57093,4.7045,46.13672
LPX,16.54412,25.279,8.28523,4.44275,1.03,6.72965,471.57895,325.8,14.58762,63.772587,1.13,404.3,7.85238,63.772587,6.70726,7.2554,3.3549,6.32799,7.96297,13.58521,13.58521,23.97151,1.15715,31.52965
LOW,0.0,1214.0696,8.41099,1.00658,2.73,4.30985,11.27927,6985.0,11.82415,0.73801,3.31,20570.0,6.47959,-5.6338,4.30985,5.19411,0.06786,10.89859,16.51436,28.8957,28.8957,62.30114,1.81088,165.26
LUMN,0.0,715.93646,24.51582,0.96504,1.16,3.58329,-6.22126,6527.0,37.36119,-26.58228,1.5,9696.0,0.56025,-28.7016,3.58329,4.63265,0.42812,3.40173,4.77758,4.55953,4.55953,59.50373,3.01639,146.93634
LYB,12.9122,10.89121,14.96859,2.11432,9.15,13.18233,-14.99167,6124.0,20.98482,-4.6875,9.05,5992.0,7.1707,-14.29848,13.14464,12.9937,1.19427,13.799,21.49649,61.05731,60.83656,59.65856,1.46653,147.88408
MTB,0.0,380.4552,97.67591,0.972,7.78,22.984,18.16268,3193.754,55.81664,8.35655,7.94,5105.883,40.01538,21.80737,22.984,21.75572,0.97059,1.51945,6.7899,8.71026,8.05338,36.93893,3.0238,58.57645
MBI,-22.66106,0.19861,23.86817,3.67922,-2.54,-62.13235,0.0,0.0,0.0,9.490964,-1.21,12.0,138.48805,9.490964,-62.13235,-29.58294,3.67922,0.63962,0.82893,-9.71823,-9.68481,60.75842,9.490964,154.83174
MDU,6.80184,6.76664,11.78288,1.45966,1.19,5.64557,29.79581,625.438,15.14808,54.54546,1.19,777.053,0.02792,73.84036,1.56056,5.62886,1.00999,3.96063,5.98571,9.95552,9.63846,43.59433,2.86225,77.28715
MTG,46.3646,5.51225,7.482,6.02776,0.86,32.23741,18.95165,666.517,62.73202,-66.92308,1.17,669.317,34.30371,-70.775,32.23741,37.75884,6.02776,7.12408,11.51281,14.31633,14.31633,31.62209,1.76851,46.24606
MGM,14.44166,24.98956,10.83421,0.97217,1.92,13.08156,14.35416,2135.915,22.59003,292.98242,1.61,3957.048,-7.33857,292.98242,11.64884,9.67408,0.86748,3.01186,3.69574,19.42507,13.90209,56.46718,6.08713,130.41617
MSM,-2.7276,7.19536,19.41245,2.05075,3.77,8.07458,-1.30675,447.49,15.62735,0.80214,3.78,1288.858,10.38129,-0.03977,8.07458,8.04023,0.93053,11.28018,13.5574,19.02037,19.02037,35.5866,1.35606,55.2472
MSCI,6.37008,5.35515,3.47946,1.96744,2.7,22.66986,18.21892,569.457,49.48921,29.1866,2.72,898.562,33.57856,16.63641,22.66986,22.68958,1.88855,9.7941,12.51883,42.79497,42.79497,86.72667,3.64418,82.86576
MAC,5.38146,8.22631,28.51608,0.43442,3.52,50.52203,0.0,0.0,0.0,14.28571,3.51,679.071,7.38541,6.03677,47.07607,46.85457,0.43442,1.78031,1.91271,11.72151,11.68278,52.86771,47.538612,112.16877
M,0.0,607.187,13.69837,1.33589,3.22,3.9514,-19.87594,3100.0,11.44799,-23.69668,3.26,10583.0,3.33053,-29.75098,3.95879,3.95356,0.29749,6.06311,10.35698,22.26838,22.21992,64.23045,2.46355,179.56737
MAN,4.00896,4.5411,35.26856,1.40289,6.27,2.30893,4.48881,821.7,4.18081,16.11111,6.16,3333.8,2.70612,5.84447,2.25754,2.19708,1.36974,6.09938,13.49826,17.79569,17.66137,25.2277,1.0045,33.73937
MPC,23.57363,17.06388,25.67614,1.4555,2.21,2.17255,-27.21961,4484.0,8.03109,-57.98479,2.26,6702.0,0.00649,-58.83591,2.1027,2.13723,0.63098,3.54601,4.89744,8.76316,5.93473,33.27144,2.35772,52.32886
MKL,3.98321,1.74057,606.3007,18.48947,31.27,8.21461,-7.73876,959.42,17.11669,-25.08385,34.81,2779.061,7.52703,-21.80664,8.12979,8.70254,18.48947,2.03203,4.85691,5.59297,5.59991,23.16137,2.68342,30.40515
VAC,22.66439,12.33883,33.63538,4.38938,4.83,7.58311,3.73959,269.697,14.89023,26.43979,5.07,654.0,-1.37169,11.84782,7.58311,7.80472,2.8709,6.49368,9.30841,14.5798,14.28421,44.81488,2.73353,81.20826
MMC,6.16698,4.0497,12.0352,1.19647,3.38,13.59849,9.50069,3158.0,23.92424,13.42282,3.48,5750.0,13.34754,10.56911,13.39394,13.68273,1.1438,9.33912,15.3881,27.83156,27.88566,43.38839,1.52217,76.64222
MLM,12.10898,8.96575,65.53087,1.98758,6.63,11.14093,23.47675,943.818,24.71537,54.54546,6.62,913.621,4.82656,47.2984,11.13941,11.02712,0.92931,5.79277,7.18273,10.37873,10.37318,29.11845,1.8031,41.08044
MTZ,26.88216,4.96794,13.28468,1.66965,1.61,2.61038,73.61609,443.445,8.63624,66.48301,1.7,692.578,1.35742,66.48301,2.55639,2.66096,1.4224,5.68584,8.49981,12.89357,13.09559,48.17678,2.31366,92.9637
MAS,7.50293,8.31299,-0.93711,2.00959,1.47,7.25839,14.68065,1203.0,16.35177,42.71845,1.61,2462.0,5.27049,38.30986,6.67392,7.13416,1.44384,12.42258,21.07843,188.77908,188.77908,103.55909,2.49127,188.77908
MA,31.23262,8.63808,5.22881,1.83569,3.69,37.66704,11.94484,6251.0,58.00854,10.14925,3.77,10776.0,0.0,6.59139,37.66704,38.4137,1.42853,21.0265,36.33778,69.47963,69.11289,47.7141,0.82979,91.25616
MATX,-11.57256,9.61664,10.99068,0.98209,1.85,4.14607,-19.59713,235.5,12.12917,-20.94017,1.91,324.0,-1.84513,-21.84466,4.14607,4.23985,0.87536,4.76216,8.39352,17.46015,17.46015,61.04594,3.13758,156.71262
MMS,12.56925,5.29435,11.48492,1.82236,2.69,7.49617,10.51114,354.491,14.74981,14.46809,2.68,562.191,6.44315,13.05048,7.42136,7.33985,1.69729,13.44195,20.24647,26.2016,26.32304,18.02602,0.46719,21.98994
MKC,2.19684,9.58605,6.49082,0.99937,1.845,10.67664,6.67693,762.1,17.2753,18.64952,1.93,1832.0,10.93421,17.60458,10.70611,11.07732,0.41021,9.05678,13.42637,28.65203,28.33083,46.9063,1.89896,88.34626
MCD,13.50581,17.75959,-2.69047,1.39798,5.44,19.03387,4.75384,9210.9,37.40938,13.33333,5.8,10204.7,11.89952,3.47074,19.03387,20.12647,0.77776,14.17471,17.78566,191.92809,191.92809,109.28072,2.81793,874.54645
MCK,0.0,705.24304,39.66222,1.09598,9.84,1.22692,6.63931,4417.0,2.31397,30.50398,10.34,11442.0,0.61471,52.98103,1.18292,1.24589,0.6281,4.19372,12.22514,27.06056,23.55544,43.91426,1.84605,90.51954
MDT,8.80282,5.40247,37.21396,3.29379,2.48,12.27066,39.99386,9122.0,31.63736,2.90456,3.36,19926.0,18.02058,32.26168,12.27066,16.42651,2.53957,3.81538,4.56088,6.7203,6.7203,37.50165,3.42469,60.00423
MRK,8.23566,5.89646,14.58418,1.77947,1.41,9.90027,2.93841,15309.0,38.45806,-9.61539,2.69,26305.0,25.33537,-11.75146,9.84751,18.69154,1.24151,6.40039,9.24918,9.24921,9.26477,38.13047,1.62271,61.63045
MCY,4.68696,6.99026,31.69531,10.55672,1.32,2.26305,0.62423,101.071,3.13138,-2.22222,1.32,349.6,1.20264,-1.92672,2.26305,2.25948,10.55672,0.99133,2.23168,4.08834,4.08834,15.44102,3.16609,18.26065
MTH,0.0,43.85348,17.75493,5.86523,1.775,4.91631,3.49997,213.537,7.02024,14.88673,1.87,556.914,-6.47635,16.15918,4.91631,4.9153,0.43736,4.46382,5.04599,11.15798,11.15798,44.22905,5.27924,79.30482
MET,0.0,865.96533,61.44029,5.46476,0.63,1.27397,-79.03703,2055.0,3.25622,-86.21444,1.08,17975.0,-20.97607,-84.93409,1.26763,1.88328,5.46476,0.07584,0.72674,1.18292,1.18256,26.22234,11.67105,35.54238
MTD,10.58967,5.79001,16.71572,1.5264,14.22,15.32419,8.94692,615.488,24.53847,13.94231,14.89,1437.732,11.88827,8.94224,15.32419,15.74213,1.0445,16.33545,27.33739,75.7081,75.7081,67.27225,1.45256,205.55107
MTX,-2.12217,4.74783,28.78181,2.54179,3.79,8.36996,-2.77542,343.3,20.95849,23.05195,4.51,460.4,8.89957,23.63299,8.14408,9.60922,1.79966,5.50193,7.44851,13.91758,13.92868,51.22771,3.15409,105.03444
MC,-19.97097,23.54825,10.28812,1.63581,1.58,23.12867,16.53614,169.482,27.63115,1.93548,2.0,570.778,42.17106,15.9588,6.25835,6.82586,1.63581,18.2624,40.85095,20.22519,55.75808,0.0,0.0,0.0
MHK,12.3121,7.24682,77.88333,1.27708,12.48,10.42033,20.29755,1694.249,18.91096,50.18051,12.63,2851.129,5.00712,51.20412,10.38456,10.44675,0.55101,7.9839,9.8041,17.50343,17.46616,30.29376,1.4896,43.63724
MOH,63.14908,22.63781,28.92983,1.31028,0.92,0.29243,-9.32039,467.0,2.62625,-64.34109,0.93,2248.0,3.65609,-63.63636,0.29243,0.28765,1.2232,2.72727,5.92105,3.24392,3.24392,49.93928,3.52248,99.75743
TAP,60.43148,9.19703,53.13495,0.68713,9.27,40.62641,45.55252,850.9,17.41863,385.3403,2.7,1968.0,16.85747,449.62448,40.44831,11.7175,0.43268,1.42637,1.76178,21.43573,21.24294,50.95129,14.18792,103.87895
MCO,10.64838,4.26684,-6.4239,1.33972,1.36,7.65218,3.44067,1641.5,45.54409,-70.62635,4.88,2584.6,51.60819,-71.67747,7.39693,26.09112,1.28173,18.1184,35.04081,211.52725,211.52725,143.98253,2.04874,211.52725
MOGa,0.0,0.0,0.0,0.0,0.0,0.0,0.0,0.0,0.0,0.0,0.0,3620.107,0.0,0.0,0.0,0.0,0.0,0.0,0.0,0.0,0.0,0.0,0.0,0.0
MS,0.0,2043.7802,36.99361,1.37649,2.92,16.13218,9.12896,13819.0,36.41466,0.34364,2.98,30924.0,-39.11829,-2.41554,15.75536,14.51954,0.78036,0.94256,1.92795,8.77878,7.98378,80.96524,23.75541,2043.7802
MOS,-3.29922,12.84922,27.36588,2.07049,0.85,4.20506,-41.51755,1196.2,16.70017,-69.42446,0.98,810.0,0.71847,-70.23191,4.15759,4.7941,0.97996,1.64949,2.10309,3.11565,3.13954,28.40775,3.19194,39.67992
MSI,3.52423,4.35642,-5.85307,1.29985,3.24,9.30772,25.38649,1541.0,25.5217,2.2082,4.13,2912.0,16.79571,-8.19672,9.27459,11.60066,0.96552,9.24332,20.12794,224.59177,224.59177,127.64228,2.85269,224.59177
MLI,1.87621,8.0952,7.82894,4.08382,0.87,4.85274,21.00567,195.838,9.52695,12.98701,0.89,332.123,4.65594,13.50155,4.85143,4.89867,2.81566,7.20967,8.96986,11.55606,11.1076,19.53633,1.16098,24.27969
MUR,-31.67818,4.11374,28.55181,1.03777,-1.59,-15.13853,101.12556,796.947,44.04056,101.12556,-1.57,1259.705,-18.56594,101.12556,-15.25054,-14.93785,0.89284,-1.9923,-2.66731,-5.35913,-5.35913,37.83631,3.75504,60.86562
VYX,1.07261,5.36972,5.57785,1.40305,1.8,4.38637,-0.10373,963.0,14.71802,144.55959,2.11,1822.0,11.15314,144.55959,4.12655,4.05037,0.90585,5.1607,8.40068,40.0,18.51016,66.15351,3.16822,197.348
NRG,0.77787,10.63366,6.47027,1.45938,-2.22,-7.21399,228.89267,2268.0,18.36289,228.89267,-0.61,2239.0,6.55919,228.89267,-6.2667,-1.56068,0.81858,1.781,2.30096,-32.6032,-17.3735,81.0608,8.47707,228.89267
NUS,-12.02628,66.23755,12.62491,1.79027,2.55,6.57606,-5.99288,331.659,15.02217,13.33333,2.94,1738.74,9.88972,7.54626,6.48094,7.37891,1.00079,11.0096,15.07721,19.21016,19.4921,39.10436,1.28576,64.21537
NBR,-35.21425,3.44593,571.81036,1.40624,-179.0,-45.39125,-44.74896,618.384,27.75712,77.7757,-139.5,883.541,17.9197,77.7757,-46.22156,-34.62392,0.97764,-1.78596,-2.1405,-26.8636,-26.79267,52.36951,5.78707,109.94954
NFG,20.54314,10.47417,17.93964,1.35983,-3.43,-20.03269,-6.44296,789.061,54.32748,86.40856,3.11,862.92,-6.35069,86.40856,-20.03269,18.16816,0.92697,5.46706,8.7347,-16.38072,-16.38072,57.73884,2.64397,136.62387
NNI,-12.0786,0.04428,48.96461,160.47632,6.02,21.79929,2.5961,760.154,64.35242,2.20713,5.85,785.53,99.94251,-4.18988,21.73579,20.91019,160.47632,1.5742,1.59805,13.01294,12.99498,92.25516,32.45196,99.94251
NJR,-8.25727,12.53966,13.55146,1.06238,1.52,7.00046,-22.45183,240.283,12.77486,-27.61905,1.53,319.798,-8.78081,-27.23696,7.00046,6.98613,0.3168,2.9637,4.71522,11.58296,11.58296,51.65979,5.18847,106.8671
NYT,-4.74225,7.68953,5.26093,1.99675,0.19,1.67841,-17.15026,206.155,13.25464,-50.0,0.34,917.524,8.56937,-54.03978,1.86891,3.52228,1.87488,3.92215,7.6796,3.74318,3.1213,22.63316,1.19802,29.25434
NEU,5.26001,7.90241,40.79445,2.84084,20.54,11.87835,2.29629,406.55,19.83702,5.60411,20.54,677.182,9.30657,2.02764,11.87835,11.85425,1.69412,16.7518,24.15774,55.91107,55.91107,51.26189,1.25022,105.17826
NEM,-51.15385,34.68217,20.21057,2.67257,-0.41,-11.77172,-48.42632,1442.0,21.48711,205.59193,-0.3,3056.0,5.65676,205.59193,-9.34287,-2.36925,1.80286,0.11631,0.1452,-1.99357,-6.03837,27.98836,3.20042,38.86643
NEE,0.0,9.05549,13.00267,0.67854,1.5625,18.60105,-1.53559,7374.0,45.64531,3.13531,1.4075,8617.0,13.53451,5.81395,18.02538,16.13899,0.37018,3.11427,4.92911,12.41394,12.40633,54.90378,4.18226,121.74806
NI,28.33333,5.96218,12.59809,0.51043,1.01,7.30328,6.11644,1405.3,31.28102,74.13793,1.02,1708.5,-18.7059,15.70681,7.37897,7.30642,0.25578,2.96468,4.7105,8.2909,8.2909,66.01811,5.62819,194.27441
NKE,-3.48422,9.8124,7.28775,2.80422,2.16,11.61354,7.73897,5151.0,15.90993,16.75676,2.21,14971.0,6.7191,14.87932,11.61354,11.58994,1.62337,13.08843,19.88516,30.12217,30.12217,14.44724,0.40186,16.88693
NE,-36.03284,4.62581,23.67499,1.8832,-3.82,-45.3386,-45.91683,909.482,48.06614,99.53196,-5.39,1364.511,2.67059,99.53196,-49.12832,-69.25754,1.73751,1.53303,1.6419,-14.92353,-12.35267,40.15812,4.77207,67.10704
JWN,0.0,13.07107,5.02017,1.03538,3.15,4.15599,-9.8913,1658.0,11.48438,-15.32258,3.15,5104.0,15.45768,-16.66667,4.15599,4.06487,0.27173,7.98265,14.62637,36.24283,36.24283,76.30577,1.6918,302.53168
NSC,-0.10571,10.45796,42.72807,0.97948,5.62,16.86893,3.32661,4100.0,41.4644,10.19608,5.66,4100.0,11.05507,7.19794,16.86893,16.82316,0.81274,5.5566,8.45211,13.56263,13.56263,45.81459,2.55902,84.55154
NOC,16.12108,7.98306,30.03976,1.21776,12.19,8.97666,2.99182,3649.0,14.88902,17.32435,11.89,5909.0,5.74302,10.55276,8.97666,8.67929,1.0373,7.97166,16.37302,40.81254,40.81254,57.34447,1.93752,134.4362
NWN,3.99777,5.421,29.7065,1.04931,2.12,8.4976,-0.94553,221.569,31.96884,8.16327,2.13,270.862,7.15821,9.66799,8.4976,8.49661,0.48768,2.82791,5.31469,7.21987,7.21987,47.6011,3.48705,90.84371
NCLH,40.49027,90.08955,19.96852,0.17775,2.78,12.98812,20.05724,1364.681,27.99725,49.46237,2.95,2024.115,-4.19912,48.21591,12.98812,13.74565,0.08283,4.61685,5.51855,15.22094,15.22094,58.5081,4.68878,141.01086
NOV,-28.81066,2.89519,36.81627,2.58484,-6.41,-33.31954,-86.47627,322.0,4.44077,5.335248,-0.84,-101.0,24.40008,5.335248,-33.26438,-4.35581,1.14572,-0.99499,-1.26639,-15.90872,-15.86187,18.6676,9.98137,22.95223
NUE,17.91074,10.74988,24.72215,2.72238,2.48,5.55534,17.23162,2136.3,13.18043,123.42342,2.52,2025.907,4.77373,122.63413,4.91279,4.96849,1.60155,6.14631,7.29563,10.41099,11.22663,34.54778,2.03955,52.78321
OI,3.20285,11.76007,1.56464,1.09418,1.32,3.52941,8.28961,1032.0,15.36858,55.29412,1.64,1310.0,6.22301,54.81482,3.11244,3.95302,0.54272,4.16307,6.69237,101.64706,73.83178,93.62151,5.16279,121.68818
OGE,2.69197,9.83758,17.24487,0.53495,1.69,14.9699,4.66354,825.9,36.55719,24.26471,1.72,941.0,-10.73555,24.65905,14.9699,15.20379,0.22926,3.22017,5.07682,9.99143,9.99143,45.42746,3.471,83.24235
OGS,0.0,51.455948,36.11652,1.28155,2.65,9.81585,10.96246,412.949,28.93356,18.30357,2.67,488.12,-5.7486,17.69722,9.81585,9.81267,0.68841,3.50885,5.35575,7.51213,7.51213,41.46199,3.23879,70.82917
OKE,46.87893,12.16705,0.89588,0.504,1.67,8.35731,16.71327,1667.626,18.6934,40.33613,1.68,2424.81,3.76831,43.70288,3.94621,3.97599,0.39529,5.05005,6.2266,135.00896,20.72339,73.35697,5.6613,275.33267
OUT,5.96659,7.01692,9.1504,1.50378,0.6762,6.00436,2.67627,399.0,26.35577,65.836334,0.70694,695.8,15.8531,65.836334,6.00436,6.28516,1.14195,3.47126,3.85201,7.43406,7.43376,63.41029,5.35539,173.30089
OXY,34.30976,2.89984,28.12867,1.32474,-1.31,-9.93062,371.31516,2757.0,27.32408,371.31516,-1.06,4901.0,3.82681,371.31516,-5.6888,-8.02406,1.10154,-2.18237,-2.95122,-4.37106,-4.37106,31.35458,3.56148,45.67614
OII,-20.07817,4.1207,15.46569,2.48364,0.25,1.08232,-48.23482,329.915,14.52344,-89.31624,0.33,288.127,17.23234,-89.35722,1.08232,1.42417,1.84896,1.5181,2.12594,1.58856,1.58856,34.33596,2.40383,52.29035
OIS,-30.08793,2.49398,23.44196,4.56932,-0.92,-6.67959,-73.1085,48.839,7.03282,6.893794,-0.86,167.674,24.69213,6.893794,-6.68016,-6.21355,2.82857,-2.92827,-3.31505,-3.77125,-3.77125,3.6734,0.94036,3.81348
ORI,2.84614,1.29461,17.0204,13.53941,1.62,7.91289,9.35313,765.8,12.97856,9.45946,1.8,3552.6,5.354,10.6136,7.91289,7.91411,13.36713,2.57758,8.4872,11.18002,11.18002,25.47706,1.99621,34.18687
OLN,-18.65787,8.59426,13.74244,1.67592,-0.02,-0.07026,94.7318,813.2,14.65067,80.657684,0.55,606.1,7.54851,80.657684,-0.07026,1.63694,0.95925,2.09919,3.11395,-0.16625,-0.16625,61.4131,4.4486,159.1553
OMC,4.01474,2.09302,9.21176,0.90801,4.78,8.08658,4.09732,2301.8,14.93037,8.39002,4.8,2745.7,11.51075,5.00046,7.45027,7.40694,0.75182,5.54625,16.12735,49.78329,42.12892,63.71108,2.18234,188.87427
OMF,-11.90863,0.29326,22.73334,49.17082,1.59,6.23077,165.8083,1858.0,47.64103,206.60738,2.2,1941.0,80.01603,206.60738,5.51282,7.59953,48.6121,4.26568,4.52374,7.39213,8.56992,81.99119,7.51292,206.60738
ONIT,0.0,88.63174,78.9945,3.70958,-24.15,-13.94742,-32.30628,555.362,38.85074,88.63174,-23.25,1198.413,-42.75191,88.63174,-13.97449,-13.44451,3.42797,4.12542,4.55678,-26.55492,-26.40867,90.60449,11.37842,88.63174
ORCL,-4.14738,6.73398,11.44735,3.73739,2.07,24.33935,-8.87522,15555.0,41.98721,-6.33484,2.18,29568.0,28.03702,-10.4347,24.02624,24.83813,3.62192,7.31006,8.92579,18.55303,18.61324,47.85313,2.81935,91.76606
ORA,46.12213,9.73625,21.71311,2.49843,1.87,15.32107,18.02653,326.066,49.21075,-23.04527,2.11,270.795,-2.70953,-21.44548,14.17617,15.75325,1.91685,5.73945,6.62679,9.08227,8.98907,44.41871,2.87931,80.2426
OSK,8.4243,6.64395,26.73656,1.7677,2.91,3.4463,0.83772,517.6,8.24309,0.34483,2.95,1056.7,7.88795,-5.70806,3.4463,3.45636,0.9826,5.36607,8.63406,11.13283,11.13283,29.97839,1.63485,42.81305
OVV,5.31562,4.72168,31.47996,1.23111,-5.35,-32.35093,-3.511203,-937.0,-32.11104,-3.511203,-5.6,938.0,-42.13502,-3.511203,-32.35093,-33.87635,1.21255,-7.62039,-10.20487,-15.35833,-15.35833,42.67802,-3.511203,74.45315
OMI,-3.0328,12.55431,15.73033,1.89635,1.76,1.11881,-3.09563,272.279,2.80024,6.66667,2.05,1187.31,1.7913,5.20071,1.11881,1.28803,0.91633,4.93318,8.74653,11.14262,11.14262,37.22883,2.09119,59.3088
OC,-4.37236,8.18601,34.15262,1.64694,3.41,7.02836,26.35838,1093.0,19.25313,22.22222,3.67,1412.0,7.01515,19.09091,6.92267,7.3956,0.82658,6.19999,8.05205,10.35846,10.40417,35.07425,1.92315,54.0221
PBF,36.37443,29.62121,18.54368,1.65678,1.74,1.41653,40.71491,646.896,4.06331,5.45455,1.9,377.984,1.05107,16.67338,1.07291,1.17355,0.6839,4.82867,7.65828,9.30257,9.66532,45.52387,3.32083,83.56663
PCG,3.46681,4.66676,35.39216,0.81491,2.78,7.96445,12.63179,5662.0,32.05027,55.30726,3.68,4987.0,-10.92565,58.44595,7.96445,10.39466,0.63921,2.75416,5.14222,8.15274,8.03541,50.33308,3.25609,101.34125
PNC,0.0,1010.527,86.02474,0.86618,7.3,24.26475,-3.81032,8053.0,49.03489,-1.21786,7.42,14729.0,52.80704,-4.94398,23.76545,22.31919,0.85638,1.18297,4.28596,9.40709,8.58522,52.93893,6.54489,112.48986
PPG,-3.68836,6.23433,18.75413,1.5217,2.11,3.96858,0.15308,2617.0,17.72315,-58.94942,5.84,6605.0,7.52235,-37.62447,5.93932,10.50457,1.07524,8.2014,14.38739,11.49964,11.74113,47.33626,1.68743,89.88398
PPL,1.7762,6.61708,14.56311,0.5387,2.79,25.30265,6.70421,3979.0,52.93335,17.72152,2.75,4163.0,-7.06898,178.88564,25.30265,24.78885,0.39953,4.91683,6.46482,19.19467,19.19467,66.03884,4.83765,194.454
PVH,-6.87261,11.76946,55.86467,1.84167,6.89,7.13689,8.56463,1095.2,13.65535,30.74004,7.74,4161.6,8.47147,30.38724,7.13689,7.95202,0.81345,4.87847,6.72916,12.83897,12.83897,41.40505,2.93718,70.66318
PKG,8.27965,8.71841,18.67895,2.71234,4.75,7.77989,4.09273,1167.4,20.20073,6.26398,4.89,1281.1,8.92196,2.9304,7.77989,7.91166,1.50688,9.14764,12.0569,26.50084,26.50084,60.25027,2.28491,151.57404
PGRE,0.0,8.4429,17.34672,2.352,-0.05,0.29941,0.0,0.0,0.0,27.236628,-0.03,424.912,0.0,27.236628,-1.43756,-0.94664,2.352,0.81836,1.41747,-0.25633,0.04058,42.57329,27.236628,74.135
PH,-1.62166,7.06929,34.14064,2.20115,5.89,7.1053,-15.39143,1573.584,13.85105,-15.49498,6.48,2613.566,11.17199,-20.28376,7.10199,7.72033,1.66111,6.54602,10.17264,16.67104,16.66726,39.877,1.92989,66.3257
BTU,106.73077,13.43773,17.84865,2.06622,-37.3,-14.30026,29.987783,159.8,3.38897,29.987783,-31.69,660.8,-11.80519,29.987783,-15.68935,-12.29884,1.38328,-1.90469,-5.71976,-109.40582,-107.34697,5.64246,0.12641,5.97987
PEB,10.47402,28.57207,22.32365,0.2665,0.64,9.81483,0.0,0.0,0.0,-31.91489,0.65,279.596,18.43202,-22.14476,9.78059,6.20187,0.2665,1.6278,1.74549,4.38214,4.3895,38.23841,19.358902,61.91294
PNR,-32.00998,4.54081,23.40605,1.8162,2.47,9.23517,-20.77374,919.5,18.80368,95.92356,2.66,959.1,13.73441,95.92356,10.67894,9.86213,0.75462,3.94636,5.35071,10.93039,10.93039,50.14531,4.65383,100.58293
PRGO,0.0,0.0,41.54882,1.52769,-28.01,-75.99137,0.0,1120.1,21.21161,0.0,-15.79,2051.8,0.0,0.0,-75.99137,-42.84943,1.00011,0.0,0.0,0.0,0.0,49.31816,5.1757,97.30932
PFE,0.59932,6.44156,9.8056,1.25178,1.17,13.68696,5.4796,20058.0,37.97138,5.40541,1.86,40906.0,25.34217,3.66379,13.65856,21.44014,0.83802,5.27206,8.68192,11.59129,11.58301,41.29074,2.09822,70.33088
PM,25.95392,8.50247,-8.17849,1.06929,4.48,27.16882,0.98733,11558.0,43.31272,1.35747,4.48,17294.0,22.21566,1.36767,26.1083,26.0389,0.46991,19.09239,38.43721,1393.2084,1393.2084,159.9989,2.51488,1393.2084
PSX,24.34822,14.32862,43.16003,1.33996,2.92,2.31882,-60.07227,2210.0,3.11715,-62.2251,2.89,21811.0,-0.68232,-63.21268,2.19329,2.15036,0.96249,1.27328,1.91376,6.83667,6.89843,29.93828,4.58733,42.7313
PDM,-14.07972,2.67408,14.43055,0.65486,0.69,17.91928,0.0,0.0,0.0,-40.0,0.69,335.281,50.59187,-42.34811,17.92197,18.00763,0.65486,1.016,1.07183,4.64817,4.64432,49.06235,22.602146,96.31845
PNW,-3.37216,9.67544,43.14488,0.63593,3.95,13.19145,-0.53454,1341.813,38.35196,0.76531,3.97,1491.48,-10.33058,1.09249,12.6343,12.64172,0.28175,3.44793,6.01135,9.41746,9.56001,46.69582,3.22249,87.60256
PBI,-3.08941,2.48476,-0.56091,0.99895,0.51,3.36264,-9.70449,738.75,21.686,-74.5,1.35,1751.989,7.4057,-77.2505,2.72429,7.44812,0.92474,5.84651,10.4444,257.8769,61.6809,103.17856,4.55484,122.52656
PII,15.95326,27.74257,13.73877,1.24094,3.27,4.71476,-42.32779,460.786,10.20199,-51.55556,3.1,1184.081,5.50428,-53.23535,4.71476,4.41297,0.36762,6.68104,10.5583,23.03988,22.81313,56.59526,2.47818,130.38956
POR,3.55731,7.46796,26.35277,0.80243,2.17,10.0364,6.51466,654.0,34.00936,6.37255,2.17,1020.0,-4.66719,12.2093,10.0364,10.03143,0.46447,2.82242,4.54322,8.38766,8.38766,50.06391,3.59327,100.25597
PRI,2.0589,0.36326,26.71363,13.04248,4.59,14.44384,13.53044,380.881,25.07307,24.05405,4.59,971.944,23.34854,15.55951,14.44384,14.32551,13.02242,2.07635,11.49714,18.53827,18.53827,41.75013,2.29838,71.6742
PRA,5.62787,1.7913,33.77781,5.01832,2.83,18.17664,43.29952,215.554,24.6073,34.12322,2.85,200.375,41.35156,30.02143,17.24716,17.3139,5.01832,2.58256,5.65429,8.04252,8.47595,19.94754,2.0793,24.91808
PG,-10.03909,14.14317,21.58598,1.09789,3.49,15.35552,-2.59719,17439.0,26.70638,14.05229,3.84,32390.0,11.67916,49.34622,16.09213,15.87126,0.57592,6.99497,9.86435,16.51657,16.56904,34.5424,1.75457,52.77064
PGR,16.7534,3.94548,13.7215,4.79416,1.76,4.51459,-17.78737,1809.5,7.72716,-18.13954,1.77,1702.0,1.58333,-18.66519,4.40271,4.39677,4.79416,3.18198,9.12649,13.52442,13.0558,27.16542,1.73982,39.56467
PLD,-55.94851,11.7497,28.20818,0.96315,2.27,47.04349,0.0,0.0,0.0,38.41463,2.28,2042.066,47.65016,39.16238,44.03687,43.65773,0.86664,1.79007,1.8667,8.20222,7.00963,36.49672,104.57644,57.47217
PB,0.0,65.59629,52.41414,0.53671,3.94,34.55863,-4.008,506.09,63.72292,-3.66748,3.95,727.045,-29.79581,-4.24914,34.55863,34.6526,0.53443,1.36301,6.55686,7.72576,7.72576,26.47028,2.59087,35.99943
PFS,0.0,40.929283,18.94284,1.01422,1.38,24.56873,1.25692,177.231,49.59272,3.7594,1.37,308.56,85.57988,4.87327,24.56873,24.39812,1.01307,1.1166,3.56416,7.17382,7.17382,56.30059,9.09968,128.83603
PRU,0.0,1106.5792,106.76391,2.26842,9.71,7.50459,-20.4086,7441.0,12.63671,-20.21364,9.85,17649.0,127.20837,-22.58065,7.41797,7.33012,2.26842,0.57766,5.76806,9.95522,10.04193,38.56408,3.88792,62.77122
PEG,12.33202,6.74684,26.0069,0.99328,1.75,9.78921,-24.16188,3167.0,34.95199,-46.9697,2.54,3189.0,-12.55794,-47.17094,9.78921,14.15627,0.56288,3.64345,5.90144,6.77203,6.77177,47.29659,3.72056,89.74105
PHM,0.0,141.52615,14.60203,7.68228,1.75,7.85949,22.62187,1019.103,13.28951,28.67647,1.84,1950.578,-12.25841,21.98243,7.85949,8.152,1.01832,6.30111,7.89074,12.79803,12.79803,42.68332,3.40475,74.46928
QGEN,1.60342,4.84694,12.23929,3.36405,0.3744,6.00176,11.55665,412.136,30.8026,-37.03704,0.75981,856.613,26.83008,-36.74107,6.00931,12.1086,2.78866,2.92838,3.40814,3.1122,3.10707,29.09232,2.59538,41.02845
PWR,-7.46503,4.90273,22.08236,1.89901,1.26,2.61968,9.41158,540.107,7.05901,103.22581,1.35,1013.8,2.72897,-36.19217,2.5928,2.77517,1.33809,4.00022,5.81143,6.18607,6.23402,9.75005,0.66862,10.80339
DGX,2.7747,8.2266,33.78102,1.56065,4.51,9.26148,-0.87542,1472.0,19.58749,-7.3922,4.72,2638.0,11.08782,-9.0268,8.58283,8.79308,1.31499,7.38959,8.7696,13.85309,14.62185,44.0798,2.53669,80.12876
RPM,0.71961,5.01604,10.32266,2.13367,2.63,7.42593,10.10365,658.803,13.68615,47.75281,2.6,2087.048,9.67453,48.12054,7.36915,6.98837,1.2996,7.28029,11.5385,26.63374,26.79381,54.5657,2.50613,120.09801
RTX,7.77246,5.1725,34.10284,1.3033,6.13,9.49619,-8.44935,9535.0,16.65677,35.32009,6.62,15773.0,1.68599,-33.55678,8.83062,9.4621,0.85082,5.39816,9.30837,18.4393,18.60656,44.78694,2.50666,81.93973
RDN,16.79216,15.69877,13.3893,6.3101,1.37,24.89019,-5.80396,665.333,53.72295,14.16667,1.74,898.01,31.66582,7.43368,24.89019,29.75593,6.3101,6.95781,10.45303,11.48223,11.48223,27.13306,1.60752,37.23644
RL,-21.0687,12.63652,45.16285,2.54841,4.62,5.34774,-17.9792,1104.0,14.90885,-41.37056,6.01,4207.1,11.16982,-43.58974,5.34774,6.91495,1.50417,8.05666,10.53162,10.37328,10.37328,21.07926,0.9058,26.7094
RRC,95.18257,6.01293,21.88347,0.40117,-2.75,-47.44018,26.790112,-34.288,-3.11981,26.790112,-2.61,504.714,13.75175,26.790112,-47.44018,-45.08973,0.34446,-4.0456,-5.04071,-12.76656,-12.76656,41.09741,26.790112,69.77182
RJF,18.32944,0.32768,23.14504,1.22973,2.43333,9.16751,5.5812,997.319,18.06625,6.41399,2.60667,5039.883,21.57,5.41881,9.58908,10.04163,1.13647,1.99088,7.57707,11.21965,10.18674,35.41555,2.8316,54.83602
RYN,2.18574,38.5598,11.48547,1.79201,1.73,27.62604,95.61063,335.928,42.61542,367.56757,1.74,289.476,-27.61472,359.1617,26.89051,27.05872,1.15883,5.51411,5.80496,15.70341,15.23671,41.50189,3.16104,70.94569
O,28.04427,11.84538,26.00873,0.30367,1.13,28.68791,0.0,0.0,0.0,3.66973,1.13,1040.307,59.49597,11.20818,28.60578,26.127,0.27198,2.58673,2.69303,4.74612,4.74465,46.26957,61.477825,86.11427
RRX,0.04329,6.97793,45.50893,2.18358,4.52,6.49093,-13.01458,471.2,14.61312,42.13837,4.51,869.7,12.20306,41.93999,6.30796,6.25204,1.06428,4.41052,5.48691,10.23113,10.30781,40.4476,2.99554,67.91935
RF,0.0,354.5506,13.04483,0.8255,0.87,19.60386,6.08243,2651.0,44.87896,14.47368,0.88,5192.0,58.82639,9.51036,19.68851,18.69646,0.81767,1.31489,6.67691,7.26748,6.91178,31.78041,2.92833,46.58545
RGA,10.42892,1.54678,110.30717,2.2434,10.79,6.08812,30.77824,1244.096,10.79803,44.63807,10.91,1852.905,0.78222,39.68349,6.08812,6.08626,2.2434,1.45848,7.4148,10.60506,10.60506,35.64858,3.15839,55.39672
RNR,21.11925,1.38914,108.44628,2.97559,11.43,36.19588,0.0,0.0,0.0,23.1681,11.92,921.471,18.17174,16.64456,28.89487,28.2917,2.97559,3.67404,6.36685,11.43256,10.66042,13.94966,56.491493,20.12706
RSG,3.31291,9.59054,22.66146,0.70889,1.78,6.53195,3.53451,2653.9,28.26997,-16.43193,2.23,3623.7,9.50992,-18.30911,6.52556,8.14836,0.64045,4.73314,6.35231,7.9222,7.92745,49.88666,2.8859,99.54768
RMD,5.38327,4.93844,12.04905,2.22335,2.49,19.16607,7.18759,527.707,28.6998,0.80972,2.58,1066.497,24.64743,-0.13517,19.16607,19.67813,1.74382,10.12406,11.58267,21.47436,21.47436,40.94318,2.22661,69.32845
RVTY,-3.05844,4.89362,19.64631,1.97219,1.96,10.19637,-3.27198,406.101,19.1963,4.25532,2.07,1014.757,12.25822,10.29728,11.07526,10.71225,1.30082,4.5323,6.05159,10.11752,10.11752,32.70085,2.57676,48.59029
RHI,-0.20039,7.45865,8.50254,1.88887,2.67,6.54025,-1.16856,626.537,11.93313,-0.74349,2.73,2160.676,9.42501,-4.0266,6.54025,6.65503,1.41702,20.18936,33.58479,32.85422,32.85422,0.09259,0.00161,0.09267
ROK,3.65034,5.5467,15.48716,2.11802,5.56,12.41092,-13.16215,1180.3,20.07484,-8.70279,5.6,2475.5,17.41368,-11.82939,12.41092,12.40106,1.7755,9.33018,16.33831,34.36389,34.36389,49.68142,1.66475,98.73373
ROG,17.64163,6.05366,35.28028,4.53033,2.65,7.35669,3.84037,127.733,19.46218,6.85484,2.85,249.485,15.299,4.23791,7.35669,7.81247,3.50319,5.64906,6.81078,7.91286,7.91286,27.80566,1.91707,38.515
RCL,0.0,277.21906,42.50544,0.16848,5.93,15.10112,12.57779,2378.968,27.99237,96.35762,6.1,3480.862,-10.95476,92.76371,15.10112,15.46011,0.09557,4.29094,5.26425,14.93662,14.93662,50.71864,3.94601,102.91648
R,2.2753,8.56684,38.38683,0.6316,4.94,3.89923,5.42174,1745.958,25.72509,-13.78709,5.13,1501.416,-8.04859,-13.87646,3.86736,4.00718,0.51293,3.16016,4.62344,13.10298,13.10298,72.42881,3.08786,262.69745
SPGI,13.21897,5.35826,2.51645,1.40598,7.94,39.357,13.84615,2516.0,44.44444,88.59858,5.17,3888.0,33.30463,82.17993,37.20191,24.00064,1.34891,17.3199,28.84425,321.34137,151.3587,66.67914,1.41653,321.34137
SLG,0.0,67.17151,74.91373,2.80904,2.48198,14.84635,0.0,0.0,0.0,-8.59375,2.49258,1187.347,51.1359,-12.03447,13.30189,12.53212,2.80904,1.2453,1.31108,3.52759,3.29043,43.34576,67.17151,81.01157
SM,56.18752,11.44357,22.44453,0.54108,-9.9,-64.19514,16.32587,-37.844,-3.2061,16.32587,-9.98,594.211,-183.61311,16.32587,-64.19514,-64.73773,0.39012,-9.45635,-11.63529,-34.84254,-34.84254,53.71143,16.32587,116.03607
SPXC,-31.41689,4.75933,4.56843,1.10771,0.3,2.058,12062.5,97.3,6.60871,582.30426,0.52,375.8,9.24744,582.30426,-5.79366,1.46962,0.74008,2.19845,7.31767,4.69274,12.12242,65.02373,3.66084,185.90814
STAG,17.43645,10.71724,10.97715,0.75917,0.29,14.22081,0.0,0.0,0.0,22.943129,0.33,196.772,50.69235,22.943129,13.79364,9.31466,0.75917,0.60933,0.632,4.41663,3.70264,49.26804,22.943129,97.11442
CRM,29.93883,3.01704,7.45663,0.77396,-0.07,-0.71133,0.0,602.97,9.04381,261.23538,-0.13,5012.668,28.73071,261.23538,-0.71133,-1.29011,0.68832,0.39779,0.77911,-1.05649,-1.05649,23.13837,2.49774,30.10393
SD,-49.77458,4.38437,26.12259,1.20341,57.49,282.16003,0.0,-945.936,-241.14719,-36.76771,-23.31,228.91,-230.3461,-36.76771,282.16003,-112.70972,1.16126,-33.70802,-42.08387,-36.76771,-36.76771,37.31345,-36.76771,59.52386
SLB,6.91344,3.0616,29.52117,1.58888,-1.24,-5.85041,-36.65849,5937.0,21.34844,443.24774,1.14,3700.0,15.45442,443.24774,-6.06616,5.56268,1.23806,1.95686,2.46125,-4.39833,-4.20229,32.08112,3.30403,47.23446
SMG,2.66597,14.63038,11.8607,1.67206,4.09,8.93128,9.33185,490.9,17.30898,59.14397,3.95,906.2,4.10599,97.30914,11.11738,8.50975,0.74001,9.79901,13.59247,37.99686,37.04841,64.18748,2.68099,179.23192
SEE,18.49947,8.18092,3.1512,1.0455,2.46,7.17584,-3.17619,1063.9,15.69568,51.85185,2.96,1401.0,8.45935,45.02087,7.17584,8.48484,0.6687,7.16414,10.52221,85.57354,85.57354,87.72919,4.09719,127.09625
SRE,8.33983,7.61916,25.88616,0.52472,2.73,14.91702,-7.18354,2933.0,28.80291,1.67598,2.06,3009.0,-23.03349,1.55556,13.46362,10.12368,0.33221,2.27832,3.39952,11.07431,10.9202,52.90464,5.83737,112.33515
ST,6.98167,6.61782,11.36474,2.29984,1.53,8.1952,9.95829,808.178,25.23752,-24.63054,1.56,1136.229,11.35146,-24.522,8.1952,8.31612,1.46005,4.96669,5.93643,14.53693,14.53693,62.76542,4.05059,168.56757
SXT,-16.1769,6.48548,18.89193,3.35585,2.74,8.88607,-0.53973,256.514,18.54483,18.10345,3.2,477.492,10.40868,18.23383,9.12775,10.30022,1.03135,7.74921,8.97192,14.62494,14.62494,41.92609,2.35215,72.19438
SCI,-1.65275,46.47166,5.76919,0.65889,0.9,5.84946,2.29578,739.979,24.41259,-21.05263,1.07,676.85,11.86135,-24.26895,5.84065,6.81599,0.57454,2.95591,7.99734,15.54734,15.52143,75.12365,4.46974,69.7387
SFBS,0.0,43.68994,9.92671,0.97876,1.52,35.27016,18.44942,139.871,60.54655,27.19665,1.55,188.187,251.51685,28.23261,35.27016,35.19226,0.97708,1.49151,9.54678,16.77762,16.76461,44.02186,2.9399,78.64117
SHW,10.47426,10.11026,6.73182,1.2821,3.99667,9.55416,9.4715,2018.95,17.0295,7.43728,4.28333,5921.258,7.09259,7.48248,9.55416,9.95421,0.74961,18.14796,34.17368,82.48785,82.48785,50.9671,0.96711,103.94471
SIG,12.01623,3.97898,38.54786,3.98118,5.87,7.14329,24.46246,706.2,10.78135,23.57895,6.59,2693.0,-1.74002,22.71178,7.14329,7.99831,1.7188,5.18376,7.60986,15.93909,15.93909,31.20322,1.96573,45.35564
SLGN,2.54625,12.69386,4.26346,1.11644,1.275,4.24452,-2.76274,463.249,12.82203,-9.25267,1.39,511.849,4.11882,-11.05601,4.24452,4.60646,0.36305,6.31086,9.56656,27.66573,27.66573,76.88747,3.37094,50.312096
SPG,6.40629,8.97992,13.62946,0.35526,5.87,36.878,0.0,0.0,0.0,-0.17007,6.25,4456.763,44.64151,0.61147,31.76775,33.76173,0.35526,6.22257,6.88424,42.29888,41.29193,81.84251,219.30182,219.30182
SSD,6.04843,7.88028,18.25246,5.37931,1.86,10.42617,18.4464,166.737,19.37313,34.78261,1.87,409.88,8.32456,32.17947,10.42617,10.44744,3.11556,8.95651,10.13433,10.46054,10.46054,0.0,0.0,0.0
SITC,-0.43875,6.18149,63.22737,0.14979,0.8,5.78136,0.0,0.0,0.0,50.021194,0.8,728.021,33.31262,50.021194,5.66922,3.45086,0.13282,1.46855,1.55406,2.00284,1.82425,58.06175,50.021194,138.44582
SW,0.0,0.0,0.0,0.0,0.0,0.0,0.0,0.0,0.0,0.0,0.0,2606.355,0.0,0.0,0.0,0.0,0.0,0.0,0.0,0.0,0.0,0.0,0.0,0.0
SNA,0.0,138.28279,45.16307,1.90399,9.2,15.07624,11.02325,940.7,25.3435,13.58025,9.41,1909.7,15.64234,14.14247,14.72062,14.72927,1.25013,11.60547,15.27597,21.72608,22.09282,28.08057,1.09376,39.04448
SON,-0.40624,7.63201,15.44825,1.68047,2.81,6.01899,3.13977,642.108,13.42514,15.16393,2.74,946.283,5.63417,14.51131,5.98874,5.79139,1.15396,6.87555,10.35316,18.81163,18.64769,40.37446,1.63951,67.71336
SSB,0.0,39.18553,46.82575,0.92658,4.18,21.85189,2.36115,249.579,53.84742,1.70316,4.58,441.531,-62.88507,1.81858,21.85189,23.71359,0.91757,1.63247,9.80551,9.23275,9.23275,24.54787,1.47902,32.53437
SO,54.50763,10.84251,24.99813,0.75265,2.55,12.7111,13.81109,7639.0,38.39465,-1.5444,2.93,8530.0,-7.50653,2.97398,12.53016,14.00498,0.4042,3.41529,5.12748,10.99449,10.31466,63.82833,6.21246,177.54208
SCCO,32.49354,9.96536,7.25471,2.56867,0.96152,14.47638,12.57041,2218.2,41.23202,7.52688,0.97114,2345.7,0.04368,5.44541,14.43362,14.52351,1.27067,7.60381,8.51054,13.99704,13.94437,50.35222,2.68425,101.41886
LUV,0.0,549.7279,13.72161,0.65722,3.55,10.98654,-5.11804,5024.0,24.59731,8.56269,3.63,7372.0,3.41065,2.88858,10.98654,11.14326,0.56268,10.65911,21.25626,28.40686,28.40686,28.63544,0.67416,40.12558
SPR,23.90969,11.70887,15.85226,1.88473,3.7,6.91457,-11.54314,946.4,13.93219,-34.62898,4.66,1016.2,9.84281,-40.4463,6.91457,8.65059,0.88434,8.24041,14.70002,23.20767,23.20194,36.03714,1.14825,56.34073
JOE,3.98077,11.56957,9.00277,18.96612,0.21,16.1514,214.2644,10.531,10.99912,19.08366,0.1,35.025,-39.70836,19.08366,16.60156,7.77678,18.60742,0.12172,0.1343,2.38207,2.27371,25.19744,21.96847,33.68526
SWK,-1.8729,9.41746,41.7344,1.70561,6.51,8.45892,3.49525,1906.9,16.71708,9.96622,6.83,4268.0,4.36446,9.2339,8.46242,8.74436,0.86718,6.08178,9.41312,15.8524,15.77562,37.51985,2.00713,60.05084
STT,0.0,689.1538,47.18816,0.48679,4.97,20.24192,-7.14658,5340.0,50.46305,11.18568,5.01,10197.0,-27.36605,8.23232,20.25137,18.53468,0.48507,1.19417,7.51231,11.76729,10.11475,45.07688,3.26124,82.07267
SCS,-0.89066,9.44007,6.17324,1.47785,1.36,5.56536,6.30631,259.6,8.48366,100.0,1.43,984.5,5.51838,97.79326,5.56536,5.69196,1.06583,6.88661,12.25367,24.31641,24.31641,28.87066,1.15216,40.58895
SCL,5.53121,6.89766,28.29895,2.30616,3.73,4.87192,12.84071,211.591,11.95914,12.3494,4.21,343.74,6.1199,13.45698,4.87152,5.42358,1.64551,6.80028,9.5648,14.46658,14.4349,33.26722,1.49824,49.8514
SF,50.28126,0.39284,25.89405,0.69815,0.66667,3.10272,10.97695,416.067,15.83587,-15.25424,1.86667,2391.537,88.30296,-11.71374,3.10272,7.12647,0.62385,1.38029,4.56852,3.20893,3.11691,49.72056,6.50849,98.88844
SYK,0.0,478.7781,25.46667,2.49714,4.35,14.54305,16.71664,3114.0,27.49669,15.07937,5.26,7555.0,10.50331,14.45448,14.54305,17.37542,1.69981,8.75089,11.07011,18.23819,18.23819,41.99466,2.2203,72.39791
SHO,22.836,33.3835,10.41823,1.3885,0.55,11.81028,0.0,0.0,0.0,-64.28571,0.55,562.35,1.84737,-61.36604,11.26627,9.9259,1.16632,2.8575,3.12893,5.99285,5.76197,27.24012,27.141752,37.43839
SYF,11.11231,0.2211,17.36828,1.51944,2.71,14.8856,1.81904,4310.0,28.50152,2.26415,2.71,6986.0,25.51415,1.67118,14.8856,14.86002,1.51944,2.93317,7.17307,16.79851,16.79851,58.66407,4.67448,141.92026
SNV,0.0,92.71102,22.91679,0.98571,1.89,19.04202,7.6818,633.001,48.84278,16.66667,1.99,1144.374,33.72582,9.15686,19.04202,19.0999,0.98076,1.34346,7.45576,8.69546,8.32588,44.21412,3.666,79.25684
SYY,0.82275,14.95821,6.21806,2.26722,1.64,1.88541,14.35019,2655.248,5.27181,42.6087,1.91,9040.472,3.20987,38.27305,1.88541,2.17313,1.64626,7.23561,10.63598,21.7309,21.44458,67.65363,2.80027,213.68504
TEL,-3.49057,5.87518,23.8825,1.5574,5.26,15.86044,-3.71933,2511.0,20.51806,74.75083,4.08,3827.0,10.29886,-16.98347,16.41608,12.20199,0.87834,6.29972,9.24433,21.48312,21.48312,32.41736,1.62087,47.967
TJX,11.34017,136.95602,3.24574,1.53844,1.665,7.36036,2.96516,4326.7,13.98193,5.71429,1.69,8910.415,7.04699,2.82286,7.36036,7.35621,0.61263,20.46537,38.70296,53.14612,53.14612,28.41042,0.39505,39.68512
TPR,11.70843,19.33204,9.63339,2.6284,1.65,10.25202,0.70387,987.2,21.97783,13.7931,1.99,3052.4,10.90459,14.43837,10.25202,12.2985,1.89259,10.15471,13.98896,17.80467,17.80467,24.61858,0.88756,32.65869
TRGP,30.78713,11.24143,28.41366,0.86228,-1.8,-2.37786,-9.40345,1025.1,15.32081,135.89444,-0.93,1768.0,1.78115,135.89444,-2.79932,-2.14608,0.64072,1.25742,1.44029,-5.58271,-2.61562,45.21035,4.76149,82.51623
TGT,0.0,1327.7036,21.51514,1.11947,5.25,4.50092,6.50123,7339.0,9.94647,37.07572,4.75,21544.0,7.67416,1327.7036,4.55784,4.0409,0.38227,7.84598,12.20244,24.64198,24.64198,49.61699,1.73866,98.47959
TMHC,0.0,53.639256,18.09981,9.22653,1.69,5.81863,15.83454,322.488,9.0841,22.46377,1.69,680.279,6.19316,-13.81349,1.48213,1.47976,1.0223,4.76352,5.37839,9.81893,9.99608,42.34442,4.91967,73.44373
TECK,42.15247,6.88889,30.23406,2.16455,1.32517,11.19355,200.49347,2172.3916,31.37634,200.49347,1.35495,1783.7733,2.83199,200.49347,11.1828,11.27991,1.40409,2.62739,3.53826,6.14494,6.08096,32.15772,2.85915,47.40072
TK,1.69627,5.64199,10.43952,0.7783,-1.62,3.72177,-10.70615,1085.273,46.60687,117.04182,-1.11,1215.061,-7.05472,117.04182,-5.29003,-3.77589,0.68376,2.52815,2.86986,-13.54847,2.08951,61.88561,6.49069,172.25887
TGNA,7.10738,5.79946,10.58995,1.27699,2.02,14.8292,17.10287,1234.55,36.94932,29.48718,2.36,1220.034,17.97716,-4.96712,13.07007,15.28209,1.12853,7.53828,9.66246,19.90286,19.5042,60.87007,3.2752,158.37787
TDY,2.86863,5.68231,44.27103,1.68633,5.37,8.87948,-5.00265,358.9,16.6938,-1.28677,5.68,827.2,8.91902,-2.50255,8.87948,9.14126,0.9719,6.21257,7.93919,13.17233,13.17233,28.44121,1.72137,39.74524
TFX,3.64955,6.991,48.49947,2.76723,4.98,12.72203,13.0184,492.819,26.38179,1.42566,6.67,1004.7,17.041,-3.05722,12.70737,15.46968,1.90761,6.03163,7.50081,11.43955,11.4569,32.58831,2.09676,48.34221
THC,11.1399,6.01871,4.18314,1.30317,-1.88,0.92248,4.82315,2282.0,11.6304,453.91458,0.79,7141.0,1.43405,453.91458,-0.97854,0.3999,1.02925,3.69965,4.90895,-33.75451,5.40379,81.44688,6.68493,453.91458
TNC,6.56795,5.74182,15.74757,2.2429,2.59,5.76498,0.92513,86.947,10.75316,48.85058,2.67,351.595,4.90977,45.26926,5.76498,5.7863,1.56354,9.50967,14.5046,17.56533,17.56533,11.49976,0.41628,12.99404
TDC,-5.57491,4.16129,7.43492,2.22359,0.95,5.38329,5.39419,508.0,21.87769,88.2953,2.11,1198.0,24.61779,88.2953,5.38329,11.78583,2.08779,9.63484,15.03314,13.73626,13.73626,36.90708,1.11811,58.4964
TEX,-37.55324,5.82434,14.14,1.91933,-1.79,-4.35057,-60.70387,202.1,4.54863,47.948166,0.88,776.1,11.2942,47.948166,-3.96345,2.13707,0.73746,1.57015,2.44328,-11.48092,-11.26063,50.8815,7.79713,103.58927
TXT,-6.41635,6.77044,20.62252,2.05939,3.09,6.11401,0.68922,1607.0,11.65506,23.6,2.64,2415.0,3.38247,38.02009,6.97708,5.18453,0.82563,4.87677,8.22442,15.99924,15.99924,39.76659,2.28998,66.02081
TMO,19.7886,6.53417,54.74497,1.44293,5.1,11.0829,9.96096,4591.2,25.12408,3.44828,5.8,8449.0,13.78495,2.34889,11.06375,12.53052,0.86995,4.0955,4.93413,9.44427,9.44427,43.56594,3.62169,77.19796
TKR,-3.65156,5.98208,16.46094,2.6596,1.92,5.72702,-11.5024,387.0,14.49547,57.809025,2.47,706.3,6.82963,57.809025,5.71578,7.26401,1.32803,5.75664,8.04348,11.74117,11.53701,33.54366,1.70336,50.47473
TOL,0.0,80.8415,26.14176,4.61395,2.18,7.07314,6.38516,561.586,10.39578,10.6599,2.26,1039.25,-0.00648,5.21193,7.07314,7.03935,0.55983,3.60342,4.25859,9.04169,9.02948,47.13038,6.72284,89.14453
TR,-15.77338,11.0903,8.81646,4.70886,0.82773,12.91863,0.51225,112.041,21.50086,3.0,0.82773,199.212,12.56479,2.15013,12.95529,12.89928,3.67054,6.31559,8.0993,9.57896,9.54821,1.12089,0.07199,1.1336
TTC,-7.74893,14.54517,5.07286,1.67948,2.06,9.65185,9.9854,398.388,16.64623,16.05634,2.09,874.595,10.74223,14.58547,9.65185,9.59164,0.94175,15.58255,24.04164,45.64197,45.64197,39.15152,0.88835,64.34263
TT,3.3665,6.17747,25.65114,1.55399,5.52,10.80621,5.69716,1957.3,14.48897,114.78599,4.17,4210.8,8.87813,122.11857,10.92761,8.00113,1.1118,5.89037,9.61773,23.16601,23.17603,37.72721,2.0795,60.58378
TRU,21.7258,6.73607,7.43887,1.47335,0.65,7.7072,23.09634,585.2,34.32459,2066.6667,0.79,1125.8,19.34131,1944.0677,7.07373,8.46114,1.33485,4.33468,5.38576,9.29766,9.24408,61.72634,4.05947,161.2763
RIG,-37.97468,3.82445,40.58392,2.56826,2.08,19.87503,-39.60538,2112.0,50.75703,-3.7037,1.68,2230.0,4.76448,-1.64349,18.69743,14.81759,2.22469,2.86322,3.20095,5.13531,5.39659,34.83558,4.00758,53.55267
TNL,1.6317,6.47283,6.76258,0.89173,5.53,10.93052,5.97015,1420.0,25.36167,7.58755,5.88,1864.0,16.2529,-0.1634,10.91266,11.55206,0.61909,7.47377,11.78275,73.4375,73.24955,88.47512,3.88169,159.06488
TRV,-0.52229,1.38626,83.05079,5.64989,10.28,11.05366,-14.51077,4884.0,17.91176,-5.51471,10.1,8444.0,27.96191,-12.35824,11.05366,10.67154,5.64989,2.53082,8.51091,12.87512,12.87512,21.70409,1.31798,27.7206
TREX,1.37804,10.05221,1.14079,2.05603,0.5725,14.14611,28.70247,118.136,24.63137,50.6579,0.5775,187.095,15.21837,41.05992,14.14611,14.15767,1.37641,29.98047,50.4393,54.14246,54.14246,0.0,0.0,0.0
TPH,0.0,45.617455,11.53308,12.79777,1.21,8.15474,-8.14264,300.662,12.5008,-4.72441,1.22,555.228,-9.72607,-5.00825,8.11474,8.15957,1.15494,5.54953,6.10791,11.17137,11.09672,42.78021,4.59663,74.7647
TRN,2.37902,12.25835,25.76266,3.02709,2.25,7.94848,-33.97969,1007.8,21.96456,-55.70866,2.25,777.8,-3.76365,-56.86127,7.48861,7.27721,2.07771,5.0302,6.20047,9.07506,8.72509,41.48649,3.03294,70.9007
TROX,10.92896,5.42228,8.74312,2.40038,-0.5,-2.77114,12.55061,278.0,13.28237,35.97083,-1.43,133.0,4.66436,35.97083,-2.81892,-7.93647,1.28736,0.46149,0.5476,-5.85608,-5.10788,72.45552,10.98561,263.0491
TFC,0.0,699.47595,33.14247,0.89545,2.77,21.16485,8.72417,5471.0,47.41723,8.20313,3.05,10221.0,59.70272,16.41075,21.02617,21.27123,0.88461,1.43166,5.68987,9.41569,8.52862,43.8505,4.2718,78.09597
TPC,18.30091,3.09183,31.55845,1.86824,1.92,1.92682,83.07511,269.179,5.41273,110.98901,1.95,457.19,1.72608,111.56496,1.92682,1.92723,1.27714,3.12335,5.53968,6.44561,6.44561,32.84347,2.82161,48.90584
TYL,13.59379,4.0141,24.9014,0.78274,2.82,14.53052,35.84437,181.105,23.95433,59.32203,3.01,359.188,18.81606,69.35208,14.53052,14.51088,0.71826,6.04643,8.87013,12.38257,12.38257,1.08047,0.05522,1.09227
TSN,-4.81482,23.32764,26.61496,1.76973,4.53,4.80464,18.66268,3567.0,9.67165,53.55932,4.65,4697.0,4.72262,44.91803,4.7938,4.85413,0.6861,7.90599,11.09513,18.32219,18.3342,39.48312,1.7603,65.24314
UDR,18.54559,55.58738,11.39962,0.17647,1.08,31.59488,1.31449,235.541,23.22832,-16.27907,1.1,669.336,50.94339,-14.00334,28.86694,28.7887,0.17647,1.86984,1.93513,9.92273,8.15891,45.91671,14.44113,109.83245
UGI,-10.66793,9.50627,16.483,0.98738,2.08,8.59701,19.7321,1394.4,24.52469,30.0,2.39,3248.2,6.04983,29.78648,6.41434,7.27858,0.7509,5.80484,8.1966,13.15918,13.62661,53.15646,2.93115,113.4766
USB,0.0,1398.1079,24.63121,0.81995,3.24,26.13437,3.92795,12462.0,54.79247,2.53165,3.25,19211.0,124.67024,0.15309,25.88815,24.54933,0.80572,1.72732,7.42112,14.28658,12.5467,49.66026,3.79442,98.6502
USFD,-0.64393,18.6331,11.48627,1.41634,1.03,0.91538,18.14219,910.028,3.97066,0.0,1.33,4053.0,2.13665,228.94493,0.91538,1.16137,0.74274,3.41417,4.81796,10.1069,10.1069,59.84326,4.1556,149.02422
UAA,43.59558,9.1361,4.63212,2.86542,0.45,5.32562,12.08188,578.171,11.98199,-14.28571,0.48,2248.614,-1.34149,10.49391,5.32562,4.34039,1.27316,8.33824,10.4732,13.89405,13.89405,28.69752,1.41375,40.24758
UNP,-7.22714,15.25708,24.43174,0.98791,5.07,21.22762,-7.49205,9310.0,46.68773,-7.65027,5.09,10307.0,17.42014,-11.29505,21.22762,21.24726,0.71291,8.23982,13.01509,20.83477,20.83477,42.952,1.61192,75.29099
UIS,-13.03301,5.18797,-32.55489,1.04656,-0.95,-1.3011,24.28115,233.4,8.27454,52.97163,0.61,659.8,10.29399,52.97163,-1.69107,1.08259,0.89283,3.89274,52.97163,52.97163,52.97163,52.97163,1.28535,52.97163
UCB,0.0,45.71299,15.17278,0.75792,1.4,23.47843,25.78343,245.889,57.35462,28.44037,1.48,404.281,-3.1931,40.62421,23.47843,24.82449,0.75389,1.51151,8.54804,9.65976,9.61366,45.25583,3.61662,82.66785
UNFI,3.20636,17.56953,30.15906,2.59986,2.5,1.48479,-3.40342,303.661,3.58502,-9.42029,2.61,1279.351,2.5141,-9.34738,1.48479,1.55033,0.82021,5.40647,7.20369,8.65848,8.65848,28.3123,1.97626,39.49394
UPS,7.86375,8.21445,0.46659,1.18065,3.87,5.63327,-21.18948,7699.0,12.64079,-27.66355,3.89,14359.0,4.26231,-29.17011,5.63327,5.63963,1.04535,8.69732,20.53392,238.67825,235.0,97.40063,2.08793,984.4659
PRKS,-7.11215,35.25365,5.40438,0.58302,-0.15,-0.93216,-22.06724,268.25,19.95474,42.910465,-0.07,513.207,7.75217,42.910465,-0.93216,-0.44222,0.4025,1.79776,2.07688,-2.5962,-2.5962,77.43563,5.9004,42.910465
URI,-1.07527,6.22919,19.56733,1.14949,6.45,9.82298,-2.23746,2709.0,47.01493,6.2603,7.58,2438.0,11.20705,-3.24786,9.82298,11.47353,1.04054,7.60251,9.59321,36.2356,36.2356,82.53867,2.8756,237.09299
X,17.40358,8.88014,13.08318,1.86873,-2.81,-4.28808,2016.6666,381.0,3.71309,147.47617,-1.71,653.0,4.73394,147.47617,-4.28808,-2.61096,1.18533,-0.85831,-1.44442,-18.68365,-18.67572,57.12401,7.95538,133.23077
UNH,24.97317,25.19114,40.20378,0.68787,7.25,3.82655,17.8622,14985.0,8.10701,20.63228,7.37,43386.0,6.58319,20.7122,3.79626,3.79585,0.58731,6.90136,11.48606,19.46355,18.69927,45.06623,2.2002,86.3609
UNM,3.18294,0.93724,39.02133,7.70892,3.95,8.43094,7.17874,1621.4,14.67676,12.85714,3.94,3177.4,4.98013,7.41552,8.43094,8.39706,7.70892,1.54512,7.83669,10.56494,10.56494,27.19243,2.06575,37.34835
VFC,-9.26271,10.1484,11.93422,2.40456,2.78,9.75561,-5.3815,1964.879,16.3481,-2.45614,3.15,5459.524,11.21851,-12.78726,8.93673,10.90543,1.35854,10.88742,14.54134,22.71072,22.71072,31.94154,1.18017,46.93251
MTN,29.05781,12.29236,24.17259,0.63747,4.01,9.31302,28.23937,452.29,28.18382,30.61889,4.27,657.781,19.93615,30.50003,9.33171,9.65229,0.43646,7.31152,11.06167,17.20215,16.89651,44.07693,1.54826,78.81709
VLO,38.94349,14.43003,44.34975,2.01729,4.94,3.44469,-35.649,4928.0,7.02335,-38.17272,5.06,6193.0,3.54321,-42.63158,3.26226,3.32449,1.29383,5.01016,7.87518,11.28949,11.45281,27.7283,1.62358,38.36674
VMI,-5.81014,5.56794,41.89343,3.58217,7.63,7.0743,1.41552,335.085,13.28819,346.19882,6.3,661.816,6.85456,331.81693,6.86972,5.63675,2.41788,6.59204,9.10133,18.60786,18.31721,43.49635,2.25731,76.97973
VTR,-10.31836,3.26311,29.53835,0.83727,1.86,18.92212,0.0,0.0,0.0,52.45902,1.94,2004.931,44.23987,55.37678,18.82986,19.39522,0.83727,2.69657,2.85645,6.49355,6.34907,50.91012,105.09141,105.68513
VRE,-14.23984,4.72252,17.02589,0.25298,1.3,20.55759,0.0,0.0,0.0,32.497227,1.48,362.525,36.70399,32.497227,18.49542,20.95678,0.25298,1.86956,1.97715,7.85987,7.64099,57.54079,32.497227,135.52016
VZ,30.11144,8.13483,5.52508,0.86997,3.21,10.80172,-14.46095,41980.0,33.32275,-26.54462,3.46,73279.0,3.81291,-26.57867,10.41991,11.20559,0.67215,6.66196,12.51797,67.4009,64.99499,81.8091,2.57451,5023.866
VIPS,519.63873,41.75594,1.41538,0.99982,0.49,3.52133,33.72037,484.271,5.94136,19.5122,0.51,1958.2069,0.59145,19.54336,3.59917,3.62776,0.54502,6.307,15.88677,42.76547,41.28137,43.11213,1.30319,75.78439
V,22.90437,15.9767,11.60691,1.7789,2.48,39.72285,9.96657,10526.0,69.79181,-3.87597,2.96,14544.0,77.66957,-5.32554,39.72285,46.82774,1.52113,12.01676,15.93418,21.00742,19.0936,32.54908,1.50884,48.25596
VSH,0.5386,8.50161,10.72448,4.08115,0.32,2.125,1.40273,361.159,15.54421,47.816795,0.69,573.822,7.08823,47.816795,2.1,4.37004,3.00413,4.04837,6.18031,3.06099,3.00353,17.70398,0.98856,21.51255
VPG,-3.6087,6.44283,12.99143,4.22171,0.48,2.8489,7.83366,26.113,11.60944,10.02345,0.75,82.809,2.93682,10.02345,2.84712,4.39705,2.51129,3.4975,4.51963,3.72717,3.7256,17.40512,1.38445,21.07288
VNO,9.51087,2.48321,30.99119,3.70065,4.3,36.40475,0.0,0.0,0.0,29.12913,2.67,1323.865,27.3844,19.26308,33.87134,18.83056,3.70065,2.15132,2.26884,15.95916,11.07529,54.94906,77.17162,142.43867
VOYA,-14.93048,0.43095,66.75897,16.93369,-2.13,-3.70487,155.55502,-121.8,-1.13181,155.55502,-1.75,3059.0,42.42659,155.55502,-3.97714,-3.26534,16.93369,-0.06081,-0.56924,-3.23878,-2.63665,28.31429,155.55502,39.49782
VMC,0.3023,9.02935,34.55124,3.05494,3.11,11.75745,14.90919,971.571,27.04317,80.81395,3.23,988.885,6.82269,89.66303,11.67631,11.97584,2.04124,5.11705,6.6073,9.35907,9.35907,30.24834,2.04091,43.36576
WRB,4.63922,1.91373,12.33946,19.68604,1.38667,7.98801,15.00695,973.129,12.8808,20.93023,1.45482,3432.953,5.42249,19.50033,7.96724,7.97122,19.68604,2.56712,7.99726,12.47824,12.42462,33.32316,2.60953,49.97711
WEC,20.71748,6.58265,28.29333,0.89188,2.96,12.58247,26.76702,2433.8,32.57096,26.49573,2.91,2653.6,1.69426,46.83742,12.58247,12.29067,0.52607,3.5122,5.4689,10.69345,10.6566,53.17572,4.18095,113.56443
GWW,1.11231,8.33399,30.57505,1.85411,9.87,6.24273,-7.02233,1463.132,14.43329,-14.76684,11.75,4120.0,7.53359,-21.20531,5.97727,7.00454,0.91915,13.13916,17.86883,29.81512,29.7213,54.10906,1.53578,117.90795
WMT,-17.02567,77.40074,8.49104,0.93222,1.52333,3.14192,-8.94199,31517.0,6.56656,-8.41683,1.53333,121146.0,2.75824,-10.19984,3.06149,3.07362,0.22175,6.83849,10.21575,18.14746,17.78847,37.43799,1.58752,59.84141
DIS,11.3868,7.05945,27.09142,1.00736,5.73,17.59779,9.21813,17014.0,30.58312,16.93878,5.88,25768.0,15.11765,12.0377,16.88057,17.21765,0.81196,10.04841,13.52409,21.39424,20.40051,30.08554,1.1969,43.03193
WM,9.74823,8.37735,12.05738,0.85039,2.65,8.67073,7.72496,3807.0,27.97414,60.60606,2.82,5123.0,10.92108,56.97211,8.68543,9.19002,0.77452,7.30413,10.40445,22.21387,22.0829,63.63636,2.4455,175.0
WAT,4.4895,4.52652,28.76609,6.98693,6.41,24.06097,9.74688,738.253,34.06133,13.45133,6.59,1275.97,19.08497,11.18211,24.06097,24.5628,6.3468,8.98308,10.21149,23.91777,23.91777,44.2521,2.47512,79.37895
WTS,6.22318,7.27575,21.52295,2.01645,2.44,6.02117,3.02882,210.9,15.08152,47.247776,2.69,565.6,7.15729,47.247776,6.02117,6.61728,1.28296,5.71484,7.45314,11.68471,11.68471,47.05544,3.10289,88.87682
WBS,0.0,77.98302,26.20436,0.77893,2.16,19.0656,6.12568,454.739,41.85777,0.46512,2.17,926.641,23.45152,0.38141,19.0656,18.25,0.77568,1.03026,4.02127,8.81924,8.38133,61.38996,8.83572,158.99995
WMK,9.18111,34.04797,34.45319,1.75208,3.24,2.77876,7.99932,164.821,5.25457,46.60634,2.66,889.838,-0.13658,46.9105,2.77876,2.281,0.69079,4.60795,6.59742,9.69291,9.69291,6.50486,0.39119,6.95743
WFC,0.0,5737.819,35.20558,0.88185,3.99,23.57452,-2.19652,46931.0,50.18714,-3.15534,3.98,84541.0,66.06946,-4.17577,23.46009,21.50542,0.86275,1.57794,5.62213,12.57642,11.17555,63.70142,7.49735,175.4929
WELL,0.0,122.30596,38.05865,1.10279,2.81,25.33645,0.0,0.0,0.0,20.08547,2.81,2351.052,32.35647,21.95791,25.23654,23.57292,1.10279,2.69266,2.76548,7.87164,6.97235,44.07654,122.30596,80.87078
WCC,-3.79956,6.9547,41.41616,2.42246,2.1,1.37841,-9.07046,398.917,5.43779,-49.76077,4.0,1448.203,3.21112,-51.7825,1.38478,2.40545,1.45232,4.5721,6.16403,5.36091,5.34477,41.30785,3.54624,70.38053
WST,10.52922,7.90312,15.28728,2.66349,1.91,9.51561,13.25907,315.2,20.88662,46.92308,2.22,501.4,1.77589,50.20921,9.51561,10.78298,1.67427,8.22513,10.51739,13.41179,13.41179,16.98239,0.72525,20.45638
WU,0.0,164.24223,1.87373,0.83158,0.51,4.66909,-4.0533,1368.2,25.23004,-68.51852,1.76,2158.7,27.76951,-69.77799,4.66909,15.90942,0.16168,7.31652,16.60396,21.94963,21.94963,75.53887,2.03633,164.24223
WAB,57.40236,3.80353,23.11739,1.98227,3.34,10.69205,-14.85124,572.456,19.52983,-18.53659,3.55,924.239,15.30676,-23.51591,10.40148,10.9435,1.44178,6.35871,8.64669,15.61288,13.39859,38.86922,3.30641,63.58372
WLK,90.77473,8.22487,27.33084,2.03563,3.06,8.27234,-2.24695,1142.829,22.51678,-37.03704,4.03,983.0,-0.91179,-38.25808,7.85859,10.27204,1.31751,6.35841,8.68567,11.74928,11.26537,49.59507,3.35091,98.39329
WY,-19.91786,14.51539,12.26407,1.34494,0.55,6.52003,4.85774,1511.0,23.7392,-38.20225,0.74,1385.0,11.29615,102.96443,16.13511,8.35404,0.95357,3.93567,4.69932,5.91379,5.90789,43.68789,4.71344,77.5817
WHR,7.15415,7.90613,64.09723,0.95784,11.5,4.4792,1.63018,2182.0,10.53191,16.98881,14.36,3692.0,4.99928,13.40996,4.28613,5.27462,0.50131,5.00157,9.60619,18.6633,16.27785,43.83212,2.04858,78.03771
WTM,-9.49477,3.1134,789.5048,49.62727,-0.47,0.36716,47.461216,41.3,3.03275,47.461216,-1.08,26.6,4.48212,36.79436,29.89426,-0.39257,49.62727,-0.17232,-0.32823,-0.0612,0.12338,7.10646,6.92252,7.65011
WMB,0.0,382.15622,6.19067,0.49576,-0.57,-4.66729,7.68063,3547.0,47.29964,382.15622,0.6,4182.0,6.97926,382.15622,-5.65409,6.00619,0.37572,2.32643,2.84948,-7.8584,-2.31244,62.59188,6.62588,167.32166
WSM,17.54836,67.80846,6.68929,1.34089,1.685,6.23116,-0.11109,656.394,13.19096,4.01235,1.71,1844.214,9.24775,0.39307,6.23116,6.23967,0.27393,12.86501,25.18836,25.59445,25.59445,0.0,0.0,0.0
WOLF,-11.03692,9.19144,23.48356,5.18705,-0.21,-1.33216,-8.46546,172.387,10.66338,32.211433,-0.08,487.074,7.29916,32.211433,-1.33216,-0.50368,3.48531,0.28936,0.31867,-0.89099,-0.89099,6.32956,0.92814,6.75726
WOR,-7.29593,6.17019,12.89321,2.12859,2.22,5.59021,-2.50935,243.79,8.64591,98.21429,2.34,452.593,7.32539,87.16546,5.09679,5.18412,1.24259,4.79317,6.59771,18.63424,17.91334,38.81322,2.39343,63.43399
XYL,12.55007,4.73744,12.2096,1.48546,1.45,6.89472,9.78441,662.0,17.55503,-22.45989,2.03,1491.0,9.43384,-23.52941,6.89472,9.64129,0.92973,5.73848,8.05181,12.16659,12.11839,51.75956,3.57704,107.29497
YUM,-1.85676,17.04418,-15.93239,1.08254,2.48,15.6142,-23.47126,2090.0,32.83066,-15.06849,2.79,2690.0,3.76807,25.21268,25.43198,17.26767,0.86925,16.45392,26.47513,246.58612,246.58612,262.95016,4.36699,246.58612
ZBH,10.916,5.03714,48.1999,1.95826,1.5,3.96413,24.13007,2939.4,38.25401,94.8052,5.49,5609.9,25.14299,108.09524,3.98105,14.28962,0.93995,4.42176,5.62717,3.12832,3.11463,53.75754,3.82439,116.25146
ZTS,-2.56137,5.31676,3.01712,3.03492,1.65,16.65311,15.08043,1717.0,34.91257,142.64706,1.73,3241.0,12.94988,142.18289,16.69378,17.43772,1.46822,11.92006,15.55425,64.26615,63.24324,74.8785,2.60221,298.06537
